-- MySQL dump 10.13  Distrib 8.0.19, for Win64 (x86_64)
--
-- Host: 172.30.253.189    Database: fns_1
-- ------------------------------------------------------
-- Server version	9.7.0

/*!40101 SET @OLD_CHARACTER_SET_CLIENT=@@CHARACTER_SET_CLIENT */;
/*!40101 SET @OLD_CHARACTER_SET_RESULTS=@@CHARACTER_SET_RESULTS */;
/*!40101 SET @OLD_COLLATION_CONNECTION=@@COLLATION_CONNECTION */;
/*!50503 SET NAMES utf8mb4 */;
/*!40103 SET @OLD_TIME_ZONE=@@TIME_ZONE */;
/*!40103 SET TIME_ZONE='+00:00' */;
/*!40014 SET @OLD_UNIQUE_CHECKS=@@UNIQUE_CHECKS, UNIQUE_CHECKS=0 */;
/*!40014 SET @OLD_FOREIGN_KEY_CHECKS=@@FOREIGN_KEY_CHECKS, FOREIGN_KEY_CHECKS=0 */;
/*!40101 SET @OLD_SQL_MODE=@@SQL_MODE, SQL_MODE='NO_AUTO_VALUE_ON_ZERO' */;
/*!40111 SET @OLD_SQL_NOTES=@@SQL_NOTES, SQL_NOTES=0 */;
SET @MYSQLDUMP_TEMP_LOG_BIN = @@SESSION.SQL_LOG_BIN;
SET @@SESSION.SQL_LOG_BIN= 0;

--
-- GTID state at the beginning of the backup 
--

SET @@GLOBAL.GTID_PURGED=/*!80000 '+'*/ 'ac88fdf5-452d-11f1-8feb-f2b49d41cb40:1-9450';

--
-- Table structure for table `academic_income_items`
--

DROP TABLE IF EXISTS `academic_income_items`;
/*!40101 SET @saved_cs_client     = @@character_set_client */;
/*!50503 SET character_set_client = utf8mb4 */;
CREATE TABLE `academic_income_items` (
  `id` bigint unsigned NOT NULL AUTO_INCREMENT,
  `plan_id` bigint unsigned NOT NULL,
  `setting_set_id` bigint unsigned DEFAULT NULL,
  `section_code` varchar(5) CHARACTER SET utf8mb4 COLLATE utf8mb4_unicode_ci NOT NULL,
  `degree_program_id` bigint unsigned DEFAULT NULL,
  `student_count` int unsigned NOT NULL DEFAULT '0',
  `total_income` decimal(18,2) NOT NULL DEFAULT '0.00',
  `created_at` timestamp NULL DEFAULT NULL,
  `updated_at` timestamp NULL DEFAULT NULL,
  PRIMARY KEY (`id`),
  UNIQUE KEY `aii_plan_section_program_unique` (`plan_id`,`section_code`,`degree_program_id`),
  KEY `academic_income_items_degree_program_id_foreign` (`degree_program_id`),
  KEY `academic_income_items_setting_set_id_foreign` (`setting_set_id`),
  CONSTRAINT `academic_income_items_degree_program_id_foreign` FOREIGN KEY (`degree_program_id`) REFERENCES `degree_programs` (`id`) ON DELETE CASCADE,
  CONSTRAINT `academic_income_items_plan_id_foreign` FOREIGN KEY (`plan_id`) REFERENCES `academic_income_plans` (`id`) ON DELETE CASCADE,
  CONSTRAINT `academic_income_items_setting_set_id_foreign` FOREIGN KEY (`setting_set_id`) REFERENCES `academic_income_setting_sets` (`id`) ON DELETE SET NULL
) ENGINE=InnoDB AUTO_INCREMENT=432 DEFAULT CHARSET=utf8mb4 COLLATE=utf8mb4_unicode_ci;
/*!40101 SET character_set_client = @saved_cs_client */;

--
-- Dumping data for table `academic_income_items`
--

LOCK TABLES `academic_income_items` WRITE;
/*!40000 ALTER TABLE `academic_income_items` DISABLE KEYS */;
INSERT INTO `academic_income_items` VALUES (342,20,1,'1.3',55,60,64491000.00,'2026-06-15 08:43:31','2026-06-15 17:38:08'),(377,20,1,'1.3',57,60,66234000.00,'2026-06-15 18:00:37','2026-06-15 18:18:11'),(378,20,1,'1.3',56,60,66234000.00,'2026-06-15 18:18:05','2026-06-15 18:18:05'),(379,20,1,'1.3',58,10,10748500.00,'2026-06-15 18:18:17','2026-06-15 18:18:17'),(380,20,1,'1.3',59,10,10748500.00,'2026-06-15 18:18:48','2026-06-15 18:18:48'),(381,20,1,'1.3',60,20,20916000.00,'2026-06-15 18:19:06','2026-06-15 18:19:06'),(382,20,1,'1.3',62,5,5374250.00,'2026-06-15 18:19:08','2026-06-15 18:19:08'),(383,20,1,'1.3',63,5,5374250.00,'2026-06-15 18:19:20','2026-06-15 18:19:20'),(384,20,1,'1.3',64,10,11329500.00,'2026-06-15 18:19:29','2026-06-15 18:19:29'),(385,20,1,'1.3',65,10,11329500.00,'2026-06-15 18:19:48','2026-06-15 18:19:48'),(386,20,1,'1.3',66,1,1016750.00,'2026-06-15 18:19:53','2026-06-15 18:19:53'),(387,20,1,'1.3',67,1,1016750.00,'2026-06-15 18:20:20','2026-06-15 18:20:20'),(388,20,1,'1.3',68,1,1016750.00,'2026-06-15 18:20:24','2026-06-15 18:20:24'),(389,20,1,'1.3',69,1,1016750.00,'2026-06-15 18:20:26','2026-06-15 18:20:26'),(390,20,1,'1.3',44,4,57024000.00,'2026-06-15 18:20:38','2026-06-15 18:20:52'),(391,20,1,'1.3',45,4,59616000.00,'2026-06-15 18:20:50','2026-06-15 18:20:50'),(392,20,1,'1.3',48,5,74520000.00,'2026-06-15 18:21:04','2026-06-15 18:21:04'),(393,20,1,'1.3',49,4,59616000.00,'2026-06-15 18:21:16','2026-06-15 18:21:16'),(394,20,1,'1.3',50,5,74520000.00,'2026-06-15 18:21:29','2026-06-15 18:21:29'),(395,20,1,'1.3',51,4,59616000.00,'2026-06-15 18:21:31','2026-06-15 18:21:31'),(396,20,1,'1.2',NULL,705,131482500.00,'2026-06-15 18:23:59','2026-06-15 18:23:59'),(397,20,1,'1.4',NULL,324,51516000.00,'2026-06-15 18:24:09','2026-06-15 18:24:09'),(398,20,1,'2.3',NULL,1029,20580000.00,'2026-06-15 18:24:09','2026-06-15 18:24:09'),(399,20,1,'2.2',NULL,1029,51450000.00,'2026-06-15 18:24:12','2026-06-15 18:24:12'),(400,20,1,'1.1',48,3,29808000.00,'2026-06-15 18:25:53','2026-06-15 18:25:53'),(401,20,1,'1.1',49,3,29808000.00,'2026-06-15 18:26:19','2026-06-15 18:26:19'),(402,20,1,'1.1',50,7,69552000.00,'2026-06-15 18:26:34','2026-06-15 18:26:34'),(404,20,1,'1.1',51,3,29808000.00,'2026-06-15 18:27:46','2026-06-15 18:27:46'),(405,20,1,'1.1',1,60,64491000.00,'2026-06-16 08:06:37','2026-06-16 08:06:37'),(406,20,1,'1.1',2,70,75239500.00,'2026-06-16 08:06:39','2026-06-16 08:06:39'),(407,20,1,'1.1',3,60,64491000.00,'2026-06-16 08:06:46','2026-06-16 08:06:46'),(408,20,1,'1.1',4,8,6274800.00,'2026-06-16 08:07:07','2026-06-16 08:07:07'),(409,20,1,'1.1',6,7,7523950.00,'2026-06-16 08:07:30','2026-06-16 08:07:30'),(410,20,1,'1.1',10,7,7117250.00,'2026-06-16 08:07:45','2026-06-16 08:07:45'),(411,20,1,'1.1',11,6,6100500.00,'2026-06-16 08:07:48','2026-06-16 08:07:48'),(412,20,1,'1.1',16,60,57519000.00,'2026-06-16 08:11:15','2026-06-16 08:11:15'),(413,20,1,'1.1',17,35,38636500.00,'2026-06-16 08:11:17','2026-06-16 08:11:17'),(414,20,1,'1.1',18,45,54904500.00,'2026-06-16 08:11:23','2026-06-16 08:11:23'),(415,20,1,'1.1',19,1,1132950.00,'2026-06-16 08:11:30','2026-06-16 08:11:30'),(416,20,1,'1.1',20,12,13595400.00,'2026-06-16 08:12:25','2026-06-16 08:12:25'),(417,20,1,'1.1',22,1,1045800.00,'2026-06-16 08:12:30','2026-06-16 08:12:30'),(418,20,1,'1.1',24,5,5083750.00,'2026-06-16 08:12:40','2026-06-16 08:12:40'),(419,20,1,'1.1',25,3,3137400.00,'2026-06-16 08:12:41','2026-06-16 08:12:41'),(420,20,1,'1.1',30,55,43139250.00,'2026-06-16 08:12:56','2026-06-16 08:12:56'),(421,20,1,'1.1',31,30,26145000.00,'2026-06-16 08:13:00','2026-06-16 08:13:00'),(422,20,1,'1.1',32,40,31374000.00,'2026-06-16 08:13:06','2026-06-16 08:13:06'),(423,20,1,'1.1',33,2,1394400.00,'2026-06-16 08:13:07','2026-06-16 08:13:07'),(424,20,1,'1.1',34,21,16471350.00,'2026-06-16 08:13:47','2026-06-16 08:13:47'),(425,20,1,'1.1',35,11,8627850.00,'2026-06-16 08:13:51','2026-06-16 08:13:51'),(426,20,1,'1.1',36,3,2178750.00,'2026-06-16 08:13:57','2026-06-16 08:13:57'),(427,20,1,'1.1',37,3,2004450.00,'2026-06-16 08:14:00','2026-06-16 08:14:00'),(428,20,1,'1.1',38,16,10690400.00,'2026-06-16 08:14:06','2026-06-16 08:14:06'),(429,20,1,'1.1',39,5,3195500.00,'2026-06-16 08:14:12','2026-06-16 08:14:12'),(430,20,1,'1.1',40,2,1568700.00,'2026-06-16 08:14:15','2026-06-16 08:14:15'),(431,20,1,'1.1',43,1,813400.00,'2026-06-16 08:14:22','2026-06-16 08:14:22');
/*!40000 ALTER TABLE `academic_income_items` ENABLE KEYS */;
UNLOCK TABLES;

--
-- Table structure for table `academic_income_plans`
--

DROP TABLE IF EXISTS `academic_income_plans`;
/*!40101 SET @saved_cs_client     = @@character_set_client */;
/*!50503 SET character_set_client = utf8mb4 */;
CREATE TABLE `academic_income_plans` (
  `id` bigint unsigned NOT NULL AUTO_INCREMENT,
  `planning_year_id` bigint unsigned DEFAULT NULL,
  `fiscal_year` smallint unsigned NOT NULL,
  `nuol_pct_1_1` decimal(5,4) NOT NULL DEFAULT '0.1700',
  `nuol_pct_1_2` decimal(5,4) NOT NULL DEFAULT '0.1700',
  `nuol_pct_1_3` decimal(5,4) NOT NULL DEFAULT '0.1700',
  `nuol_pct_1_4` decimal(5,4) NOT NULL DEFAULT '0.1700',
  `notes` text CHARACTER SET utf8mb4 COLLATE utf8mb4_unicode_ci,
  `created_by` int NOT NULL,
  `created_at` timestamp NULL DEFAULT NULL,
  `updated_at` timestamp NULL DEFAULT NULL,
  PRIMARY KEY (`id`),
  KEY `academic_income_plans_planning_year_id_foreign` (`planning_year_id`),
  CONSTRAINT `academic_income_plans_planning_year_id_foreign` FOREIGN KEY (`planning_year_id`) REFERENCES `planning_years` (`id`) ON DELETE SET NULL
) ENGINE=InnoDB AUTO_INCREMENT=25 DEFAULT CHARSET=utf8mb4 COLLATE=utf8mb4_unicode_ci;
/*!40101 SET character_set_client = @saved_cs_client */;

--
-- Dumping data for table `academic_income_plans`
--

LOCK TABLES `academic_income_plans` WRITE;
/*!40000 ALTER TABLE `academic_income_plans` DISABLE KEYS */;
INSERT INTO `academic_income_plans` VALUES (20,13,2027,0.1700,0.1700,0.1700,0.1700,NULL,2,'2026-06-14 18:18:08','2026-06-14 18:18:08');
/*!40000 ALTER TABLE `academic_income_plans` ENABLE KEYS */;
UNLOCK TABLES;

--
-- Table structure for table `academic_income_setting_sets`
--

DROP TABLE IF EXISTS `academic_income_setting_sets`;
/*!40101 SET @saved_cs_client     = @@character_set_client */;
/*!50503 SET character_set_client = utf8mb4 */;
CREATE TABLE `academic_income_setting_sets` (
  `id` bigint unsigned NOT NULL AUTO_INCREMENT,
  `fiscal_year` smallint unsigned NOT NULL,
  `name` varchar(255) CHARACTER SET utf8mb4 COLLATE utf8mb4_unicode_ci NOT NULL,
  `gov_doc_id` varchar(255) CHARACTER SET utf8mb4 COLLATE utf8mb4_unicode_ci DEFAULT NULL,
  `is_active` tinyint(1) NOT NULL DEFAULT '1',
  `created_at` timestamp NULL DEFAULT NULL,
  `updated_at` timestamp NULL DEFAULT NULL,
  PRIMARY KEY (`id`),
  UNIQUE KEY `academic_income_setting_sets_fiscal_year_unique` (`fiscal_year`)
) ENGINE=InnoDB AUTO_INCREMENT=3 DEFAULT CHARSET=utf8mb4 COLLATE=utf8mb4_unicode_ci;
/*!40101 SET character_set_client = @saved_cs_client */;

--
-- Dumping data for table `academic_income_setting_sets`
--

LOCK TABLES `academic_income_setting_sets` WRITE;
/*!40000 ALTER TABLE `academic_income_setting_sets` DISABLE KEYS */;
INSERT INTO `academic_income_setting_sets` VALUES (1,2026,'ການຕັ້ງຄ່າລາຍຮັບວິຊາການ 2026',NULL,1,'2026-06-15 17:24:52','2026-06-15 17:24:52');
/*!40000 ALTER TABLE `academic_income_setting_sets` ENABLE KEYS */;
UNLOCK TABLES;

--
-- Table structure for table `chart_of_accounts`
--

DROP TABLE IF EXISTS `chart_of_accounts`;
/*!40101 SET @saved_cs_client     = @@character_set_client */;
/*!50503 SET character_set_client = utf8mb4 */;
CREATE TABLE `chart_of_accounts` (
  `id` int unsigned NOT NULL AUTO_INCREMENT,
  `account_code` varchar(20) CHARACTER SET utf8mb4 COLLATE utf8mb4_unicode_ci NOT NULL,
  `account_name` varchar(255) CHARACTER SET utf8mb4 COLLATE utf8mb4_unicode_ci NOT NULL,
  `parent_id` int unsigned DEFAULT NULL,
  PRIMARY KEY (`id`),
  UNIQUE KEY `account_code` (`account_code`),
  KEY `parent_id` (`parent_id`),
  CONSTRAINT `chart_of_accounts_ibfk_1` FOREIGN KEY (`parent_id`) REFERENCES `chart_of_accounts` (`id`) ON DELETE SET NULL
) ENGINE=InnoDB AUTO_INCREMENT=313 DEFAULT CHARSET=utf8mb4 COLLATE=utf8mb4_unicode_ci;
/*!40101 SET character_set_client = @saved_cs_client */;

--
-- Dumping data for table `chart_of_accounts`
--

LOCK TABLES `chart_of_accounts` WRITE;
/*!40000 ALTER TABLE `chart_of_accounts` DISABLE KEYS */;
INSERT INTO `chart_of_accounts` VALUES (32,'60000000','ເງິນ-ເດືອນ ແລະ ເງິນອຸດໜູນ ຂອງພະນັກງານ-ລັດຖະກອນ',NULL),(33,'60100000','ເງິນເດືອນພືນຖານ',32),(34,'60100100','ພະນັກງານ ພວມປະຕິບັດງານ',33),(35,'60100101','ພະນັກງານ ສົມບູນ',34),(36,'60100102','ພະນັກງານ ຝຶກງານ',34),(37,'60100200','ພະນັກງານ ເພື່ອການເລື່ອນຊັ້ນ ແລະ ເລື່ອນຂັ້ນ',33),(38,'60100300','ພະນັກງານ ເຂົາການໃໝ່',33),(39,'60100400','ພະນັກງານ ຮຽນຢູ່ພາຍໃນປະເທດ',33),(40,'60100500','ພະນັກງານ ຮຽນຢູ່ຕ່າງປະເທດ',33),(41,'60100600','ພະນັກງານ ຕາມສັນຍາ',33),(42,'60200000','ເງິນອຸດໜູນ ປົກກະຕິ',32),(43,'60200100','ອຸດໜູນ ຕຳແໜ່ງງານ',42),(44,'60200200','ອຸດໜູນ ວິຊາຊີບ',42),(45,'60200201','ອຸດໜູນ ວິຊາຊີບຄູ  ( ເພີ່ມໃໝ່ )',44),(46,'60200202','ອຸດໜູນ ວິຊາຊີບສາທາ  ( ເພີ່ມໃໝ່ )',44),(47,'60200203','ອຸດໜູນ ສະມາຊິກສະພາ   ( ເພີ່ມໃໝ່ )',44),(48,'60200204','ອຸດໜູນ ວິຊາຊີບອື່ນ ( ເພີ່ມໃໝ່ )',44),(49,'60200300','ອຸດໜູນ ອາຍຸການ',42),(50,'60200400','ອຸດໜູນ ວຽກໜັກ ແລະ ທາດເບື່ອ',42),(51,'60200500','ອຸດໜູນ ເຂດຫຍຸ້ງຍາກ ແລະ ທຸລະກັນດານ',42),(52,'60200600','ອຸດໜູນ ຄູສອນຫ້ອງຄວບ',42),(53,'60200700','ອຸດໜູນ ຄ່າຄອງຊີບ',42),(54,'60200701','ອຸດໜູນ ຄ່າຄອງຊີບການນຳ ( ເພີ່ມໃໝ່)',53),(55,'60200702','ອຸດໜູນ ຄ່າຄອງຊີບພະນັກງານ-ລັດຖະກອນ ( ເພີ່ມໃໝ່ )',53),(56,'60200703','ອຸດໜູນ ຄ່າຄອງຊີບການທູດຢູ່ຕ່າງປະເທດ ( ເພີ່ມໃໝ່ )',53),(57,'60200800','ອຸດໜູນວິຊາການຄູ ( ເພີ່ມໃໝ່ )',42),(58,'60300000','ເງິນປະກັນສັງຄົມ ( ລັດຈ່າຍເພີ່ມ )',32),(59,'61000000','ເງິນນະໂຍບາຍ ແລະ ເງິນຊ່ວຍໜູນ ຕ່າງໆ',NULL),(60,'61100000','ເງິນນະໂຍບາຍຕ່າງໆ',59),(61,'61100200','ຮອງເລຂາຄະນະພັກກຸ່ມບ້ານ ຫລື ບ້ານໃຫຍ່',60),(62,'61100300','ເລຂາໜ່ວຍພັກ ທັງເປັນນາຍບ້ານ',60),(63,'61100400','ກຳມະການຄະນະພັກກຸ່ມບ້ານ, ຮອງເລຂາໜ່ວຍພັກ ທັງເປັນນາຍບ້ານ',60),(64,'61100500','ເລຂາໜ່ວຍພັກບ້ານ, ກຳມະການໜ່ວຍພັກ ທັງເປັນນາຍບ້ານ',60),(65,'61100600','ນາຍບ້ານ, ຮອງເລຂາໜ່ວຍພັກບ້ານ, ກຳມະການໜ່ວຍພັກ',60),(66,'61100700','ກຳມະການໜ່ວຍພັກ, ຮອງນາຍບ້ານ',60),(67,'61100800','ເງິນນະໂຍບາຍ ອາສາສະໝັກ',60),(68,'61100900','ເງິນນະໂຍບາຍ ພະສົງ',60),(69,'61101000','ເງິນນະໂຍບາຍ ໃຫ້ພະນັກງານໄປຄົນຄ້ວາຢູ່ຕ່າງປະເທດ',60),(70,'61200000','ເງິນນະໂຍບາຍ ຄອບຄົວ',59),(71,'61200100','ລູກພະນັກງານ',70),(72,'61200200','ເມຍພະນັກງານ',70),(73,'61300000','ກ່ອນຮັບບຳນານ',59),(74,'61400000','ເງິນອຸດໜູນເຮັດວຽກເພີ່ມ',59),(75,'61400100','ເຮັດວຽກນອກໂມງລັດຖະການ',74),(76,'61400200','ແປພາສາ',74),(77,'61400300','ຄົນຄ້ວາ ແລະ ວິໄຈ',74),(78,'61400400','ຂຽນບົດ ແລະ ຮຽບຮຽງ',74),(79,'61400500','ສອນພິເສດ',74),(80,'61400600','ເວນຍາມ',74),(81,'61500000','ເງິນເບັ້ຍລ້ຽງຕ່າງໆ',59),(82,'61500100','ເບ້ຍລ້ຽງນັກຮຽນພາຍໃນປະເທດ',81),(83,'61500101','ນັກຮຽນສາມັນ',82),(84,'61500102','ຊັ້ນຕົນ',82),(85,'61500103','ຊັ້ນກາງ',82),(86,'61500104','ຊັ້ນສູງ, ປະລິນຍາຕີ ແລະ ເໜືອມະຫາວິທະຍາໄລ',82),(87,'61500105','ເດັກກຳພ້າ, ເດັກຊົນເຜົາ ແລະ ເດັກເສຍອົງຄະ',82),(88,'61500200','ເບ້ຍລ້ຽງນັກຮຽນຕ່າງປະເທດຢູ່ລາວ',81),(89,'61500201','ອັດຕາກິນ',88),(90,'61500202','ຄ່າເດີນທາງ',88),(91,'61500300','ເບ້ຍລ້ຽງນັກຮຽນພາຍໃນໄປຝຶກງານ',81),(92,'61500301','ອັດຕາກິນ',91),(93,'61500302','ຄ່າເດີນທາງ',91),(94,'61500400','ເບ້ຍລ້ຽງນັກຮຽນຕ່າງປະເທດຝຶກງານຢູ່ລາວ',81),(95,'61500401','ອັດຕາກິນ',94),(96,'61500402','ຄ່າເດີນທາງ',94),(97,'61500500','ເບ້ຍລ້ຽງພະນັກງານໄປຄົນຄ້ວາ ຢູ່ພາຍໃນ ແລະ ຕ່າງປະເທດ',81),(98,'61500501','ອັດຕາກິນ',97),(99,'61500502','ຄ່າເດີນທາງ',97),(100,'61500600','ຄ່າຂົນສົງນັກຮຽນ ແລະ ນັກສຶກສາ',81),(101,'61600000','ເງິນປີນປົວ ພະນັກງານການນຳ',59),(102,'61700000','ເງິນຊ່ວຍໜູນດ້ານສັງຄົມ',59),(103,'61700100','ເງິນນະໂຍບາຍ ໃຫ້ພະນັກງານບຳນານຄືນ',102),(104,'61700200','ເງິນນະໂຍບາຍ ລູກພະນັກງານບຳນານ',102),(105,'61700300','ເງິນນະໂຍບາຍ ພະນັກງານເສັຍອົງຄະ',102),(106,'61700400','ເງິນນະໂຍບາຍ ຜູ້ດູແລຜູ້ເສຍອົງຄະພິເສດ',102),(107,'61700500','ເງິນນະໂຍບາຍ ເສຍຊີວິດ',102),(108,'61700600','ເງິນນະໂຍບາຍ ປີນປົວພະຍາດ',102),(109,'61700700','ອັດຕາກິນນັກໂທດ',102),(110,'61700701','ນັກໂທດພາຍໃນ',109),(111,'61700702','ນັກໂທດຕ່າງປະເທດ',109),(112,'62000000','ລາຍຈ່າຍ ບໍລິຫານປົກກະຕິ',NULL),(113,'62100000','ການຊື ແລະ ການຊົມໃຊ້',112),(114,'62100100','ຊືນ້ຳມັນເຊືອໄຟ ແລະ ນ້ຳມັນລໍ່ລືນ',113),(115,'62100200','ຊືເຄື່ອງໃຊ້ຫ້ອງການ ແລະ ແບບພິມ',113),(116,'62100201','ຊືເຄື່ອງໃຊ້ຫ້ອງການ',115),(117,'62100202','ຊືແບບພິມ',115),(118,'62100203','ຊືວາລະສານ ແລະ ໜັງສືພິມ',115),(119,'62100300','ຊືເຄື່ອງແບບ',113),(120,'62100400','ຊືວັດຖຸ, ອຸປະກອນຕ່າງໆ',113),(121,'62100401','ຊືວັດຖຸ, ອຸປະກອນ ການສິດສອນ ແລະ ການຮຽນ',120),(122,'62100402','ຊືວັດຖຸ, ອຸປະກອນ ດ້ານການແພດ',120),(123,'62100403','ຊືວັດຖຸ, ອຸປະກອນ ຮັບໃຊ້ວິຊາສະເພາະ',120),(124,'62100404','ຊືຢາປົວພະຍາດໃຫ້ໂຮງໝໍ',120),(125,'62100500','ຄ່ານ້ຳປະປາ, ຄ່າໄຟຟ້າ',113),(126,'62100501','ຄ່ານ້ຳປະປາ',125),(127,'62100502','ຄ່າໄຟຟ້າ',125),(128,'62200000','ລາຍຈ່າຍການບໍລິການ ຈາກທາງນອກ',112),(129,'62200100','ຄ່າເຊົາຕ່າງໆ',128),(130,'62200101','ຄ່າເຊົາຕຶກ ເຄຫາສະຖານ',129),(131,'62200102','ຄ່າເຊົາພາຫະນະ',129),(132,'62200103','ຄ່າເຊົາລະບົບການສື່ສານ',129),(133,'62200104','ຄ່າເຊົາເຄື່ອງຈັກ ແລະ ວັດຖຸອຸປະກອນ',129),(134,'62200105','ຄ່າເຊົາອື່ນໆ',129),(135,'62200200','ຄ່າບຳລຸງຮັກສາ, ສ້ອມແປງປົກກະຕິ ແລະ ຕິດຕັ້ງ',128),(136,'62200201','ສຳນັກງານ ແລະ ສີ່ງປຸກສ້າງ',135),(137,'62200202','ພາຫະນະ',135),(138,'62200203','ເຄື່ອງຈັກ ແລະ ວັດຖຸອຸປະກອນ',135),(139,'62200204','ສວນສາທາລະນະ, ສະຖານທີວັດທະນະທຳ',135),(140,'62200205','ຂົວ ແລະທາງ',135),(141,'62200206','ຕໍານເຈື່ອນ',135),(142,'62200207','ສະໜາມບິນ, ສະໜາມກິລາ',135),(143,'62200208','ຊົນລະປະທານ',135),(144,'62200209','ອື່ນໆ',135),(145,'62200300','ຄ່າປະກັນໄພ',128),(146,'62200301','ສຳນັກງານ',145),(147,'62200302','ພາຫະນະ',145),(148,'62200303','ອື່ນໆ',145),(149,'62200400','ຄ່າໄປສະນີ ແລະ ຄ່າໂທລະຄົມມະນາຄົມ',128),(150,'62200401','ຄ່າໄປສະນີ',149),(151,'62200402','ຄ່າໂທລະຄົມມະນາຄົມ',149),(152,'62200500','ຄ່າຂົນສົງວັດຖຸອຸປະກອນ',128),(153,'62200600','ຄ່າບໍລິການ ທະນາຄານ',128),(154,'62200700','ຄ່າບໍລິການ ແປພາສາ',128),(155,'62200800','ຄ່າບໍລິການ ເວນຍາມສຳນັກງານ',128),(156,'62200900','ຄ່າທີປຶກສາພາຍໃນ',128),(157,'62201000','ຄ່າທີປຶກສາຕ່າງປະເທດ',128),(158,'62201100','ຄ່າບໍລິການອື່ນໆ',128),(159,'62300000','ລາຍຈ່າຍໄປວຽກທາງການ',112),(160,'62300100','ພາຍໃນປະເທດ',159),(161,'62300200','ຕ່າງປະເທດ',159),(162,'62400000','ລາຍຈ່າຍກອງປະຊຸມ , ສຳມະນາ ແລະ ຝຶກອົບëົມ',112),(163,'62400100','ກອງປະຊຸມ',162),(164,'62400200','ສຳມະນາ',162),(165,'62400300','ຝຶກອົບຮົມ',162),(166,'62500000','ລາຍຈ່າຍຮັບແຂກ',112),(167,'62500100','ພາຍໃນປະເທດ',166),(168,'62500200','ຕ່າງປະເທດ',166),(169,'62600000','ລາຍຈ່າຍຊືຂອງຂວັນ ແລະ ຂອງຕ້ອນ',112),(170,'62700000','ລາຍຈ່າຍ ວັນບຸນລະດັບຊາດ',112),(171,'62800000','ລາຍຈ່າຍ ຄ່າພາສີ, ສ່ວຍສາອາກອນ ແລະ ຄ່າທຳນຽມ ຕ່າງໆ',112),(172,'62800100','ຄ່າພາສີ',171),(173,'62800200','ຄ່າອາກອນ',171),(174,'62800300','ຄ່າທຳນຽມ ແລະ ຄ່າສະແຕມ',171),(175,'62900000','ລາຍຈ່າຍບໍລິຫານປົກກະຕິ ອໍນໆ',112),(176,'63000000','ລາຍຈ່າຍດັດສົມ, ສົ່ງເສີມ ແລະ ເງິນບຳລຸງ',NULL),(177,'63100000','ດັດສົມ ສົງເສີມ ດ້ານການເມືອງ',176),(178,'63100100','ການເລືອກຕັ້ງສະພາແຫ່ງຊາດ',177),(179,'63100200','ກອງປະຊຸມພັກ',177),(180,'63100300','ກອງປະຊຸມ ອົງການຈັດຕັ້ງມະຫາຊົນ',177),(181,'63100400','ກໍ່ສ້າງຮາກຖານ ການເມືອງ',177),(182,'63100500','ການເຄ່ືອນໄຫວພິເສດ',177),(183,'63100600','ການເຄ່ືອນໄຫວລັດຖະກິດ',177),(184,'63100700','ການຍ້ອງຍໍ ( ໃບຍ້ອງຍໍ, ຫລຽນກາ, ຫລຽນໄຊ ແລະ ອື່ນໆ )',177),(185,'63200000','ດັດສົມ ສົ່ງເສີມ ດ້ານເສດຖະກິດ',176),(186,'63200100','ຖົມຂຸມລາຄາ',185),(187,'63200200','ຖົມຂຸມດອກເບັ້ຍ',185),(188,'63200300','ຊຸກຍູ້ສົງເສີມການຜະລິດ',185),(189,'63200400','ເງິນບຳເນັດເກັບລາຍຮັບຢູ່ຂັ້ນບ້ານ',185),(190,'63200500','ເງິນຈ່າຍຊືອາຫານສັດ(ໝາວິຊາສະເພາະຕຳຫລວດ)( ເພີ່ມໃໝ່ )',185),(191,'63200800','ອື່ນໆ',185),(192,'63300000','ດັດສົມ ສົງເສີມ ດ້ານວັດທະນາທຳ - ສັງຄົມ',176),(193,'63300100','ປັບປຸງ ແລະ ພັດທະນາ ຄຸນນະພາບ ການສຶກສາ ທຸກຂັ້ນ',192),(194,'63300200','ປ້ອງກັນ, ປີ່ນປົວ, ຟືນຟູ ແລະ ສົງເສີມສຸຂະພາບ',192),(195,'63300300','ຄຸ້ມຄອງ ຜູ້ບໍລິໂພກ ແລະ ຜູ້ສະໜອງອາຫານ  ຢາ',192),(196,'63300400','ຄົນຄ້ວາວິທະຍາສາດ ການແພດ',192),(197,'63300500','ປັບປຸງວຽກງານຖະແຫລ່ງຂ່າວ ແລະ ສື່ມວນຊົນ',192),(198,'63300600','ບູລະນະ ແລະ ປົກປັກຮັກສາ ວັດທະນາທຳ',192),(199,'63300700','ພິມໜັງສືພິມ ແລະ ວາລະສານ',192),(200,'63400000','ດັດສົມ ສົງເສີມ ວຽກງານອື່ນໆ',176),(201,'63500000','ເງິນບຳລຸງ ແລະ ເງິນປະກອບສ່ວນເຂົາໃນອົງການຈັດຕັ້ງສາກົນ',176),(202,'63500100','ເງິນບຳລຸງອົງການຈັດຕັ້ງສາກົນ',201),(203,'63500200','ເງິນປະກອບສ່ວນເຂົາໃນອົງການຈັດຕັ້ງສາກົນ',201),(204,'63500300','ເງິນປະກອບສ່ວນເຂົາໃນກອງປະຊຸມ',201),(205,'63600000','ເງິນຊ່ວຍໜູນ',176),(206,'63600100','ເງິນສົງເຄາະປະຊາຊົນ ປະສົບໄພທຳມະຊາດ',205),(207,'63600200','ເງິນນະໂຍບາຍຜູ້ມີຜົນງານຕໍ່ການປະຕິວັດ',205),(208,'64000000','ລາຍຈ່າຍ ການເງິນ',NULL),(209,'64100000','ລາຍຈ່າຍດອກເບັ້ຍ',208),(210,'64100100','ດອກເບັ້ຍ ເງິນກູ້ຢືມພາຍໃນ',209),(211,'64100101','ດອກເບັ້ຍ ພັນທະບັດຄັງເງິນແຫ່ງຊາດ',210),(212,'64100102','ດອກເບັ້ຍ ຮຸ້ນກູໍລັດຖະບານ',210),(213,'64100103','ດອກເບັ້ຍ ເງິນກູ້ຢືມຮູບການອື່ນໆ',210),(214,'64100200','ດອກເບັ້ຍ ເງິນກູ້ຢືມຈາກຕ່າງປະເທດ',209),(215,'64100201','ດອກເບັ້ຍ ເງິນກູ້ຢືມດັດແກ້ມະຫາພາກ',214),(216,'64100202','ດອກເບັ້ຍ ເງິນກູ້ຢືມເປັນໂຄງການ',214),(217,'64100300','ດອກເບັ້ຍ ພັນທະບັດຕ່າງປະເທດ',209),(218,'64200000','ລາຍຈ່າຍ ເງິນຄ້ຳປະກັນ',208),(219,'64300000','ລາຍຈ່າຍ ຜິດດ່ຽງຈາກການແລກປ່ຽນເງິນຕາຕ່າງປະເທດ (ສ່ວນເສຍ)',208),(220,'64400000','ລາຍຈ່າຍ ສົງຄືນອາກອນມູນຄ່າເພີ່ມ ( ເພີ່ມໃໝ່ )',208),(221,'6500000','ລາຍຈ່າຍ ອື່ນໆ',NULL),(222,'65100000','ຫັກເງິນເຂົາຄັງສະສົມແຫ່ງລັດ',221),(223,'65200000','ລາຍຈ່າຍ ຄ່າປັບໃໝ',221),(224,'65300000','ລາຍຈ່າຍ ເງິນແຮ',221),(225,'65300100','ລາຍຈ່າຍ ເງິນແຮລັດຖະບານ',224),(226,'65300200','ລາຍຈ່າຍ ເງິນແຮທ້ອງຖີນ',224),(227,'65400000','ລາຍຈ່າຍ ເງິນບຳເນັດ ເກັບລາຍຮັບເກີນແຜນ',221),(228,'65500000','ອໍນໆ',221),(229,'66000000','ຊືຊັບສົມບັດ ຮັບໃຊ້ບໍລິຫານ',NULL),(230,'66100000','ຊືພະຫານະ ຮັບໃຊ້ກົງຈັກ ບໍລິຫານ',229),(231,'66200000','ຊືເຄື່ອງຈັກ ແລະ ວັດຖຸອຸປະກອນ',229),(232,'66300000','ຊືຊັບສົມບັດຄົງທີ ອື່ນໆ',229),(233,'6700000','ລາຍຈ່າຍລົງທຶນຂອງລັດ',NULL),(234,'67100000','ຄ່າບຸກເບີກທີດິນ',233),(235,'67200000','ຄ່າເວນຄືນທີດິນ',233),(236,'67300000','ຄ່າສຳÍວດພືນຖານ ແລະ ສົງເສີມວິຊາການ',233),(237,'67400000','ຄ່າອອກແບບ',233),(238,'67500000','ລາຍຈ່າຍ ຄຸ້ມຄອງໂຄງການ',233),(239,'67500100','ຄ່າຈ້າງຊ່ຽວຊານ ຕ່າງປະເທດ',238),(240,'67500200','ຄ່າຈ້າງຊ່ຽວຊານ ພາຍໃນ',238),(241,'67500300','ລາຍຈ່າຍໃຫ້ພະນັກງານລົງຕິດຕາມໂຄງການ',238),(242,'67500400','ລາຍຈ່າຍບໍລິຫານອື່ນໆ',238),(243,'67600000','ໂປëແກມຄອມພິວເຕີ',233),(244,'67700000','ລິຂະສິດດ້ານຊັບສິນທາງປັນຍາ',233),(245,'67800000','ການກໍ່ສ້າງ',233),(246,'67800100','ຕຶກ ເຄຫາສະຖານ ( ການກໍ່ສ້າງ )',245),(247,'67800200','ຂົວ',245),(248,'67800300','ເສັ້ນທາງ( ທາງດິນແດງ, ທາງຢາງ, ທາງຄອນກëີດ )',245),(249,'67800400','ທາງລົດໄຟ',245),(250,'67800500','ປັກແລວນ້ຳ',245),(251,'67800600','ຕາຟັງເຈື່ອນ',245),(252,'67800700','ໂຄງສ້າງນ້ຳປະປາ ( ອ່າງ, ທໍ່ນ້ຳປະປາ,....)',245),(253,'67800800','ໂຄງສ້າງໄຟຟ້າ ( ຕາຄ່າຍໄຟຟ້າ, ເຂື່ອນໄຟຟ້າ,... )',245),(254,'67800900','ໂຄງສ້າງການສື່ສານ',245),(255,'67801000','ສະໜາມກິລາ, ສະໜາມບິນ',245),(256,'67801100','ຊົນລະປະທານ',245),(257,'67801200','ການກໍ່ສ້າງໂຄງລ່າງອໍນໆ',245),(258,'67900000','ການຊື',233),(259,'67900100','ຕຶກ ເຄຫາສະຖານ ( ການຊື )',258),(260,'67900200','ຊືເຄື່ອງມື  ແລະ ວັດຖຸອຸປະກອນ ( ລົງທຶນ )',258),(261,'67900300','ຊືເຄື່ອງກົນຈັກ ( ລົດຈົກ, ລົດດຸດ ) ( ລົງທຶນ )',258),(262,'67900400','ຊືພະຫານະ   ( ລົງທຶນ )',258),(263,'67900500','ຊືແນວພັນພືດແນວພັນສັດ',258),(264,'67900600','ຊືຊັບສົມບັດຄົງທີ ອື່ນໆ  ( ລົງທຶນ )',258),(265,'67900700','ການສ້ອມແປງໃຫຍ່',258),(266,'67900701','ຕຶກ ເຄຫາສະຖານ',265),(267,'67900702','ຂົວ',265),(268,'67900703','ເສັ້ນທາງ ( ທາງດິນແດງ, ທາງຢາງ, ທາງຄອນກëີດ )',265),(269,'67900704','ທາງລົດໄຟ',265),(270,'67900705','ປັກແລວນ້ຳ',265),(271,'67900706','ຕາຟັງເຈື່ອນ',265),(272,'67900707','ໂຄງສ້າງ ນ້ຳປະປາ ( ອ່າງ, ທໍ່ນ້ຳປະປາ,..)',265),(273,'67900708','ໂຄງສ້າງໄຟຟ້າ ( ຕາຄ່າຍໄຟຟ້າ, ເຂື່ອນໄຟຟ້າ,... )',265),(274,'67900709','ໂຄງສ້າງການສື່ສານ',265),(275,'67900710','ສະໜາມກິລາ, ສະໜາມບິນ',265),(276,'67900711','ຊົນລະປະທານ',265),(277,'67900712','ພາຫະນະ',265),(278,'67900713','ເຄື່ອງກົນຈັກ ( ລົດຈົກ, ລົດດຸດ, ...)',265),(279,'67900714','ເຄື່ອງມື  ແລະ ວັດຖຸອຸປະກອນ',265),(280,'67900715','ໂຄງລ່າງ ແລະຊັບສົມບັດຄົງທີ ອື່ນໆ',265),(281,'68000000','ລາຍຈ່າຍຮ່ວມປະກອບທຶນ, ຊ່ວຍເຫຼືອລ້າ, ກູ້ຢືມ ແລະ ໃຫ້ກູ້ຢືມ',NULL),(282,'68100000','ລາຍຈ່າຍຮ່ວມປະກອບທຶນ',281),(283,'68100100','ໃບຢັ້ງຢືນຮ່ວມປະກອບທຶນຂອງລັດ',282),(284,'68100200','ທຶນປະກອບ',282),(285,'68200000','ລາຍຈ່າຍ ຊ່ວຍເຫຼືອລ້າ',281),(286,'68200100','ເງິນຊ່ວຍເຫລືອລ້າໃຫ້ລັດຖະບານຕ່າງປະເທດ',285),(287,'68200200','ເງິນຊ່ວຍເຫລືອລ້າໃຫ້ອົງການຈັດຕັ້ງສາກົນ',285),(288,'68300000','ລາຍຈ່າຍເງິນກູ້ຢືມດັດແກ້ມະພາກ ເງິນກູ້ຢືມເປັນໂຄງການ',281),(289,'68300100','ຕົນທຶນເງິນກູ້ຢືມ ດັດແກ້ມະຫາພາກ',288),(290,'68300200','ຕົນທຶນເງິນກູ້ຢືມ ທີເປັນໂຄງການ',288),(291,'68400000','ລາຍຈ່າຍເງິນໃຫ້ກໍູຢືມ',281),(292,'68400100','ເງິນໃຫ້ກູ້ຢືມ ແກ່ລັດວິສາຫະກິດ',291),(293,'68400200','ເງິນໃຫ້ກູ້ຢືມ ແກ່ວິສາຫະກິດອື່ນໆ',291),(294,'68400300','ເງິນໃຫ້ກູ້ຢືມ ແກ່ຕ່າງປະເທດ',291),(295,'69000000','ລາຍຈ່າຍ ຊຳລະໜšສິນປີເກົາ',NULL),(296,'69100000','ໜš ລາຍຈ່າຍ ບໍລິຫານປົກກະຕິ',295),(297,'69100100','ຄ່າກະແສໄຟຟ້າ',296),(298,'69100200','ຄ່ານ້ຳປະປາ',296),(299,'69100300','ຄ່າໂທລະສັບ',296),(300,'69200000','ລາຍຈ່າຍດັດສົມ ແລະ ສົງເສີມ',295),(301,'69300000','ລາຍຈ່າຍລົງທຶນຂອງລັດ',295);
/*!40000 ALTER TABLE `chart_of_accounts` ENABLE KEYS */;
UNLOCK TABLES;

--
-- Table structure for table `course_credit_settings`
--

DROP TABLE IF EXISTS `course_credit_settings`;
/*!40101 SET @saved_cs_client     = @@character_set_client */;
/*!50503 SET character_set_client = utf8mb4 */;
CREATE TABLE `course_credit_settings` (
  `id` bigint unsigned NOT NULL AUTO_INCREMENT,
  `degree_program_id` bigint unsigned NOT NULL,
  `course_credit_unit` smallint unsigned NOT NULL,
  `year1_credit_unit` decimal(8,2) DEFAULT NULL,
  `gov_doc_id` varchar(255) CHARACTER SET utf8mb4 COLLATE utf8mb4_unicode_ci DEFAULT NULL,
  `start_year` smallint unsigned NOT NULL,
  `created_at` timestamp NULL DEFAULT NULL,
  `updated_at` timestamp NULL DEFAULT NULL,
  PRIMARY KEY (`id`),
  KEY `course_credit_settings_degree_program_id_foreign` (`degree_program_id`),
  CONSTRAINT `course_credit_settings_degree_program_id_foreign` FOREIGN KEY (`degree_program_id`) REFERENCES `degree_programs` (`id`) ON DELETE CASCADE
) ENGINE=InnoDB AUTO_INCREMENT=97 DEFAULT CHARSET=utf8mb4 COLLATE=utf8mb4_unicode_ci;
/*!40101 SET character_set_client = @saved_cs_client */;

--
-- Dumping data for table `course_credit_settings`
--

LOCK TABLES `course_credit_settings` WRITE;
/*!40000 ALTER TABLE `course_credit_settings` DISABLE KEYS */;
INSERT INTO `course_credit_settings` VALUES (28,55,37,NULL,NULL,2026,'2026-05-18 06:27:35','2026-05-18 18:05:06'),(29,56,38,NULL,NULL,2026,'2026-05-18 06:27:35','2026-05-18 18:05:06'),(30,57,38,NULL,NULL,2026,'2026-05-18 06:27:35','2026-05-18 18:05:06'),(31,58,37,NULL,NULL,2026,'2026-05-18 06:27:35','2026-05-18 18:05:06'),(32,59,37,NULL,NULL,2026,'2026-05-18 06:27:35','2026-05-18 18:05:06'),(33,60,36,NULL,NULL,2026,'2026-05-18 06:27:35','2026-05-18 18:05:06'),(34,61,36,NULL,NULL,2026,'2026-05-18 06:27:35','2026-05-18 18:05:06'),(35,62,37,NULL,NULL,2026,'2026-05-18 06:27:35','2026-05-18 18:05:06'),(36,63,37,NULL,NULL,2026,'2026-05-18 06:27:35','2026-05-18 18:05:06'),(37,64,39,NULL,NULL,2026,'2026-05-18 06:27:35','2026-05-18 18:05:06'),(38,65,39,NULL,NULL,2026,'2026-05-18 06:27:35','2026-05-18 18:05:06'),(39,66,35,NULL,NULL,2026,'2026-05-18 06:27:35','2026-05-18 18:05:06'),(40,67,35,NULL,NULL,2026,'2026-05-18 06:27:35','2026-05-18 18:05:06'),(41,68,35,NULL,NULL,2026,'2026-05-18 06:27:35','2026-05-18 18:05:06'),(42,69,35,NULL,NULL,2026,'2026-05-18 06:27:35','2026-05-18 18:05:06'),(43,1,37,NULL,NULL,2026,'2026-05-18 06:27:35','2026-05-18 18:05:06'),(44,2,37,NULL,NULL,2026,'2026-05-18 06:27:35','2026-05-18 18:05:06'),(45,3,37,NULL,NULL,2026,'2026-05-18 06:27:35','2026-05-18 18:05:06'),(46,4,27,NULL,NULL,2026,'2026-05-18 06:27:35','2026-05-18 18:05:06'),(47,5,37,NULL,NULL,2026,'2026-05-18 06:27:35','2026-05-18 18:05:06'),(48,6,37,NULL,NULL,2026,'2026-05-18 06:27:35','2026-05-18 18:05:06'),(49,7,37,NULL,NULL,2026,'2026-05-18 06:27:35','2026-05-18 18:05:06'),(50,8,31,NULL,NULL,2026,'2026-05-18 06:27:35','2026-05-18 18:05:06'),(51,9,31,NULL,NULL,2026,'2026-05-18 06:27:35','2026-05-18 18:05:06'),(52,10,35,NULL,NULL,2026,'2026-05-18 06:27:35','2026-05-18 18:05:06'),(53,11,35,NULL,NULL,2026,'2026-05-18 06:27:35','2026-05-18 18:05:06'),(54,12,36,NULL,NULL,2026,'2026-05-18 06:27:35','2026-05-18 18:05:06'),(55,13,36,NULL,NULL,2026,'2026-05-18 06:27:35','2026-05-18 18:05:06'),(56,14,37,NULL,NULL,2026,'2026-05-18 06:27:35','2026-05-18 18:05:06'),(57,15,36,NULL,NULL,2026,'2026-05-18 06:27:35','2026-05-18 18:05:06'),(58,16,33,NULL,NULL,2026,'2026-05-18 06:27:35','2026-05-18 18:05:06'),(59,17,38,NULL,NULL,2026,'2026-05-18 06:27:35','2026-05-18 18:05:06'),(60,18,42,NULL,NULL,2026,'2026-05-18 06:27:35','2026-05-18 18:05:06'),(61,19,39,NULL,NULL,2026,'2026-05-18 06:27:35','2026-05-18 18:05:06'),(62,20,39,NULL,NULL,2026,'2026-05-18 06:27:35','2026-05-18 18:05:06'),(63,21,37,NULL,NULL,2026,'2026-05-18 06:27:35','2026-05-18 18:05:06'),(64,22,36,NULL,NULL,2026,'2026-05-18 06:27:35','2026-05-18 18:05:06'),(65,23,33,NULL,NULL,2026,'2026-05-18 06:27:35','2026-05-18 18:05:06'),(66,24,35,NULL,NULL,2026,'2026-05-18 06:27:35','2026-05-18 18:05:06'),(67,25,36,NULL,NULL,2026,'2026-05-18 06:27:35','2026-05-18 18:05:06'),(68,26,34,NULL,NULL,2026,'2026-05-18 06:27:35','2026-05-18 18:05:06'),(69,27,36,NULL,NULL,2026,'2026-05-18 06:27:35','2026-05-18 18:05:06'),(70,28,36,NULL,NULL,2026,'2026-05-18 06:27:35','2026-05-18 18:05:06'),(71,29,36,NULL,NULL,2026,'2026-05-18 06:27:35','2026-05-18 18:05:06'),(72,30,27,NULL,NULL,2026,'2026-05-18 06:27:35','2026-05-18 18:05:06'),(73,31,30,NULL,NULL,2026,'2026-05-18 06:27:35','2026-05-18 18:05:06'),(74,32,27,NULL,NULL,2026,'2026-05-18 06:27:35','2026-05-18 18:05:06'),(75,33,24,NULL,NULL,2026,'2026-05-18 06:27:35','2026-05-18 18:05:06'),(76,34,27,NULL,NULL,2026,'2026-05-18 06:27:35','2026-05-18 18:05:06'),(77,35,27,NULL,NULL,2026,'2026-05-18 06:27:35','2026-05-18 18:05:06'),(78,36,25,NULL,NULL,2026,'2026-05-18 06:27:35','2026-05-18 18:05:06'),(79,37,23,NULL,NULL,2026,'2026-05-18 06:27:35','2026-05-18 18:05:06'),(80,38,23,NULL,NULL,2026,'2026-05-18 06:27:35','2026-05-18 18:05:06'),(81,39,22,NULL,NULL,2026,'2026-05-18 06:27:35','2026-05-18 18:05:06'),(82,40,27,NULL,NULL,2026,'2026-05-18 06:27:35','2026-05-18 18:05:06'),(83,41,30,NULL,NULL,2026,'2026-05-18 06:27:35','2026-05-18 18:05:06'),(84,42,27,NULL,NULL,2026,'2026-05-18 06:27:35','2026-05-18 18:05:06'),(85,43,28,NULL,NULL,2026,'2026-05-18 06:27:35','2026-05-18 18:05:06'),(86,44,45,66.00,NULL,2026,'2026-05-18 06:27:35','2026-05-18 18:05:06'),(87,45,46,69.00,NULL,2026,'2026-05-18 06:27:35','2026-05-18 18:05:06'),(88,46,41,62.00,NULL,2026,'2026-05-18 06:27:35','2026-05-18 18:55:21'),(89,47,46,69.00,NULL,2026,'2026-05-18 06:27:35','2026-05-18 18:05:06'),(90,48,46,69.00,NULL,2026,'2026-05-18 06:27:35','2026-05-18 18:05:06'),(91,49,46,69.00,NULL,2026,'2026-05-18 06:27:35','2026-05-18 18:05:06'),(92,50,46,69.00,NULL,2026,'2026-05-18 06:27:35','2026-05-18 18:05:06'),(93,51,46,69.00,NULL,2026,'2026-05-18 06:27:35','2026-05-18 18:05:06'),(94,52,38,57.00,NULL,2026,'2026-05-18 06:27:35','2026-05-18 18:05:06'),(95,53,40,60.00,NULL,2026,'2026-05-18 06:27:35','2026-05-18 18:40:46');
/*!40000 ALTER TABLE `course_credit_settings` ENABLE KEYS */;
UNLOCK TABLES;

--
-- Table structure for table `credit_unit_price_settings`
--

DROP TABLE IF EXISTS `credit_unit_price_settings`;
/*!40101 SET @saved_cs_client     = @@character_set_client */;
/*!50503 SET character_set_client = utf8mb4 */;
CREATE TABLE `credit_unit_price_settings` (
  `id` bigint unsigned NOT NULL AUTO_INCREMENT,
  `setting_set_id` bigint unsigned DEFAULT NULL,
  `level` enum('bachelor','master','phd') CHARACTER SET utf8mb4 COLLATE utf8mb4_unicode_ci NOT NULL,
  `credit_unit_price` decimal(15,2) NOT NULL,
  `gov_doc_id` varchar(255) CHARACTER SET utf8mb4 COLLATE utf8mb4_unicode_ci DEFAULT NULL,
  `start_year` smallint unsigned NOT NULL,
  `created_at` timestamp NULL DEFAULT NULL,
  `updated_at` timestamp NULL DEFAULT NULL,
  PRIMARY KEY (`id`),
  KEY `credit_unit_price_settings_setting_set_id_foreign` (`setting_set_id`),
  CONSTRAINT `credit_unit_price_settings_setting_set_id_foreign` FOREIGN KEY (`setting_set_id`) REFERENCES `academic_income_setting_sets` (`id`) ON DELETE SET NULL
) ENGINE=InnoDB AUTO_INCREMENT=31 DEFAULT CHARSET=utf8mb4 COLLATE=utf8mb4_unicode_ci;
/*!40101 SET character_set_client = @saved_cs_client */;

--
-- Dumping data for table `credit_unit_price_settings`
--

LOCK TABLES `credit_unit_price_settings` WRITE;
/*!40000 ALTER TABLE `credit_unit_price_settings` DISABLE KEYS */;
INSERT INTO `credit_unit_price_settings` VALUES (28,1,'bachelor',35000.00,'TG-555',2026,'2026-05-17 15:35:43','2026-05-17 15:35:43'),(29,1,'master',240000.00,'TG-23',2026,'2026-05-17 15:36:07','2026-05-18 18:05:06'),(30,1,'phd',600000.00,'TG-24',2026,'2026-05-17 15:36:24','2026-05-18 18:05:06');
/*!40000 ALTER TABLE `credit_unit_price_settings` ENABLE KEYS */;
UNLOCK TABLES;

--
-- Table structure for table `degree_programs`
--

DROP TABLE IF EXISTS `degree_programs`;
/*!40101 SET @saved_cs_client     = @@character_set_client */;
/*!50503 SET character_set_client = utf8mb4 */;
CREATE TABLE `degree_programs` (
  `id` bigint unsigned NOT NULL AUTO_INCREMENT,
  `code` varchar(50) CHARACTER SET utf8mb4 COLLATE utf8mb4_unicode_ci NOT NULL,
  `name` varchar(255) CHARACTER SET utf8mb4 COLLATE utf8mb4_unicode_ci NOT NULL,
  `level` enum('bachelor','master','phd') CHARACTER SET utf8mb4 COLLATE utf8mb4_unicode_ci NOT NULL,
  `study_year` smallint unsigned DEFAULT NULL,
  `is_active` tinyint(1) NOT NULL DEFAULT '1',
  `created_at` timestamp NULL DEFAULT NULL,
  `updated_at` timestamp NULL DEFAULT NULL,
  PRIMARY KEY (`id`),
  UNIQUE KEY `degree_programs_code_unique` (`code`)
) ENGINE=InnoDB AUTO_INCREMENT=71 DEFAULT CHARSET=utf8mb4 COLLATE=utf8mb4_unicode_ci;
/*!40101 SET character_set_client = @saved_cs_client */;

--
-- Dumping data for table `degree_programs`
--

LOCK TABLES `degree_programs` WRITE;
/*!40000 ALTER TABLE `degree_programs` DISABLE KEYS */;
INSERT INTO `degree_programs` VALUES (1,'B-CS-Y2','ວິທະຍາສາດຄອມ','bachelor',2,1,'2026-05-18 05:00:05','2026-05-18 05:00:05'),(2,'B-PD-Y2','ພັດທະນາໂປຣແກຣມ','bachelor',2,1,'2026-05-18 05:00:05','2026-05-18 05:00:05'),(3,'B-WD-Y2','ພັດທະນາເວບໄຊ້','bachelor',2,1,'2026-05-18 05:00:05','2026-05-18 05:00:05'),(4,'B-CSC-Y2','ຕໍ່ເນື່ອງວິທະຍາສາດຄອມພິວເຕີ','bachelor',2,1,'2026-05-18 05:00:05','2026-05-18 05:00:05'),(5,'B-MAA-Y2','ຄະນິດສາດນໍາໃຊ້','bachelor',2,1,'2026-05-18 05:00:05','2026-05-18 05:00:05'),(6,'B-MAE-Y2','ຄະນິດສາດສໍາຫຼັບເສດຖະສາດ','bachelor',2,1,'2026-05-18 05:00:05','2026-05-18 05:00:05'),(7,'B-STAT-Y2','ຄະນິດສາດສະຖິຕິ','bachelor',2,1,'2026-05-18 05:00:05','2026-05-18 05:00:05'),(8,'B-BIO-Y2','ຊີວະທົ່ວໄປ','bachelor',2,1,'2026-05-18 05:00:05','2026-05-18 05:00:05'),(9,'B-BT-Y2','ເທັກໂນໂລຍີ່ຊີວະພາບ','bachelor',2,1,'2026-05-18 05:00:05','2026-05-18 05:00:05'),(10,'B-CHEM-Y2','ເຄມີທົ່ວໄປ','bachelor',2,1,'2026-05-18 05:00:05','2026-05-18 05:00:05'),(11,'B-ECHE-Y2','ເຄມີສິ່ງແວດລ້ອມ','bachelor',2,1,'2026-05-18 05:00:05','2026-05-18 05:00:05'),(12,'B-PHYS-Y2','ຟີຊິກທົ່ວໄປ','bachelor',2,1,'2026-05-18 05:00:05','2026-05-18 05:00:05'),(13,'B-GPHY-Y2','ທໍລະນີຟີຊິກ','bachelor',2,1,'2026-05-18 05:00:05','2026-05-18 05:00:05'),(14,'B-MATS-Y2','ວັດສະດຸສາດ','bachelor',2,1,'2026-05-18 05:00:05','2026-05-18 05:00:05'),(15,'B-NPHY-Y2','ຟິຊິກນິວເຄຣຍ','bachelor',2,1,'2026-05-18 05:00:05','2026-05-18 05:00:05'),(16,'B-CS-Y3','ວິທະຍາສາດຄອມ','bachelor',3,1,'2026-05-18 05:00:05','2026-05-18 05:00:05'),(17,'B-PD-Y3','ພັດທະນາໂປຣແກຣມ','bachelor',3,1,'2026-05-18 05:00:05','2026-05-18 05:00:05'),(18,'B-WD-Y3','ພັດທະນາເວບໄຊ້','bachelor',3,1,'2026-05-18 05:00:05','2026-05-18 05:00:05'),(19,'B-MATH-Y3','ຄະນິດທົ່ວໄປ','bachelor',3,1,'2026-05-18 05:00:05','2026-05-18 05:00:05'),(20,'B-MAE-Y3','ຄະນິດສາດສໍາຫຼັບເສດຖະສາດ','bachelor',3,1,'2026-05-18 05:00:05','2026-05-18 05:00:05'),(21,'B-STAT-Y3','ຄະນິດສາດສະຖິຕິ','bachelor',3,1,'2026-05-18 05:00:05','2026-05-18 05:00:05'),(22,'B-BIO-Y3','ຊີວະວິທະຍາທົ່ວໄປ','bachelor',3,1,'2026-05-18 05:00:05','2026-05-18 05:00:05'),(23,'B-BT-Y3','ເທັກໂນໂລຍີ່ຊີວະພາບ','bachelor',3,1,'2026-05-18 05:00:05','2026-05-18 05:00:05'),(24,'B-CHEM-Y3','ເຄມີສາດທົ່ວໄປ','bachelor',3,1,'2026-05-18 05:00:05','2026-05-18 05:00:05'),(25,'B-ECHE-Y3','ເຄມີສິ່ງແວດລ້ອມ','bachelor',3,1,'2026-05-18 05:00:05','2026-05-18 05:00:05'),(26,'B-PHYS-Y3','ຟີຊິກສາດທົ່ວໄປ','bachelor',3,1,'2026-05-18 05:00:05','2026-05-18 05:00:05'),(27,'B-GPHY-Y3','ທໍລະນີຟີຊິກ','bachelor',3,1,'2026-05-18 05:00:05','2026-05-18 05:00:05'),(28,'B-MATS-Y3','ວັດສະດຸສາດ','bachelor',3,1,'2026-05-18 05:00:05','2026-05-18 05:00:05'),(29,'B-NPHY-Y3','ຟິຊິກນິວເຄຣຍ','bachelor',3,1,'2026-05-18 05:00:05','2026-05-18 05:00:05'),(30,'B-CS-Y4','ວິທະຍາສາດຄອມ','bachelor',4,1,'2026-05-18 05:00:05','2026-05-18 05:00:05'),(31,'B-PD-Y4','ພັດທະນາໂປຣແກຣມ','bachelor',4,1,'2026-05-18 05:00:05','2026-05-18 05:00:05'),(32,'B-WD-Y4','ພັດທະນາເວບໄຊ້','bachelor',4,1,'2026-05-18 05:00:05','2026-05-18 05:00:05'),(33,'B-MATH-Y4','ຄະນິດທົ່ວໄປ','bachelor',4,1,'2026-05-18 05:00:05','2026-05-18 05:00:05'),(34,'B-MAE-Y4','ຄະນິດສາດສໍາຫຼັບເສດຖະສາດ','bachelor',4,1,'2026-05-18 05:00:05','2026-05-18 05:00:05'),(35,'B-STAT-Y4','ຄະນິດສາດສະຖິຕິ','bachelor',4,1,'2026-05-18 05:00:05','2026-05-18 05:00:05'),(36,'B-BIO-Y4','ຊີວະວິທະຍາທົ່ວໄປ','bachelor',4,1,'2026-05-18 05:00:05','2026-05-18 05:00:05'),(37,'B-BT-Y4','ເທັກໂນໂລຍີ່ຊີວະພາບ','bachelor',4,1,'2026-05-18 05:00:05','2026-05-18 05:00:05'),(38,'B-CHEM-Y4','ເຄມີສາດທົ່ວໄປ','bachelor',4,1,'2026-05-18 05:00:05','2026-05-18 05:00:05'),(39,'B-ECHE-Y4','ເຄມີສິ່ງແວດລ້ອມ','bachelor',4,1,'2026-05-18 05:00:05','2026-05-18 05:00:05'),(40,'B-PHYS-Y4','ຟີຊິກສາດທົ່ວໄປ','bachelor',4,1,'2026-05-18 05:00:05','2026-05-18 05:00:05'),(41,'B-GPHY-Y4','ທໍລະນີຟີຊິກ','bachelor',4,1,'2026-05-18 05:00:05','2026-05-18 05:00:05'),(42,'B-MATS-Y4','ວັດສະດຸສາດ','bachelor',4,1,'2026-05-18 05:00:05','2026-05-18 05:00:05'),(43,'B-NPHY-Y4','ຟິຊິກນິວເຄຣຍ','bachelor',4,1,'2026-05-18 05:00:05','2026-05-18 05:00:05'),(44,'M-PHYS','ປະລິນຍາໂທຟິຊິກນໍາໃຊ້','master',NULL,1,'2026-05-18 05:00:05','2026-05-18 05:00:05'),(45,'M-MATH','ປະລິນຍາໂທຄະນິດສາດ','master',NULL,1,'2026-05-18 05:00:05','2026-05-18 05:00:05'),(46,'M-BIO','ປິລິນຍາໂທຊີວະວິທະຍາ','master',NULL,1,'2026-05-18 05:00:05','2026-05-18 05:00:05'),(47,'M-CHEM','ປະລິນຍາໂທເຄມີ','master',NULL,1,'2026-05-18 05:00:05','2026-05-18 05:00:05'),(48,'M-CS','ປະລິນຍາໂທວິທະຍາສາດຄອມພິວເຕີ','master',NULL,1,'2026-05-18 05:00:05','2026-05-18 05:00:05'),(49,'MR-PHYS','ຟີຊິກສາດຮູບແບບຄົ້ນຄວ້າ','master',NULL,1,'2026-05-18 05:00:05','2026-05-18 05:00:05'),(50,'MR-CHEM','ເຄມີສາດຮູບແບບຄົ້ນຄວ້າ','master',NULL,1,'2026-05-18 05:00:05','2026-05-18 05:00:05'),(51,'MR-BIO','ຊີວະວິທະຍາຮູບແບບຄົ້ນຄວ້າ','master',NULL,1,'2026-05-18 05:00:05','2026-05-18 05:00:05'),(52,'D-PHYS','ປະລີິນຍາເອກຟິຊິກ','phd',NULL,1,'2026-05-18 05:00:05','2026-05-18 05:00:05'),(53,'D-BIO','ປະລີິນຍາເອກຊີວະວິທະຍາ','phd',NULL,1,'2026-05-18 05:00:05','2026-05-18 05:00:05'),(55,'B-CS-Y1','ວິທະຍາສາດຄອມ ປີ 1','bachelor',1,1,'2026-05-18 06:27:34','2026-05-18 06:27:34'),(56,'B-PD-Y1','ພັດທະນາໂປຣແກຣມ ປີ 1','bachelor',1,1,'2026-05-18 06:27:34','2026-05-18 06:27:34'),(57,'B-WD-Y1','ພັດທະນາເວບໄຊ້ ປີ 1','bachelor',1,1,'2026-05-18 06:27:35','2026-05-18 06:27:35'),(58,'B-CSC-Y1','ຕໍ່ເນື່ອງວິທະຍາສາດຄອມ ປີ 1','bachelor',1,1,'2026-05-18 06:27:35','2026-05-18 06:27:35'),(59,'B-MAA-Y1','ຄະນິດສາດນໍາໃຊ້ ປີ 1','bachelor',1,1,'2026-05-18 06:27:35','2026-05-18 06:27:35'),(60,'B-MAE-Y1','ຄະນິດສາດສໍາຫຼັບເສດຖະສາດ ປີ 1','bachelor',1,1,'2026-05-18 06:27:35','2026-05-18 06:27:35'),(61,'B-STAT-Y1','ຄະນິດສາດສະຖິຕິ ປີ 1','bachelor',1,1,'2026-05-18 06:27:35','2026-05-18 06:27:35'),(62,'B-BIO-Y1','ຊີວະທົ່ວໄປ ປີ 1','bachelor',1,1,'2026-05-18 06:27:35','2026-05-18 06:27:35'),(63,'B-BT-Y1','ເທັກໂນໂລຍີ່ຊີວະພາບ ປີ 1','bachelor',1,1,'2026-05-18 06:27:35','2026-05-18 06:27:35'),(64,'B-CHEM-Y1','ເຄມີທົ່ວໄປ ປີ 1','bachelor',1,1,'2026-05-18 06:27:35','2026-05-18 06:27:35'),(65,'B-ECHE-Y1','ເຄມີສິ່ງແວດລ້ອມ ປີ 1','bachelor',1,1,'2026-05-18 06:27:35','2026-05-18 06:27:35'),(66,'B-PHYS-Y1','ຟີຊິກທົ່ວໄປ ປີ 1','bachelor',1,1,'2026-05-18 06:27:35','2026-05-18 06:27:35'),(67,'B-GPHY-Y1','ທໍລະນີຟີຊິກ ປີ 1','bachelor',1,1,'2026-05-18 06:27:35','2026-05-18 06:27:35'),(68,'B-MATS-Y1','ວັດສະດຸສາດ ປີ 1','bachelor',1,1,'2026-05-18 06:27:35','2026-05-18 06:27:35'),(69,'B-NPHY-Y1','ຟິຊິກນິວເຄຣຍ ປີ 1','bachelor',1,1,'2026-05-18 06:27:35','2026-05-18 06:27:35');
/*!40000 ALTER TABLE `degree_programs` ENABLE KEYS */;
UNLOCK TABLES;

--
-- Table structure for table `departments`
--

DROP TABLE IF EXISTS `departments`;
/*!40101 SET @saved_cs_client     = @@character_set_client */;
/*!50503 SET character_set_client = utf8mb4 */;
CREATE TABLE `departments` (
  `id` int NOT NULL AUTO_INCREMENT,
  `department_name` varchar(100) CHARACTER SET utf8mb4 COLLATE utf8mb4_unicode_ci NOT NULL,
  `department_type` varchar(50) CHARACTER SET utf8mb4 COLLATE utf8mb4_unicode_ci NOT NULL,
  PRIMARY KEY (`id`),
  UNIQUE KEY `department_name` (`department_name`)
) ENGINE=InnoDB AUTO_INCREMENT=11 DEFAULT CHARSET=utf8mb4 COLLATE=utf8mb4_unicode_ci;
/*!40101 SET character_set_client = @saved_cs_client */;

--
-- Dumping data for table `departments`
--

LOCK TABLES `departments` WRITE;
/*!40000 ALTER TABLE `departments` DISABLE KEYS */;
INSERT INTO `departments` VALUES (1,'Computer','Com');
/*!40000 ALTER TABLE `departments` ENABLE KEYS */;
UNLOCK TABLES;

--
-- Table structure for table `expense_calculation_rules`
--

DROP TABLE IF EXISTS `expense_calculation_rules`;
/*!40101 SET @saved_cs_client     = @@character_set_client */;
/*!50503 SET character_set_client = utf8mb4 */;
CREATE TABLE `expense_calculation_rules` (
  `id` bigint unsigned NOT NULL AUTO_INCREMENT,
  `planning_year_id` bigint unsigned NOT NULL,
  `pattern_id` bigint unsigned NOT NULL,
  `section_id` bigint unsigned DEFAULT NULL,
  `subsection_id` bigint unsigned DEFAULT NULL,
  `target_field_key` varchar(50) CHARACTER SET utf8mb4 COLLATE utf8mb4_unicode_ci NOT NULL,
  `formula` varchar(255) CHARACTER SET utf8mb4 COLLATE utf8mb4_unicode_ci NOT NULL,
  `is_active` tinyint(1) NOT NULL DEFAULT '1',
  `created_at` timestamp NULL DEFAULT NULL,
  `updated_at` timestamp NULL DEFAULT NULL,
  PRIMARY KEY (`id`),
  KEY `expense_calculation_rules_year_id_foreign` (`planning_year_id`),
  KEY `expense_calculation_rules_pattern_id_foreign` (`pattern_id`),
  KEY `expense_calculation_rules_section_id_foreign` (`section_id`),
  KEY `expense_calculation_rules_subsection_id_foreign` (`subsection_id`),
  CONSTRAINT `expense_calculation_rules_pattern_id_foreign` FOREIGN KEY (`pattern_id`) REFERENCES `expense_patterns` (`id`) ON DELETE CASCADE,
  CONSTRAINT `expense_calculation_rules_section_id_foreign` FOREIGN KEY (`section_id`) REFERENCES `expense_sections` (`id`) ON DELETE CASCADE,
  CONSTRAINT `expense_calculation_rules_subsection_id_foreign` FOREIGN KEY (`subsection_id`) REFERENCES `expense_subsections` (`id`) ON DELETE CASCADE,
  CONSTRAINT `expense_calculation_rules_year_id_foreign` FOREIGN KEY (`planning_year_id`) REFERENCES `planning_years` (`id`) ON DELETE CASCADE
) ENGINE=InnoDB AUTO_INCREMENT=21 DEFAULT CHARSET=utf8mb4 COLLATE=utf8mb4_unicode_ci;
/*!40101 SET character_set_client = @saved_cs_client */;

--
-- Dumping data for table `expense_calculation_rules`
--

LOCK TABLES `expense_calculation_rules` WRITE;
/*!40000 ALTER TABLE `expense_calculation_rules` DISABLE KEYS */;
/*!40000 ALTER TABLE `expense_calculation_rules` ENABLE KEYS */;
UNLOCK TABLES;

--
-- Table structure for table `expense_pattern_fields`
--

DROP TABLE IF EXISTS `expense_pattern_fields`;
/*!40101 SET @saved_cs_client     = @@character_set_client */;
/*!50503 SET character_set_client = utf8mb4 */;
CREATE TABLE `expense_pattern_fields` (
  `id` bigint unsigned NOT NULL AUTO_INCREMENT,
  `pattern_id` bigint unsigned NOT NULL,
  `field_key` varchar(50) CHARACTER SET utf8mb4 COLLATE utf8mb4_unicode_ci NOT NULL,
  `default_label` varchar(255) CHARACTER SET utf8mb4 COLLATE utf8mb4_unicode_ci NOT NULL,
  `data_type` enum('text','number','date','boolean') CHARACTER SET utf8mb4 COLLATE utf8mb4_unicode_ci NOT NULL DEFAULT 'text',
  `display_order` int unsigned NOT NULL DEFAULT '0',
  `is_required` tinyint(1) NOT NULL DEFAULT '0',
  `is_calculated` tinyint(1) NOT NULL DEFAULT '0',
  `default_value` varchar(255) CHARACTER SET utf8mb4 COLLATE utf8mb4_unicode_ci DEFAULT NULL,
  `created_at` timestamp NULL DEFAULT NULL,
  `updated_at` timestamp NULL DEFAULT NULL,
  PRIMARY KEY (`id`),
  UNIQUE KEY `expense_pattern_fields_pattern_key_unique` (`pattern_id`,`field_key`),
  CONSTRAINT `expense_pattern_fields_pattern_id_foreign` FOREIGN KEY (`pattern_id`) REFERENCES `expense_patterns` (`id`) ON DELETE CASCADE
) ENGINE=InnoDB AUTO_INCREMENT=35 DEFAULT CHARSET=utf8mb4 COLLATE=utf8mb4_unicode_ci;
/*!40101 SET character_set_client = @saved_cs_client */;

--
-- Dumping data for table `expense_pattern_fields`
--

LOCK TABLES `expense_pattern_fields` WRITE;
/*!40000 ALTER TABLE `expense_pattern_fields` DISABLE KEYS */;
INSERT INTO `expense_pattern_fields` VALUES (1,1,'item_name','ລາຍການ','text',1,1,0,NULL,'2026-06-05 00:00:00','2026-06-05 00:00:00'),(2,1,'reference','ອ້າງອີງ','text',2,0,0,NULL,'2026-06-05 00:00:00','2026-06-05 00:00:00'),(3,2,'item_name','ລາຍການ','text',1,1,0,NULL,'2026-06-05 00:00:00','2026-06-05 00:00:00'),(4,2,'reference','ອ້າງອີງ','text',2,0,0,NULL,'2026-06-05 00:00:00','2026-06-05 00:00:00'),(5,3,'item_name','ລາຍການ','text',1,1,0,NULL,'2026-06-05 00:00:00','2026-06-05 00:00:00'),(6,3,'reference','ອ້າງອີງ','text',2,0,0,NULL,'2026-06-05 00:00:00','2026-06-05 00:00:00'),(7,4,'item_name','ລາຍການ','text',1,1,0,NULL,'2026-06-05 00:00:00','2026-06-05 00:00:00'),(8,4,'reference','ອ້າງອີງ','text',2,0,0,NULL,'2026-06-05 00:00:00','2026-06-05 00:00:00'),(9,5,'item_name','ລາຍການ','text',1,1,0,NULL,'2026-06-05 00:00:00','2026-06-05 00:00:00'),(10,5,'reference','ອ້າງອີງ','text',2,0,0,NULL,'2026-06-05 00:00:00','2026-06-05 00:00:00'),(11,1,'amount_per_month','ຕໍ່ເດືອນ','number',3,1,0,NULL,'2026-06-05 00:00:00','2026-06-05 00:00:00'),(12,1,'month_count','ຈ/ນ','number',4,1,0,'12','2026-06-05 00:00:00','2026-06-05 00:00:00'),(13,1,'yearly_total','ໝົດປີ','number',5,0,1,NULL,'2026-06-05 00:00:00','2026-06-05 00:00:00'),(14,1,'note','ໝາຍເຫດ','text',6,0,0,NULL,'2026-06-05 00:00:00','2026-06-05 00:00:00'),(15,2,'unit_price','ລາຄາຕໍ່ໜ່ວຍ','number',3,1,0,NULL,'2026-06-05 00:00:00','2026-06-05 00:00:00'),(16,2,'quantity','ຈຳນວນ','number',4,1,0,NULL,'2026-06-05 00:00:00','2026-06-05 00:00:00'),(17,2,'yearly_total','ຈຳນວນເງິນ/ປີ','number',5,0,1,NULL,'2026-06-05 00:00:00','2026-06-05 00:00:00'),(18,2,'note','ໝາຍເຫດ','text',6,0,0,NULL,'2026-06-05 00:00:00','2026-06-05 00:00:00'),(19,3,'unit_price','ລາຄາຕໍ່ໜ່ວຍ','number',3,1,0,NULL,'2026-06-05 00:00:00','2026-06-05 00:00:00'),(20,3,'quantity','ຈຳນວນ','number',4,1,0,NULL,'2026-06-05 00:00:00','2026-06-05 00:00:00'),(21,3,'times_per_year','ຈຳນວນຄັ້ງ','number',5,1,0,'2','2026-06-05 00:00:00','2026-06-05 00:00:00'),(22,3,'yearly_total','ຈຳນວນເງິນ/ປີ','number',6,0,1,NULL,'2026-06-05 00:00:00','2026-06-05 00:00:00'),(23,3,'note','ໝາຍເຫດ','text',7,0,0,NULL,'2026-06-05 00:00:00','2026-06-05 00:00:00'),(24,4,'unit_price','ຕໍ່ເດືອນ','number',3,1,0,NULL,'2026-06-05 00:00:00','2026-06-05 00:00:00'),(25,4,'quantity','ຈຳນວນ','number',4,1,0,'1','2026-06-05 00:00:00','2026-06-05 00:00:00'),(26,4,'frequency_count','ຈຳນວນເດືອນ/ຄັ້ງ','number',5,1,0,NULL,'2026-06-05 00:00:00','2026-06-05 00:00:00'),(27,4,'yearly_total','ຄ່າໃຊ້ຈ່າຍໝົດປີ','number',6,0,1,NULL,'2026-06-05 00:00:00','2026-06-05 00:00:00'),(28,4,'note','ໝາຍເຫດ','text',7,0,0,NULL,'2026-06-05 00:00:00','2026-06-05 00:00:00'),(29,5,'unit_price','ລາຄາ/ຫົວໜ່ວຍ','number',3,1,0,NULL,'2026-06-05 00:00:00','2026-06-05 00:00:00'),(30,5,'event_count','ຈຳນວນຄັ້ງ','number',4,1,0,NULL,'2026-06-05 00:00:00','2026-06-05 00:00:00'),(31,5,'people_count','ຈຳນວນຄົນ','number',5,1,0,'12','2026-06-05 00:00:00','2026-06-16 19:06:05'),(32,5,'yearly_total','ຈຳນວນເງິນ/ປີ','number',6,0,1,NULL,'2026-06-05 00:00:00','2026-06-05 00:00:00'),(33,5,'note','ໝາຍເຫດ','text',7,0,0,NULL,'2026-06-05 00:00:00','2026-06-05 00:00:00');
/*!40000 ALTER TABLE `expense_pattern_fields` ENABLE KEYS */;
UNLOCK TABLES;

--
-- Table structure for table `expense_patterns`
--

DROP TABLE IF EXISTS `expense_patterns`;
/*!40101 SET @saved_cs_client     = @@character_set_client */;
/*!50503 SET character_set_client = utf8mb4 */;
CREATE TABLE `expense_patterns` (
  `id` bigint unsigned NOT NULL AUTO_INCREMENT,
  `key` varchar(50) CHARACTER SET utf8mb4 COLLATE utf8mb4_unicode_ci NOT NULL,
  `name` varchar(255) CHARACTER SET utf8mb4 COLLATE utf8mb4_unicode_ci NOT NULL,
  `description` text CHARACTER SET utf8mb4 COLLATE utf8mb4_unicode_ci,
  `is_active` tinyint(1) NOT NULL DEFAULT '1',
  `created_at` timestamp NULL DEFAULT NULL,
  `updated_at` timestamp NULL DEFAULT NULL,
  PRIMARY KEY (`id`),
  UNIQUE KEY `expense_patterns_key_unique` (`key`)
) ENGINE=InnoDB AUTO_INCREMENT=6 DEFAULT CHARSET=utf8mb4 COLLATE=utf8mb4_unicode_ci;
/*!40101 SET character_set_client = @saved_cs_client */;

--
-- Dumping data for table `expense_patterns`
--

LOCK TABLES `expense_patterns` WRITE;
/*!40000 ALTER TABLE `expense_patterns` DISABLE KEYS */;
INSERT INTO `expense_patterns` VALUES (1,'monthly','ລາຍຈ່າຍປະຈຳເດືອນ','ຄິດໄລ່ຈາກ ຕໍ່ເດືອນ ຄູນ ຈ/ນ.',1,'2026-06-05 00:00:00','2026-06-05 00:00:00'),(2,'unit_quantity','ລາຍຈ່າຍຕາມລາຄາຕໍ່ໜ່ວຍ ແລະ ຈຳນວນ','ຄິດໄລ່ຈາກ ລາຄາຕໍ່ໜ່ວຍ ຄູນ ຈຳນວນ.',1,'2026-06-05 00:00:00','2026-06-05 00:00:00'),(3,'unit_quantity_frequency','ລາຍຈ່າຍຕາມລາຄາ, ຈຳນວນ ແລະ ຈຳນວນຄັ້ງ','ຄິດໄລ່ຈາກ ລາຄາຕໍ່ໜ່ວຍ ຄູນ ຈຳນວນ ຄູນ ຈຳນວນຄັ້ງ.',1,'2026-06-05 00:00:00','2026-06-05 00:00:00'),(4,'frequency_based','ລາຍຈ່າຍຕາມຈຳນວນເດືອນ ຫຼື ຈຳນວນຄັ້ງ','ຄິດໄລ່ຈາກ ລາຄາ ຄູນ ຈຳນວນ ຄູນ ເດືອນ/ຄັ້ງ.',1,'2026-06-05 00:00:00','2026-06-05 00:00:00'),(5,'event_based','ລາຍຈ່າຍກິດຈະກຳ','ຄິດໄລ່ຈາກ ລາຄາ/ຫົວໜ່ວຍ ຄູນ ຈຳນວນຄັ້ງ ຄູນ ຈຳນວນຄົນ.',1,'2026-06-05 00:00:00','2026-06-05 00:00:00');
/*!40000 ALTER TABLE `expense_patterns` ENABLE KEYS */;
UNLOCK TABLES;

--
-- Table structure for table `expense_plan_values`
--

DROP TABLE IF EXISTS `expense_plan_values`;
/*!40101 SET @saved_cs_client     = @@character_set_client */;
/*!50503 SET character_set_client = utf8mb4 */;
CREATE TABLE `expense_plan_values` (
  `id` bigint unsigned NOT NULL AUTO_INCREMENT,
  `expense_plan_id` bigint unsigned NOT NULL,
  `field_key` varchar(50) CHARACTER SET utf8mb4 COLLATE utf8mb4_unicode_ci NOT NULL,
  `value_text` text CHARACTER SET utf8mb4 COLLATE utf8mb4_unicode_ci,
  `value_number` decimal(18,2) DEFAULT NULL,
  `value_date` date DEFAULT NULL,
  `value_boolean` tinyint(1) DEFAULT NULL,
  `created_at` timestamp NULL DEFAULT NULL,
  `updated_at` timestamp NULL DEFAULT NULL,
  PRIMARY KEY (`id`),
  UNIQUE KEY `expense_plan_values_plan_field_unique` (`expense_plan_id`,`field_key`),
  CONSTRAINT `expense_plan_values_plan_id_foreign` FOREIGN KEY (`expense_plan_id`) REFERENCES `expense_plans` (`id`) ON DELETE CASCADE
) ENGINE=InnoDB AUTO_INCREMENT=14883 DEFAULT CHARSET=utf8mb4 COLLATE=utf8mb4_unicode_ci;
/*!40101 SET character_set_client = @saved_cs_client */;

--
-- Dumping data for table `expense_plan_values`
--

LOCK TABLES `expense_plan_values` WRITE;
/*!40000 ALTER TABLE `expense_plan_values` DISABLE KEYS */;
INSERT INTO `expense_plan_values` VALUES (14112,2507,'item_name','ແບບພິມ',NULL,NULL,NULL,'2026-06-14 19:08:11','2026-06-14 19:08:11'),(14113,2507,'reference','62100202',NULL,NULL,NULL,'2026-06-14 19:08:11','2026-06-16 10:09:22'),(14114,2507,'amount_per_month',NULL,0.00,NULL,NULL,'2026-06-14 19:08:11','2026-06-14 19:08:11'),(14115,2507,'month_count',NULL,1.00,NULL,NULL,'2026-06-14 19:08:11','2026-06-14 19:08:11'),(14116,2507,'yearly_total',NULL,0.00,NULL,NULL,'2026-06-14 19:08:11','2026-06-14 19:08:11'),(14117,2508,'item_name','ວາລະສານ ແລະ ໜັງສືພິມ',NULL,NULL,NULL,'2026-06-14 19:08:11','2026-06-14 19:08:11'),(14118,2508,'reference','62100203',NULL,NULL,NULL,'2026-06-14 19:08:11','2026-06-16 10:09:22'),(14119,2508,'amount_per_month',NULL,0.00,NULL,NULL,'2026-06-14 19:08:11','2026-06-14 19:08:11'),(14120,2508,'month_count',NULL,1.00,NULL,NULL,'2026-06-14 19:08:11','2026-06-14 19:08:11'),(14121,2508,'yearly_total',NULL,0.00,NULL,NULL,'2026-06-14 19:08:11','2026-06-14 19:08:11'),(14122,2509,'item_name','ຮັບແຂກ',NULL,NULL,NULL,'2026-06-14 19:08:11','2026-06-14 19:08:11'),(14123,2509,'reference','62500100',NULL,NULL,NULL,'2026-06-14 19:08:11','2026-06-16 10:09:22'),(14124,2509,'amount_per_month',NULL,0.00,NULL,NULL,'2026-06-14 19:08:11','2026-06-14 19:08:11'),(14125,2509,'month_count',NULL,1.00,NULL,NULL,'2026-06-14 19:08:11','2026-06-14 19:08:11'),(14126,2509,'yearly_total',NULL,0.00,NULL,NULL,'2026-06-14 19:08:11','2026-06-14 19:08:11'),(14127,2510,'item_name','ໂທລະສັບບໍລິຫານ',NULL,NULL,NULL,'2026-06-14 19:08:11','2026-06-14 19:08:11'),(14128,2510,'reference','62200402',NULL,NULL,NULL,'2026-06-14 19:08:11','2026-06-16 10:09:22'),(14129,2510,'amount_per_month',NULL,0.00,NULL,NULL,'2026-06-14 19:08:11','2026-06-14 19:08:11'),(14130,2510,'month_count',NULL,1.00,NULL,NULL,'2026-06-14 19:08:11','2026-06-14 19:08:11'),(14131,2510,'yearly_total',NULL,0.00,NULL,NULL,'2026-06-14 19:08:11','2026-06-14 19:08:11'),(14132,2511,'item_name','ຄ່າໄປສະນີ',NULL,NULL,NULL,'2026-06-14 19:08:11','2026-06-14 19:08:11'),(14133,2511,'reference','62200401',NULL,NULL,NULL,'2026-06-14 19:08:11','2026-06-16 10:09:22'),(14134,2511,'amount_per_month',NULL,0.00,NULL,NULL,'2026-06-14 19:08:11','2026-06-14 19:08:11'),(14135,2511,'month_count',NULL,1.00,NULL,NULL,'2026-06-14 19:08:11','2026-06-14 19:08:11'),(14136,2511,'yearly_total',NULL,0.00,NULL,NULL,'2026-06-14 19:08:11','2026-06-14 19:08:11'),(14137,2512,'item_name','ຄ່າບໍລິການທະນາຄານ',NULL,NULL,NULL,'2026-06-14 19:08:11','2026-06-14 19:08:11'),(14138,2512,'reference','62200600',NULL,NULL,NULL,'2026-06-14 19:08:11','2026-06-16 10:09:22'),(14139,2512,'amount_per_month',NULL,0.00,NULL,NULL,'2026-06-14 19:08:11','2026-06-14 19:08:11'),(14140,2512,'month_count',NULL,1.00,NULL,NULL,'2026-06-14 19:08:11','2026-06-14 19:08:11'),(14141,2512,'yearly_total',NULL,0.00,NULL,NULL,'2026-06-14 19:08:11','2026-06-14 19:08:11'),(14142,2513,'item_name','ຊື້ຂອງຂັວນຂອງຕ້ອນ',NULL,NULL,NULL,'2026-06-14 19:08:11','2026-06-14 19:08:11'),(14143,2513,'reference','62600000',NULL,NULL,NULL,'2026-06-14 19:08:11','2026-06-16 10:09:22'),(14144,2513,'amount_per_month',NULL,0.00,NULL,NULL,'2026-06-14 19:08:11','2026-06-14 19:08:11'),(14145,2513,'month_count',NULL,1.00,NULL,NULL,'2026-06-14 19:08:11','2026-06-14 19:08:11'),(14146,2513,'yearly_total',NULL,0.00,NULL,NULL,'2026-06-14 19:08:11','2026-06-14 19:08:11'),(14147,2514,'item_name','ວັນບຸນລະດັບຊາດ',NULL,NULL,NULL,'2026-06-14 19:08:11','2026-06-14 19:08:11'),(14148,2514,'reference','62700000',NULL,NULL,NULL,'2026-06-14 19:08:11','2026-06-16 10:09:22'),(14149,2514,'amount_per_month',NULL,0.00,NULL,NULL,'2026-06-14 19:08:11','2026-06-14 19:08:11'),(14150,2514,'month_count',NULL,1.00,NULL,NULL,'2026-06-14 19:08:11','2026-06-14 19:08:11'),(14151,2514,'yearly_total',NULL,0.00,NULL,NULL,'2026-06-14 19:08:11','2026-06-14 19:08:11'),(14152,2515,'item_name','ອຸດໜູນວຽກປ້ອງກັນ',NULL,NULL,NULL,'2026-06-14 19:08:11','2026-06-14 19:08:11'),(14153,2515,'reference','61400600',NULL,NULL,NULL,'2026-06-14 19:08:11','2026-06-16 10:52:53'),(14154,2515,'amount_per_month',NULL,0.00,NULL,NULL,'2026-06-14 19:08:11','2026-06-14 19:08:11'),(14155,2515,'month_count',NULL,1.00,NULL,NULL,'2026-06-14 19:08:11','2026-06-14 19:08:11'),(14156,2515,'yearly_total',NULL,0.00,NULL,NULL,'2026-06-14 19:08:11','2026-06-14 19:08:11'),(14157,2516,'item_name','ຄ່ານ້ຳມັນບໍລິຫານຫ້ອງການ',NULL,NULL,NULL,'2026-06-14 19:08:11','2026-06-14 19:08:11'),(14158,2516,'reference','62100100',NULL,NULL,NULL,'2026-06-14 19:08:11','2026-06-16 10:09:22'),(14159,2516,'amount_per_month',NULL,0.00,NULL,NULL,'2026-06-14 19:08:11','2026-06-14 19:08:11'),(14160,2516,'month_count',NULL,1.00,NULL,NULL,'2026-06-14 19:08:11','2026-06-14 19:08:11'),(14161,2516,'yearly_total',NULL,0.00,NULL,NULL,'2026-06-14 19:08:11','2026-06-14 19:08:11'),(14162,2517,'item_name','ຄ່ານ້ຳມັນເຄື່ອງ',NULL,NULL,NULL,'2026-06-14 19:08:11','2026-06-14 19:08:11'),(14163,2517,'reference','62100100',NULL,NULL,NULL,'2026-06-14 19:08:11','2026-06-16 10:09:22'),(14164,2517,'amount_per_month',NULL,0.00,NULL,NULL,'2026-06-14 19:08:11','2026-06-14 19:08:11'),(14165,2517,'month_count',NULL,1.00,NULL,NULL,'2026-06-14 19:08:11','2026-06-14 19:08:11'),(14166,2517,'yearly_total',NULL,0.00,NULL,NULL,'2026-06-14 19:08:11','2026-06-14 19:08:11'),(14167,2518,'item_name','ສຳນັກຄະນະບໍດີ',NULL,NULL,NULL,'2026-06-14 19:08:11','2026-06-14 19:08:11'),(14168,2518,'reference','62400100',NULL,NULL,NULL,'2026-06-14 19:08:11','2026-06-16 10:09:22'),(14169,2518,'yearly_total',NULL,0.00,NULL,NULL,'2026-06-14 19:08:11','2026-06-14 19:08:11'),(14170,2519,'item_name','ພາວິຊາຄະນິດສາດ',NULL,NULL,NULL,'2026-06-14 19:08:11','2026-06-14 19:08:11'),(14171,2519,'reference','62400100',NULL,NULL,NULL,'2026-06-14 19:08:11','2026-06-16 10:09:22'),(14172,2519,'yearly_total',NULL,0.00,NULL,NULL,'2026-06-14 19:08:11','2026-06-14 19:08:11'),(14173,2520,'item_name','ພາກວິຊາຟິຊິກສາດ',NULL,NULL,NULL,'2026-06-14 19:08:11','2026-06-14 19:08:11'),(14174,2520,'reference','62400100',NULL,NULL,NULL,'2026-06-14 19:08:11','2026-06-16 10:09:22'),(14175,2520,'yearly_total',NULL,0.00,NULL,NULL,'2026-06-14 19:08:11','2026-06-14 19:08:11'),(14176,2521,'item_name','ພາກວິຊາເຄມີສາດ',NULL,NULL,NULL,'2026-06-14 19:08:11','2026-06-14 19:08:11'),(14177,2521,'reference','62400100',NULL,NULL,NULL,'2026-06-14 19:08:11','2026-06-16 10:09:22'),(14178,2521,'yearly_total',NULL,0.00,NULL,NULL,'2026-06-14 19:08:11','2026-06-14 19:08:11'),(14179,2522,'item_name','ພາກວິຊາຊີວະວິທະຍາ',NULL,NULL,NULL,'2026-06-14 19:08:11','2026-06-14 19:08:11'),(14180,2522,'reference','62400100',NULL,NULL,NULL,'2026-06-14 19:08:11','2026-06-16 10:09:22'),(14181,2522,'yearly_total',NULL,0.00,NULL,NULL,'2026-06-14 19:08:11','2026-06-14 19:08:11'),(14182,2523,'item_name','ພາກວິຊາວິທະຍາສາດຄອມພິວເຕີ',NULL,NULL,NULL,'2026-06-14 19:08:11','2026-06-14 19:08:11'),(14183,2523,'reference','62400100',NULL,NULL,NULL,'2026-06-14 19:08:11','2026-06-16 10:09:22'),(14184,2523,'yearly_total',NULL,0.00,NULL,NULL,'2026-06-14 19:08:11','2026-06-14 19:08:11'),(14185,2524,'item_name','ພະແນກວິຊາການ',NULL,NULL,NULL,'2026-06-14 19:08:11','2026-06-14 19:08:11'),(14186,2524,'reference','62400100',NULL,NULL,NULL,'2026-06-14 19:08:11','2026-06-16 10:09:22'),(14187,2524,'yearly_total',NULL,0.00,NULL,NULL,'2026-06-14 19:08:11','2026-06-14 19:08:11'),(14188,2525,'item_name','ພະແນກຈັດຕັ້ງສັງລວມ',NULL,NULL,NULL,'2026-06-14 19:08:11','2026-06-14 19:08:11'),(14189,2525,'reference','62400100',NULL,NULL,NULL,'2026-06-14 19:08:11','2026-06-16 10:09:22'),(14190,2525,'yearly_total',NULL,0.00,NULL,NULL,'2026-06-14 19:08:11','2026-06-14 19:08:11'),(14191,2526,'item_name','ພະແນກການເງິນ-ຊັບສິນ',NULL,NULL,NULL,'2026-06-14 19:08:11','2026-06-14 19:08:11'),(14192,2526,'reference','62400100',NULL,NULL,NULL,'2026-06-14 19:08:11','2026-06-16 10:09:22'),(14193,2526,'yearly_total',NULL,0.00,NULL,NULL,'2026-06-14 19:08:11','2026-06-14 19:08:11'),(14194,2527,'item_name','ພະແນກຄຸ້ມຄອງນັກສຶກສາ',NULL,NULL,NULL,'2026-06-14 19:08:11','2026-06-14 19:08:11'),(14195,2527,'reference','62400100',NULL,NULL,NULL,'2026-06-14 19:08:11','2026-06-16 10:09:22'),(14196,2527,'yearly_total',NULL,0.00,NULL,NULL,'2026-06-14 19:08:11','2026-06-14 19:08:11'),(14197,2528,'item_name','ພະແນກຄົ້ນຄົ້ວ ແລະ ບໍລິການວິຊາການ',NULL,NULL,NULL,'2026-06-14 19:08:11','2026-06-14 19:08:11'),(14198,2528,'reference','62400100',NULL,NULL,NULL,'2026-06-14 19:08:11','2026-06-16 10:09:22'),(14199,2528,'yearly_total',NULL,0.00,NULL,NULL,'2026-06-14 19:08:11','2026-06-14 19:08:11'),(14200,2529,'item_name','ພະແນກຫຼັງປະລິນຍາຕີ',NULL,NULL,NULL,'2026-06-14 19:08:11','2026-06-14 19:08:11'),(14201,2529,'reference','62400100',NULL,NULL,NULL,'2026-06-14 19:08:11','2026-06-16 10:09:22'),(14202,2529,'yearly_total',NULL,0.00,NULL,NULL,'2026-06-14 19:08:11','2026-06-14 19:08:11'),(14203,2530,'item_name','ສຳນັກຄະນະບໍດີ',NULL,NULL,NULL,'2026-06-14 19:08:11','2026-06-14 19:08:11'),(14204,2530,'reference','62400200',NULL,NULL,NULL,'2026-06-14 19:08:11','2026-06-16 10:09:22'),(14205,2530,'yearly_total',NULL,0.00,NULL,NULL,'2026-06-14 19:08:11','2026-06-14 19:08:11'),(14206,2531,'item_name','ພາວິຊາຄະນິດສາດ',NULL,NULL,NULL,'2026-06-14 19:08:11','2026-06-14 19:08:11'),(14207,2531,'reference','62400200',NULL,NULL,NULL,'2026-06-14 19:08:11','2026-06-16 10:09:22'),(14208,2531,'yearly_total',NULL,0.00,NULL,NULL,'2026-06-14 19:08:11','2026-06-14 19:08:11'),(14209,2532,'item_name','ພາກວິຊາຟິຊິກສາດ',NULL,NULL,NULL,'2026-06-14 19:08:11','2026-06-14 19:08:11'),(14210,2532,'reference','62400200',NULL,NULL,NULL,'2026-06-14 19:08:11','2026-06-16 10:09:22'),(14211,2532,'yearly_total',NULL,0.00,NULL,NULL,'2026-06-14 19:08:11','2026-06-14 19:08:11'),(14212,2533,'item_name','ພາກວິຊາເຄມີສາດ',NULL,NULL,NULL,'2026-06-14 19:08:11','2026-06-14 19:08:11'),(14213,2533,'reference','62400200',NULL,NULL,NULL,'2026-06-14 19:08:11','2026-06-16 10:09:22'),(14214,2533,'yearly_total',NULL,0.00,NULL,NULL,'2026-06-14 19:08:11','2026-06-14 19:08:11'),(14215,2534,'item_name','ພາກວິຊາຊີວະວິທະຍາ',NULL,NULL,NULL,'2026-06-14 19:08:11','2026-06-14 19:08:11'),(14216,2534,'reference','62400200',NULL,NULL,NULL,'2026-06-14 19:08:11','2026-06-16 10:09:22'),(14217,2534,'yearly_total',NULL,0.00,NULL,NULL,'2026-06-14 19:08:11','2026-06-14 19:08:11'),(14218,2535,'item_name','ພາກວິຊາວິທະຍາສາດຄອມພິວເຕີ',NULL,NULL,NULL,'2026-06-14 19:08:11','2026-06-14 19:08:11'),(14219,2535,'reference','62400200',NULL,NULL,NULL,'2026-06-14 19:08:11','2026-06-16 10:09:22'),(14220,2535,'yearly_total',NULL,0.00,NULL,NULL,'2026-06-14 19:08:11','2026-06-14 19:08:11'),(14221,2536,'item_name','ພະແນກວິຊາການ',NULL,NULL,NULL,'2026-06-14 19:08:11','2026-06-14 19:08:11'),(14222,2536,'reference','62400200',NULL,NULL,NULL,'2026-06-14 19:08:11','2026-06-16 10:09:22'),(14223,2536,'yearly_total',NULL,0.00,NULL,NULL,'2026-06-14 19:08:11','2026-06-14 19:08:11'),(14224,2537,'item_name','ພະແນກຈັດຕັ້ງສັງລວມ',NULL,NULL,NULL,'2026-06-14 19:08:11','2026-06-14 19:08:11'),(14225,2537,'reference','62400200',NULL,NULL,NULL,'2026-06-14 19:08:11','2026-06-16 10:09:22'),(14226,2537,'yearly_total',NULL,0.00,NULL,NULL,'2026-06-14 19:08:11','2026-06-14 19:08:11'),(14227,2538,'item_name','ພະແນກການເງິນ-ຊັບສິນ',NULL,NULL,NULL,'2026-06-14 19:08:11','2026-06-14 19:08:11'),(14228,2538,'reference','62400200',NULL,NULL,NULL,'2026-06-14 19:08:11','2026-06-16 10:09:22'),(14229,2538,'yearly_total',NULL,0.00,NULL,NULL,'2026-06-14 19:08:11','2026-06-14 19:08:11'),(14230,2539,'item_name','ພະແນກຄຸ້ມຄອງນັກສຶກສາ',NULL,NULL,NULL,'2026-06-14 19:08:11','2026-06-14 19:08:11'),(14231,2539,'reference','62400200',NULL,NULL,NULL,'2026-06-14 19:08:11','2026-06-16 10:09:22'),(14232,2539,'yearly_total',NULL,0.00,NULL,NULL,'2026-06-14 19:08:11','2026-06-14 19:08:11'),(14233,2540,'item_name','ພະແນກຄົ້ນຄົ້ວ ແລະ ບໍລິການວິຊາການ',NULL,NULL,NULL,'2026-06-14 19:08:11','2026-06-14 19:08:11'),(14234,2540,'reference','62400200',NULL,NULL,NULL,'2026-06-14 19:08:11','2026-06-16 10:09:22'),(14235,2540,'yearly_total',NULL,0.00,NULL,NULL,'2026-06-14 19:08:11','2026-06-14 19:08:11'),(14236,2541,'item_name','ພະແນກຫຼັງປະລິນຍາຕີ',NULL,NULL,NULL,'2026-06-14 19:08:11','2026-06-14 19:08:11'),(14237,2541,'reference','62400200',NULL,NULL,NULL,'2026-06-14 19:08:11','2026-06-16 10:09:22'),(14238,2541,'yearly_total',NULL,0.00,NULL,NULL,'2026-06-14 19:08:11','2026-06-14 19:08:11'),(14239,2542,'item_name','ສຳນັກຄະນະບໍດີ',NULL,NULL,NULL,'2026-06-14 19:08:11','2026-06-14 19:08:11'),(14240,2542,'reference','62400300',NULL,NULL,NULL,'2026-06-14 19:08:11','2026-06-16 10:09:22'),(14241,2542,'yearly_total',NULL,0.00,NULL,NULL,'2026-06-14 19:08:11','2026-06-14 19:08:11'),(14242,2543,'item_name','ພາວິຊາຄະນິດສາດ',NULL,NULL,NULL,'2026-06-14 19:08:11','2026-06-14 19:08:11'),(14243,2543,'reference','62400300',NULL,NULL,NULL,'2026-06-14 19:08:11','2026-06-16 10:09:22'),(14244,2543,'yearly_total',NULL,0.00,NULL,NULL,'2026-06-14 19:08:11','2026-06-14 19:08:11'),(14245,2544,'item_name','ພາກວິຊາຟິຊິກສາດ',NULL,NULL,NULL,'2026-06-14 19:08:11','2026-06-14 19:08:11'),(14246,2544,'reference','62400300',NULL,NULL,NULL,'2026-06-14 19:08:11','2026-06-16 10:09:22'),(14247,2544,'yearly_total',NULL,0.00,NULL,NULL,'2026-06-14 19:08:11','2026-06-14 19:08:11'),(14248,2545,'item_name','ພາກວິຊາເຄມີສາດ',NULL,NULL,NULL,'2026-06-14 19:08:11','2026-06-14 19:08:11'),(14249,2545,'reference','62400300',NULL,NULL,NULL,'2026-06-14 19:08:11','2026-06-16 10:09:22'),(14250,2545,'yearly_total',NULL,0.00,NULL,NULL,'2026-06-14 19:08:11','2026-06-14 19:08:11'),(14251,2546,'item_name','ພາກວິຊາຊີວະວິທະຍາ',NULL,NULL,NULL,'2026-06-14 19:08:11','2026-06-14 19:08:11'),(14252,2546,'reference','62400300',NULL,NULL,NULL,'2026-06-14 19:08:11','2026-06-16 10:09:22'),(14253,2546,'yearly_total',NULL,0.00,NULL,NULL,'2026-06-14 19:08:11','2026-06-14 19:08:11'),(14254,2547,'item_name','ພາກວິຊາວິທະຍາສາດຄອມພິວເຕີ',NULL,NULL,NULL,'2026-06-14 19:08:11','2026-06-14 19:08:11'),(14255,2547,'reference','62400300',NULL,NULL,NULL,'2026-06-14 19:08:11','2026-06-16 10:09:22'),(14256,2547,'yearly_total',NULL,0.00,NULL,NULL,'2026-06-14 19:08:11','2026-06-14 19:08:11'),(14257,2548,'item_name','ພະແນກວິຊາການ',NULL,NULL,NULL,'2026-06-14 19:08:11','2026-06-14 19:08:11'),(14258,2548,'reference','62400300',NULL,NULL,NULL,'2026-06-14 19:08:11','2026-06-16 10:09:22'),(14259,2548,'yearly_total',NULL,0.00,NULL,NULL,'2026-06-14 19:08:11','2026-06-14 19:08:11'),(14260,2549,'item_name','ພະແນກຈັດຕັ້ງສັງລວມ',NULL,NULL,NULL,'2026-06-14 19:08:11','2026-06-14 19:08:11'),(14261,2549,'reference','62400300',NULL,NULL,NULL,'2026-06-14 19:08:11','2026-06-16 10:09:22'),(14262,2549,'yearly_total',NULL,0.00,NULL,NULL,'2026-06-14 19:08:11','2026-06-14 19:08:11'),(14263,2550,'item_name','ພະແນກການເງິນ-ຊັບສິນ',NULL,NULL,NULL,'2026-06-14 19:08:11','2026-06-14 19:08:11'),(14264,2550,'reference','62400300',NULL,NULL,NULL,'2026-06-14 19:08:11','2026-06-16 10:09:22'),(14265,2550,'yearly_total',NULL,0.00,NULL,NULL,'2026-06-14 19:08:11','2026-06-14 19:08:11'),(14266,2551,'item_name','ພະແນກຄຸ້ມຄອງນັກສຶກສາ',NULL,NULL,NULL,'2026-06-14 19:08:11','2026-06-14 19:08:11'),(14267,2551,'reference','62400300',NULL,NULL,NULL,'2026-06-14 19:08:11','2026-06-16 10:09:22'),(14268,2551,'yearly_total',NULL,0.00,NULL,NULL,'2026-06-14 19:08:11','2026-06-14 19:08:11'),(14269,2552,'item_name','ພະແນກຄົ້ນຄົ້ວ ແລະ ບໍລິການວິຊາການ',NULL,NULL,NULL,'2026-06-14 19:08:11','2026-06-14 19:08:11'),(14270,2552,'reference','62400300',NULL,NULL,NULL,'2026-06-14 19:08:11','2026-06-16 10:09:22'),(14271,2552,'yearly_total',NULL,0.00,NULL,NULL,'2026-06-14 19:08:11','2026-06-14 19:08:11'),(14272,2553,'item_name','ພະແນກຫຼັງປະລິນຍາຕີ',NULL,NULL,NULL,'2026-06-14 19:08:11','2026-06-14 19:08:11'),(14273,2553,'reference','62400300',NULL,NULL,NULL,'2026-06-14 19:08:11','2026-06-16 10:09:22'),(14274,2553,'yearly_total',NULL,0.00,NULL,NULL,'2026-06-14 19:08:11','2026-06-14 19:08:11'),(14275,2554,'item_name','ບຳລຸງຮັກສາຄອມພີວເຕີ',NULL,NULL,NULL,'2026-06-14 19:08:11','2026-06-14 19:08:11'),(14276,2554,'reference','62200203',NULL,NULL,NULL,'2026-06-14 19:08:11','2026-06-16 10:09:22'),(14277,2554,'amount_per_month',NULL,0.00,NULL,NULL,'2026-06-14 19:08:11','2026-06-14 19:08:11'),(14278,2554,'month_count',NULL,1.00,NULL,NULL,'2026-06-14 19:08:11','2026-06-14 19:08:11'),(14279,2554,'yearly_total',NULL,0.00,NULL,NULL,'2026-06-14 19:08:11','2026-06-14 19:08:11'),(14280,2555,'item_name','ບຳລຸງຮັກສາເຄື່ອງສາຍໂປຣເຈັກເຕີ',NULL,NULL,NULL,'2026-06-14 19:08:11','2026-06-14 19:08:11'),(14281,2555,'reference','62200203',NULL,NULL,NULL,'2026-06-14 19:08:11','2026-06-16 10:09:22'),(14282,2555,'amount_per_month',NULL,0.00,NULL,NULL,'2026-06-14 19:08:11','2026-06-14 19:08:11'),(14283,2555,'month_count',NULL,1.00,NULL,NULL,'2026-06-14 19:08:11','2026-06-14 19:08:11'),(14284,2555,'yearly_total',NULL,0.00,NULL,NULL,'2026-06-14 19:08:11','2026-06-14 19:08:11'),(14285,2556,'item_name','ບຳລຸງຮັກສາແອເຢັນ',NULL,NULL,NULL,'2026-06-14 19:08:11','2026-06-14 19:08:11'),(14286,2556,'reference','62200203',NULL,NULL,NULL,'2026-06-14 19:08:11','2026-06-16 10:09:22'),(14287,2556,'amount_per_month',NULL,0.00,NULL,NULL,'2026-06-14 19:08:11','2026-06-14 19:08:11'),(14288,2556,'month_count',NULL,1.00,NULL,NULL,'2026-06-14 19:08:11','2026-06-14 19:08:11'),(14289,2556,'yearly_total',NULL,0.00,NULL,NULL,'2026-06-14 19:08:11','2026-06-14 19:08:11'),(14290,2557,'item_name','ບຳລຸງຮັກສາຕູ້ເຢັນ + ຕູ້ນ້ຳເຢັນ',NULL,NULL,NULL,'2026-06-14 19:08:11','2026-06-14 19:08:11'),(14291,2557,'reference','62200203',NULL,NULL,NULL,'2026-06-14 19:08:11','2026-06-16 10:09:22'),(14292,2557,'amount_per_month',NULL,0.00,NULL,NULL,'2026-06-14 19:08:11','2026-06-14 19:08:11'),(14293,2557,'month_count',NULL,1.00,NULL,NULL,'2026-06-14 19:08:11','2026-06-14 19:08:11'),(14294,2557,'yearly_total',NULL,0.00,NULL,NULL,'2026-06-14 19:08:11','2026-06-14 19:08:11'),(14295,2558,'item_name','ບຳລຸງຮັກສາພັດລົມ',NULL,NULL,NULL,'2026-06-14 19:08:11','2026-06-14 19:08:11'),(14296,2558,'reference','62200203',NULL,NULL,NULL,'2026-06-14 19:08:11','2026-06-16 10:09:22'),(14297,2558,'amount_per_month',NULL,0.00,NULL,NULL,'2026-06-14 19:08:11','2026-06-14 19:08:11'),(14298,2558,'month_count',NULL,1.00,NULL,NULL,'2026-06-14 19:08:11','2026-06-14 19:08:11'),(14299,2558,'yearly_total',NULL,0.00,NULL,NULL,'2026-06-14 19:08:11','2026-06-14 19:08:11'),(14300,2559,'item_name','ບຳລຸງຮັກສາດອກໄຟ',NULL,NULL,NULL,'2026-06-14 19:08:11','2026-06-14 19:08:11'),(14301,2559,'reference','62200203',NULL,NULL,NULL,'2026-06-14 19:08:11','2026-06-16 10:09:22'),(14302,2559,'amount_per_month',NULL,0.00,NULL,NULL,'2026-06-14 19:08:11','2026-06-14 19:08:11'),(14303,2559,'month_count',NULL,1.00,NULL,NULL,'2026-06-14 19:08:11','2026-06-14 19:08:11'),(14304,2559,'yearly_total',NULL,0.00,NULL,NULL,'2026-06-14 19:08:11','2026-06-14 19:08:11'),(14305,2560,'item_name','ບຳລຸງຮັກສາເຄື່ອງພິມ',NULL,NULL,NULL,'2026-06-14 19:08:11','2026-06-14 19:08:11'),(14306,2560,'reference','62200203',NULL,NULL,NULL,'2026-06-14 19:08:11','2026-06-16 10:09:22'),(14307,2560,'amount_per_month',NULL,0.00,NULL,NULL,'2026-06-14 19:08:11','2026-06-14 19:08:11'),(14308,2560,'month_count',NULL,1.00,NULL,NULL,'2026-06-14 19:08:11','2026-06-14 19:08:11'),(14309,2560,'yearly_total',NULL,0.00,NULL,NULL,'2026-06-14 19:08:11','2026-06-14 19:08:11'),(14310,2561,'item_name','ບຳລຸງຮັກສາຈັກອັດສຳເນົາ',NULL,NULL,NULL,'2026-06-14 19:08:11','2026-06-14 19:08:11'),(14311,2561,'reference','62200203',NULL,NULL,NULL,'2026-06-14 19:08:11','2026-06-16 10:09:22'),(14312,2561,'amount_per_month',NULL,0.00,NULL,NULL,'2026-06-14 19:08:11','2026-06-14 19:08:11'),(14313,2561,'month_count',NULL,1.00,NULL,NULL,'2026-06-14 19:08:11','2026-06-14 19:08:11'),(14314,2561,'yearly_total',NULL,0.00,NULL,NULL,'2026-06-14 19:08:11','2026-06-14 19:08:11'),(14315,2562,'item_name','ບຳລຸງຮັກສາໂທລະສັບ',NULL,NULL,NULL,'2026-06-14 19:08:11','2026-06-14 19:08:11'),(14316,2562,'reference','62200203',NULL,NULL,NULL,'2026-06-14 19:08:11','2026-06-16 10:09:22'),(14317,2562,'amount_per_month',NULL,0.00,NULL,NULL,'2026-06-14 19:08:11','2026-06-14 19:08:11'),(14318,2562,'month_count',NULL,1.00,NULL,NULL,'2026-06-14 19:08:11','2026-06-14 19:08:11'),(14319,2562,'yearly_total',NULL,0.00,NULL,NULL,'2026-06-14 19:08:11','2026-06-14 19:08:11'),(14320,2563,'item_name','ບຳລຸງຮັກສາກ້ອງຖ່າຍຮູບ',NULL,NULL,NULL,'2026-06-14 19:08:11','2026-06-14 19:08:11'),(14321,2563,'reference','62200203',NULL,NULL,NULL,'2026-06-14 19:08:11','2026-06-16 10:09:22'),(14322,2563,'amount_per_month',NULL,0.00,NULL,NULL,'2026-06-14 19:08:11','2026-06-14 19:08:11'),(14323,2563,'month_count',NULL,1.00,NULL,NULL,'2026-06-14 19:08:11','2026-06-14 19:08:11'),(14324,2563,'yearly_total',NULL,0.00,NULL,NULL,'2026-06-14 19:08:11','2026-06-14 19:08:11'),(14325,2564,'item_name','ບຳລຸງຮັກສາໂທລະທັດ',NULL,NULL,NULL,'2026-06-14 19:08:11','2026-06-14 19:08:11'),(14326,2564,'reference','62200203',NULL,NULL,NULL,'2026-06-14 19:08:11','2026-06-16 10:09:22'),(14327,2564,'amount_per_month',NULL,0.00,NULL,NULL,'2026-06-14 19:08:11','2026-06-14 19:08:11'),(14328,2564,'month_count',NULL,1.00,NULL,NULL,'2026-06-14 19:08:11','2026-06-14 19:08:11'),(14329,2564,'yearly_total',NULL,0.00,NULL,NULL,'2026-06-14 19:08:11','2026-06-14 19:08:11'),(14330,2565,'item_name','ຈັກປ້ຳນ້ຳອັດຕະໂນມັດ',NULL,NULL,NULL,'2026-06-14 19:08:11','2026-06-14 19:08:11'),(14331,2565,'reference','62200203',NULL,NULL,NULL,'2026-06-14 19:08:11','2026-06-16 10:09:22'),(14332,2565,'amount_per_month',NULL,0.00,NULL,NULL,'2026-06-14 19:08:11','2026-06-14 19:08:11'),(14333,2565,'month_count',NULL,1.00,NULL,NULL,'2026-06-14 19:08:11','2026-06-14 19:08:11'),(14334,2565,'yearly_total',NULL,0.00,NULL,NULL,'2026-06-14 19:08:11','2026-06-14 19:08:11'),(14335,2566,'item_name','ຈັກຕັດຫຍ້າ',NULL,NULL,NULL,'2026-06-14 19:08:11','2026-06-14 19:08:11'),(14336,2566,'reference','62200203',NULL,NULL,NULL,'2026-06-14 19:08:11','2026-06-16 10:09:22'),(14337,2566,'amount_per_month',NULL,0.00,NULL,NULL,'2026-06-14 19:08:11','2026-06-14 19:08:11'),(14338,2566,'month_count',NULL,1.00,NULL,NULL,'2026-06-14 19:08:11','2026-06-14 19:08:11'),(14339,2566,'yearly_total',NULL,0.00,NULL,NULL,'2026-06-14 19:08:11','2026-06-14 19:08:11'),(14340,2567,'item_name','ສ້ອມແປງອາຄານສໍານັກງານຕ່າງໆ',NULL,NULL,NULL,'2026-06-14 19:08:11','2026-06-14 19:08:11'),(14341,2567,'reference','62200201',NULL,NULL,NULL,'2026-06-14 19:08:11','2026-06-16 10:09:22'),(14342,2567,'amount_per_month',NULL,0.00,NULL,NULL,'2026-06-14 19:08:11','2026-06-14 19:08:11'),(14343,2567,'month_count',NULL,1.00,NULL,NULL,'2026-06-14 19:08:11','2026-06-14 19:08:11'),(14344,2567,'yearly_total',NULL,0.00,NULL,NULL,'2026-06-14 19:08:11','2026-06-14 19:08:11'),(14345,2568,'item_name','ປັບປຸງອາຄານຫ້ອງຮຽນ-ຫ້ອງທົດລອງ',NULL,NULL,NULL,'2026-06-14 19:08:11','2026-06-14 19:08:11'),(14346,2568,'reference','62200201',NULL,NULL,NULL,'2026-06-14 19:08:11','2026-06-16 10:09:22'),(14347,2568,'amount_per_month',NULL,0.00,NULL,NULL,'2026-06-14 19:08:11','2026-06-14 19:08:11'),(14348,2568,'month_count',NULL,1.00,NULL,NULL,'2026-06-14 19:08:11','2026-06-14 19:08:11'),(14349,2568,'yearly_total',NULL,0.00,NULL,NULL,'2026-06-14 19:08:11','2026-06-14 19:08:11'),(14350,2569,'item_name','ລົດຕູ້',NULL,NULL,NULL,'2026-06-14 19:08:11','2026-06-14 19:08:11'),(14351,2569,'reference','62200202',NULL,NULL,NULL,'2026-06-14 19:08:11','2026-06-16 10:09:22'),(14352,2569,'amount_per_month',NULL,0.00,NULL,NULL,'2026-06-14 19:08:11','2026-06-14 19:08:11'),(14353,2569,'month_count',NULL,1.00,NULL,NULL,'2026-06-14 19:08:11','2026-06-14 19:08:11'),(14354,2569,'yearly_total',NULL,0.00,NULL,NULL,'2026-06-14 19:08:11','2026-06-14 19:08:11'),(14355,2570,'item_name','ລົດຈັກ',NULL,NULL,NULL,'2026-06-14 19:08:11','2026-06-14 19:08:11'),(14356,2570,'reference','62200202',NULL,NULL,NULL,'2026-06-14 19:08:11','2026-06-16 10:09:22'),(14357,2570,'amount_per_month',NULL,0.00,NULL,NULL,'2026-06-14 19:08:11','2026-06-14 19:08:11'),(14358,2570,'month_count',NULL,1.00,NULL,NULL,'2026-06-14 19:08:11','2026-06-14 19:08:11'),(14359,2570,'yearly_total',NULL,0.00,NULL,NULL,'2026-06-14 19:08:11','2026-06-14 19:08:11'),(14360,2571,'item_name','ຊື້ ໂຕະ, ຕັ່ງ',NULL,NULL,NULL,'2026-06-14 19:08:11','2026-06-14 19:08:11'),(14361,2571,'reference','66300000',NULL,NULL,NULL,'2026-06-14 19:08:11','2026-06-16 10:09:22'),(14362,2571,'amount_per_month',NULL,0.00,NULL,NULL,'2026-06-14 19:08:11','2026-06-14 19:08:11'),(14363,2571,'month_count',NULL,1.00,NULL,NULL,'2026-06-14 19:08:11','2026-06-14 19:08:11'),(14364,2571,'yearly_total',NULL,0.00,NULL,NULL,'2026-06-14 19:08:11','2026-06-14 19:08:11'),(14365,2572,'item_name','ບຳລຸງຮັກສາ, ສ້ອມແປງ ໂຕະ, ຕັ່ງ',NULL,NULL,NULL,'2026-06-14 19:08:11','2026-06-14 19:08:11'),(14366,2572,'reference','62200203',NULL,NULL,NULL,'2026-06-14 19:08:11','2026-06-16 10:09:22'),(14367,2572,'amount_per_month',NULL,0.00,NULL,NULL,'2026-06-14 19:08:11','2026-06-14 19:08:11'),(14368,2572,'month_count',NULL,1.00,NULL,NULL,'2026-06-14 19:08:11','2026-06-14 19:08:11'),(14369,2572,'yearly_total',NULL,0.00,NULL,NULL,'2026-06-14 19:08:11','2026-06-14 19:08:11'),(14370,2573,'item_name','ຊື້ເຄື່ອງຈັກ ແລະ ວັດຖຸອຸປະກອນ',NULL,NULL,NULL,'2026-06-14 19:08:11','2026-06-14 19:08:11'),(14371,2573,'reference','66200000',NULL,NULL,NULL,'2026-06-14 19:08:11','2026-06-16 10:09:22'),(14372,2573,'amount_per_month',NULL,0.00,NULL,NULL,'2026-06-14 19:08:11','2026-06-14 19:08:11'),(14373,2573,'month_count',NULL,1.00,NULL,NULL,'2026-06-14 19:08:11','2026-06-14 19:08:11'),(14374,2573,'yearly_total',NULL,0.00,NULL,NULL,'2026-06-14 19:08:11','2026-06-14 19:08:11'),(14375,2574,'item_name','ຊື້ພາຫະນະ',NULL,NULL,NULL,'2026-06-14 19:08:11','2026-06-14 19:08:11'),(14376,2574,'reference','66100000',NULL,NULL,NULL,'2026-06-14 19:08:11','2026-06-16 10:09:22'),(14377,2574,'amount_per_month',NULL,0.00,NULL,NULL,'2026-06-14 19:08:11','2026-06-14 19:08:11'),(14378,2574,'month_count',NULL,1.00,NULL,NULL,'2026-06-14 19:08:11','2026-06-14 19:08:11'),(14379,2574,'yearly_total',NULL,0.00,NULL,NULL,'2026-06-14 19:08:11','2026-06-14 19:08:11'),(14380,2575,'item_name','ປະກັນໄພລົດໃຫຍ່',NULL,NULL,NULL,'2026-06-14 19:08:11','2026-06-14 19:08:11'),(14381,2575,'reference','62200302',NULL,NULL,NULL,'2026-06-14 19:08:11','2026-06-16 10:09:22'),(14382,2575,'amount_per_month',NULL,0.00,NULL,NULL,'2026-06-14 19:08:11','2026-06-14 19:08:11'),(14383,2575,'month_count',NULL,1.00,NULL,NULL,'2026-06-14 19:08:11','2026-06-14 19:08:11'),(14384,2575,'yearly_total',NULL,0.00,NULL,NULL,'2026-06-14 19:08:11','2026-06-14 19:08:11'),(14385,2576,'item_name','ໄປວຽກທາງການພາຍໃນປະເທດ',NULL,NULL,NULL,'2026-06-14 19:08:11','2026-06-14 19:08:11'),(14386,2576,'reference','62300100',NULL,NULL,NULL,'2026-06-14 19:08:11','2026-06-16 10:09:22'),(14387,2576,'amount_per_month',NULL,0.00,NULL,NULL,'2026-06-14 19:08:11','2026-06-14 19:08:11'),(14388,2576,'month_count',NULL,1.00,NULL,NULL,'2026-06-14 19:08:11','2026-06-14 19:08:11'),(14389,2576,'yearly_total',NULL,0.00,NULL,NULL,'2026-06-14 19:08:11','2026-06-14 19:08:11'),(14390,2577,'item_name','ໄປວຽກທາງການຕ່າງປະເທດ',NULL,NULL,NULL,'2026-06-14 19:08:11','2026-06-14 19:08:11'),(14391,2577,'reference','62300200',NULL,NULL,NULL,'2026-06-14 19:08:11','2026-06-16 10:09:22'),(14392,2577,'amount_per_month',NULL,0.00,NULL,NULL,'2026-06-14 19:08:11','2026-06-14 19:08:11'),(14393,2577,'month_count',NULL,1.00,NULL,NULL,'2026-06-14 19:08:11','2026-06-14 19:08:11'),(14394,2577,'yearly_total',NULL,0.00,NULL,NULL,'2026-06-14 19:08:11','2026-06-14 19:08:11'),(14395,2578,'item_name','ບຳລຸງຮັກສາວິທະຍາເຂດ',NULL,NULL,NULL,'2026-06-14 19:08:11','2026-06-14 19:08:11'),(14396,2578,'reference','62200201',NULL,NULL,NULL,'2026-06-14 19:08:11','2026-06-16 10:52:53'),(14397,2578,'amount_per_month',NULL,0.00,NULL,NULL,'2026-06-14 19:08:11','2026-06-14 19:08:11'),(14398,2578,'month_count',NULL,1.00,NULL,NULL,'2026-06-14 19:08:11','2026-06-14 19:08:11'),(14399,2578,'yearly_total',NULL,0.00,NULL,NULL,'2026-06-14 19:08:11','2026-06-14 19:08:11'),(14400,2579,'item_name','- ຕັດຫຍ້າ',NULL,NULL,NULL,'2026-06-14 19:08:11','2026-06-14 19:08:11'),(14401,2579,'reference','62200201',NULL,NULL,NULL,'2026-06-14 19:08:11','2026-06-16 10:52:53'),(14402,2579,'amount_per_month',NULL,0.00,NULL,NULL,'2026-06-14 19:08:11','2026-06-14 19:08:11'),(14403,2579,'month_count',NULL,1.00,NULL,NULL,'2026-06-14 19:08:11','2026-06-14 19:08:11'),(14404,2579,'yearly_total',NULL,0.00,NULL,NULL,'2026-06-14 19:08:11','2026-06-14 19:08:11'),(14405,2580,'item_name','- ປູກ ແລະ ບົວລະບັດສວນດອກໄມ້',NULL,NULL,NULL,'2026-06-14 19:08:11','2026-06-14 19:08:11'),(14406,2580,'reference','62200201',NULL,NULL,NULL,'2026-06-14 19:08:11','2026-06-16 10:52:53'),(14407,2580,'amount_per_month',NULL,0.00,NULL,NULL,'2026-06-14 19:08:11','2026-06-14 19:08:11'),(14408,2580,'month_count',NULL,1.00,NULL,NULL,'2026-06-14 19:08:11','2026-06-14 19:08:11'),(14409,2580,'yearly_total',NULL,0.00,NULL,NULL,'2026-06-14 19:08:11','2026-06-14 19:08:11'),(14410,2581,'item_name','- ກ້າເບ້ຍໄມ້',NULL,NULL,NULL,'2026-06-14 19:08:11','2026-06-14 19:08:11'),(14411,2581,'reference','62200201',NULL,NULL,NULL,'2026-06-14 19:08:11','2026-06-16 10:52:53'),(14412,2581,'amount_per_month',NULL,0.00,NULL,NULL,'2026-06-14 19:08:11','2026-06-14 19:08:11'),(14413,2581,'month_count',NULL,1.00,NULL,NULL,'2026-06-14 19:08:11','2026-06-14 19:08:11'),(14414,2581,'yearly_total',NULL,0.00,NULL,NULL,'2026-06-14 19:08:11','2026-06-14 19:08:11'),(14415,2582,'item_name','- ອານາໄມເດີ່ນ',NULL,NULL,NULL,'2026-06-14 19:08:11','2026-06-14 19:08:11'),(14416,2582,'reference','62200201',NULL,NULL,NULL,'2026-06-14 19:08:11','2026-06-16 10:52:53'),(14417,2582,'amount_per_month',NULL,0.00,NULL,NULL,'2026-06-14 19:08:11','2026-06-14 19:08:11'),(14418,2582,'month_count',NULL,1.00,NULL,NULL,'2026-06-14 19:08:11','2026-06-14 19:08:11'),(14419,2582,'yearly_total',NULL,0.00,NULL,NULL,'2026-06-14 19:08:11','2026-06-14 19:08:11'),(14420,2583,'item_name','ອານາໄມອາຄານ',NULL,NULL,NULL,'2026-06-14 19:08:11','2026-06-14 19:08:11'),(14421,2583,'reference','62200201',NULL,NULL,NULL,'2026-06-14 19:08:11','2026-06-16 10:52:53'),(14422,2583,'amount_per_month',NULL,0.00,NULL,NULL,'2026-06-14 19:08:11','2026-06-14 19:08:11'),(14423,2583,'month_count',NULL,1.00,NULL,NULL,'2026-06-14 19:08:11','2026-06-14 19:08:11'),(14424,2583,'yearly_total',NULL,0.00,NULL,NULL,'2026-06-14 19:08:11','2026-06-14 19:08:11'),(14425,2584,'item_name','- ອານາໄມຫ້ອງຮຽນ',NULL,NULL,NULL,'2026-06-14 19:08:11','2026-06-14 19:08:11'),(14426,2584,'reference','62200201',NULL,NULL,NULL,'2026-06-14 19:08:11','2026-06-16 10:52:53'),(14427,2584,'amount_per_month',NULL,0.00,NULL,NULL,'2026-06-14 19:08:11','2026-06-14 19:08:11'),(14428,2584,'month_count',NULL,1.00,NULL,NULL,'2026-06-14 19:08:11','2026-06-14 19:08:11'),(14429,2584,'yearly_total',NULL,0.00,NULL,NULL,'2026-06-14 19:08:11','2026-06-14 19:08:11'),(14430,2585,'item_name','- ອານາໄມຫ້ອງການ',NULL,NULL,NULL,'2026-06-14 19:08:11','2026-06-14 19:08:11'),(14431,2585,'reference','62200201',NULL,NULL,NULL,'2026-06-14 19:08:11','2026-06-16 10:52:53'),(14432,2585,'amount_per_month',NULL,0.00,NULL,NULL,'2026-06-14 19:08:11','2026-06-14 19:08:11'),(14433,2585,'month_count',NULL,1.00,NULL,NULL,'2026-06-14 19:08:11','2026-06-14 19:08:11'),(14434,2585,'yearly_total',NULL,0.00,NULL,NULL,'2026-06-14 19:08:11','2026-06-14 19:08:11'),(14435,2586,'item_name','- ອານາໄມຫ້ອງທົດລອງຄອມພິວເຕີ',NULL,NULL,NULL,'2026-06-14 19:08:11','2026-06-14 19:08:11'),(14436,2586,'reference','62200201',NULL,NULL,NULL,'2026-06-14 19:08:11','2026-06-16 10:52:53'),(14437,2586,'amount_per_month',NULL,0.00,NULL,NULL,'2026-06-14 19:08:11','2026-06-14 19:08:11'),(14438,2586,'month_count',NULL,1.00,NULL,NULL,'2026-06-14 19:08:11','2026-06-14 19:08:11'),(14439,2586,'yearly_total',NULL,0.00,NULL,NULL,'2026-06-14 19:08:11','2026-06-14 19:08:11'),(14440,2587,'item_name','ປະຖົມນິເທດນັກສຶກສາ',NULL,NULL,NULL,'2026-06-14 19:08:11','2026-06-14 19:08:11'),(14441,2587,'reference','63300100',NULL,NULL,NULL,'2026-06-14 19:08:11','2026-06-16 10:52:53'),(14442,2587,'amount_per_month',NULL,0.00,NULL,NULL,'2026-06-14 19:08:11','2026-06-14 19:08:11'),(14443,2587,'month_count',NULL,1.00,NULL,NULL,'2026-06-14 19:08:11','2026-06-14 19:08:11'),(14444,2587,'yearly_total',NULL,0.00,NULL,NULL,'2026-06-14 19:08:11','2026-06-14 19:08:11'),(14445,2588,'item_name','ກວດສອບການປະຕິບັດລະບຽບວິໃນນັກສຶກສາ',NULL,NULL,NULL,'2026-06-14 19:08:11','2026-06-14 19:08:11'),(14446,2588,'reference','63300100',NULL,NULL,NULL,'2026-06-14 19:08:11','2026-06-16 10:52:53'),(14447,2588,'amount_per_month',NULL,0.00,NULL,NULL,'2026-06-14 19:08:11','2026-06-14 19:08:11'),(14448,2588,'month_count',NULL,1.00,NULL,NULL,'2026-06-14 19:08:11','2026-06-14 19:08:11'),(14449,2588,'yearly_total',NULL,0.00,NULL,NULL,'2026-06-14 19:08:11','2026-06-14 19:08:11'),(14450,2589,'item_name','ອຸປະກອນການຮຽນ-ການສອນ',NULL,NULL,NULL,'2026-06-14 19:08:11','2026-06-14 19:08:11'),(14451,2589,'reference','62100401',NULL,NULL,NULL,'2026-06-14 19:08:11','2026-06-16 10:09:22'),(14452,2589,'yearly_total',NULL,0.00,NULL,NULL,'2026-06-14 19:08:11','2026-06-14 19:08:11'),(14453,2590,'item_name','ອຸປະກອນການສອບເສັງ',NULL,NULL,NULL,'2026-06-14 19:08:11','2026-06-14 19:08:11'),(14454,2590,'reference','62100401',NULL,NULL,NULL,'2026-06-14 19:08:11','2026-06-16 10:09:22'),(14455,2590,'yearly_total',NULL,0.00,NULL,NULL,'2026-06-14 19:08:11','2026-06-14 19:08:11'),(14456,2591,'item_name','ພາກວິຊາຄະນິດສາດ',NULL,NULL,NULL,'2026-06-14 19:08:11','2026-06-14 19:08:11'),(14457,2591,'reference','63300100',NULL,NULL,NULL,'2026-06-14 19:08:11','2026-06-16 10:52:53'),(14458,2592,'item_name','ພາກວິຊາຟີຊິກສາດ',NULL,NULL,NULL,'2026-06-14 19:08:11','2026-06-14 19:08:11'),(14459,2592,'reference','63300100',NULL,NULL,NULL,'2026-06-14 19:08:11','2026-06-16 10:52:53'),(14460,2593,'item_name','ພາກວິຊາເຄມີສາດ',NULL,NULL,NULL,'2026-06-14 19:08:11','2026-06-14 19:08:11'),(14461,2593,'reference','63300100',NULL,NULL,NULL,'2026-06-14 19:08:11','2026-06-16 10:52:53'),(14462,2594,'item_name','ພາກວິຊາຊີວະວິທະຍາ',NULL,NULL,NULL,'2026-06-14 19:08:11','2026-06-14 19:08:11'),(14463,2594,'reference','63300100',NULL,NULL,NULL,'2026-06-14 19:08:11','2026-06-16 10:52:53'),(14464,2595,'item_name','ພາກວິຊາວິທະຍາສາດຄອມພີວເຕີ',NULL,NULL,NULL,'2026-06-14 19:08:11','2026-06-14 19:08:11'),(14465,2595,'reference','63300100',NULL,NULL,NULL,'2026-06-14 19:08:11','2026-06-16 10:52:53'),(14466,2596,'item_name','ພາກວິຊາຄະນິດສາດ',NULL,NULL,NULL,'2026-06-14 19:08:11','2026-06-14 19:08:11'),(14467,2596,'reference','63300100',NULL,NULL,NULL,'2026-06-14 19:08:11','2026-06-16 10:52:53'),(14468,2597,'item_name','ພາກວິຊາຟີຊິກສາດ',NULL,NULL,NULL,'2026-06-14 19:08:11','2026-06-14 19:08:11'),(14469,2597,'reference','63300100',NULL,NULL,NULL,'2026-06-14 19:08:11','2026-06-16 10:52:53'),(14470,2598,'item_name','ພາກວິຊາເຄມີສາດ',NULL,NULL,NULL,'2026-06-14 19:08:11','2026-06-14 19:08:11'),(14471,2598,'reference','63300100',NULL,NULL,NULL,'2026-06-14 19:08:11','2026-06-16 10:52:53'),(14472,2599,'item_name','ພາກວິຊາຊີວະວິທະຍາ',NULL,NULL,NULL,'2026-06-14 19:08:11','2026-06-14 19:08:11'),(14473,2599,'reference','63300100',NULL,NULL,NULL,'2026-06-14 19:08:11','2026-06-16 10:52:53'),(14474,2600,'item_name','ພາກວິຊາວິທະຍາສາດຄອມພີວເຕີ',NULL,NULL,NULL,'2026-06-14 19:08:11','2026-06-14 19:08:11'),(14475,2600,'reference','63300100',NULL,NULL,NULL,'2026-06-14 19:08:11','2026-06-16 10:52:53'),(14476,2601,'item_name','ປັບປຸງ ແລະ ພັດທະນາຫຼັກສູດ ປໍໂທ+ເອກ',NULL,NULL,NULL,'2026-06-14 19:08:11','2026-06-14 19:08:11'),(14477,2601,'reference','63300100',NULL,NULL,NULL,'2026-06-14 19:08:11','2026-06-16 10:52:53'),(14478,2602,'item_name','ພາກວິຊາຄະນິດສາດ',NULL,NULL,NULL,'2026-06-14 19:08:11','2026-06-14 19:08:11'),(14479,2602,'reference','62100403',NULL,NULL,NULL,'2026-06-14 19:08:11','2026-06-16 10:09:22'),(14480,2602,'yearly_total',NULL,0.00,NULL,NULL,'2026-06-14 19:08:11','2026-06-14 19:08:11'),(14481,2603,'item_name','ພາກວິຊາຟິຊິກສາດ',NULL,NULL,NULL,'2026-06-14 19:08:11','2026-06-14 19:08:11'),(14482,2603,'reference','62100403',NULL,NULL,NULL,'2026-06-14 19:08:11','2026-06-16 10:09:22'),(14483,2603,'yearly_total',NULL,0.00,NULL,NULL,'2026-06-14 19:08:11','2026-06-14 19:08:11'),(14484,2604,'item_name','ພາກວິຊາເຄມີສາດ',NULL,NULL,NULL,'2026-06-14 19:08:11','2026-06-14 19:08:11'),(14485,2604,'reference','62100403',NULL,NULL,NULL,'2026-06-14 19:08:11','2026-06-16 10:09:22'),(14486,2604,'yearly_total',NULL,0.00,NULL,NULL,'2026-06-14 19:08:11','2026-06-14 19:08:11'),(14487,2605,'item_name','ພາກວິຊາຊີວະວິທະຍາ',NULL,NULL,NULL,'2026-06-14 19:08:11','2026-06-14 19:08:11'),(14488,2605,'reference','62100403',NULL,NULL,NULL,'2026-06-14 19:08:11','2026-06-16 10:09:22'),(14489,2605,'yearly_total',NULL,0.00,NULL,NULL,'2026-06-14 19:08:11','2026-06-14 19:08:11'),(14490,2606,'item_name','ພາກວິຊາວິທະຍາສາດຄອມພິວເຕີ',NULL,NULL,NULL,'2026-06-14 19:08:11','2026-06-14 19:08:11'),(14491,2606,'reference','62100403',NULL,NULL,NULL,'2026-06-14 19:08:11','2026-06-16 10:09:22'),(14492,2606,'yearly_total',NULL,0.00,NULL,NULL,'2026-06-14 19:08:11','2026-06-14 19:08:11'),(14493,2607,'item_name','ຊື້ອຸປະກອນທົດລອງ',NULL,NULL,NULL,'2026-06-14 19:08:11','2026-06-14 19:08:11'),(14494,2607,'reference','62100403',NULL,NULL,NULL,'2026-06-14 19:08:11','2026-06-16 10:09:22'),(14495,2607,'yearly_total',NULL,0.00,NULL,NULL,'2026-06-14 19:08:11','2026-06-14 19:08:11'),(14496,2608,'item_name','ອຸປະກອນທົດລອງຟິຊິກສາດ',NULL,NULL,NULL,'2026-06-14 19:08:11','2026-06-16 08:40:27'),(14497,2608,'reference','66300000',NULL,NULL,NULL,'2026-06-14 19:08:11','2026-06-16 10:09:22'),(14498,2608,'yearly_total',NULL,0.00,NULL,NULL,'2026-06-14 19:08:11','2026-06-14 19:08:11'),(14499,2609,'item_name','ອຸປະກອນທົດລອງເຄມີສາດ',NULL,NULL,NULL,'2026-06-14 19:08:11','2026-06-14 19:08:11'),(14500,2609,'reference','66300000',NULL,NULL,NULL,'2026-06-14 19:08:11','2026-06-16 10:09:22'),(14501,2609,'yearly_total',NULL,0.00,NULL,NULL,'2026-06-14 19:08:11','2026-06-14 19:08:11'),(14502,2610,'item_name','ອຸປະກອນທົດລອງຊີວະວິທະຍາ',NULL,NULL,NULL,'2026-06-14 19:08:11','2026-06-14 19:08:11'),(14503,2610,'reference','66300000',NULL,NULL,NULL,'2026-06-14 19:08:11','2026-06-16 10:09:22'),(14504,2610,'yearly_total',NULL,0.00,NULL,NULL,'2026-06-14 19:08:11','2026-06-14 19:08:11'),(14505,2611,'item_name','ຄອມພິວເຕີຕັ້່ງໂຕະ (PC)',NULL,NULL,NULL,'2026-06-14 19:08:11','2026-06-14 19:08:11'),(14506,2611,'reference','66300000',NULL,NULL,NULL,'2026-06-14 19:08:11','2026-06-16 10:09:22'),(14507,2611,'yearly_total',NULL,0.00,NULL,NULL,'2026-06-14 19:08:11','2026-06-14 19:08:11'),(14508,2612,'item_name','ໂປຣເຈັກເຕີໃສ່ຫ້ອງຮຽນ',NULL,NULL,NULL,'2026-06-14 19:08:11','2026-06-14 19:08:11'),(14509,2612,'reference','66300000',NULL,NULL,NULL,'2026-06-14 19:08:11','2026-06-16 10:09:22'),(14510,2612,'yearly_total',NULL,0.00,NULL,NULL,'2026-06-14 19:08:11','2026-06-14 19:08:11'),(14511,2613,'item_name','ພິທີສະຫຼຸບຊຸດຮຽນ ແລະ ເປີດສົກຮຽນໃໝ່ ປໍໂທ',NULL,NULL,NULL,'2026-06-14 19:08:11','2026-06-14 19:08:11'),(14512,2613,'reference','62400100',NULL,NULL,NULL,'2026-06-14 19:08:11','2026-06-16 10:52:53'),(14513,2613,'yearly_total',NULL,0.00,NULL,NULL,'2026-06-14 19:08:11','2026-06-14 19:08:11'),(14514,2614,'item_name','ກອງປະຊຸມສໍາມະນາວິຊາການ ປໍໂທ',NULL,NULL,NULL,'2026-06-14 19:08:11','2026-06-14 19:08:11'),(14515,2614,'reference','62400200',NULL,NULL,NULL,'2026-06-14 19:08:11','2026-06-16 10:52:53'),(14516,2614,'yearly_total',NULL,0.00,NULL,NULL,'2026-06-14 19:08:11','2026-06-14 19:08:11'),(14517,2615,'item_name','ກອງປະຊຸມຜູ້ຊົງຄຸນວຸດທິ ປໍໂທ',NULL,NULL,NULL,'2026-06-14 19:08:11','2026-06-14 19:08:11'),(14518,2615,'reference','62400100',NULL,NULL,NULL,'2026-06-14 19:08:11','2026-06-16 10:52:53'),(14519,2615,'yearly_total',NULL,0.00,NULL,NULL,'2026-06-14 19:08:11','2026-06-14 19:08:11'),(14520,2616,'item_name','ຊື້ປື້ມໃສ່ຫ້ອງອ່ານ',NULL,NULL,NULL,'2026-06-14 19:08:11','2026-06-14 19:08:11'),(14521,2616,'reference','66300000',NULL,NULL,NULL,'2026-06-14 19:08:11','2026-06-16 10:52:53'),(14522,2616,'yearly_total',NULL,0.00,NULL,NULL,'2026-06-14 19:08:11','2026-06-14 19:08:11'),(14523,2617,'item_name','ຊື້ຮ້ານປື້ມໃສ່ຫ້ອງອ່ານ',NULL,NULL,NULL,'2026-06-14 19:08:11','2026-06-14 19:08:11'),(14524,2617,'reference','66300000',NULL,NULL,NULL,'2026-06-14 19:08:11','2026-06-16 10:52:53'),(14525,2617,'yearly_total',NULL,0.00,NULL,NULL,'2026-06-14 19:08:11','2026-06-14 19:08:11'),(14526,2618,'item_name','ສົ່ງພະນັກງານໄປຍົກລະດັບໄລຍະຍາວ',NULL,NULL,NULL,'2026-06-14 19:08:11','2026-06-14 19:08:11'),(14527,2618,'reference','62400300',NULL,NULL,NULL,'2026-06-14 19:08:11','2026-06-16 10:52:53'),(14528,2618,'yearly_total',NULL,0.00,NULL,NULL,'2026-06-14 19:08:11','2026-06-14 19:08:11'),(14529,2619,'item_name','ງົບປະມານຕິດຕາມຫຼັກສູດ ປໍໂທ',NULL,NULL,NULL,'2026-06-14 19:08:11','2026-06-14 19:08:11'),(14530,2619,'reference','62300100',NULL,NULL,NULL,'2026-06-14 19:08:11','2026-06-16 10:52:53'),(14531,2619,'yearly_total',NULL,0.00,NULL,NULL,'2026-06-14 19:08:11','2026-06-14 19:08:11'),(14532,2620,'item_name','ສົ່ງເສີມວິຊາການສ່ວນກາງ',NULL,NULL,NULL,'2026-06-14 19:08:11','2026-06-14 19:08:11'),(14533,2620,'reference','63300100',NULL,NULL,NULL,'2026-06-14 19:08:11','2026-06-16 10:52:53'),(14534,2620,'yearly_total',NULL,0.00,NULL,NULL,'2026-06-14 19:08:11','2026-06-14 19:08:11'),(14535,2621,'item_name','ກອງປະຊຸມສຳມະນາການເງິນ (ພະແນກການເງິນ )',NULL,NULL,NULL,'2026-06-14 19:08:11','2026-06-14 19:08:11'),(14536,2621,'reference','63300100',NULL,NULL,NULL,'2026-06-14 19:08:11','2026-06-16 10:52:53'),(14537,2621,'yearly_total',NULL,0.00,NULL,NULL,'2026-06-14 19:08:11','2026-06-14 19:08:11'),(14538,2622,'item_name','ພະແນກບໍລິຫານສັງລວມ',NULL,NULL,NULL,'2026-06-14 19:08:11','2026-06-14 19:08:11'),(14539,2622,'reference','63300100',NULL,NULL,NULL,'2026-06-14 19:08:11','2026-06-16 10:52:53'),(14540,2622,'yearly_total',NULL,0.00,NULL,NULL,'2026-06-14 19:08:11','2026-06-14 19:08:11'),(14541,2623,'item_name','ໜ່ວຍງານ ICT',NULL,NULL,NULL,'2026-06-14 19:08:11','2026-06-14 19:08:11'),(14542,2623,'reference','63300100',NULL,NULL,NULL,'2026-06-14 19:08:11','2026-06-16 10:52:53'),(14543,2623,'yearly_total',NULL,0.00,NULL,NULL,'2026-06-14 19:08:11','2026-06-14 19:08:11'),(14544,2624,'item_name','ຫຼັງປະລິນຍາຕີ',NULL,NULL,NULL,'2026-06-14 19:08:11','2026-06-14 19:08:11'),(14545,2624,'reference','63300100',NULL,NULL,NULL,'2026-06-14 19:08:11','2026-06-16 10:52:53'),(14546,2624,'yearly_total',NULL,0.00,NULL,NULL,'2026-06-14 19:08:11','2026-06-14 19:08:11'),(14547,2625,'item_name','ຄົ້ນຄ້ວາ ແລະ ບໍລິການວິຊາການ',NULL,NULL,NULL,'2026-06-14 19:08:11','2026-06-14 19:08:11'),(14548,2625,'reference','63300100',NULL,NULL,NULL,'2026-06-14 19:08:11','2026-06-16 10:52:53'),(14549,2625,'yearly_total',NULL,0.00,NULL,NULL,'2026-06-14 19:08:11','2026-06-14 19:08:11'),(14550,2626,'item_name','ພັດທະນາຫຸ່ນຍົນ (Robot)',NULL,NULL,NULL,'2026-06-14 19:08:11','2026-06-14 19:08:11'),(14551,2626,'reference','63300100',NULL,NULL,NULL,'2026-06-14 19:08:11','2026-06-16 10:52:53'),(14552,2626,'yearly_total',NULL,0.00,NULL,NULL,'2026-06-14 19:08:11','2026-06-14 19:08:11'),(14553,2627,'item_name','ພະແນກວິຊາການ',NULL,NULL,NULL,'2026-06-14 19:08:11','2026-06-14 19:08:11'),(14554,2627,'reference','63300100',NULL,NULL,NULL,'2026-06-14 19:08:11','2026-06-16 10:52:53'),(14555,2627,'yearly_total',NULL,0.00,NULL,NULL,'2026-06-14 19:08:11','2026-06-14 19:08:11'),(14556,2628,'item_name','ພະແນກຄຸ້ມຄອງນັກສຶກສາ',NULL,NULL,NULL,'2026-06-14 19:08:11','2026-06-14 19:08:11'),(14557,2628,'reference','63300100',NULL,NULL,NULL,'2026-06-14 19:08:11','2026-06-16 10:52:53'),(14558,2628,'yearly_total',NULL,0.00,NULL,NULL,'2026-06-14 19:08:11','2026-06-14 19:08:11'),(14559,2629,'item_name','ພາກວິຊາຄະນິດສາດ',NULL,NULL,NULL,'2026-06-14 19:08:11','2026-06-14 19:08:11'),(14560,2629,'reference','63300100',NULL,NULL,NULL,'2026-06-14 19:08:11','2026-06-16 10:52:53'),(14561,2629,'yearly_total',NULL,0.00,NULL,NULL,'2026-06-14 19:08:11','2026-06-14 19:08:11'),(14562,2630,'item_name','ພາກວິຊາຟີຊິກສາດ',NULL,NULL,NULL,'2026-06-14 19:08:11','2026-06-14 19:08:11'),(14563,2630,'reference','63300100',NULL,NULL,NULL,'2026-06-14 19:08:11','2026-06-16 10:52:53'),(14564,2630,'yearly_total',NULL,0.00,NULL,NULL,'2026-06-14 19:08:11','2026-06-14 19:08:11'),(14565,2631,'item_name','ພາກວິຊາເຄມີສາດ',NULL,NULL,NULL,'2026-06-14 19:08:11','2026-06-14 19:08:11'),(14566,2631,'reference','63300100',NULL,NULL,NULL,'2026-06-14 19:08:11','2026-06-16 10:52:53'),(14567,2631,'yearly_total',NULL,0.00,NULL,NULL,'2026-06-14 19:08:11','2026-06-14 19:08:11'),(14568,2632,'item_name','ພາກວິຊາຊີວະວິທະຍາ',NULL,NULL,NULL,'2026-06-14 19:08:11','2026-06-14 19:08:11'),(14569,2632,'reference','63300100',NULL,NULL,NULL,'2026-06-14 19:08:11','2026-06-16 10:52:53'),(14570,2632,'yearly_total',NULL,0.00,NULL,NULL,'2026-06-14 19:08:11','2026-06-14 19:08:11'),(14571,2633,'item_name','ພາກວິຊາວິທະຍາສາດຄອມພີວເຕີ',NULL,NULL,NULL,'2026-06-14 19:08:11','2026-06-14 19:08:11'),(14572,2633,'reference','63300100',NULL,NULL,NULL,'2026-06-14 19:08:11','2026-06-16 10:52:53'),(14573,2633,'yearly_total',NULL,0.00,NULL,NULL,'2026-06-14 19:08:11','2026-06-14 19:08:11'),(14574,2634,'item_name','ສາມອົງການຈັດຕັ້ງມະຫາຊົນ',NULL,NULL,NULL,'2026-06-14 19:08:11','2026-06-14 19:08:11'),(14575,2634,'reference','63300100',NULL,NULL,NULL,'2026-06-14 19:08:11','2026-06-16 10:52:53'),(14576,2634,'yearly_total',NULL,0.00,NULL,NULL,'2026-06-14 19:08:11','2026-06-14 19:08:11'),(14577,2635,'item_name','ເຄື່ອນໄຫວວຽກວິຊາການອື່ນໆ',NULL,NULL,NULL,'2026-06-14 19:08:11','2026-06-14 19:08:11'),(14578,2635,'reference','63300100',NULL,NULL,NULL,'2026-06-14 19:08:11','2026-06-16 10:52:53'),(14579,2635,'yearly_total',NULL,0.00,NULL,NULL,'2026-06-14 19:08:11','2026-06-14 19:08:11'),(14580,2636,'item_name','ສຳນັກຄະນະບໍດີ',NULL,NULL,NULL,'2026-06-14 19:08:11','2026-06-14 19:08:11'),(14581,2636,'reference','63300600',NULL,NULL,NULL,'2026-06-14 19:08:11','2026-06-16 10:09:22'),(14582,2636,'yearly_total',NULL,0.00,NULL,NULL,'2026-06-14 19:08:11','2026-06-14 19:08:11'),(14583,2637,'item_name','ພາກວິຊາຄະນິດສາດ',NULL,NULL,NULL,'2026-06-14 19:08:11','2026-06-14 19:08:11'),(14584,2637,'reference','63300600',NULL,NULL,NULL,'2026-06-14 19:08:11','2026-06-16 10:09:22'),(14585,2637,'yearly_total',NULL,0.00,NULL,NULL,'2026-06-14 19:08:11','2026-06-14 19:08:11'),(14586,2638,'item_name','ພາກວິຊາຟິຊິກສາດ',NULL,NULL,NULL,'2026-06-14 19:08:11','2026-06-14 19:08:11'),(14587,2638,'reference','63300600',NULL,NULL,NULL,'2026-06-14 19:08:11','2026-06-16 10:09:22'),(14588,2638,'yearly_total',NULL,0.00,NULL,NULL,'2026-06-14 19:08:11','2026-06-14 19:08:11'),(14589,2639,'item_name','ພາກວິຊາເຄມີສາດ',NULL,NULL,NULL,'2026-06-14 19:08:11','2026-06-14 19:08:11'),(14590,2639,'reference','63300600',NULL,NULL,NULL,'2026-06-14 19:08:11','2026-06-16 10:09:22'),(14591,2639,'yearly_total',NULL,0.00,NULL,NULL,'2026-06-14 19:08:11','2026-06-14 19:08:11'),(14592,2640,'item_name','ພາກວິຊາຊີວະວິທະຍາ',NULL,NULL,NULL,'2026-06-14 19:08:11','2026-06-14 19:08:11'),(14593,2640,'reference','63300600',NULL,NULL,NULL,'2026-06-14 19:08:11','2026-06-16 10:09:22'),(14594,2640,'yearly_total',NULL,0.00,NULL,NULL,'2026-06-14 19:08:11','2026-06-14 19:08:11'),(14595,2641,'item_name','ພາກວິຊາວິທະຍາສາດຄອມພິວເຕີ',NULL,NULL,NULL,'2026-06-14 19:08:11','2026-06-14 19:08:11'),(14596,2641,'reference','63300600',NULL,NULL,NULL,'2026-06-14 19:08:11','2026-06-16 10:09:22'),(14597,2641,'yearly_total',NULL,0.00,NULL,NULL,'2026-06-14 19:08:11','2026-06-14 19:08:11'),(14598,2642,'item_name','ສຳນັກຄະນະບໍດີ',NULL,NULL,NULL,'2026-06-14 19:08:11','2026-06-14 19:08:11'),(14599,2642,'reference','62300100',NULL,NULL,NULL,'2026-06-14 19:08:11','2026-06-16 10:52:53'),(14600,2642,'yearly_total',NULL,0.00,NULL,NULL,'2026-06-14 19:08:11','2026-06-14 19:08:11'),(14601,2643,'item_name','ພາກວິຊາຄະນິດສາດ',NULL,NULL,NULL,'2026-06-14 19:08:11','2026-06-14 19:08:11'),(14602,2643,'reference','62300100',NULL,NULL,NULL,'2026-06-14 19:08:11','2026-06-16 10:52:53'),(14603,2643,'yearly_total',NULL,0.00,NULL,NULL,'2026-06-14 19:08:11','2026-06-14 19:08:11'),(14604,2644,'item_name','ພາກວິຊາຟິຊິກສາດ',NULL,NULL,NULL,'2026-06-14 19:08:11','2026-06-14 19:08:11'),(14605,2644,'reference','62300100',NULL,NULL,NULL,'2026-06-14 19:08:11','2026-06-16 10:52:53'),(14606,2644,'yearly_total',NULL,0.00,NULL,NULL,'2026-06-14 19:08:11','2026-06-14 19:08:11'),(14607,2645,'item_name','ພາກວິຊາເຄມີສາດ',NULL,NULL,NULL,'2026-06-14 19:08:11','2026-06-14 19:08:11'),(14608,2645,'reference','62300100',NULL,NULL,NULL,'2026-06-14 19:08:11','2026-06-16 10:52:53'),(14609,2645,'yearly_total',NULL,0.00,NULL,NULL,'2026-06-14 19:08:11','2026-06-14 19:08:11'),(14610,2646,'item_name','ພາກວິຊາຊີວະວິທະຍາ',NULL,NULL,NULL,'2026-06-14 19:08:11','2026-06-14 19:08:11'),(14611,2646,'reference','62300100',NULL,NULL,NULL,'2026-06-14 19:08:11','2026-06-16 10:52:53'),(14612,2646,'yearly_total',NULL,0.00,NULL,NULL,'2026-06-14 19:08:11','2026-06-14 19:08:11'),(14613,2647,'item_name','ພາກວິຊາວິທະຍາສາດຄອມພິວເຕີ',NULL,NULL,NULL,'2026-06-14 19:08:11','2026-06-14 19:08:11'),(14614,2647,'reference','62300100',NULL,NULL,NULL,'2026-06-14 19:08:11','2026-06-16 10:52:53'),(14615,2647,'yearly_total',NULL,0.00,NULL,NULL,'2026-06-14 19:08:11','2026-06-14 19:08:11'),(14616,2648,'item_name','ຄະນະບໍດີ',NULL,NULL,NULL,'2026-06-14 19:08:11','2026-06-14 19:08:11'),(14617,2648,'reference','60200100',NULL,NULL,NULL,'2026-06-14 19:08:11','2026-06-16 10:52:53'),(14618,2648,'amount_per_month',NULL,0.00,NULL,NULL,'2026-06-14 19:08:11','2026-06-14 19:08:11'),(14619,2648,'month_count',NULL,1.00,NULL,NULL,'2026-06-14 19:08:11','2026-06-14 19:08:11'),(14620,2648,'yearly_total',NULL,0.00,NULL,NULL,'2026-06-14 19:08:11','2026-06-14 19:08:11'),(14621,2649,'item_name','ຮອງຄະນະບໍດີ',NULL,NULL,NULL,'2026-06-14 19:08:11','2026-06-14 19:08:11'),(14622,2649,'reference','60200100',NULL,NULL,NULL,'2026-06-14 19:08:11','2026-06-16 10:52:53'),(14623,2649,'amount_per_month',NULL,0.00,NULL,NULL,'2026-06-14 19:08:11','2026-06-14 19:08:11'),(14624,2649,'month_count',NULL,1.00,NULL,NULL,'2026-06-14 19:08:11','2026-06-14 19:08:11'),(14625,2649,'yearly_total',NULL,0.00,NULL,NULL,'2026-06-14 19:08:11','2026-06-14 19:08:11'),(14626,2650,'item_name','ຫົວໜ້າພາກວິຊາ',NULL,NULL,NULL,'2026-06-14 19:08:11','2026-06-14 19:08:11'),(14627,2650,'reference','60200100',NULL,NULL,NULL,'2026-06-14 19:08:11','2026-06-16 10:52:53'),(14628,2650,'amount_per_month',NULL,0.00,NULL,NULL,'2026-06-14 19:08:11','2026-06-14 19:08:11'),(14629,2650,'month_count',NULL,1.00,NULL,NULL,'2026-06-14 19:08:11','2026-06-14 19:08:11'),(14630,2650,'yearly_total',NULL,0.00,NULL,NULL,'2026-06-14 19:08:11','2026-06-14 19:08:11'),(14631,2651,'item_name','ຫົວໜ້າພະແນກ',NULL,NULL,NULL,'2026-06-14 19:08:11','2026-06-14 19:08:11'),(14632,2651,'reference','60200100',NULL,NULL,NULL,'2026-06-14 19:08:11','2026-06-16 10:52:53'),(14633,2651,'amount_per_month',NULL,0.00,NULL,NULL,'2026-06-14 19:08:11','2026-06-14 19:08:11'),(14634,2651,'month_count',NULL,1.00,NULL,NULL,'2026-06-14 19:08:11','2026-06-14 19:08:11'),(14635,2651,'yearly_total',NULL,0.00,NULL,NULL,'2026-06-14 19:08:11','2026-06-14 19:08:11'),(14636,2652,'item_name','ຮອງຫົວໜ້າພາກວິຊາ',NULL,NULL,NULL,'2026-06-14 19:08:11','2026-06-14 19:08:11'),(14637,2652,'reference','60200100',NULL,NULL,NULL,'2026-06-14 19:08:11','2026-06-16 10:52:53'),(14638,2652,'amount_per_month',NULL,0.00,NULL,NULL,'2026-06-14 19:08:11','2026-06-14 19:08:11'),(14639,2652,'month_count',NULL,1.00,NULL,NULL,'2026-06-14 19:08:11','2026-06-14 19:08:11'),(14640,2652,'yearly_total',NULL,0.00,NULL,NULL,'2026-06-14 19:08:11','2026-06-14 19:08:11'),(14641,2653,'item_name','ຮອງຫົວໜ້າພະແນກ',NULL,NULL,NULL,'2026-06-14 19:08:11','2026-06-14 19:08:11'),(14642,2653,'reference','60200100',NULL,NULL,NULL,'2026-06-14 19:08:11','2026-06-16 10:52:53'),(14643,2653,'amount_per_month',NULL,0.00,NULL,NULL,'2026-06-14 19:08:11','2026-06-14 19:08:11'),(14644,2653,'month_count',NULL,1.00,NULL,NULL,'2026-06-14 19:08:11','2026-06-14 19:08:11'),(14645,2653,'yearly_total',NULL,0.00,NULL,NULL,'2026-06-14 19:08:11','2026-06-14 19:08:11'),(14646,2654,'item_name','ຫົວໜ້າໜ່ວຍງານ, ເລຂາ',NULL,NULL,NULL,'2026-06-14 19:08:11','2026-06-14 19:08:11'),(14647,2654,'reference','60200100',NULL,NULL,NULL,'2026-06-14 19:08:11','2026-06-16 10:52:53'),(14648,2654,'amount_per_month',NULL,0.00,NULL,NULL,'2026-06-14 19:08:11','2026-06-14 19:08:11'),(14649,2654,'month_count',NULL,1.00,NULL,NULL,'2026-06-14 19:08:11','2026-06-14 19:08:11'),(14650,2654,'yearly_total',NULL,0.00,NULL,NULL,'2026-06-14 19:08:11','2026-06-14 19:08:11'),(14651,2655,'item_name','ຫົວໜ້າໜ່ວຍວິຊາ',NULL,NULL,NULL,'2026-06-14 19:08:11','2026-06-14 19:08:11'),(14652,2655,'reference','60200100',NULL,NULL,NULL,'2026-06-14 19:08:11','2026-06-16 10:52:53'),(14653,2655,'amount_per_month',NULL,0.00,NULL,NULL,'2026-06-14 19:08:11','2026-06-14 19:08:11'),(14654,2655,'month_count',NULL,1.00,NULL,NULL,'2026-06-14 19:08:11','2026-06-14 19:08:11'),(14655,2655,'yearly_total',NULL,0.00,NULL,NULL,'2026-06-14 19:08:11','2026-06-14 19:08:11'),(14656,2656,'item_name','ໜ່ວຍງານ, ສາມອົງການຈັດຕັ້ງ',NULL,NULL,NULL,'2026-06-14 19:08:11','2026-06-14 19:08:11'),(14657,2656,'reference','60200100',NULL,NULL,NULL,'2026-06-14 19:08:11','2026-06-16 10:52:53'),(14658,2656,'amount_per_month',NULL,0.00,NULL,NULL,'2026-06-14 19:08:11','2026-06-14 19:08:11'),(14659,2656,'month_count',NULL,1.00,NULL,NULL,'2026-06-14 19:08:11','2026-06-14 19:08:11'),(14660,2656,'yearly_total',NULL,0.00,NULL,NULL,'2026-06-14 19:08:11','2026-06-14 19:08:11'),(14661,2657,'item_name','ສາມອົງການຈັດຕັ້ງມະຫາຊົນ',NULL,NULL,NULL,'2026-06-14 19:08:11','2026-06-14 19:08:11'),(14662,2657,'reference','60200100',NULL,NULL,NULL,'2026-06-14 19:08:11','2026-06-16 10:52:53'),(14663,2657,'amount_per_month',NULL,0.00,NULL,NULL,'2026-06-14 19:08:11','2026-06-14 19:08:11'),(14664,2657,'month_count',NULL,1.00,NULL,NULL,'2026-06-14 19:08:11','2026-06-14 19:08:11'),(14665,2657,'yearly_total',NULL,0.00,NULL,NULL,'2026-06-14 19:08:11','2026-06-14 19:08:11'),(14666,2658,'item_name','ຄະນະບໍດີ',NULL,NULL,NULL,'2026-06-14 19:08:11','2026-06-14 19:08:11'),(14667,2658,'reference','62100100',NULL,NULL,NULL,'2026-06-14 19:08:11','2026-06-16 10:52:53'),(14668,2658,'amount_per_month',NULL,0.00,NULL,NULL,'2026-06-14 19:08:11','2026-06-14 19:08:11'),(14669,2658,'month_count',NULL,1.00,NULL,NULL,'2026-06-14 19:08:11','2026-06-14 19:08:11'),(14670,2658,'yearly_total',NULL,0.00,NULL,NULL,'2026-06-14 19:08:11','2026-06-14 19:08:11'),(14671,2659,'item_name','ຮອງຄະນະບໍດີ, ຫົວໜ້າພາກວິຊາ',NULL,NULL,NULL,'2026-06-14 19:08:11','2026-06-14 19:08:11'),(14672,2659,'reference','62100100',NULL,NULL,NULL,'2026-06-14 19:08:11','2026-06-16 10:52:53'),(14673,2659,'amount_per_month',NULL,0.00,NULL,NULL,'2026-06-14 19:08:11','2026-06-14 19:08:11'),(14674,2659,'month_count',NULL,1.00,NULL,NULL,'2026-06-14 19:08:11','2026-06-14 19:08:11'),(14675,2659,'yearly_total',NULL,0.00,NULL,NULL,'2026-06-14 19:08:11','2026-06-14 19:08:11'),(14676,2660,'item_name','ຫົວໜ້າພະແນກ, ຮອງພາກວິຊາ',NULL,NULL,NULL,'2026-06-14 19:08:11','2026-06-14 19:08:11'),(14677,2660,'reference','62100100',NULL,NULL,NULL,'2026-06-14 19:08:11','2026-06-16 10:52:53'),(14678,2660,'amount_per_month',NULL,0.00,NULL,NULL,'2026-06-14 19:08:11','2026-06-14 19:08:11'),(14679,2660,'month_count',NULL,1.00,NULL,NULL,'2026-06-14 19:08:11','2026-06-14 19:08:11'),(14680,2660,'yearly_total',NULL,0.00,NULL,NULL,'2026-06-14 19:08:11','2026-06-14 19:08:11'),(14681,2661,'item_name','ຮອງຫົວໜ້າພະແນກ, ຮສ ແລະ ຫົວໜ້າໜ່ວຍວິຊາ',NULL,NULL,NULL,'2026-06-14 19:08:11','2026-06-14 19:08:11'),(14682,2661,'reference','62100100',NULL,NULL,NULL,'2026-06-14 19:08:11','2026-06-16 10:52:53'),(14683,2661,'amount_per_month',NULL,0.00,NULL,NULL,'2026-06-14 19:08:11','2026-06-14 19:08:11'),(14684,2661,'month_count',NULL,1.00,NULL,NULL,'2026-06-14 19:08:11','2026-06-14 19:08:11'),(14685,2661,'yearly_total',NULL,0.00,NULL,NULL,'2026-06-14 19:08:11','2026-06-14 19:08:11'),(14686,2662,'item_name','ຮອງຫົວໜ້າໜ່ວຍວິຊາ, ຫົວໜ້າໜ່ວຍງານ',NULL,NULL,NULL,'2026-06-14 19:08:11','2026-06-14 19:08:11'),(14687,2662,'reference','62100100',NULL,NULL,NULL,'2026-06-14 19:08:11','2026-06-16 10:52:53'),(14688,2662,'amount_per_month',NULL,0.00,NULL,NULL,'2026-06-14 19:08:11','2026-06-14 19:08:11'),(14689,2662,'month_count',NULL,1.00,NULL,NULL,'2026-06-14 19:08:11','2026-06-14 19:08:11'),(14690,2662,'yearly_total',NULL,0.00,NULL,NULL,'2026-06-14 19:08:11','2026-06-14 19:08:11'),(14691,2663,'item_name','ຮອງຫົວໜ້າໜ່ວຍງານ',NULL,NULL,NULL,'2026-06-14 19:08:11','2026-06-14 19:08:11'),(14692,2663,'reference','62100100',NULL,NULL,NULL,'2026-06-14 19:08:11','2026-06-16 10:52:53'),(14693,2663,'amount_per_month',NULL,0.00,NULL,NULL,'2026-06-14 19:08:11','2026-06-14 19:08:11'),(14694,2663,'month_count',NULL,1.00,NULL,NULL,'2026-06-14 19:08:11','2026-06-14 19:08:11'),(14695,2663,'yearly_total',NULL,0.00,NULL,NULL,'2026-06-14 19:08:11','2026-06-14 19:08:11'),(14696,2664,'item_name','ອາຈານ ແລະ ພະນັກງານທົ່ວໄປ',NULL,NULL,NULL,'2026-06-14 19:08:11','2026-06-14 19:08:11'),(14697,2664,'reference','62100100',NULL,NULL,NULL,'2026-06-14 19:08:11','2026-06-16 10:52:53'),(14698,2664,'amount_per_month',NULL,0.00,NULL,NULL,'2026-06-14 19:08:11','2026-06-14 19:08:11'),(14699,2664,'month_count',NULL,1.00,NULL,NULL,'2026-06-14 19:08:11','2026-06-14 19:08:11'),(14700,2664,'yearly_total',NULL,0.00,NULL,NULL,'2026-06-14 19:08:11','2026-06-14 19:08:11'),(14701,2665,'item_name','ຄ່າແຮງງານພະນັກງານສັນຍາຈ້າງສຳນັກ',NULL,NULL,NULL,'2026-06-14 19:08:11','2026-06-14 19:08:11'),(14702,2665,'reference','60100600',NULL,NULL,NULL,'2026-06-14 19:08:11','2026-06-16 10:52:53'),(14703,2665,'amount_per_month',NULL,0.00,NULL,NULL,'2026-06-14 19:08:11','2026-06-14 19:08:11'),(14704,2665,'month_count',NULL,1.00,NULL,NULL,'2026-06-14 19:08:11','2026-06-14 19:08:11'),(14705,2665,'yearly_total',NULL,0.00,NULL,NULL,'2026-06-14 19:08:11','2026-06-14 19:08:11'),(14706,2666,'item_name','ຄ່າແຮງງານພະນັກງານສັນຍາຈ້າງຂັບລົດ',NULL,NULL,NULL,'2026-06-14 19:08:11','2026-06-14 19:08:11'),(14707,2666,'reference','60100600',NULL,NULL,NULL,'2026-06-14 19:08:11','2026-06-16 10:52:53'),(14708,2666,'amount_per_month',NULL,0.00,NULL,NULL,'2026-06-14 19:08:11','2026-06-14 19:08:11'),(14709,2666,'month_count',NULL,1.00,NULL,NULL,'2026-06-14 19:08:11','2026-06-14 19:08:11'),(14710,2666,'yearly_total',NULL,0.00,NULL,NULL,'2026-06-14 19:08:11','2026-06-14 19:08:11'),(14711,2667,'item_name','ສັນຍາຈ້າງບຳລູງຮັກສາລະບົບຂໍ້ມູນຂ່າວສານ (ICT)',NULL,NULL,NULL,'2026-06-14 19:08:11','2026-06-14 19:08:11'),(14712,2667,'reference','60100600',NULL,NULL,NULL,'2026-06-14 19:08:11','2026-06-16 10:52:53'),(14713,2667,'amount_per_month',NULL,0.00,NULL,NULL,'2026-06-14 19:08:11','2026-06-14 19:08:11'),(14714,2667,'month_count',NULL,1.00,NULL,NULL,'2026-06-14 19:08:11','2026-06-14 19:08:11'),(14715,2667,'yearly_total',NULL,0.00,NULL,NULL,'2026-06-14 19:08:11','2026-06-14 19:08:11'),(14716,2668,'item_name','ອຸດໜູນພະນັກງານລົງທະບຽນ',NULL,NULL,NULL,'2026-06-14 19:08:11','2026-06-14 19:08:11'),(14717,2668,'reference','61400100',NULL,NULL,NULL,'2026-06-14 19:08:11','2026-06-16 10:52:53'),(14718,2668,'amount_per_month',NULL,0.00,NULL,NULL,'2026-06-14 19:08:11','2026-06-14 19:08:11'),(14719,2668,'month_count',NULL,1.00,NULL,NULL,'2026-06-14 19:08:11','2026-06-14 19:08:11'),(14720,2668,'yearly_total',NULL,0.00,NULL,NULL,'2026-06-14 19:08:11','2026-06-14 19:08:11'),(14721,2669,'item_name','ອຸໜູນການສອບເສັງ',NULL,NULL,NULL,'2026-06-14 19:08:11','2026-06-14 19:08:11'),(14722,2669,'reference','61400100',NULL,NULL,NULL,'2026-06-14 19:08:11','2026-06-16 10:52:53'),(14723,2669,'amount_per_month',NULL,0.00,NULL,NULL,'2026-06-14 19:08:11','2026-06-14 19:08:11'),(14724,2669,'month_count',NULL,1.00,NULL,NULL,'2026-06-14 19:08:11','2026-06-14 19:08:11'),(14725,2669,'yearly_total',NULL,0.00,NULL,NULL,'2026-06-14 19:08:11','2026-06-14 19:08:11'),(14726,2670,'item_name','ອຸດໜູນການກວດສອບງົບປະມານ',NULL,NULL,NULL,'2026-06-14 19:08:11','2026-06-14 19:08:11'),(14727,2670,'reference','61400100',NULL,NULL,NULL,'2026-06-14 19:08:11','2026-06-16 10:52:53'),(14728,2670,'amount_per_month',NULL,0.00,NULL,NULL,'2026-06-14 19:08:11','2026-06-14 19:08:11'),(14729,2670,'month_count',NULL,1.00,NULL,NULL,'2026-06-14 19:08:11','2026-06-14 19:08:11'),(14730,2670,'yearly_total',NULL,0.00,NULL,NULL,'2026-06-14 19:08:11','2026-06-14 19:08:11'),(14731,2671,'item_name','ອຸດໜູນການເຮັດວຽກຕາມຂໍ້ຕົກລົງຕ່າງໆ',NULL,NULL,NULL,'2026-06-14 19:08:11','2026-06-14 19:08:11'),(14732,2671,'reference','61400100',NULL,NULL,NULL,'2026-06-14 19:08:11','2026-06-16 10:52:53'),(14733,2671,'amount_per_month',NULL,0.00,NULL,NULL,'2026-06-14 19:08:11','2026-06-14 19:08:11'),(14734,2671,'month_count',NULL,1.00,NULL,NULL,'2026-06-14 19:08:11','2026-06-14 19:08:11'),(14735,2671,'yearly_total',NULL,0.00,NULL,NULL,'2026-06-14 19:08:11','2026-06-14 19:08:11'),(14736,2672,'item_name','ອຸດໜູນການບໍລິຫານເທີມສາມ',NULL,NULL,NULL,'2026-06-14 19:08:11','2026-06-14 19:08:11'),(14737,2672,'reference','61400100',NULL,NULL,NULL,'2026-06-14 19:08:11','2026-06-16 10:52:53'),(14738,2672,'amount_per_month',NULL,0.00,NULL,NULL,'2026-06-14 19:08:11','2026-06-14 19:08:11'),(14739,2672,'month_count',NULL,1.00,NULL,NULL,'2026-06-14 19:08:11','2026-06-14 19:08:11'),(14740,2672,'yearly_total',NULL,0.00,NULL,NULL,'2026-06-14 19:08:11','2026-06-14 19:08:11'),(14741,2673,'item_name','ອຸດໜູນກະກຽມສະຫລຸບການເງິນ',NULL,NULL,NULL,'2026-06-14 19:08:11','2026-06-14 19:08:11'),(14742,2673,'reference','61400100',NULL,NULL,NULL,'2026-06-14 19:08:11','2026-06-16 10:52:53'),(14743,2673,'amount_per_month',NULL,0.00,NULL,NULL,'2026-06-14 19:08:11','2026-06-14 19:08:11'),(14744,2673,'month_count',NULL,1.00,NULL,NULL,'2026-06-14 19:08:11','2026-06-14 19:08:11'),(14745,2673,'yearly_total',NULL,0.00,NULL,NULL,'2026-06-14 19:08:11','2026-06-14 19:08:11'),(14746,2674,'item_name','ອຸດໜູນການບໍລິຫານ ປໍ ໂທ',NULL,NULL,NULL,'2026-06-14 19:08:11','2026-06-14 19:08:11'),(14747,2674,'reference','61400100',NULL,NULL,NULL,'2026-06-14 19:08:11','2026-06-16 10:52:53'),(14748,2674,'amount_per_month',NULL,0.00,NULL,NULL,'2026-06-14 19:08:11','2026-06-14 19:08:11'),(14749,2674,'month_count',NULL,1.00,NULL,NULL,'2026-06-14 19:08:11','2026-06-14 19:08:11'),(14750,2674,'yearly_total',NULL,0.00,NULL,NULL,'2026-06-14 19:08:11','2026-06-14 19:08:11'),(14751,2675,'item_name','ອຸດໜູນການນໍາພາບົດວິທະຍານິພົນ',NULL,NULL,NULL,'2026-06-14 19:08:11','2026-06-14 19:08:11'),(14752,2675,'reference','61400100',NULL,NULL,NULL,'2026-06-14 19:08:11','2026-06-16 10:52:53'),(14753,2675,'amount_per_month',NULL,0.00,NULL,NULL,'2026-06-14 19:08:11','2026-06-14 19:08:11'),(14754,2675,'month_count',NULL,1.00,NULL,NULL,'2026-06-14 19:08:11','2026-06-14 19:08:11'),(14755,2675,'yearly_total',NULL,0.00,NULL,NULL,'2026-06-14 19:08:11','2026-06-14 19:08:11'),(14756,2676,'item_name','ຄ່າຊົ່ວໂມງສອນພາກພິເສດ',NULL,NULL,NULL,'2026-06-14 19:08:11','2026-06-14 19:08:11'),(14757,2676,'reference','61400500',NULL,NULL,NULL,'2026-06-14 19:08:11','2026-06-16 10:52:53'),(14758,2676,'yearly_total',NULL,0.00,NULL,NULL,'2026-06-14 19:08:11','2026-06-14 19:08:11'),(14759,2677,'item_name','ຄ່າຊົ່ວໂມງສອນເທີມສາມ',NULL,NULL,NULL,'2026-06-14 19:08:11','2026-06-14 19:08:11'),(14760,2677,'reference','61400500',NULL,NULL,NULL,'2026-06-14 19:08:11','2026-06-16 10:52:53'),(14761,2677,'yearly_total',NULL,0.00,NULL,NULL,'2026-06-14 19:08:11','2026-06-14 19:08:11'),(14762,2678,'item_name','ຄ່າຊົ່ວໂມງສອນປະລິນຍາໂທ',NULL,NULL,NULL,'2026-06-14 19:08:11','2026-06-14 19:08:11'),(14763,2678,'reference','61400500',NULL,NULL,NULL,'2026-06-14 19:08:11','2026-06-16 10:52:53'),(14764,2678,'yearly_total',NULL,0.00,NULL,NULL,'2026-06-14 19:08:11','2026-06-14 19:08:11'),(14765,2679,'item_name','ຄ່າກຳມະການສອບເສັງຈົບຊັ້ນ',NULL,NULL,NULL,'2026-06-14 19:08:11','2026-06-14 19:08:11'),(14766,2679,'reference','61400100',NULL,NULL,NULL,'2026-06-14 19:08:11','2026-06-16 10:52:53'),(14767,2679,'yearly_total',NULL,0.00,NULL,NULL,'2026-06-14 19:08:11','2026-06-14 19:08:11'),(14768,2680,'item_name','ຄ່າຍາມຫ້ອງເສັງ',NULL,NULL,NULL,'2026-06-14 19:08:11','2026-06-14 19:08:11'),(14769,2680,'reference','61400100',NULL,NULL,NULL,'2026-06-14 19:08:11','2026-06-16 10:52:53'),(14770,2680,'yearly_total',NULL,0.00,NULL,NULL,'2026-06-14 19:08:11','2026-06-14 19:08:11'),(14771,2681,'item_name','ຄ່າອອກຫົວບົດ ແລະ ກວດບົດ',NULL,NULL,NULL,'2026-06-14 19:08:11','2026-06-14 19:08:11'),(14772,2681,'reference','61400100',NULL,NULL,NULL,'2026-06-14 19:08:11','2026-06-16 10:52:53'),(14773,2681,'yearly_total',NULL,0.00,NULL,NULL,'2026-06-14 19:08:11','2026-06-14 19:08:11'),(14774,2682,'item_name','ຄ່າບໍລິການສອບເສັງປະລິນຍາໂທ',NULL,NULL,NULL,'2026-06-14 19:08:11','2026-06-14 19:08:11'),(14775,2682,'reference','61400100',NULL,NULL,NULL,'2026-06-14 19:08:11','2026-06-16 10:52:53'),(14776,2682,'yearly_total',NULL,0.00,NULL,NULL,'2026-06-14 19:08:11','2026-06-14 19:08:11'),(14777,2683,'item_name','ຄ່າຊີ້ນຳບົດໂຄງການຈົບຊັ້ນ',NULL,NULL,NULL,'2026-06-14 19:08:11','2026-06-14 19:08:11'),(14778,2683,'reference','61400300',NULL,NULL,NULL,'2026-06-14 19:08:11','2026-06-16 10:52:53'),(14779,2683,'yearly_total',NULL,0.00,NULL,NULL,'2026-06-14 19:08:11','2026-06-14 19:08:11'),(14780,2684,'item_name','ຄ່າກຳມະການປ້ອງກັນບົດຈົບຊັ້ນ',NULL,NULL,NULL,'2026-06-14 19:08:11','2026-06-14 19:08:11'),(14781,2684,'reference','61400300',NULL,NULL,NULL,'2026-06-14 19:08:11','2026-06-16 10:52:53'),(14782,2684,'yearly_total',NULL,0.00,NULL,NULL,'2026-06-14 19:08:11','2026-06-14 19:08:11'),(14783,2685,'item_name','ຄ່າດຳເນີນບົດໂຄງການຈົບຊັ້ນປະລິນຍາໂທ',NULL,NULL,NULL,'2026-06-14 19:08:11','2026-06-14 19:08:11'),(14784,2685,'reference','61400400',NULL,NULL,NULL,'2026-06-14 19:08:11','2026-06-16 10:52:53'),(14785,2685,'yearly_total',NULL,0.00,NULL,NULL,'2026-06-14 19:08:11','2026-06-14 19:08:11'),(14786,2686,'item_name','ບໍລິຈາກເລືອດຄັ້ງທີ I',NULL,NULL,NULL,'2026-06-14 19:08:11','2026-06-14 19:08:11'),(14787,2686,'reference','61700600',NULL,NULL,NULL,'2026-06-14 19:08:11','2026-06-16 10:52:53'),(14788,2686,'yearly_total',NULL,0.00,NULL,NULL,'2026-06-14 19:08:11','2026-06-14 19:08:11'),(14789,2687,'item_name','ບໍລິຈາກເລືອດຄັ້ງທີ II',NULL,NULL,NULL,'2026-06-14 19:08:11','2026-06-14 19:08:11'),(14790,2687,'reference','61700600',NULL,NULL,NULL,'2026-06-14 19:08:11','2026-06-16 10:52:53'),(14791,2687,'yearly_total',NULL,0.00,NULL,NULL,'2026-06-14 19:08:11','2026-06-14 19:08:11'),(14792,2688,'item_name','ການແຂ່ງຂັນກິລາຊາວໜຸ່ມ',NULL,NULL,NULL,'2026-06-14 19:08:11','2026-06-14 19:08:11'),(14793,2688,'reference','63300100',NULL,NULL,NULL,'2026-06-14 19:08:11','2026-06-16 10:52:53'),(14794,2689,'item_name','ການເຄື່ອງໄຫວກິລາພາຍໃນ',NULL,NULL,NULL,'2026-06-14 19:08:11','2026-06-14 19:08:11'),(14795,2689,'reference','63300100',NULL,NULL,NULL,'2026-06-14 19:08:11','2026-06-16 10:52:53'),(14796,2690,'item_name','ການເຄື່ອນໄຫວກິລາກັບທາງນອກ',NULL,NULL,NULL,'2026-06-14 19:08:11','2026-06-14 19:08:11'),(14797,2690,'reference','63300100',NULL,NULL,NULL,'2026-06-14 19:08:11','2026-06-16 10:52:53'),(14798,2691,'item_name','ການເຄື່ອນໄຫວສິນລະປະກຳຂອງນັກສຶກສາ',NULL,NULL,NULL,'2026-06-14 19:08:11','2026-06-14 19:08:11'),(14799,2691,'reference','63300100',NULL,NULL,NULL,'2026-06-14 19:08:11','2026-06-16 10:52:53'),(14800,2692,'item_name','ການຝຶກຊ້ອມສິນລະປະວັນນະຄະດີ',NULL,NULL,NULL,'2026-06-14 19:08:11','2026-06-14 19:08:11'),(14801,2692,'reference','63300100',NULL,NULL,NULL,'2026-06-14 19:08:11','2026-06-16 10:52:53'),(14802,2693,'item_name','ອານາໄມຫ້ອງຮຽນ, ຫ້ອງການ',NULL,NULL,NULL,'2026-06-14 19:08:11','2026-06-14 19:08:11'),(14803,2693,'reference','62200201',NULL,NULL,NULL,'2026-06-14 19:08:11','2026-06-16 10:52:53'),(14804,2694,'item_name','ອານາໄມສະຖານທີ່ຮັບຜິດຊອບ',NULL,NULL,NULL,'2026-06-14 19:08:11','2026-06-14 19:08:11'),(14805,2694,'reference','62200201',NULL,NULL,NULL,'2026-06-14 19:08:11','2026-06-16 10:52:53'),(14806,2695,'item_name','ປຸກຕົ້ນໄມ້',NULL,NULL,NULL,'2026-06-14 19:08:11','2026-06-14 19:08:11'),(14807,2695,'reference','62200201',NULL,NULL,NULL,'2026-06-14 19:08:11','2026-06-16 10:52:53'),(14808,2696,'item_name','ຄ່າເຊົ່າຫ້ອງປະຊຸມ 1 ວັນ',NULL,NULL,NULL,'2026-06-14 19:08:11','2026-06-14 19:08:11'),(14809,2696,'reference','62400100',NULL,NULL,NULL,'2026-06-14 19:08:11','2026-06-16 10:52:53'),(14810,2697,'item_name','ຄ່ານ້ຳດື່ມມື້ຈັດງານ',NULL,NULL,NULL,'2026-06-14 19:08:11','2026-06-14 19:08:11'),(14811,2697,'reference','62400100',NULL,NULL,NULL,'2026-06-14 19:08:11','2026-06-16 10:52:53'),(14812,2698,'item_name','ຄ່າຂັນລາງວັນ',NULL,NULL,NULL,'2026-06-14 19:08:11','2026-06-14 19:08:11'),(14813,2698,'reference','62400100',NULL,NULL,NULL,'2026-06-14 19:08:11','2026-06-16 10:52:53'),(14814,2699,'item_name','ຄ່າອອກຄຳຖາມ',NULL,NULL,NULL,'2026-06-14 19:08:11','2026-06-14 19:08:11'),(14815,2699,'reference','62400100',NULL,NULL,NULL,'2026-06-14 19:08:11','2026-06-16 10:52:53'),(14870,2700,'item_name','123',NULL,NULL,NULL,'2026-06-16 11:29:43','2026-06-16 11:29:43'),(14871,2700,'reference','66100000',NULL,NULL,NULL,'2026-06-16 11:29:43','2026-06-16 11:29:43'),(14872,2700,'unit_price',NULL,0.00,NULL,NULL,'2026-06-16 11:29:43','2026-06-16 11:29:43'),(14873,2700,'event_count',NULL,2.00,NULL,NULL,'2026-06-16 11:29:43','2026-06-16 11:29:43'),(14874,2700,'people_count',NULL,5.00,NULL,NULL,'2026-06-16 11:29:43','2026-06-16 11:29:43'),(14875,2700,'yearly_total',NULL,0.00,NULL,NULL,'2026-06-16 11:29:43','2026-06-16 11:29:43'),(14876,2700,'note',NULL,NULL,NULL,NULL,'2026-06-16 11:29:43','2026-06-16 11:29:43'),(14877,2506,'item_name','ເຄື່ອງໃຊ້ຫ້ອງການ',NULL,NULL,NULL,'2026-06-16 19:00:53','2026-06-16 19:00:53'),(14878,2506,'reference','62100201',NULL,NULL,NULL,'2026-06-16 19:00:53','2026-06-16 19:00:53'),(14879,2506,'amount_per_month',NULL,5000000.00,NULL,NULL,'2026-06-16 19:00:53','2026-06-16 19:00:53'),(14880,2506,'month_count',NULL,12.00,NULL,NULL,'2026-06-16 19:00:53','2026-06-16 19:00:53'),(14881,2506,'yearly_total',NULL,60000000.00,NULL,NULL,'2026-06-16 19:00:53','2026-06-16 19:00:53'),(14882,2506,'note',NULL,NULL,NULL,NULL,'2026-06-16 19:00:53','2026-06-16 19:00:53');
/*!40000 ALTER TABLE `expense_plan_values` ENABLE KEYS */;
UNLOCK TABLES;

--
-- Table structure for table `expense_plans`
--

DROP TABLE IF EXISTS `expense_plans`;
/*!40101 SET @saved_cs_client     = @@character_set_client */;
/*!50503 SET character_set_client = utf8mb4 */;
CREATE TABLE `expense_plans` (
  `id` bigint unsigned NOT NULL AUTO_INCREMENT,
  `planning_year_id` bigint unsigned NOT NULL,
  `section_id` bigint unsigned NOT NULL,
  `subsection_id` bigint unsigned DEFAULT NULL,
  `pattern_id` bigint unsigned DEFAULT NULL,
  `version` varchar(50) CHARACTER SET utf8mb4 COLLATE utf8mb4_unicode_ci DEFAULT NULL,
  `plan_type` varchar(100) CHARACTER SET utf8mb4 COLLATE utf8mb4_unicode_ci DEFAULT NULL,
  `plan_detail` varchar(255) CHARACTER SET utf8mb4 COLLATE utf8mb4_unicode_ci NOT NULL,
  `detail` text CHARACTER SET utf8mb4 COLLATE utf8mb4_unicode_ci,
  `created_by` int DEFAULT NULL,
  `updated_by` int DEFAULT NULL,
  `created_at` timestamp NULL DEFAULT NULL,
  `updated_at` timestamp NULL DEFAULT NULL,
  PRIMARY KEY (`id`),
  KEY `expense_plans_planning_year_id_foreign` (`planning_year_id`),
  KEY `expense_plans_section_id_foreign` (`section_id`),
  KEY `expense_plans_subsection_id_foreign` (`subsection_id`),
  KEY `expense_plans_pattern_id_foreign` (`pattern_id`),
  KEY `expense_plans_created_by_foreign` (`created_by`),
  KEY `expense_plans_updated_by_foreign` (`updated_by`),
  CONSTRAINT `expense_plans_created_by_foreign` FOREIGN KEY (`created_by`) REFERENCES `users` (`id`) ON DELETE SET NULL,
  CONSTRAINT `expense_plans_pattern_id_foreign` FOREIGN KEY (`pattern_id`) REFERENCES `expense_patterns` (`id`) ON DELETE SET NULL,
  CONSTRAINT `expense_plans_planning_year_id_foreign` FOREIGN KEY (`planning_year_id`) REFERENCES `planning_years` (`id`) ON DELETE CASCADE,
  CONSTRAINT `expense_plans_section_id_foreign` FOREIGN KEY (`section_id`) REFERENCES `expense_sections` (`id`) ON DELETE CASCADE,
  CONSTRAINT `expense_plans_subsection_id_foreign` FOREIGN KEY (`subsection_id`) REFERENCES `expense_subsections` (`id`) ON DELETE SET NULL,
  CONSTRAINT `expense_plans_updated_by_foreign` FOREIGN KEY (`updated_by`) REFERENCES `users` (`id`) ON DELETE SET NULL
) ENGINE=InnoDB AUTO_INCREMENT=2701 DEFAULT CHARSET=utf8mb4 COLLATE=utf8mb4_unicode_ci;
/*!40101 SET character_set_client = @saved_cs_client */;

--
-- Dumping data for table `expense_plans`
--

LOCK TABLES `expense_plans` WRITE;
/*!40000 ALTER TABLE `expense_plans` DISABLE KEYS */;
INSERT INTO `expense_plans` VALUES (2506,13,57,339,1,'2027','monthly','ເຄື່ອງໃຊ້ຫ້ອງການ',NULL,2,2,'2026-06-14 19:08:11','2026-06-14 19:08:11'),(2507,13,57,339,1,'2027','monthly','ແບບພິມ',NULL,2,2,'2026-06-14 19:08:11','2026-06-14 19:08:11'),(2508,13,57,339,1,'2027','monthly','ວາລະສານ ແລະ ໜັງສືພິມ',NULL,2,2,'2026-06-14 19:08:11','2026-06-14 19:08:11'),(2509,13,57,339,1,'2027','monthly','ຮັບແຂກ',NULL,2,2,'2026-06-14 19:08:11','2026-06-14 19:08:11'),(2510,13,57,339,1,'2027','monthly','ໂທລະສັບບໍລິຫານ',NULL,2,2,'2026-06-14 19:08:11','2026-06-14 19:08:11'),(2511,13,57,339,1,'2027','monthly','ຄ່າໄປສະນີ',NULL,2,2,'2026-06-14 19:08:11','2026-06-14 19:08:11'),(2512,13,57,339,1,'2027','monthly','ຄ່າບໍລິການທະນາຄານ',NULL,2,2,'2026-06-14 19:08:11','2026-06-14 19:08:11'),(2513,13,57,339,1,'2027','monthly','ຊື້ຂອງຂັວນຂອງຕ້ອນ',NULL,2,2,'2026-06-14 19:08:11','2026-06-14 19:08:11'),(2514,13,57,339,1,'2027','monthly','ວັນບຸນລະດັບຊາດ',NULL,2,2,'2026-06-14 19:08:11','2026-06-14 19:08:11'),(2515,13,57,339,1,'2027','monthly','ອຸດໜູນວຽກປ້ອງກັນ',NULL,2,2,'2026-06-14 19:08:11','2026-06-14 19:08:11'),(2516,13,57,339,1,'2027','monthly','ຄ່ານ້ຳມັນບໍລິຫານຫ້ອງການ',NULL,2,2,'2026-06-14 19:08:11','2026-06-14 19:08:11'),(2517,13,57,339,1,'2027','monthly','ຄ່ານ້ຳມັນເຄື່ອງ',NULL,2,2,'2026-06-14 19:08:11','2026-06-14 19:08:11'),(2518,13,57,341,1,'2027','monthly','ສຳນັກຄະນະບໍດີ',NULL,2,2,'2026-06-14 19:08:11','2026-06-14 19:08:11'),(2519,13,57,341,1,'2027','monthly','ພາວິຊາຄະນິດສາດ',NULL,2,2,'2026-06-14 19:08:11','2026-06-14 19:08:11'),(2520,13,57,341,1,'2027','monthly','ພາກວິຊາຟິຊິກສາດ',NULL,2,2,'2026-06-14 19:08:11','2026-06-14 19:08:11'),(2521,13,57,341,1,'2027','monthly','ພາກວິຊາເຄມີສາດ',NULL,2,2,'2026-06-14 19:08:11','2026-06-14 19:08:11'),(2522,13,57,341,1,'2027','monthly','ພາກວິຊາຊີວະວິທະຍາ',NULL,2,2,'2026-06-14 19:08:11','2026-06-14 19:08:11'),(2523,13,57,341,1,'2027','monthly','ພາກວິຊາວິທະຍາສາດຄອມພິວເຕີ',NULL,2,2,'2026-06-14 19:08:11','2026-06-14 19:08:11'),(2524,13,57,341,1,'2027','monthly','ພະແນກວິຊາການ',NULL,2,2,'2026-06-14 19:08:11','2026-06-14 19:08:11'),(2525,13,57,341,1,'2027','monthly','ພະແນກຈັດຕັ້ງສັງລວມ',NULL,2,2,'2026-06-14 19:08:11','2026-06-14 19:08:11'),(2526,13,57,341,1,'2027','monthly','ພະແນກການເງິນ-ຊັບສິນ',NULL,2,2,'2026-06-14 19:08:11','2026-06-14 19:08:11'),(2527,13,57,341,1,'2027','monthly','ພະແນກຄຸ້ມຄອງນັກສຶກສາ',NULL,2,2,'2026-06-14 19:08:11','2026-06-14 19:08:11'),(2528,13,57,341,1,'2027','monthly','ພະແນກຄົ້ນຄົ້ວ ແລະ ບໍລິການວິຊາການ',NULL,2,2,'2026-06-14 19:08:11','2026-06-14 19:08:11'),(2529,13,57,341,1,'2027','monthly','ພະແນກຫຼັງປະລິນຍາຕີ',NULL,2,2,'2026-06-14 19:08:11','2026-06-14 19:08:11'),(2530,13,57,342,1,'2027','monthly','ສຳນັກຄະນະບໍດີ',NULL,2,2,'2026-06-14 19:08:11','2026-06-14 19:08:11'),(2531,13,57,342,1,'2027','monthly','ພາວິຊາຄະນິດສາດ',NULL,2,2,'2026-06-14 19:08:11','2026-06-14 19:08:11'),(2532,13,57,342,1,'2027','monthly','ພາກວິຊາຟິຊິກສາດ',NULL,2,2,'2026-06-14 19:08:11','2026-06-14 19:08:11'),(2533,13,57,342,1,'2027','monthly','ພາກວິຊາເຄມີສາດ',NULL,2,2,'2026-06-14 19:08:11','2026-06-14 19:08:11'),(2534,13,57,342,1,'2027','monthly','ພາກວິຊາຊີວະວິທະຍາ',NULL,2,2,'2026-06-14 19:08:11','2026-06-14 19:08:11'),(2535,13,57,342,1,'2027','monthly','ພາກວິຊາວິທະຍາສາດຄອມພິວເຕີ',NULL,2,2,'2026-06-14 19:08:11','2026-06-14 19:08:11'),(2536,13,57,342,1,'2027','monthly','ພະແນກວິຊາການ',NULL,2,2,'2026-06-14 19:08:11','2026-06-14 19:08:11'),(2537,13,57,342,1,'2027','monthly','ພະແນກຈັດຕັ້ງສັງລວມ',NULL,2,2,'2026-06-14 19:08:11','2026-06-14 19:08:11'),(2538,13,57,342,1,'2027','monthly','ພະແນກການເງິນ-ຊັບສິນ',NULL,2,2,'2026-06-14 19:08:11','2026-06-14 19:08:11'),(2539,13,57,342,1,'2027','monthly','ພະແນກຄຸ້ມຄອງນັກສຶກສາ',NULL,2,2,'2026-06-14 19:08:11','2026-06-14 19:08:11'),(2540,13,57,342,1,'2027','monthly','ພະແນກຄົ້ນຄົ້ວ ແລະ ບໍລິການວິຊາການ',NULL,2,2,'2026-06-14 19:08:11','2026-06-14 19:08:11'),(2541,13,57,342,1,'2027','monthly','ພະແນກຫຼັງປະລິນຍາຕີ',NULL,2,2,'2026-06-14 19:08:11','2026-06-14 19:08:11'),(2542,13,57,343,1,'2027','monthly','ສຳນັກຄະນະບໍດີ',NULL,2,2,'2026-06-14 19:08:11','2026-06-14 19:08:11'),(2543,13,57,343,1,'2027','monthly','ພາວິຊາຄະນິດສາດ',NULL,2,2,'2026-06-14 19:08:11','2026-06-14 19:08:11'),(2544,13,57,343,1,'2027','monthly','ພາກວິຊາຟິຊິກສາດ',NULL,2,2,'2026-06-14 19:08:11','2026-06-14 19:08:11'),(2545,13,57,343,1,'2027','monthly','ພາກວິຊາເຄມີສາດ',NULL,2,2,'2026-06-14 19:08:11','2026-06-14 19:08:11'),(2546,13,57,343,1,'2027','monthly','ພາກວິຊາຊີວະວິທະຍາ',NULL,2,2,'2026-06-14 19:08:11','2026-06-14 19:08:11'),(2547,13,57,343,1,'2027','monthly','ພາກວິຊາວິທະຍາສາດຄອມພິວເຕີ',NULL,2,2,'2026-06-14 19:08:11','2026-06-14 19:08:11'),(2548,13,57,343,1,'2027','monthly','ພະແນກວິຊາການ',NULL,2,2,'2026-06-14 19:08:11','2026-06-14 19:08:11'),(2549,13,57,343,1,'2027','monthly','ພະແນກຈັດຕັ້ງສັງລວມ',NULL,2,2,'2026-06-14 19:08:11','2026-06-14 19:08:11'),(2550,13,57,343,1,'2027','monthly','ພະແນກການເງິນ-ຊັບສິນ',NULL,2,2,'2026-06-14 19:08:11','2026-06-14 19:08:11'),(2551,13,57,343,1,'2027','monthly','ພະແນກຄຸ້ມຄອງນັກສຶກສາ',NULL,2,2,'2026-06-14 19:08:11','2026-06-14 19:08:11'),(2552,13,57,343,1,'2027','monthly','ພະແນກຄົ້ນຄົ້ວ ແລະ ບໍລິການວິຊາການ',NULL,2,2,'2026-06-14 19:08:11','2026-06-14 19:08:11'),(2553,13,57,343,1,'2027','monthly','ພະແນກຫຼັງປະລິນຍາຕີ',NULL,2,2,'2026-06-14 19:08:11','2026-06-14 19:08:11'),(2554,13,57,344,1,'2027','monthly','ບຳລຸງຮັກສາຄອມພີວເຕີ',NULL,2,2,'2026-06-14 19:08:11','2026-06-14 19:08:11'),(2555,13,57,344,1,'2027','monthly','ບຳລຸງຮັກສາເຄື່ອງສາຍໂປຣເຈັກເຕີ',NULL,2,2,'2026-06-14 19:08:11','2026-06-14 19:08:11'),(2556,13,57,344,1,'2027','monthly','ບຳລຸງຮັກສາແອເຢັນ',NULL,2,2,'2026-06-14 19:08:11','2026-06-14 19:08:11'),(2557,13,57,344,1,'2027','monthly','ບຳລຸງຮັກສາຕູ້ເຢັນ + ຕູ້ນ້ຳເຢັນ',NULL,2,2,'2026-06-14 19:08:11','2026-06-14 19:08:11'),(2558,13,57,344,1,'2027','monthly','ບຳລຸງຮັກສາພັດລົມ',NULL,2,2,'2026-06-14 19:08:11','2026-06-14 19:08:11'),(2559,13,57,344,1,'2027','monthly','ບຳລຸງຮັກສາດອກໄຟ',NULL,2,2,'2026-06-14 19:08:11','2026-06-14 19:08:11'),(2560,13,57,344,1,'2027','monthly','ບຳລຸງຮັກສາເຄື່ອງພິມ',NULL,2,2,'2026-06-14 19:08:11','2026-06-14 19:08:11'),(2561,13,57,344,1,'2027','monthly','ບຳລຸງຮັກສາຈັກອັດສຳເນົາ',NULL,2,2,'2026-06-14 19:08:11','2026-06-14 19:08:11'),(2562,13,57,344,1,'2027','monthly','ບຳລຸງຮັກສາໂທລະສັບ',NULL,2,2,'2026-06-14 19:08:11','2026-06-14 19:08:11'),(2563,13,57,344,1,'2027','monthly','ບຳລຸງຮັກສາກ້ອງຖ່າຍຮູບ',NULL,2,2,'2026-06-14 19:08:11','2026-06-14 19:08:11'),(2564,13,57,344,1,'2027','monthly','ບຳລຸງຮັກສາໂທລະທັດ',NULL,2,2,'2026-06-14 19:08:11','2026-06-14 19:08:11'),(2565,13,57,344,1,'2027','monthly','ຈັກປ້ຳນ້ຳອັດຕະໂນມັດ',NULL,2,2,'2026-06-14 19:08:11','2026-06-14 19:08:11'),(2566,13,57,344,1,'2027','monthly','ຈັກຕັດຫຍ້າ',NULL,2,2,'2026-06-14 19:08:11','2026-06-14 19:08:11'),(2567,13,57,345,1,'2027','monthly','ສ້ອມແປງອາຄານສໍານັກງານຕ່າງໆ',NULL,2,2,'2026-06-14 19:08:11','2026-06-14 19:08:11'),(2568,13,57,345,1,'2027','monthly','ປັບປຸງອາຄານຫ້ອງຮຽນ-ຫ້ອງທົດລອງ',NULL,2,2,'2026-06-14 19:08:11','2026-06-14 19:08:11'),(2569,13,57,346,1,'2027','monthly','ລົດຕູ້',NULL,2,2,'2026-06-14 19:08:11','2026-06-14 19:08:11'),(2570,13,57,346,1,'2027','monthly','ລົດຈັກ',NULL,2,2,'2026-06-14 19:08:11','2026-06-14 19:08:11'),(2571,13,57,347,1,'2027','monthly','ຊື້ ໂຕະ, ຕັ່ງ',NULL,2,2,'2026-06-14 19:08:11','2026-06-14 19:08:11'),(2572,13,57,347,1,'2027','monthly','ບຳລຸງຮັກສາ, ສ້ອມແປງ ໂຕະ, ຕັ່ງ',NULL,2,2,'2026-06-14 19:08:11','2026-06-14 19:08:11'),(2573,13,57,347,1,'2027','monthly','ຊື້ເຄື່ອງຈັກ ແລະ ວັດຖຸອຸປະກອນ',NULL,2,2,'2026-06-14 19:08:11','2026-06-14 19:08:11'),(2574,13,57,347,1,'2027','monthly','ຊື້ພາຫະນະ',NULL,2,2,'2026-06-14 19:08:11','2026-06-14 19:08:11'),(2575,13,57,348,1,'2027','monthly','ປະກັນໄພລົດໃຫຍ່',NULL,2,2,'2026-06-14 19:08:11','2026-06-14 19:08:11'),(2576,13,57,349,1,'2027','monthly','ໄປວຽກທາງການພາຍໃນປະເທດ',NULL,2,2,'2026-06-14 19:08:11','2026-06-14 19:08:11'),(2577,13,57,349,1,'2027','monthly','ໄປວຽກທາງການຕ່າງປະເທດ',NULL,2,2,'2026-06-14 19:08:11','2026-06-14 19:08:11'),(2578,13,57,350,1,'2027','monthly','ບຳລຸງຮັກສາວິທະຍາເຂດ',NULL,2,2,'2026-06-14 19:08:11','2026-06-14 19:08:11'),(2579,13,57,350,1,'2027','monthly','- ຕັດຫຍ້າ',NULL,2,2,'2026-06-14 19:08:11','2026-06-14 19:08:11'),(2580,13,57,350,1,'2027','monthly','- ປູກ ແລະ ບົວລະບັດສວນດອກໄມ້',NULL,2,2,'2026-06-14 19:08:11','2026-06-14 19:08:11'),(2581,13,57,350,1,'2027','monthly','- ກ້າເບ້ຍໄມ້',NULL,2,2,'2026-06-14 19:08:11','2026-06-14 19:08:11'),(2582,13,57,350,1,'2027','monthly','- ອານາໄມເດີ່ນ',NULL,2,2,'2026-06-14 19:08:11','2026-06-14 19:08:11'),(2583,13,57,350,1,'2027','monthly','ອານາໄມອາຄານ',NULL,2,2,'2026-06-14 19:08:11','2026-06-14 19:08:11'),(2584,13,57,350,1,'2027','monthly','- ອານາໄມຫ້ອງຮຽນ',NULL,2,2,'2026-06-14 19:08:11','2026-06-14 19:08:11'),(2585,13,57,350,1,'2027','monthly','- ອານາໄມຫ້ອງການ',NULL,2,2,'2026-06-14 19:08:11','2026-06-14 19:08:11'),(2586,13,57,350,1,'2027','monthly','- ອານາໄມຫ້ອງທົດລອງຄອມພິວເຕີ',NULL,2,2,'2026-06-14 19:08:11','2026-06-14 19:08:11'),(2587,13,57,351,1,'2027','monthly','ປະຖົມນິເທດນັກສຶກສາ',NULL,2,2,'2026-06-14 19:08:11','2026-06-14 19:08:11'),(2588,13,57,351,1,'2027','monthly','ກວດສອບການປະຕິບັດລະບຽບວິໃນນັກສຶກສາ',NULL,2,2,'2026-06-14 19:08:11','2026-06-14 19:08:11'),(2589,13,58,352,1,'2027','monthly','ອຸປະກອນການຮຽນ-ການສອນ',NULL,2,2,'2026-06-14 19:08:11','2026-06-14 19:08:11'),(2590,13,58,352,1,'2027','monthly','ອຸປະກອນການສອບເສັງ',NULL,2,2,'2026-06-14 19:08:11','2026-06-14 19:08:11'),(2591,13,58,354,1,'2027','monthly','ພາກວິຊາຄະນິດສາດ',NULL,2,2,'2026-06-14 19:08:11','2026-06-14 19:08:11'),(2592,13,58,354,1,'2027','monthly','ພາກວິຊາຟີຊິກສາດ',NULL,2,2,'2026-06-14 19:08:11','2026-06-14 19:08:11'),(2593,13,58,354,1,'2027','monthly','ພາກວິຊາເຄມີສາດ',NULL,2,2,'2026-06-14 19:08:11','2026-06-14 19:08:11'),(2594,13,58,354,1,'2027','monthly','ພາກວິຊາຊີວະວິທະຍາ',NULL,2,2,'2026-06-14 19:08:11','2026-06-14 19:08:11'),(2595,13,58,354,1,'2027','monthly','ພາກວິຊາວິທະຍາສາດຄອມພີວເຕີ',NULL,2,2,'2026-06-14 19:08:11','2026-06-14 19:08:11'),(2596,13,58,355,1,'2027','monthly','ພາກວິຊາຄະນິດສາດ',NULL,2,2,'2026-06-14 19:08:11','2026-06-14 19:08:11'),(2597,13,58,355,1,'2027','monthly','ພາກວິຊາຟີຊິກສາດ',NULL,2,2,'2026-06-14 19:08:11','2026-06-14 19:08:11'),(2598,13,58,355,1,'2027','monthly','ພາກວິຊາເຄມີສາດ',NULL,2,2,'2026-06-14 19:08:11','2026-06-14 19:08:11'),(2599,13,58,355,1,'2027','monthly','ພາກວິຊາຊີວະວິທະຍາ',NULL,2,2,'2026-06-14 19:08:11','2026-06-14 19:08:11'),(2600,13,58,355,1,'2027','monthly','ພາກວິຊາວິທະຍາສາດຄອມພີວເຕີ',NULL,2,2,'2026-06-14 19:08:11','2026-06-14 19:08:11'),(2601,13,58,355,1,'2027','monthly','ປັບປຸງ ແລະ ພັດທະນາຫຼັກສູດ ປໍໂທ+ເອກ',NULL,2,2,'2026-06-14 19:08:11','2026-06-14 19:08:11'),(2602,13,58,356,1,'2027','monthly','ພາກວິຊາຄະນິດສາດ',NULL,2,2,'2026-06-14 19:08:11','2026-06-14 19:08:11'),(2603,13,58,356,1,'2027','monthly','ພາກວິຊາຟິຊິກສາດ',NULL,2,2,'2026-06-14 19:08:11','2026-06-14 19:08:11'),(2604,13,58,356,1,'2027','monthly','ພາກວິຊາເຄມີສາດ',NULL,2,2,'2026-06-14 19:08:11','2026-06-14 19:08:11'),(2605,13,58,356,1,'2027','monthly','ພາກວິຊາຊີວະວິທະຍາ',NULL,2,2,'2026-06-14 19:08:11','2026-06-14 19:08:11'),(2606,13,58,356,1,'2027','monthly','ພາກວິຊາວິທະຍາສາດຄອມພິວເຕີ',NULL,2,2,'2026-06-14 19:08:11','2026-06-14 19:08:11'),(2607,13,58,356,1,'2027','monthly','ຊື້ອຸປະກອນທົດລອງ',NULL,2,2,'2026-06-14 19:08:11','2026-06-14 19:08:11'),(2608,13,58,357,1,'2027','monthly','ອຸປະກອນທົດລອງຟິຊິກສາດ',NULL,2,2,'2026-06-14 19:08:11','2026-06-16 08:40:27'),(2609,13,58,357,1,'2027','monthly','ອຸປະກອນທົດລອງເຄມີສາດ',NULL,2,2,'2026-06-14 19:08:11','2026-06-14 19:08:11'),(2610,13,58,357,1,'2027','monthly','ອຸປະກອນທົດລອງຊີວະວິທະຍາ',NULL,2,2,'2026-06-14 19:08:11','2026-06-14 19:08:11'),(2611,13,58,357,1,'2027','monthly','ຄອມພິວເຕີຕັ້່ງໂຕະ (PC)',NULL,2,2,'2026-06-14 19:08:11','2026-06-14 19:08:11'),(2612,13,58,357,1,'2027','monthly','ໂປຣເຈັກເຕີໃສ່ຫ້ອງຮຽນ',NULL,2,2,'2026-06-14 19:08:11','2026-06-14 19:08:11'),(2613,13,58,358,1,'2027','monthly','ພິທີສະຫຼຸບຊຸດຮຽນ ແລະ ເປີດສົກຮຽນໃໝ່ ປໍໂທ',NULL,2,2,'2026-06-14 19:08:11','2026-06-14 19:08:11'),(2614,13,58,358,1,'2027','monthly','ກອງປະຊຸມສໍາມະນາວິຊາການ ປໍໂທ',NULL,2,2,'2026-06-14 19:08:11','2026-06-14 19:08:11'),(2615,13,58,358,1,'2027','monthly','ກອງປະຊຸມຜູ້ຊົງຄຸນວຸດທິ ປໍໂທ',NULL,2,2,'2026-06-14 19:08:11','2026-06-14 19:08:11'),(2616,13,58,359,1,'2027','monthly','ຊື້ປື້ມໃສ່ຫ້ອງອ່ານ',NULL,2,2,'2026-06-14 19:08:11','2026-06-14 19:08:11'),(2617,13,58,359,1,'2027','monthly','ຊື້ຮ້ານປື້ມໃສ່ຫ້ອງອ່ານ',NULL,2,2,'2026-06-14 19:08:11','2026-06-14 19:08:11'),(2618,13,58,360,1,'2027','monthly','ສົ່ງພະນັກງານໄປຍົກລະດັບໄລຍະຍາວ',NULL,2,2,'2026-06-14 19:08:11','2026-06-14 19:08:11'),(2619,13,58,361,1,'2027','monthly','ງົບປະມານຕິດຕາມຫຼັກສູດ ປໍໂທ',NULL,2,2,'2026-06-14 19:08:11','2026-06-14 19:08:11'),(2620,13,59,362,1,'2027','monthly','ສົ່ງເສີມວິຊາການສ່ວນກາງ',NULL,2,2,'2026-06-14 19:08:11','2026-06-14 19:08:11'),(2621,13,59,362,1,'2027','monthly','ກອງປະຊຸມສຳມະນາການເງິນ (ພະແນກການເງິນ )',NULL,2,2,'2026-06-14 19:08:11','2026-06-14 19:08:11'),(2622,13,59,362,1,'2027','monthly','ພະແນກບໍລິຫານສັງລວມ',NULL,2,2,'2026-06-14 19:08:11','2026-06-14 19:08:11'),(2623,13,59,362,1,'2027','monthly','ໜ່ວຍງານ ICT',NULL,2,2,'2026-06-14 19:08:11','2026-06-14 19:08:11'),(2624,13,59,362,1,'2027','monthly','ຫຼັງປະລິນຍາຕີ',NULL,2,2,'2026-06-14 19:08:11','2026-06-14 19:08:11'),(2625,13,59,362,1,'2027','monthly','ຄົ້ນຄ້ວາ ແລະ ບໍລິການວິຊາການ',NULL,2,2,'2026-06-14 19:08:11','2026-06-14 19:08:11'),(2626,13,59,362,1,'2027','monthly','ພັດທະນາຫຸ່ນຍົນ (Robot)',NULL,2,2,'2026-06-14 19:08:11','2026-06-14 19:08:11'),(2627,13,59,362,1,'2027','monthly','ພະແນກວິຊາການ',NULL,2,2,'2026-06-14 19:08:11','2026-06-14 19:08:11'),(2628,13,59,362,1,'2027','monthly','ພະແນກຄຸ້ມຄອງນັກສຶກສາ',NULL,2,2,'2026-06-14 19:08:11','2026-06-14 19:08:11'),(2629,13,59,362,1,'2027','monthly','ພາກວິຊາຄະນິດສາດ',NULL,2,2,'2026-06-14 19:08:11','2026-06-14 19:08:11'),(2630,13,59,362,1,'2027','monthly','ພາກວິຊາຟີຊິກສາດ',NULL,2,2,'2026-06-14 19:08:11','2026-06-14 19:08:11'),(2631,13,59,362,1,'2027','monthly','ພາກວິຊາເຄມີສາດ',NULL,2,2,'2026-06-14 19:08:11','2026-06-14 19:08:11'),(2632,13,59,362,1,'2027','monthly','ພາກວິຊາຊີວະວິທະຍາ',NULL,2,2,'2026-06-14 19:08:11','2026-06-14 19:08:11'),(2633,13,59,362,1,'2027','monthly','ພາກວິຊາວິທະຍາສາດຄອມພີວເຕີ',NULL,2,2,'2026-06-14 19:08:11','2026-06-14 19:08:11'),(2634,13,59,362,1,'2027','monthly','ສາມອົງການຈັດຕັ້ງມະຫາຊົນ',NULL,2,2,'2026-06-14 19:08:11','2026-06-14 19:08:11'),(2635,13,59,362,1,'2027','monthly','ເຄື່ອນໄຫວວຽກວິຊາການອື່ນໆ',NULL,2,2,'2026-06-14 19:08:11','2026-06-14 19:08:11'),(2636,13,59,363,1,'2027','monthly','ສຳນັກຄະນະບໍດີ',NULL,2,2,'2026-06-14 19:08:11','2026-06-14 19:08:11'),(2637,13,59,363,1,'2027','monthly','ພາກວິຊາຄະນິດສາດ',NULL,2,2,'2026-06-14 19:08:11','2026-06-14 19:08:11'),(2638,13,59,363,1,'2027','monthly','ພາກວິຊາຟິຊິກສາດ',NULL,2,2,'2026-06-14 19:08:11','2026-06-14 19:08:11'),(2639,13,59,363,1,'2027','monthly','ພາກວິຊາເຄມີສາດ',NULL,2,2,'2026-06-14 19:08:11','2026-06-14 19:08:11'),(2640,13,59,363,1,'2027','monthly','ພາກວິຊາຊີວະວິທະຍາ',NULL,2,2,'2026-06-14 19:08:11','2026-06-14 19:08:11'),(2641,13,59,363,1,'2027','monthly','ພາກວິຊາວິທະຍາສາດຄອມພິວເຕີ',NULL,2,2,'2026-06-14 19:08:11','2026-06-14 19:08:11'),(2642,13,59,364,1,'2027','monthly','ສຳນັກຄະນະບໍດີ',NULL,2,2,'2026-06-14 19:08:11','2026-06-14 19:08:11'),(2643,13,59,364,1,'2027','monthly','ພາກວິຊາຄະນິດສາດ',NULL,2,2,'2026-06-14 19:08:11','2026-06-14 19:08:11'),(2644,13,59,364,1,'2027','monthly','ພາກວິຊາຟິຊິກສາດ',NULL,2,2,'2026-06-14 19:08:11','2026-06-14 19:08:11'),(2645,13,59,364,1,'2027','monthly','ພາກວິຊາເຄມີສາດ',NULL,2,2,'2026-06-14 19:08:11','2026-06-14 19:08:11'),(2646,13,59,364,1,'2027','monthly','ພາກວິຊາຊີວະວິທະຍາ',NULL,2,2,'2026-06-14 19:08:11','2026-06-14 19:08:11'),(2647,13,59,364,1,'2027','monthly','ພາກວິຊາວິທະຍາສາດຄອມພິວເຕີ',NULL,2,2,'2026-06-14 19:08:11','2026-06-14 19:08:11'),(2648,13,60,365,1,'2027','monthly','ຄະນະບໍດີ',NULL,2,2,'2026-06-14 19:08:11','2026-06-14 19:08:11'),(2649,13,60,365,1,'2027','monthly','ຮອງຄະນະບໍດີ',NULL,2,2,'2026-06-14 19:08:11','2026-06-14 19:08:11'),(2650,13,60,365,1,'2027','monthly','ຫົວໜ້າພາກວິຊາ',NULL,2,2,'2026-06-14 19:08:11','2026-06-14 19:08:11'),(2651,13,60,365,1,'2027','monthly','ຫົວໜ້າພະແນກ',NULL,2,2,'2026-06-14 19:08:11','2026-06-14 19:08:11'),(2652,13,60,365,1,'2027','monthly','ຮອງຫົວໜ້າພາກວິຊາ',NULL,2,2,'2026-06-14 19:08:11','2026-06-14 19:08:11'),(2653,13,60,365,1,'2027','monthly','ຮອງຫົວໜ້າພະແນກ',NULL,2,2,'2026-06-14 19:08:11','2026-06-14 19:08:11'),(2654,13,60,365,1,'2027','monthly','ຫົວໜ້າໜ່ວຍງານ, ເລຂາ',NULL,2,2,'2026-06-14 19:08:11','2026-06-14 19:08:11'),(2655,13,60,365,1,'2027','monthly','ຫົວໜ້າໜ່ວຍວິຊາ',NULL,2,2,'2026-06-14 19:08:11','2026-06-14 19:08:11'),(2656,13,60,365,1,'2027','monthly','ໜ່ວຍງານ, ສາມອົງການຈັດຕັ້ງ',NULL,2,2,'2026-06-14 19:08:11','2026-06-14 19:08:11'),(2657,13,60,365,1,'2027','monthly','ສາມອົງການຈັດຕັ້ງມະຫາຊົນ',NULL,2,2,'2026-06-14 19:08:11','2026-06-14 19:08:11'),(2658,13,60,366,1,'2027','monthly','ຄະນະບໍດີ',NULL,2,2,'2026-06-14 19:08:11','2026-06-14 19:08:11'),(2659,13,60,366,1,'2027','monthly','ຮອງຄະນະບໍດີ, ຫົວໜ້າພາກວິຊາ',NULL,2,2,'2026-06-14 19:08:11','2026-06-14 19:08:11'),(2660,13,60,366,1,'2027','monthly','ຫົວໜ້າພະແນກ, ຮອງພາກວິຊາ',NULL,2,2,'2026-06-14 19:08:11','2026-06-14 19:08:11'),(2661,13,60,366,1,'2027','monthly','ຮອງຫົວໜ້າພະແນກ, ຮສ ແລະ ຫົວໜ້າໜ່ວຍວິຊາ',NULL,2,2,'2026-06-14 19:08:11','2026-06-14 19:08:11'),(2662,13,60,366,1,'2027','monthly','ຮອງຫົວໜ້າໜ່ວຍວິຊາ, ຫົວໜ້າໜ່ວຍງານ',NULL,2,2,'2026-06-14 19:08:11','2026-06-14 19:08:11'),(2663,13,60,366,1,'2027','monthly','ຮອງຫົວໜ້າໜ່ວຍງານ',NULL,2,2,'2026-06-14 19:08:11','2026-06-14 19:08:11'),(2664,13,60,366,1,'2027','monthly','ອາຈານ ແລະ ພະນັກງານທົ່ວໄປ',NULL,2,2,'2026-06-14 19:08:11','2026-06-14 19:08:11'),(2665,13,60,367,1,'2027','monthly','ຄ່າແຮງງານພະນັກງານສັນຍາຈ້າງສຳນັກ',NULL,2,2,'2026-06-14 19:08:11','2026-06-14 19:08:11'),(2666,13,60,367,1,'2027','monthly','ຄ່າແຮງງານພະນັກງານສັນຍາຈ້າງຂັບລົດ',NULL,2,2,'2026-06-14 19:08:11','2026-06-14 19:08:11'),(2667,13,60,367,1,'2027','monthly','ສັນຍາຈ້າງບຳລູງຮັກສາລະບົບຂໍ້ມູນຂ່າວສານ (ICT)',NULL,2,2,'2026-06-14 19:08:11','2026-06-14 19:08:11'),(2668,13,60,368,1,'2027','monthly','ອຸດໜູນພະນັກງານລົງທະບຽນ',NULL,2,2,'2026-06-14 19:08:11','2026-06-14 19:08:11'),(2669,13,60,368,1,'2027','monthly','ອຸໜູນການສອບເສັງ',NULL,2,2,'2026-06-14 19:08:11','2026-06-14 19:08:11'),(2670,13,60,368,1,'2027','monthly','ອຸດໜູນການກວດສອບງົບປະມານ',NULL,2,2,'2026-06-14 19:08:11','2026-06-14 19:08:11'),(2671,13,60,368,1,'2027','monthly','ອຸດໜູນການເຮັດວຽກຕາມຂໍ້ຕົກລົງຕ່າງໆ',NULL,2,2,'2026-06-14 19:08:11','2026-06-14 19:08:11'),(2672,13,60,368,1,'2027','monthly','ອຸດໜູນການບໍລິຫານເທີມສາມ',NULL,2,2,'2026-06-14 19:08:11','2026-06-14 19:08:11'),(2673,13,60,368,1,'2027','monthly','ອຸດໜູນກະກຽມສະຫລຸບການເງິນ',NULL,2,2,'2026-06-14 19:08:11','2026-06-14 19:08:11'),(2674,13,60,368,1,'2027','monthly','ອຸດໜູນການບໍລິຫານ ປໍ ໂທ',NULL,2,2,'2026-06-14 19:08:11','2026-06-14 19:08:11'),(2675,13,60,368,1,'2027','monthly','ອຸດໜູນການນໍາພາບົດວິທະຍານິພົນ',NULL,2,2,'2026-06-14 19:08:11','2026-06-14 19:08:11'),(2676,13,61,369,1,'2027','monthly','ຄ່າຊົ່ວໂມງສອນພາກພິເສດ',NULL,2,2,'2026-06-14 19:08:11','2026-06-14 19:08:11'),(2677,13,61,369,1,'2027','monthly','ຄ່າຊົ່ວໂມງສອນເທີມສາມ',NULL,2,2,'2026-06-14 19:08:11','2026-06-14 19:08:11'),(2678,13,61,369,1,'2027','monthly','ຄ່າຊົ່ວໂມງສອນປະລິນຍາໂທ',NULL,2,2,'2026-06-14 19:08:11','2026-06-14 19:08:11'),(2679,13,61,370,1,'2027','monthly','ຄ່າກຳມະການສອບເສັງຈົບຊັ້ນ',NULL,2,2,'2026-06-14 19:08:11','2026-06-14 19:08:11'),(2680,13,61,370,1,'2027','monthly','ຄ່າຍາມຫ້ອງເສັງ',NULL,2,2,'2026-06-14 19:08:11','2026-06-14 19:08:11'),(2681,13,61,370,1,'2027','monthly','ຄ່າອອກຫົວບົດ ແລະ ກວດບົດ',NULL,2,2,'2026-06-14 19:08:11','2026-06-14 19:08:11'),(2682,13,61,370,1,'2027','monthly','ຄ່າບໍລິການສອບເສັງປະລິນຍາໂທ',NULL,2,2,'2026-06-14 19:08:11','2026-06-14 19:08:11'),(2683,13,61,371,1,'2027','monthly','ຄ່າຊີ້ນຳບົດໂຄງການຈົບຊັ້ນ',NULL,2,2,'2026-06-14 19:08:11','2026-06-14 19:08:11'),(2684,13,61,371,1,'2027','monthly','ຄ່າກຳມະການປ້ອງກັນບົດຈົບຊັ້ນ',NULL,2,2,'2026-06-14 19:08:11','2026-06-14 19:08:11'),(2685,13,61,371,1,'2027','monthly','ຄ່າດຳເນີນບົດໂຄງການຈົບຊັ້ນປະລິນຍາໂທ',NULL,2,2,'2026-06-14 19:08:11','2026-06-14 19:08:11'),(2686,13,62,372,1,'2027','monthly','ບໍລິຈາກເລືອດຄັ້ງທີ I',NULL,2,2,'2026-06-14 19:08:11','2026-06-14 19:08:11'),(2687,13,62,372,1,'2027','monthly','ບໍລິຈາກເລືອດຄັ້ງທີ II',NULL,2,2,'2026-06-14 19:08:11','2026-06-14 19:08:11'),(2688,13,62,373,1,'2027','monthly','ການແຂ່ງຂັນກິລາຊາວໜຸ່ມ',NULL,2,2,'2026-06-14 19:08:11','2026-06-14 19:08:11'),(2689,13,62,373,1,'2027','monthly','ການເຄື່ອງໄຫວກິລາພາຍໃນ',NULL,2,2,'2026-06-14 19:08:11','2026-06-14 19:08:11'),(2690,13,62,373,1,'2027','monthly','ການເຄື່ອນໄຫວກິລາກັບທາງນອກ',NULL,2,2,'2026-06-14 19:08:11','2026-06-14 19:08:11'),(2691,13,62,373,1,'2027','monthly','ການເຄື່ອນໄຫວສິນລະປະກຳຂອງນັກສຶກສາ',NULL,2,2,'2026-06-14 19:08:11','2026-06-14 19:08:11'),(2692,13,62,373,1,'2027','monthly','ການຝຶກຊ້ອມສິນລະປະວັນນະຄະດີ',NULL,2,2,'2026-06-14 19:08:11','2026-06-14 19:08:11'),(2693,13,62,374,1,'2027','monthly','ອານາໄມຫ້ອງຮຽນ, ຫ້ອງການ',NULL,2,2,'2026-06-14 19:08:11','2026-06-14 19:08:11'),(2694,13,62,374,1,'2027','monthly','ອານາໄມສະຖານທີ່ຮັບຜິດຊອບ',NULL,2,2,'2026-06-14 19:08:11','2026-06-14 19:08:11'),(2695,13,62,374,1,'2027','monthly','ປຸກຕົ້ນໄມ້',NULL,2,2,'2026-06-14 19:08:11','2026-06-14 19:08:11'),(2696,13,62,375,1,'2027','monthly','ຄ່າເຊົ່າຫ້ອງປະຊຸມ 1 ວັນ',NULL,2,2,'2026-06-14 19:08:11','2026-06-14 19:08:11'),(2697,13,62,375,1,'2027','monthly','ຄ່ານ້ຳດື່ມມື້ຈັດງານ',NULL,2,2,'2026-06-14 19:08:11','2026-06-14 19:08:11'),(2698,13,62,375,1,'2027','monthly','ຄ່າຂັນລາງວັນ',NULL,2,2,'2026-06-14 19:08:11','2026-06-14 19:08:11'),(2699,13,62,375,1,'2027','monthly','ຄ່າອອກຄຳຖາມ',NULL,2,2,'2026-06-14 19:08:11','2026-06-14 19:08:11'),(2700,13,63,376,5,'2027','event_based','123',NULL,2,2,'2026-06-15 09:48:34','2026-06-15 09:48:34');
/*!40000 ALTER TABLE `expense_plans` ENABLE KEYS */;
UNLOCK TABLES;

--
-- Table structure for table `expense_sections`
--

DROP TABLE IF EXISTS `expense_sections`;
/*!40101 SET @saved_cs_client     = @@character_set_client */;
/*!50503 SET character_set_client = utf8mb4 */;
CREATE TABLE `expense_sections` (
  `id` bigint unsigned NOT NULL AUTO_INCREMENT,
  `planning_year_id` bigint unsigned DEFAULT NULL,
  `code` varchar(20) CHARACTER SET utf8mb4 COLLATE utf8mb4_unicode_ci NOT NULL,
  `name` varchar(255) CHARACTER SET utf8mb4 COLLATE utf8mb4_unicode_ci NOT NULL,
  `description` text CHARACTER SET utf8mb4 COLLATE utf8mb4_unicode_ci,
  `display_order` int unsigned NOT NULL DEFAULT '0',
  `summary_period_count` decimal(10,2) NOT NULL DEFAULT '12.00',
  `is_active` tinyint(1) NOT NULL DEFAULT '1',
  `created_at` timestamp NULL DEFAULT NULL,
  `updated_at` timestamp NULL DEFAULT NULL,
  PRIMARY KEY (`id`),
  KEY `expense_sections_planning_year_id_index` (`planning_year_id`)
) ENGINE=InnoDB AUTO_INCREMENT=64 DEFAULT CHARSET=utf8mb4 COLLATE=utf8mb4_unicode_ci;
/*!40101 SET character_set_client = @saved_cs_client */;

--
-- Dumping data for table `expense_sections`
--

LOCK TABLES `expense_sections` WRITE;
/*!40000 ALTER TABLE `expense_sections` DISABLE KEYS */;
INSERT INTO `expense_sections` VALUES (57,13,'2.1','ແຜນງົບປະມານລາຍຈ່າຍບໍລິຫານປົກກະຕິຂອງ ຄວທ',NULL,1,12.00,1,'2026-06-14 18:18:08','2026-06-16 08:40:27'),(58,13,'2.2','ແຜນງົບປະມານລາຍຈ່າຍປັບປຸງ ແລະ ສົ່ງເສີມວິຊາການຂອງ ຄວທ',NULL,2,12.00,1,'2026-06-14 18:18:08','2026-06-16 08:40:27'),(59,13,'2.3','ແຜນງົບປະມານລາຍຈ່າຍດັດສົມ, ສົ່ງເສີມ ແລະ ບຳລຸງຮັກສາຂອງ ຄວທ',NULL,3,12.00,1,'2026-06-14 18:18:08','2026-06-16 08:40:27'),(60,13,'2.4','ແຜນງົບປະມານລາຍຈ່າຍບໍລິຫານອຸດໜູນກົງຈັກ',NULL,4,12.00,1,'2026-06-14 18:18:08','2026-06-16 08:40:27'),(61,13,'2.5','ແຜນງົບປະມານລາຍຈ່າຍຄ່າສິດສອນ ແລະ ການປະເມີນ',NULL,5,12.00,1,'2026-06-14 18:18:08','2026-06-16 08:40:27'),(62,13,'2.6','ແຜນລາຍຈ່າຍເຄື່ອນໄຫວນອກຫຼັກສູດ',NULL,6,12.00,1,'2026-06-14 18:18:08','2026-06-16 08:40:27'),(63,13,'2.7','GG',NULL,7,12.00,1,'2026-06-15 09:46:54','2026-06-15 09:46:54');
/*!40000 ALTER TABLE `expense_sections` ENABLE KEYS */;
UNLOCK TABLES;

--
-- Table structure for table `expense_subsection_default_rows`
--

DROP TABLE IF EXISTS `expense_subsection_default_rows`;
/*!40101 SET @saved_cs_client     = @@character_set_client */;
/*!50503 SET character_set_client = utf8mb4 */;
CREATE TABLE `expense_subsection_default_rows` (
  `id` bigint unsigned NOT NULL AUTO_INCREMENT,
  `subsection_code` varchar(30) CHARACTER SET utf8mb4 COLLATE utf8mb4_unicode_ci NOT NULL,
  `item_name` varchar(255) CHARACTER SET utf8mb4 COLLATE utf8mb4_unicode_ci NOT NULL,
  `chart_of_account_id` int unsigned DEFAULT NULL,
  `sort_order` int unsigned NOT NULL DEFAULT '1',
  `default_values` json DEFAULT NULL,
  `is_active` tinyint(1) NOT NULL DEFAULT '1',
  `created_at` timestamp NULL DEFAULT NULL,
  `updated_at` timestamp NULL DEFAULT NULL,
  PRIMARY KEY (`id`),
  KEY `expense_subsection_default_rows_subsection_code_sort_order_index` (`subsection_code`,`sort_order`),
  KEY `expense_subsection_default_rows_subsection_code_index` (`subsection_code`),
  KEY `expense_subsection_default_rows_chart_of_account_id_foreign` (`chart_of_account_id`),
  CONSTRAINT `expense_subsection_default_rows_chart_of_account_id_foreign` FOREIGN KEY (`chart_of_account_id`) REFERENCES `chart_of_accounts` (`id`) ON DELETE SET NULL
) ENGINE=InnoDB AUTO_INCREMENT=200 DEFAULT CHARSET=utf8mb4 COLLATE=utf8mb4_unicode_ci;
/*!40101 SET character_set_client = @saved_cs_client */;

--
-- Dumping data for table `expense_subsection_default_rows`
--

LOCK TABLES `expense_subsection_default_rows` WRITE;
/*!40000 ALTER TABLE `expense_subsection_default_rows` DISABLE KEYS */;
INSERT INTO `expense_subsection_default_rows` VALUES (1,'2.1.1','ເຄື່ອງໃຊ້ຫ້ອງການ',116,1,'{\"month_count\": 1, \"yearly_total\": 0, \"amount_per_month\": 0}',1,'2026-06-08 09:35:55','2026-06-16 08:47:03'),(2,'2.1.1','ແບບພິມ',117,2,'{\"month_count\": 1, \"yearly_total\": 0, \"amount_per_month\": 0}',1,'2026-06-08 09:35:55','2026-06-16 10:09:22'),(3,'2.1.1','ວາລະສານ ແລະ ໜັງສືພິມ',118,3,'{\"month_count\": 1, \"yearly_total\": 0, \"amount_per_month\": 0}',1,'2026-06-08 09:35:55','2026-06-16 10:09:22'),(4,'2.1.1','ຮັບແຂກ',167,4,'{\"month_count\": 1, \"yearly_total\": 0, \"amount_per_month\": 0}',1,'2026-06-08 09:35:55','2026-06-16 10:09:22'),(5,'2.1.1','ໂທລະສັບບໍລິຫານ',151,5,'{\"month_count\": 1, \"yearly_total\": 0, \"amount_per_month\": 0}',1,'2026-06-08 09:35:55','2026-06-16 10:09:22'),(6,'2.1.1','ຄ່າໄປສະນີ',150,6,'{\"month_count\": 1, \"yearly_total\": 0, \"amount_per_month\": 0}',1,'2026-06-08 09:35:55','2026-06-16 10:09:22'),(7,'2.1.1','ຄ່າບໍລິການທະນາຄານ',153,7,'{\"month_count\": 1, \"yearly_total\": 0, \"amount_per_month\": 0}',1,'2026-06-08 09:35:56','2026-06-16 10:09:22'),(8,'2.1.1','ຊື້ຂອງຂັວນຂອງຕ້ອນ',169,8,'{\"month_count\": 1, \"yearly_total\": 0, \"amount_per_month\": 0}',1,'2026-06-08 09:35:56','2026-06-16 10:09:22'),(9,'2.1.1','ວັນບຸນລະດັບຊາດ',170,9,'{\"month_count\": 1, \"yearly_total\": 0, \"amount_per_month\": 0}',1,'2026-06-08 09:35:56','2026-06-16 10:09:22'),(10,'2.1.1','ອຸດໜູນວຽກປ້ອງກັນ',80,10,'{\"month_count\": 1, \"yearly_total\": 0, \"amount_per_month\": 0}',1,'2026-06-08 09:35:56','2026-06-16 10:52:53'),(11,'2.1.1','ຄ່ານ້ຳມັນບໍລິຫານຫ້ອງການ',114,11,'{\"month_count\": 1, \"yearly_total\": 0, \"amount_per_month\": 0}',1,'2026-06-08 09:35:56','2026-06-16 10:09:22'),(12,'2.1.1','ຄ່ານ້ຳມັນເຄື່ອງ',114,12,'{\"month_count\": 1, \"yearly_total\": 0, \"amount_per_month\": 0}',1,'2026-06-08 09:35:56','2026-06-16 10:09:22'),(13,'2.1.2','ບຳລຸງຮັກສາຄອມພີວເຕີ',138,1,'{\"month_count\": 1, \"yearly_total\": 0, \"amount_per_month\": 0}',1,'2026-06-08 09:35:56','2026-06-16 10:09:22'),(14,'2.1.2','ບຳລຸງຮັກສາເຄື່ອງສາຍໂປຣເຈັກເຕີ',138,2,'{\"month_count\": 1, \"yearly_total\": 0, \"amount_per_month\": 0}',1,'2026-06-08 09:35:56','2026-06-16 10:09:22'),(15,'2.1.2','ບຳລຸງຮັກສາແອເຢັນ',138,3,'{\"month_count\": 1, \"yearly_total\": 0, \"amount_per_month\": 0}',1,'2026-06-08 09:35:56','2026-06-16 10:09:22'),(16,'2.1.2','ບຳລຸງຮັກສາຕູ້ເຢັນ + ຕູ້ນ້ຳເຢັນ',138,4,'{\"month_count\": 1, \"yearly_total\": 0, \"amount_per_month\": 0}',1,'2026-06-08 09:35:56','2026-06-16 10:09:22'),(17,'2.1.2','ບຳລຸງຮັກສາພັດລົມ',138,5,'{\"month_count\": 1, \"yearly_total\": 0, \"amount_per_month\": 0}',1,'2026-06-08 09:35:56','2026-06-16 10:09:22'),(18,'2.1.2','ບຳລຸງຮັກສາດອກໄຟ',138,6,'{\"month_count\": 1, \"yearly_total\": 0, \"amount_per_month\": 0}',1,'2026-06-08 09:35:56','2026-06-16 10:09:22'),(19,'2.1.2','ບຳລຸງຮັກສາເຄື່ອງພິມ',138,7,'{\"month_count\": 1, \"yearly_total\": 0, \"amount_per_month\": 0}',1,'2026-06-08 09:35:56','2026-06-16 10:09:22'),(20,'2.1.2','ບຳລຸງຮັກສາຈັກອັດສຳເນົາ',138,8,'{\"month_count\": 1, \"yearly_total\": 0, \"amount_per_month\": 0}',1,'2026-06-08 09:35:56','2026-06-16 10:09:22'),(21,'2.1.2','ບຳລຸງຮັກສາໂທລະສັບ',138,9,'{\"month_count\": 1, \"yearly_total\": 0, \"amount_per_month\": 0}',1,'2026-06-08 09:35:56','2026-06-16 10:09:22'),(22,'2.1.2','ບຳລຸງຮັກສາກ້ອງຖ່າຍຮູບ',138,10,'{\"month_count\": 1, \"yearly_total\": 0, \"amount_per_month\": 0}',1,'2026-06-08 09:35:56','2026-06-16 10:09:22'),(23,'2.1.2','ບຳລຸງຮັກສາໂທລະທັດ',138,11,'{\"month_count\": 1, \"yearly_total\": 0, \"amount_per_month\": 0}',1,'2026-06-08 09:35:56','2026-06-16 10:09:22'),(24,'2.1.2','ຈັກປ້ຳນ້ຳອັດຕະໂນມັດ',138,12,'{\"month_count\": 1, \"yearly_total\": 0, \"amount_per_month\": 0}',1,'2026-06-08 09:35:56','2026-06-16 10:09:22'),(25,'2.1.2','ຈັກຕັດຫຍ້າ',138,13,'{\"month_count\": 1, \"yearly_total\": 0, \"amount_per_month\": 0}',1,'2026-06-08 09:35:56','2026-06-16 10:09:22'),(26,'2.1.3','ສ້ອມແປງອາຄານສໍານັກງານຕ່າງໆ',136,1,'{\"month_count\": 1, \"yearly_total\": 0, \"amount_per_month\": 0}',1,'2026-06-08 09:35:57','2026-06-16 10:09:22'),(27,'2.1.3','ປັບປຸງອາຄານຫ້ອງຮຽນ-ຫ້ອງທົດລອງ',136,2,'{\"month_count\": 1, \"yearly_total\": 0, \"amount_per_month\": 0}',1,'2026-06-08 09:35:57','2026-06-16 10:09:22'),(28,'2.1.4','ລົດຕູ້',137,1,'{\"month_count\": 1, \"yearly_total\": 0, \"amount_per_month\": 0}',1,'2026-06-08 09:35:57','2026-06-16 10:09:22'),(29,'2.1.4','ລົດຈັກ',137,2,'{\"month_count\": 1, \"yearly_total\": 0, \"amount_per_month\": 0}',1,'2026-06-08 09:35:57','2026-06-16 10:09:22'),(30,'2.1.5','ຊື້ ໂຕະ, ຕັ່ງ',232,1,'{\"month_count\": 1, \"yearly_total\": 0, \"amount_per_month\": 0}',1,'2026-06-08 09:35:57','2026-06-16 10:09:22'),(31,'2.1.5','ບຳລຸງຮັກສາ, ສ້ອມແປງ ໂຕະ, ຕັ່ງ',138,2,'{\"month_count\": 1, \"yearly_total\": 0, \"amount_per_month\": 0}',1,'2026-06-08 09:35:57','2026-06-16 10:09:22'),(32,'2.1.5','ຊື້ເຄື່ອງຈັກ ແລະ ວັດຖຸອຸປະກອນ',231,3,'{\"month_count\": 1, \"yearly_total\": 0, \"amount_per_month\": 0}',1,'2026-06-08 09:35:57','2026-06-16 10:09:22'),(33,'2.1.5','ຊື້ພາຫະນະ',230,4,'{\"month_count\": 1, \"yearly_total\": 0, \"amount_per_month\": 0}',1,'2026-06-08 09:35:57','2026-06-16 10:09:22'),(34,'2.1.6','ປະກັນໄພລົດໃຫຍ່',147,1,'{\"month_count\": 1, \"yearly_total\": 0, \"amount_per_month\": 0}',1,'2026-06-08 09:35:57','2026-06-16 10:09:22'),(35,'2.1.7','ໄປວຽກທາງການພາຍໃນປະເທດ',160,1,'{\"month_count\": 1, \"yearly_total\": 0, \"amount_per_month\": 0}',1,'2026-06-08 09:35:57','2026-06-16 10:09:22'),(36,'2.1.7','ໄປວຽກທາງການຕ່າງປະເທດ',161,2,'{\"month_count\": 1, \"yearly_total\": 0, \"amount_per_month\": 0}',1,'2026-06-08 09:35:57','2026-06-16 10:09:22'),(37,'2.1.8','ບຳລຸງຮັກສາວິທະຍາເຂດ',136,1,'{\"month_count\": 1, \"yearly_total\": 0, \"amount_per_month\": 0}',1,'2026-06-08 09:35:57','2026-06-16 10:52:53'),(38,'2.1.8','- ຕັດຫຍ້າ',136,2,'{\"month_count\": 1, \"yearly_total\": 0, \"amount_per_month\": 0}',1,'2026-06-08 09:35:57','2026-06-16 10:52:53'),(39,'2.1.8','- ປູກ ແລະ ບົວລະບັດສວນດອກໄມ້',136,3,'{\"month_count\": 1, \"yearly_total\": 0, \"amount_per_month\": 0}',1,'2026-06-08 09:35:57','2026-06-16 10:52:53'),(40,'2.1.8','- ກ້າເບ້ຍໄມ້',136,4,'{\"month_count\": 1, \"yearly_total\": 0, \"amount_per_month\": 0}',1,'2026-06-08 09:35:57','2026-06-16 10:52:53'),(41,'2.1.8','- ອານາໄມເດີ່ນ',136,5,'{\"month_count\": 1, \"yearly_total\": 0, \"amount_per_month\": 0}',1,'2026-06-08 09:35:57','2026-06-16 10:52:53'),(42,'2.1.8','ອານາໄມອາຄານ',136,6,'{\"month_count\": 1, \"yearly_total\": 0, \"amount_per_month\": 0}',1,'2026-06-08 09:35:57','2026-06-16 10:52:53'),(43,'2.1.8','- ອານາໄມຫ້ອງຮຽນ',136,7,'{\"month_count\": 1, \"yearly_total\": 0, \"amount_per_month\": 0}',1,'2026-06-08 09:35:57','2026-06-16 10:52:53'),(44,'2.1.8','- ອານາໄມຫ້ອງການ',136,8,'{\"month_count\": 1, \"yearly_total\": 0, \"amount_per_month\": 0}',1,'2026-06-08 09:35:57','2026-06-16 10:52:53'),(45,'2.1.8','- ອານາໄມຫ້ອງທົດລອງຄອມພິວເຕີ',136,9,'{\"month_count\": 1, \"yearly_total\": 0, \"amount_per_month\": 0}',1,'2026-06-08 09:35:58','2026-06-16 10:52:53'),(46,'2.1.9','ປະຖົມນິເທດນັກສຶກສາ',193,1,'{\"month_count\": 1, \"yearly_total\": 0, \"amount_per_month\": 0}',1,'2026-06-08 09:35:58','2026-06-16 10:52:53'),(47,'2.1.9','ກວດສອບການປະຕິບັດລະບຽບວິໃນນັກສຶກສາ',193,2,'{\"month_count\": 1, \"yearly_total\": 0, \"amount_per_month\": 0}',1,'2026-06-08 09:35:58','2026-06-16 10:52:53'),(48,'2.1.10.1','ສຳນັກຄະນະບໍດີ',163,1,'{\"unit_price\": 0, \"event_count\": 1, \"people_count\": 1, \"yearly_total\": 0}',1,'2026-06-08 09:35:58','2026-06-16 10:09:22'),(49,'2.1.10.1','ພາວິຊາຄະນິດສາດ',163,2,'{\"unit_price\": 0, \"event_count\": 1, \"people_count\": 1, \"yearly_total\": 0}',1,'2026-06-08 09:35:58','2026-06-16 10:09:22'),(50,'2.1.10.1','ພາກວິຊາຟິຊິກສາດ',163,3,'{\"unit_price\": 0, \"event_count\": 1, \"people_count\": 1, \"yearly_total\": 0}',1,'2026-06-08 09:35:58','2026-06-16 10:09:22'),(51,'2.1.10.1','ພາກວິຊາເຄມີສາດ',163,4,'{\"unit_price\": 0, \"event_count\": 1, \"people_count\": 1, \"yearly_total\": 0}',1,'2026-06-08 09:35:58','2026-06-16 10:09:22'),(52,'2.1.10.1','ພາກວິຊາຊີວະວິທະຍາ',163,5,'{\"unit_price\": 0, \"event_count\": 1, \"people_count\": 1, \"yearly_total\": 0}',1,'2026-06-08 09:35:58','2026-06-16 10:09:22'),(53,'2.1.10.1','ພາກວິຊາວິທະຍາສາດຄອມພິວເຕີ',163,6,'{\"unit_price\": 0, \"event_count\": 1, \"people_count\": 1, \"yearly_total\": 0}',1,'2026-06-08 09:35:58','2026-06-16 10:09:22'),(54,'2.1.10.1','ພະແນກວິຊາການ',163,7,'{\"unit_price\": 0, \"event_count\": 1, \"people_count\": 1, \"yearly_total\": 0}',1,'2026-06-08 09:35:58','2026-06-16 10:09:22'),(55,'2.1.10.1','ພະແນກຈັດຕັ້ງສັງລວມ',163,8,'{\"unit_price\": 0, \"event_count\": 1, \"people_count\": 1, \"yearly_total\": 0}',1,'2026-06-08 09:35:58','2026-06-16 10:09:22'),(56,'2.1.10.1','ພະແນກການເງິນ-ຊັບສິນ',163,9,'{\"unit_price\": 0, \"event_count\": 1, \"people_count\": 1, \"yearly_total\": 0}',1,'2026-06-08 09:35:58','2026-06-16 10:09:22'),(57,'2.1.10.1','ພະແນກຄຸ້ມຄອງນັກສຶກສາ',163,10,'{\"unit_price\": 0, \"event_count\": 1, \"people_count\": 1, \"yearly_total\": 0}',1,'2026-06-08 09:35:58','2026-06-16 10:09:22'),(58,'2.1.10.1','ພະແນກຄົ້ນຄົ້ວ ແລະ ບໍລິການວິຊາການ',163,11,'{\"unit_price\": 0, \"event_count\": 1, \"people_count\": 1, \"yearly_total\": 0}',1,'2026-06-08 09:35:58','2026-06-16 10:09:22'),(59,'2.1.10.1','ພະແນກຫຼັງປະລິນຍາຕີ',163,12,'{\"unit_price\": 0, \"event_count\": 1, \"people_count\": 1, \"yearly_total\": 0}',1,'2026-06-08 09:35:58','2026-06-16 10:09:22'),(60,'2.1.10.2','ສຳນັກຄະນະບໍດີ',164,1,'{\"unit_price\": 0, \"event_count\": 1, \"people_count\": 1, \"yearly_total\": 0}',1,'2026-06-08 09:35:58','2026-06-16 10:09:22'),(61,'2.1.10.2','ພາວິຊາຄະນິດສາດ',164,2,'{\"unit_price\": 0, \"event_count\": 1, \"people_count\": 1, \"yearly_total\": 0}',1,'2026-06-08 09:35:58','2026-06-16 10:09:22'),(62,'2.1.10.2','ພາກວິຊາຟິຊິກສາດ',164,3,'{\"unit_price\": 0, \"event_count\": 1, \"people_count\": 1, \"yearly_total\": 0}',1,'2026-06-08 09:35:58','2026-06-16 10:09:22'),(63,'2.1.10.2','ພາກວິຊາເຄມີສາດ',164,4,'{\"unit_price\": 0, \"event_count\": 1, \"people_count\": 1, \"yearly_total\": 0}',1,'2026-06-08 09:35:58','2026-06-16 10:09:22'),(64,'2.1.10.2','ພາກວິຊາຊີວະວິທະຍາ',164,5,'{\"unit_price\": 0, \"event_count\": 1, \"people_count\": 1, \"yearly_total\": 0}',1,'2026-06-08 09:35:58','2026-06-16 10:09:22'),(65,'2.1.10.2','ພາກວິຊາວິທະຍາສາດຄອມພິວເຕີ',164,6,'{\"unit_price\": 0, \"event_count\": 1, \"people_count\": 1, \"yearly_total\": 0}',1,'2026-06-08 09:35:59','2026-06-16 10:09:22'),(66,'2.1.10.2','ພະແນກວິຊາການ',164,7,'{\"unit_price\": 0, \"event_count\": 1, \"people_count\": 1, \"yearly_total\": 0}',1,'2026-06-08 09:35:59','2026-06-16 10:09:22'),(67,'2.1.10.2','ພະແນກຈັດຕັ້ງສັງລວມ',164,8,'{\"unit_price\": 0, \"event_count\": 1, \"people_count\": 1, \"yearly_total\": 0}',1,'2026-06-08 09:35:59','2026-06-16 10:09:22'),(68,'2.1.10.2','ພະແນກການເງິນ-ຊັບສິນ',164,9,'{\"unit_price\": 0, \"event_count\": 1, \"people_count\": 1, \"yearly_total\": 0}',1,'2026-06-08 09:35:59','2026-06-16 10:09:22'),(69,'2.1.10.2','ພະແນກຄຸ້ມຄອງນັກສຶກສາ',164,10,'{\"unit_price\": 0, \"event_count\": 1, \"people_count\": 1, \"yearly_total\": 0}',1,'2026-06-08 09:35:59','2026-06-16 10:09:22'),(70,'2.1.10.2','ພະແນກຄົ້ນຄົ້ວ ແລະ ບໍລິການວິຊາການ',164,11,'{\"unit_price\": 0, \"event_count\": 1, \"people_count\": 1, \"yearly_total\": 0}',1,'2026-06-08 09:35:59','2026-06-16 10:09:22'),(71,'2.1.10.2','ພະແນກຫຼັງປະລິນຍາຕີ',164,12,'{\"unit_price\": 0, \"event_count\": 1, \"people_count\": 1, \"yearly_total\": 0}',1,'2026-06-08 09:35:59','2026-06-16 10:09:22'),(72,'2.1.10.3','ສຳນັກຄະນະບໍດີ',165,1,'{\"unit_price\": 0, \"event_count\": 1, \"people_count\": 1, \"yearly_total\": 0}',1,'2026-06-08 09:35:59','2026-06-16 10:09:22'),(73,'2.1.10.3','ພາວິຊາຄະນິດສາດ',165,2,'{\"unit_price\": 0, \"event_count\": 1, \"people_count\": 1, \"yearly_total\": 0}',1,'2026-06-08 09:35:59','2026-06-16 10:09:22'),(74,'2.1.10.3','ພາກວິຊາຟິຊິກສາດ',165,3,'{\"unit_price\": 0, \"event_count\": 1, \"people_count\": 1, \"yearly_total\": 0}',1,'2026-06-08 09:35:59','2026-06-16 10:09:22'),(75,'2.1.10.3','ພາກວິຊາເຄມີສາດ',165,4,'{\"unit_price\": 0, \"event_count\": 1, \"people_count\": 1, \"yearly_total\": 0}',1,'2026-06-08 09:35:59','2026-06-16 10:09:22'),(76,'2.1.10.3','ພາກວິຊາຊີວະວິທະຍາ',165,5,'{\"unit_price\": 0, \"event_count\": 1, \"people_count\": 1, \"yearly_total\": 0}',1,'2026-06-08 09:35:59','2026-06-16 10:09:22'),(77,'2.1.10.3','ພາກວິຊາວິທະຍາສາດຄອມພິວເຕີ',165,6,'{\"unit_price\": 0, \"event_count\": 1, \"people_count\": 1, \"yearly_total\": 0}',1,'2026-06-08 09:35:59','2026-06-16 10:09:22'),(78,'2.1.10.3','ພະແນກວິຊາການ',165,7,'{\"unit_price\": 0, \"event_count\": 1, \"people_count\": 1, \"yearly_total\": 0}',1,'2026-06-08 09:35:59','2026-06-16 10:09:22'),(79,'2.1.10.3','ພະແນກຈັດຕັ້ງສັງລວມ',165,8,'{\"unit_price\": 0, \"event_count\": 1, \"people_count\": 1, \"yearly_total\": 0}',1,'2026-06-08 09:35:59','2026-06-16 10:09:22'),(80,'2.1.10.3','ພະແນກການເງິນ-ຊັບສິນ',165,9,'{\"unit_price\": 0, \"event_count\": 1, \"people_count\": 1, \"yearly_total\": 0}',1,'2026-06-08 09:35:59','2026-06-16 10:09:22'),(81,'2.1.10.3','ພະແນກຄຸ້ມຄອງນັກສຶກສາ',165,10,'{\"unit_price\": 0, \"event_count\": 1, \"people_count\": 1, \"yearly_total\": 0}',1,'2026-06-08 09:35:59','2026-06-16 10:09:22'),(82,'2.1.10.3','ພະແນກຄົ້ນຄົ້ວ ແລະ ບໍລິການວິຊາການ',165,11,'{\"unit_price\": 0, \"event_count\": 1, \"people_count\": 1, \"yearly_total\": 0}',1,'2026-06-08 09:35:59','2026-06-16 10:09:22'),(83,'2.1.10.3','ພະແນກຫຼັງປະລິນຍາຕີ',165,12,'{\"unit_price\": 0, \"event_count\": 1, \"people_count\": 1, \"yearly_total\": 0}',1,'2026-06-08 09:35:59','2026-06-16 10:09:22'),(84,'2.2.1','ອຸປະກອນການຮຽນ-ການສອນ',121,1,'{\"quantity\": 1, \"unit_price\": 0, \"yearly_total\": 0, \"times_per_year\": 1}',1,'2026-06-08 09:36:00','2026-06-16 10:09:22'),(85,'2.2.1','ອຸປະກອນການສອບເສັງ',121,2,'{\"quantity\": 1, \"unit_price\": 0, \"yearly_total\": 0, \"times_per_year\": 1}',1,'2026-06-08 09:36:00','2026-06-16 10:09:22'),(86,'2.2.2.1','ພາກວິຊາຄະນິດສາດ',193,1,'[]',1,'2026-06-08 09:36:00','2026-06-16 10:52:53'),(87,'2.2.2.1','ພາກວິຊາຟີຊິກສາດ',193,2,'[]',1,'2026-06-08 09:36:00','2026-06-16 10:52:53'),(88,'2.2.2.1','ພາກວິຊາເຄມີສາດ',193,3,'[]',1,'2026-06-08 09:36:00','2026-06-16 10:52:53'),(89,'2.2.2.1','ພາກວິຊາຊີວະວິທະຍາ',193,4,'[]',1,'2026-06-08 09:36:00','2026-06-16 10:52:53'),(90,'2.2.2.1','ພາກວິຊາວິທະຍາສາດຄອມພີວເຕີ',193,5,'[]',1,'2026-06-08 09:36:00','2026-06-16 10:52:53'),(91,'2.2.2.2','ພາກວິຊາຄະນິດສາດ',193,1,'[]',1,'2026-06-08 09:36:00','2026-06-16 10:52:53'),(92,'2.2.2.2','ພາກວິຊາຟີຊິກສາດ',193,2,'[]',1,'2026-06-08 09:36:00','2026-06-16 10:52:53'),(93,'2.2.2.2','ພາກວິຊາເຄມີສາດ',193,3,'[]',1,'2026-06-08 09:36:00','2026-06-16 10:52:53'),(94,'2.2.2.2','ພາກວິຊາຊີວະວິທະຍາ',193,4,'[]',1,'2026-06-08 09:36:00','2026-06-16 10:52:53'),(95,'2.2.2.2','ພາກວິຊາວິທະຍາສາດຄອມພີວເຕີ',193,5,'[]',1,'2026-06-08 09:36:00','2026-06-16 10:52:53'),(96,'2.2.2.2','ປັບປຸງ ແລະ ພັດທະນາຫຼັກສູດ ປໍໂທ+ເອກ',193,6,'[]',1,'2026-06-08 09:36:00','2026-06-16 10:52:53'),(97,'2.2.3','ພາກວິຊາຄະນິດສາດ',123,1,'{\"quantity\": 1, \"unit_price\": 0, \"yearly_total\": 0}',1,'2026-06-08 09:36:00','2026-06-16 10:09:22'),(98,'2.2.3','ພາກວິຊາຟິຊິກສາດ',123,2,'{\"quantity\": 1, \"unit_price\": 0, \"yearly_total\": 0}',1,'2026-06-08 09:36:00','2026-06-16 10:09:22'),(99,'2.2.3','ພາກວິຊາເຄມີສາດ',123,3,'{\"quantity\": 1, \"unit_price\": 0, \"yearly_total\": 0}',1,'2026-06-08 09:36:00','2026-06-16 10:09:22'),(100,'2.2.3','ພາກວິຊາຊີວະວິທະຍາ',123,4,'{\"quantity\": 1, \"unit_price\": 0, \"yearly_total\": 0}',1,'2026-06-08 09:36:00','2026-06-16 10:09:22'),(101,'2.2.3','ພາກວິຊາວິທະຍາສາດຄອມພິວເຕີ',123,5,'{\"quantity\": 1, \"unit_price\": 0, \"yearly_total\": 0}',1,'2026-06-08 09:36:00','2026-06-16 10:09:22'),(102,'2.2.3','ຊື້ອຸປະກອນທົດລອງ',123,6,'{\"quantity\": 1, \"unit_price\": 0, \"yearly_total\": 0}',1,'2026-06-08 09:36:01','2026-06-16 10:09:22'),(103,'2.2.4','ອຸປະກອນທົດລອງຟິຊິກສາດ',232,1,'{\"quantity\": 1, \"unit_price\": 0, \"yearly_total\": 0}',1,'2026-06-08 09:36:01','2026-06-16 10:09:22'),(104,'2.2.4','ອຸປະກອນທົດລອງເຄມີສາດ',232,2,'{\"quantity\": 1, \"unit_price\": 0, \"yearly_total\": 0}',1,'2026-06-08 09:36:01','2026-06-16 10:09:22'),(105,'2.2.4','ອຸປະກອນທົດລອງຊີວະວິທະຍາ',232,3,'{\"quantity\": 1, \"unit_price\": 0, \"yearly_total\": 0}',1,'2026-06-08 09:36:01','2026-06-16 10:09:22'),(106,'2.2.4','ຄອມພິວເຕີຕັ້່ງໂຕະ (PC)',232,4,'{\"quantity\": 1, \"unit_price\": 0, \"yearly_total\": 0}',1,'2026-06-08 09:36:01','2026-06-16 10:09:22'),(107,'2.2.4','ໂປຣເຈັກເຕີໃສ່ຫ້ອງຮຽນ',232,5,'{\"quantity\": 1, \"unit_price\": 0, \"yearly_total\": 0}',1,'2026-06-08 09:36:01','2026-06-16 10:09:22'),(108,'2.2.5','ພິທີສະຫຼຸບຊຸດຮຽນ ແລະ ເປີດສົກຮຽນໃໝ່ ປໍໂທ',163,1,'{\"quantity\": 1, \"unit_price\": 0, \"yearly_total\": 0}',1,'2026-06-08 09:36:01','2026-06-16 10:52:53'),(109,'2.2.5','ກອງປະຊຸມສໍາມະນາວິຊາການ ປໍໂທ',164,2,'{\"quantity\": 1, \"unit_price\": 0, \"yearly_total\": 0}',1,'2026-06-08 09:36:01','2026-06-16 10:52:53'),(110,'2.2.5','ກອງປະຊຸມຜູ້ຊົງຄຸນວຸດທິ ປໍໂທ',163,3,'{\"quantity\": 1, \"unit_price\": 0, \"yearly_total\": 0}',1,'2026-06-08 09:36:01','2026-06-16 10:52:53'),(111,'2.2.6','ຊື້ປື້ມໃສ່ຫ້ອງອ່ານ',232,1,'{\"quantity\": 1, \"unit_price\": 0, \"yearly_total\": 0}',1,'2026-06-08 09:36:01','2026-06-16 10:52:53'),(112,'2.2.6','ຊື້ຮ້ານປື້ມໃສ່ຫ້ອງອ່ານ',232,2,'{\"quantity\": 1, \"unit_price\": 0, \"yearly_total\": 0}',1,'2026-06-08 09:36:01','2026-06-16 10:52:53'),(113,'2.2.7','ສົ່ງພະນັກງານໄປຍົກລະດັບໄລຍະຍາວ',165,1,'{\"quantity\": 1, \"unit_price\": 0, \"yearly_total\": 0}',1,'2026-06-08 09:36:01','2026-06-16 10:52:53'),(114,'2.2.8','ງົບປະມານຕິດຕາມຫຼັກສູດ ປໍໂທ',160,1,'{\"quantity\": 1, \"unit_price\": 0, \"yearly_total\": 0}',1,'2026-06-08 09:36:01','2026-06-16 10:52:53'),(115,'2.3.1','ສົ່ງເສີມວິຊາການສ່ວນກາງ',193,1,'{\"quantity\": 1, \"unit_price\": 0, \"yearly_total\": 0}',1,'2026-06-08 09:36:01','2026-06-16 10:52:53'),(116,'2.3.1','ກອງປະຊຸມສຳມະນາການເງິນ (ພະແນກການເງິນ )',193,2,'{\"quantity\": 1, \"unit_price\": 0, \"yearly_total\": 0}',1,'2026-06-08 09:36:01','2026-06-16 10:52:53'),(117,'2.3.1','ພະແນກບໍລິຫານສັງລວມ',193,3,'{\"quantity\": 1, \"unit_price\": 0, \"yearly_total\": 0}',1,'2026-06-08 09:36:01','2026-06-16 10:52:53'),(118,'2.3.1','ໜ່ວຍງານ ICT',193,4,'{\"quantity\": 1, \"unit_price\": 0, \"yearly_total\": 0}',1,'2026-06-08 09:36:01','2026-06-16 10:52:53'),(119,'2.3.1','ຫຼັງປະລິນຍາຕີ',193,5,'{\"quantity\": 1, \"unit_price\": 0, \"yearly_total\": 0}',1,'2026-06-08 09:36:01','2026-06-16 10:52:53'),(120,'2.3.1','ຄົ້ນຄ້ວາ ແລະ ບໍລິການວິຊາການ',193,6,'{\"quantity\": 1, \"unit_price\": 0, \"yearly_total\": 0}',1,'2026-06-08 09:36:01','2026-06-16 10:52:53'),(121,'2.3.1','ພັດທະນາຫຸ່ນຍົນ (Robot)',193,7,'{\"quantity\": 1, \"unit_price\": 0, \"yearly_total\": 0}',1,'2026-06-08 09:36:02','2026-06-16 10:52:53'),(122,'2.3.1','ພະແນກວິຊາການ',193,8,'{\"quantity\": 1, \"unit_price\": 0, \"yearly_total\": 0}',1,'2026-06-08 09:36:02','2026-06-16 10:52:53'),(123,'2.3.1','ພະແນກຄຸ້ມຄອງນັກສຶກສາ',193,9,'{\"quantity\": 1, \"unit_price\": 0, \"yearly_total\": 0}',1,'2026-06-08 09:36:02','2026-06-16 10:52:53'),(124,'2.3.1','ພາກວິຊາຄະນິດສາດ',193,10,'{\"quantity\": 1, \"unit_price\": 0, \"yearly_total\": 0}',1,'2026-06-08 09:36:02','2026-06-16 10:52:53'),(125,'2.3.1','ພາກວິຊາຟີຊິກສາດ',193,11,'{\"quantity\": 1, \"unit_price\": 0, \"yearly_total\": 0}',1,'2026-06-08 09:36:02','2026-06-16 10:52:53'),(126,'2.3.1','ພາກວິຊາເຄມີສາດ',193,12,'{\"quantity\": 1, \"unit_price\": 0, \"yearly_total\": 0}',1,'2026-06-08 09:36:02','2026-06-16 10:52:53'),(127,'2.3.1','ພາກວິຊາຊີວະວິທະຍາ',193,13,'{\"quantity\": 1, \"unit_price\": 0, \"yearly_total\": 0}',1,'2026-06-08 09:36:02','2026-06-16 10:52:53'),(128,'2.3.1','ພາກວິຊາວິທະຍາສາດຄອມພີວເຕີ',193,14,'{\"quantity\": 1, \"unit_price\": 0, \"yearly_total\": 0}',1,'2026-06-08 09:36:02','2026-06-16 10:52:53'),(129,'2.3.1','ສາມອົງການຈັດຕັ້ງມະຫາຊົນ',193,15,'{\"quantity\": 1, \"unit_price\": 0, \"yearly_total\": 0}',1,'2026-06-08 09:36:02','2026-06-16 10:52:53'),(130,'2.3.1','ເຄື່ອນໄຫວວຽກວິຊາການອື່ນໆ',193,16,'{\"quantity\": 1, \"unit_price\": 0, \"yearly_total\": 0}',1,'2026-06-08 09:36:02','2026-06-16 10:52:53'),(131,'2.3.2','ສຳນັກຄະນະບໍດີ',198,1,'{\"quantity\": 1, \"unit_price\": 0, \"yearly_total\": 0}',1,'2026-06-08 09:36:02','2026-06-16 10:09:22'),(132,'2.3.2','ພາກວິຊາຄະນິດສາດ',198,2,'{\"quantity\": 1, \"unit_price\": 0, \"yearly_total\": 0}',1,'2026-06-08 09:36:02','2026-06-16 10:09:22'),(133,'2.3.2','ພາກວິຊາຟິຊິກສາດ',198,3,'{\"quantity\": 1, \"unit_price\": 0, \"yearly_total\": 0}',1,'2026-06-08 09:36:02','2026-06-16 10:09:22'),(134,'2.3.2','ພາກວິຊາເຄມີສາດ',198,4,'{\"quantity\": 1, \"unit_price\": 0, \"yearly_total\": 0}',1,'2026-06-08 09:36:02','2026-06-16 10:09:22'),(135,'2.3.2','ພາກວິຊາຊີວະວິທະຍາ',198,5,'{\"quantity\": 1, \"unit_price\": 0, \"yearly_total\": 0}',1,'2026-06-08 09:36:02','2026-06-16 10:09:22'),(136,'2.3.2','ພາກວິຊາວິທະຍາສາດຄອມພິວເຕີ',198,6,'{\"quantity\": 1, \"unit_price\": 0, \"yearly_total\": 0}',1,'2026-06-08 09:36:02','2026-06-16 10:09:22'),(137,'2.3.3','ສຳນັກຄະນະບໍດີ',160,1,'{\"quantity\": 1, \"unit_price\": 0, \"yearly_total\": 0}',1,'2026-06-08 09:36:02','2026-06-16 10:52:53'),(138,'2.3.3','ພາກວິຊາຄະນິດສາດ',160,2,'{\"quantity\": 1, \"unit_price\": 0, \"yearly_total\": 0}',1,'2026-06-08 09:36:02','2026-06-16 10:52:53'),(139,'2.3.3','ພາກວິຊາຟິຊິກສາດ',160,3,'{\"quantity\": 1, \"unit_price\": 0, \"yearly_total\": 0}',1,'2026-06-08 09:36:03','2026-06-16 10:52:53'),(140,'2.3.3','ພາກວິຊາເຄມີສາດ',160,4,'{\"quantity\": 1, \"unit_price\": 0, \"yearly_total\": 0}',1,'2026-06-08 09:36:03','2026-06-16 10:52:53'),(141,'2.3.3','ພາກວິຊາຊີວະວິທະຍາ',160,5,'{\"quantity\": 1, \"unit_price\": 0, \"yearly_total\": 0}',1,'2026-06-08 09:36:03','2026-06-16 10:52:53'),(142,'2.3.3','ພາກວິຊາວິທະຍາສາດຄອມພິວເຕີ',160,6,'{\"quantity\": 1, \"unit_price\": 0, \"yearly_total\": 0}',1,'2026-06-08 09:36:03','2026-06-16 10:52:53'),(143,'2.4.1','ຄະນະບໍດີ',43,1,'{\"month_count\": 1, \"yearly_total\": 0, \"amount_per_month\": 0}',1,'2026-06-08 09:36:03','2026-06-16 10:52:53'),(144,'2.4.1','ຮອງຄະນະບໍດີ',43,2,'{\"month_count\": 1, \"yearly_total\": 0, \"amount_per_month\": 0}',1,'2026-06-08 09:36:03','2026-06-16 10:52:53'),(145,'2.4.1','ຫົວໜ້າພາກວິຊາ',43,3,'{\"month_count\": 1, \"yearly_total\": 0, \"amount_per_month\": 0}',1,'2026-06-08 09:36:03','2026-06-16 10:52:53'),(146,'2.4.1','ຫົວໜ້າພະແນກ',43,4,'{\"month_count\": 1, \"yearly_total\": 0, \"amount_per_month\": 0}',1,'2026-06-08 09:36:03','2026-06-16 10:52:53'),(147,'2.4.1','ຮອງຫົວໜ້າພາກວິຊາ',43,5,'{\"month_count\": 1, \"yearly_total\": 0, \"amount_per_month\": 0}',1,'2026-06-08 09:36:03','2026-06-16 10:52:53'),(148,'2.4.1','ຮອງຫົວໜ້າພະແນກ',43,6,'{\"month_count\": 1, \"yearly_total\": 0, \"amount_per_month\": 0}',1,'2026-06-08 09:36:03','2026-06-16 10:52:53'),(149,'2.4.1','ຫົວໜ້າໜ່ວຍງານ, ເລຂາ',43,7,'{\"month_count\": 1, \"yearly_total\": 0, \"amount_per_month\": 0}',1,'2026-06-08 09:36:03','2026-06-16 10:52:53'),(150,'2.4.1','ຫົວໜ້າໜ່ວຍວິຊາ',43,8,'{\"month_count\": 1, \"yearly_total\": 0, \"amount_per_month\": 0}',1,'2026-06-08 09:36:03','2026-06-16 10:52:53'),(151,'2.4.1','ໜ່ວຍງານ, ສາມອົງການຈັດຕັ້ງ',43,9,'{\"month_count\": 1, \"yearly_total\": 0, \"amount_per_month\": 0}',1,'2026-06-08 09:36:03','2026-06-16 10:52:53'),(152,'2.4.1','ສາມອົງການຈັດຕັ້ງມະຫາຊົນ',43,10,'{\"month_count\": 1, \"yearly_total\": 0, \"amount_per_month\": 0}',1,'2026-06-08 09:36:03','2026-06-16 10:52:53'),(153,'2.4.2','ຄະນະບໍດີ',114,1,'{\"month_count\": 1, \"yearly_total\": 0, \"amount_per_month\": 0}',1,'2026-06-08 09:36:03','2026-06-16 10:52:53'),(154,'2.4.2','ຮອງຄະນະບໍດີ, ຫົວໜ້າພາກວິຊາ',114,2,'{\"month_count\": 1, \"yearly_total\": 0, \"amount_per_month\": 0}',1,'2026-06-08 09:36:03','2026-06-16 10:52:53'),(155,'2.4.2','ຫົວໜ້າພະແນກ, ຮອງພາກວິຊາ',114,3,'{\"month_count\": 1, \"yearly_total\": 0, \"amount_per_month\": 0}',1,'2026-06-08 09:36:03','2026-06-16 10:52:53'),(156,'2.4.2','ຮອງຫົວໜ້າພະແນກ, ຮສ ແລະ ຫົວໜ້າໜ່ວຍວິຊາ',114,4,'{\"month_count\": 1, \"yearly_total\": 0, \"amount_per_month\": 0}',1,'2026-06-08 09:36:03','2026-06-16 10:52:53'),(157,'2.4.2','ຮອງຫົວໜ້າໜ່ວຍວິຊາ, ຫົວໜ້າໜ່ວຍງານ',114,5,'{\"month_count\": 1, \"yearly_total\": 0, \"amount_per_month\": 0}',1,'2026-06-08 09:36:03','2026-06-16 10:52:53'),(158,'2.4.2','ຮອງຫົວໜ້າໜ່ວຍງານ',114,6,'{\"month_count\": 1, \"yearly_total\": 0, \"amount_per_month\": 0}',1,'2026-06-08 09:36:04','2026-06-16 10:52:53'),(159,'2.4.2','ອາຈານ ແລະ ພະນັກງານທົ່ວໄປ',114,7,'{\"month_count\": 1, \"yearly_total\": 0, \"amount_per_month\": 0}',1,'2026-06-08 09:36:04','2026-06-16 10:52:53'),(160,'2.4.3','ຄ່າແຮງງານພະນັກງານສັນຍາຈ້າງສຳນັກ',41,1,'{\"month_count\": 1, \"yearly_total\": 0, \"amount_per_month\": 0}',1,'2026-06-08 09:36:04','2026-06-16 10:52:53'),(161,'2.4.3','ຄ່າແຮງງານພະນັກງານສັນຍາຈ້າງຂັບລົດ',41,2,'{\"month_count\": 1, \"yearly_total\": 0, \"amount_per_month\": 0}',1,'2026-06-08 09:36:04','2026-06-16 10:52:53'),(162,'2.4.3','ສັນຍາຈ້າງບຳລູງຮັກສາລະບົບຂໍ້ມູນຂ່າວສານ (ICT)',41,3,'{\"month_count\": 1, \"yearly_total\": 0, \"amount_per_month\": 0}',1,'2026-06-08 09:36:04','2026-06-16 10:52:53'),(163,'2.4.4','ອຸດໜູນພະນັກງານລົງທະບຽນ',75,1,'{\"month_count\": 1, \"yearly_total\": 0, \"amount_per_month\": 0}',1,'2026-06-08 09:36:04','2026-06-16 10:52:53'),(164,'2.4.4','ອຸໜູນການສອບເສັງ',75,2,'{\"month_count\": 1, \"yearly_total\": 0, \"amount_per_month\": 0}',1,'2026-06-08 09:36:04','2026-06-16 10:52:53'),(165,'2.4.4','ອຸດໜູນການກວດສອບງົບປະມານ',75,3,'{\"month_count\": 1, \"yearly_total\": 0, \"amount_per_month\": 0}',1,'2026-06-08 09:36:04','2026-06-16 10:52:53'),(166,'2.4.4','ອຸດໜູນການເຮັດວຽກຕາມຂໍ້ຕົກລົງຕ່າງໆ',75,4,'{\"month_count\": 1, \"yearly_total\": 0, \"amount_per_month\": 0}',1,'2026-06-08 09:36:04','2026-06-16 10:52:53'),(167,'2.4.4','ອຸດໜູນການບໍລິຫານເທີມສາມ',75,5,'{\"month_count\": 1, \"yearly_total\": 0, \"amount_per_month\": 0}',1,'2026-06-08 09:36:04','2026-06-16 10:52:53'),(168,'2.4.4','ອຸດໜູນກະກຽມສະຫລຸບການເງິນ',75,6,'{\"month_count\": 1, \"yearly_total\": 0, \"amount_per_month\": 0}',1,'2026-06-08 09:36:04','2026-06-16 10:52:53'),(169,'2.4.4','ອຸດໜູນການບໍລິຫານ ປໍ ໂທ',75,7,'{\"month_count\": 1, \"yearly_total\": 0, \"amount_per_month\": 0}',1,'2026-06-08 09:36:04','2026-06-16 10:52:53'),(170,'2.4.4','ອຸດໜູນການນໍາພາບົດວິທະຍານິພົນ',75,8,'{\"month_count\": 1, \"yearly_total\": 0, \"amount_per_month\": 0}',1,'2026-06-08 09:36:04','2026-06-16 10:52:53'),(171,'2.5.1','ຄ່າຊົ່ວໂມງສອນພາກພິເສດ',79,1,'{\"quantity\": 1, \"unit_price\": 0, \"yearly_total\": 0, \"frequency_count\": 1}',1,'2026-06-08 09:36:04','2026-06-16 10:52:53'),(172,'2.5.1','ຄ່າຊົ່ວໂມງສອນເທີມສາມ',79,2,'{\"quantity\": 1, \"unit_price\": 0, \"yearly_total\": 0, \"frequency_count\": 1}',1,'2026-06-08 09:36:04','2026-06-16 10:52:53'),(173,'2.5.1','ຄ່າຊົ່ວໂມງສອນປະລິນຍາໂທ',79,3,'{\"quantity\": 1, \"unit_price\": 0, \"yearly_total\": 0, \"frequency_count\": 1}',1,'2026-06-08 09:36:04','2026-06-16 10:52:53'),(174,'2.5.2','ຄ່າກຳມະການສອບເສັງຈົບຊັ້ນ',75,1,'{\"quantity\": 1, \"unit_price\": 0, \"yearly_total\": 0, \"frequency_count\": 1}',1,'2026-06-08 09:36:04','2026-06-16 10:52:53'),(175,'2.5.2','ຄ່າຍາມຫ້ອງເສັງ',75,2,'{\"quantity\": 1, \"unit_price\": 0, \"yearly_total\": 0, \"frequency_count\": 1}',1,'2026-06-08 09:36:04','2026-06-16 10:52:53'),(176,'2.5.2','ຄ່າອອກຫົວບົດ ແລະ ກວດບົດ',75,3,'{\"quantity\": 1, \"unit_price\": 0, \"yearly_total\": 0, \"frequency_count\": 1}',1,'2026-06-08 09:36:05','2026-06-16 10:52:53'),(177,'2.5.2','ຄ່າບໍລິການສອບເສັງປະລິນຍາໂທ',75,4,'{\"quantity\": 1, \"unit_price\": 0, \"yearly_total\": 0, \"frequency_count\": 1}',1,'2026-06-08 09:36:05','2026-06-16 10:52:53'),(178,'2.5.3','ຄ່າຊີ້ນຳບົດໂຄງການຈົບຊັ້ນ',77,1,'{\"quantity\": 1, \"unit_price\": 0, \"yearly_total\": 0, \"frequency_count\": 1}',1,'2026-06-08 09:36:05','2026-06-16 10:52:53'),(179,'2.5.3','ຄ່າກຳມະການປ້ອງກັນບົດຈົບຊັ້ນ',77,2,'{\"quantity\": 1, \"unit_price\": 0, \"yearly_total\": 0, \"frequency_count\": 1}',1,'2026-06-08 09:36:05','2026-06-16 10:52:53'),(180,'2.5.3','ຄ່າດຳເນີນບົດໂຄງການຈົບຊັ້ນປະລິນຍາໂທ',78,3,'{\"quantity\": 1, \"unit_price\": 0, \"yearly_total\": 0, \"frequency_count\": 1}',1,'2026-06-08 09:36:05','2026-06-16 10:52:53'),(181,'2.6.1','ບໍລິຈາກເລືອດຄັ້ງທີ I',108,1,'{\"unit_price\": 0, \"event_count\": 1, \"people_count\": 1, \"yearly_total\": 0}',1,'2026-06-08 09:36:05','2026-06-16 10:52:53'),(182,'2.6.1','ບໍລິຈາກເລືອດຄັ້ງທີ II',108,2,'{\"unit_price\": 0, \"event_count\": 1, \"people_count\": 1, \"yearly_total\": 0}',1,'2026-06-08 09:36:05','2026-06-16 10:52:53'),(183,'2.6.2','ການແຂ່ງຂັນກິລາຊາວໜຸ່ມ',193,1,'[]',1,'2026-06-08 09:36:05','2026-06-16 10:52:53'),(184,'2.6.2','ການເຄື່ອງໄຫວກິລາພາຍໃນ',193,2,'[]',1,'2026-06-08 09:36:05','2026-06-16 10:52:53'),(185,'2.6.2','ການເຄື່ອນໄຫວກິລາກັບທາງນອກ',193,3,'[]',1,'2026-06-08 09:36:05','2026-06-16 10:52:53'),(186,'2.6.2','ການເຄື່ອນໄຫວສິນລະປະກຳຂອງນັກສຶກສາ',193,4,'[]',1,'2026-06-08 09:36:05','2026-06-16 10:52:53'),(187,'2.6.2','ການຝຶກຊ້ອມສິນລະປະວັນນະຄະດີ',193,5,'[]',1,'2026-06-08 09:36:05','2026-06-16 10:52:53'),(188,'2.6.3','ອານາໄມຫ້ອງຮຽນ, ຫ້ອງການ',136,1,'[]',1,'2026-06-08 09:36:05','2026-06-16 10:52:53'),(189,'2.6.3','ອານາໄມສະຖານທີ່ຮັບຜິດຊອບ',136,2,'[]',1,'2026-06-08 09:36:05','2026-06-16 10:52:53'),(190,'2.6.3','ປຸກຕົ້ນໄມ້',136,3,'[]',1,'2026-06-08 09:36:05','2026-06-16 10:52:53'),(191,'2.6.4','ຄ່າເຊົ່າຫ້ອງປະຊຸມ 1 ວັນ',163,1,'[]',1,'2026-06-08 09:36:05','2026-06-16 10:52:53'),(192,'2.6.4','ຄ່ານ້ຳດື່ມມື້ຈັດງານ',163,2,'[]',1,'2026-06-08 09:36:05','2026-06-16 10:52:53'),(193,'2.6.4','ຄ່າຂັນລາງວັນ',163,3,'[]',1,'2026-06-08 09:36:05','2026-06-16 10:52:53'),(194,'2.6.4','ຄ່າອອກຄຳຖາມ',163,4,'[]',1,'2026-06-08 09:36:05','2026-06-16 10:52:53'),(199,'2.7.1','123',230,1,'[]',1,'2026-06-15 09:48:22','2026-06-15 09:48:22');
/*!40000 ALTER TABLE `expense_subsection_default_rows` ENABLE KEYS */;
UNLOCK TABLES;

--
-- Table structure for table `expense_subsections`
--

DROP TABLE IF EXISTS `expense_subsections`;
/*!40101 SET @saved_cs_client     = @@character_set_client */;
/*!50503 SET character_set_client = utf8mb4 */;
CREATE TABLE `expense_subsections` (
  `id` bigint unsigned NOT NULL AUTO_INCREMENT,
  `section_id` bigint unsigned NOT NULL,
  `code` varchar(20) CHARACTER SET utf8mb4 COLLATE utf8mb4_unicode_ci NOT NULL,
  `name` varchar(255) CHARACTER SET utf8mb4 COLLATE utf8mb4_unicode_ci NOT NULL,
  `description` text CHARACTER SET utf8mb4 COLLATE utf8mb4_unicode_ci,
  `default_pattern_id` bigint unsigned DEFAULT NULL,
  `summary_period_count` decimal(10,2) NOT NULL DEFAULT '12.00',
  `display_order` int unsigned NOT NULL DEFAULT '0',
  `is_active` tinyint(1) NOT NULL DEFAULT '1',
  `created_at` timestamp NULL DEFAULT NULL,
  `updated_at` timestamp NULL DEFAULT NULL,
  `parent_id` bigint unsigned DEFAULT NULL,
  PRIMARY KEY (`id`),
  UNIQUE KEY `expense_subsections_section_code_unique` (`section_id`,`code`),
  KEY `expense_subsections_default_pattern_id_foreign` (`default_pattern_id`),
  CONSTRAINT `expense_subsections_default_pattern_id_foreign` FOREIGN KEY (`default_pattern_id`) REFERENCES `expense_patterns` (`id`) ON DELETE SET NULL,
  CONSTRAINT `expense_subsections_section_id_foreign` FOREIGN KEY (`section_id`) REFERENCES `expense_sections` (`id`) ON DELETE CASCADE
) ENGINE=InnoDB AUTO_INCREMENT=377 DEFAULT CHARSET=utf8mb4 COLLATE=utf8mb4_unicode_ci;
/*!40101 SET character_set_client = @saved_cs_client */;

--
-- Dumping data for table `expense_subsections`
--

LOCK TABLES `expense_subsections` WRITE;
/*!40000 ALTER TABLE `expense_subsections` DISABLE KEYS */;
INSERT INTO `expense_subsections` VALUES (339,57,'2.1.1','ບໍລິຫານສັງລວມ',NULL,1,12.00,1,1,'2026-06-14 18:18:08','2026-06-16 08:40:27',NULL),(340,57,'2.1.10','ລາຍຈ່າຍກອງປະຊຸມ, ສຳມະນາ ແລະ ຝຶກອົບຮົມ',NULL,1,12.00,10,1,'2026-06-14 18:18:08','2026-06-16 08:57:19',NULL),(341,57,'2.1.10.1','ລາຍຈ່າຍກອງປະຊຸມ',NULL,1,12.00,11,1,'2026-06-14 18:18:08','2026-06-16 08:57:19',340),(342,57,'2.1.10.2','ລາຍຈ່າຍສຳມະນາ',NULL,1,12.00,12,1,'2026-06-14 18:18:08','2026-06-16 08:57:19',340),(343,57,'2.1.10.3','ລາຍຈ່າຍຝຶກອົບຮົມ',NULL,1,12.00,13,1,'2026-06-14 18:18:08','2026-06-16 08:57:19',340),(344,57,'2.1.2','ບຳລຸງຮັກສາ, ສ້ອມແປງ ແລະ ຕິດຕັ້ງ',NULL,1,12.00,2,1,'2026-06-14 18:18:08','2026-06-16 08:57:19',NULL),(345,57,'2.1.3','ສ້ອມແປງ ແລະ ປັບປຸງອາຄານຫ້ອງຮຽນ',NULL,1,12.00,3,1,'2026-06-14 18:18:08','2026-06-16 08:57:19',NULL),(346,57,'2.1.4','ສ້ອມແປງພາຫານະ',NULL,1,12.00,4,1,'2026-06-14 18:18:08','2026-06-16 08:57:19',NULL),(347,57,'2.1.5','ຊື້ເຄື່ອງຈັກ, ວັດຖຸອຸປະກອນ',NULL,1,12.00,5,1,'2026-06-14 18:18:08','2026-06-16 08:57:19',NULL),(348,57,'2.1.6','ຄ່າປະກັນໄພພາຫະນະ',NULL,1,12.00,6,1,'2026-06-14 18:18:08','2026-06-16 08:57:19',NULL),(349,57,'2.1.7','ລາຍຈ່າຍໄປວຽກທາງການ',NULL,1,12.00,7,1,'2026-06-14 18:18:08','2026-06-16 08:57:19',NULL),(350,57,'2.1.8','ປົກປັກຮັກສາ ແລະ ອານາໄມອາຄານ, ສະຖານທີ່',NULL,1,12.00,8,1,'2026-06-14 18:18:08','2026-06-16 08:57:19',NULL),(351,57,'2.1.9','ວຽກງານກິດຈະກຳນັກສຶກສາ',NULL,1,12.00,9,1,'2026-06-14 18:18:08','2026-06-16 08:57:19',NULL),(352,58,'2.2.1','ຊື້ວັດຖຸ, ອຸປະກອນການຮຽນ ແລະ ການສິດສອນ',NULL,1,12.00,1,1,'2026-06-14 18:18:08','2026-06-16 08:57:19',NULL),(353,58,'2.2.2','ປັບປຸງແລະພັດທະນາການສຶກສາ (ປັບປຸງຫຼັກສູດ, ພິມປື້ມ)',NULL,1,12.00,2,1,'2026-06-14 18:18:08','2026-06-16 08:57:19',NULL),(354,58,'2.2.2.1','ງົບປະມານໃນການສ້າງຕຳລາຮຽນ (ພິມປື້ມ)',NULL,1,12.00,3,1,'2026-06-14 18:18:08','2026-06-16 08:57:19',353),(355,58,'2.2.2.2','ງົບປະມານໃນການພັດທະນາ ແລະ ປັບປຸງຫຼັກສູດ',NULL,1,12.00,4,1,'2026-06-14 18:18:08','2026-06-16 08:57:19',353),(356,58,'2.2.3','ບຳລຸງຫ້ອງທົດລອງ',NULL,1,12.00,5,1,'2026-06-14 18:18:08','2026-06-16 08:57:19',NULL),(357,58,'2.2.4','ຊື້ອຸປະກອນທົດລອງ',NULL,1,12.00,6,1,'2026-06-14 18:18:08','2026-06-16 08:57:19',NULL),(358,58,'2.2.5','ລາຍຈ່າຍກອງປະຊຸມວິຊາການ',NULL,1,12.00,7,1,'2026-06-14 18:18:08','2026-06-16 08:57:19',NULL),(359,58,'2.2.6','ບຳລຸງຫ້ອງອ່ານ',NULL,1,12.00,8,1,'2026-06-14 18:18:08','2026-06-16 08:57:19',NULL),(360,58,'2.2.7','ການຍົກລະດັບໄລຍະຍາວ',NULL,1,12.00,9,1,'2026-06-14 18:18:08','2026-06-16 08:57:19',NULL),(361,58,'2.2.8','ລາຍຈ່າຍຕິດຕາມການປະຕິບັດຫຼັກສູດ',NULL,1,12.00,10,1,'2026-06-14 18:18:08','2026-06-16 08:57:19',NULL),(362,59,'2.3.1','ບໍລິຫານວິຊາການ',NULL,1,12.00,1,1,'2026-06-14 18:18:08','2026-06-16 08:57:19',NULL),(363,59,'2.3.2','ບູລະນະ ແລະ ປົກປັກຮັກສາວັດທະນະທຳ',NULL,1,12.00,2,1,'2026-06-14 18:18:08','2026-06-16 08:57:19',NULL),(364,59,'2.3.3','ໄປທັດສະນະສຶກສາ',NULL,1,12.00,3,1,'2026-06-14 18:18:08','2026-06-16 08:57:19',NULL),(365,60,'2.4.1','ອຸດໜູນຄ່າບັດໂທລະສັບປະຈຳຕຳແໜ່ງ',NULL,1,12.00,1,1,'2026-06-14 18:18:08','2026-06-16 08:57:19',NULL),(366,60,'2.4.2','ອຸດໜູນຄ່ານ້ຳມັນປະຈຳຕຳແໜ່ງ',NULL,1,12.00,2,1,'2026-06-14 18:18:08','2026-06-16 08:57:19',NULL),(367,60,'2.4.3','ເງິນເດືອນສັນຍາຈ້າງ ແລະ ຄ່າແຮງງານ',NULL,1,12.00,3,1,'2026-06-14 18:18:08','2026-06-16 08:57:19',NULL),(368,60,'2.4.4','ອຸດໜູນການເຮັດວຽກເພີ່ມ',NULL,1,12.00,4,1,'2026-06-14 18:18:08','2026-06-16 08:57:19',NULL),(369,61,'2.5.1','ຄ່າສອນລະບົບພິເສດ',NULL,1,12.00,1,1,'2026-06-14 18:18:08','2026-06-16 08:57:19',NULL),(370,61,'2.5.2','ຄ່າບໍລິການສອບເສັງ',NULL,1,12.00,2,1,'2026-06-14 18:18:08','2026-06-16 08:57:19',NULL),(371,61,'2.5.3','ບົດໂຄງການຈົບຊັ້ນ',NULL,1,12.00,3,1,'2026-06-14 18:18:08','2026-06-16 08:57:19',NULL),(372,62,'2.6.1','ບໍລິຈາກເລືອດໃຫ້ອົງການກາແດງລາວ',NULL,1,12.00,1,1,'2026-06-14 18:18:08','2026-06-16 08:57:19',NULL),(373,62,'2.6.2','ເຄື່ອນໄຫວກິລາ ແລະ ສິນລະປະ',NULL,1,12.00,2,1,'2026-06-14 18:18:08','2026-06-16 08:57:19',NULL),(374,62,'2.6.3','ອອກແຮງງານລວມ',NULL,1,12.00,3,1,'2026-06-14 18:18:08','2026-06-16 08:57:19',NULL),(375,62,'2.6.4','ຈັດການແຂ່ງຂັນຖາມ-ຕອບວິທະຍາສາດ',NULL,1,12.00,4,1,'2026-06-14 18:18:08','2026-06-16 08:57:19',NULL),(376,63,'2.7.1','gg',NULL,5,12.00,1,1,'2026-06-15 09:47:21','2026-06-15 09:47:21',NULL);
/*!40000 ALTER TABLE `expense_subsections` ENABLE KEYS */;
UNLOCK TABLES;

--
-- Table structure for table `income_rate_settings`
--

DROP TABLE IF EXISTS `income_rate_settings`;
/*!40101 SET @saved_cs_client     = @@character_set_client */;
/*!50503 SET character_set_client = utf8mb4 */;
CREATE TABLE `income_rate_settings` (
  `id` bigint unsigned NOT NULL AUTO_INCREMENT,
  `setting_set_id` bigint unsigned DEFAULT NULL,
  `key` varchar(50) CHARACTER SET utf8mb4 COLLATE utf8mb4_unicode_ci NOT NULL,
  `label` varchar(255) CHARACTER SET utf8mb4 COLLATE utf8mb4_unicode_ci NOT NULL,
  `rate` decimal(15,2) NOT NULL DEFAULT '0.00',
  `created_at` timestamp NULL DEFAULT NULL,
  `updated_at` timestamp NULL DEFAULT NULL,
  PRIMARY KEY (`id`),
  UNIQUE KEY `income_rate_settings_key_unique` (`key`),
  KEY `income_rate_settings_setting_set_id_foreign` (`setting_set_id`),
  CONSTRAINT `income_rate_settings_setting_set_id_foreign` FOREIGN KEY (`setting_set_id`) REFERENCES `academic_income_setting_sets` (`id`) ON DELETE SET NULL
) ENGINE=InnoDB AUTO_INCREMENT=5 DEFAULT CHARSET=utf8mb4 COLLATE=utf8mb4_unicode_ci;
/*!40101 SET character_set_client = @saved_cs_client */;

--
-- Dumping data for table `income_rate_settings`
--

LOCK TABLES `income_rate_settings` WRITE;
/*!40000 ALTER TABLE `income_rate_settings` DISABLE KEYS */;
INSERT INTO `income_rate_settings` VALUES (1,1,'item3_rate','ຄ່າລົງທະບຽນເທີມສາມ',90000.00,'2026-05-18 20:31:56','2026-06-15 14:35:37'),(2,1,'item4_rate','ຄ່າບູລະນະຫ້ອງທົດລອງຄອມພິວເຕີ',50000.00,'2026-05-18 20:31:56','2026-06-15 14:35:37'),(3,1,'item5_rate','ຄ່າບຳລຸງອຸປະກອນຫ້ອງທົດລອງ',20000.00,'2026-05-18 20:31:56','2026-06-15 14:35:37'),(4,1,'item6_rate','ຄ່າ​ບໍລິການວິຊາການ ແລະ ຄ່າບໍລິການ​ອື່ນໆ',0.00,'2026-05-18 20:31:56','2026-06-15 14:35:37');
/*!40000 ALTER TABLE `income_rate_settings` ENABLE KEYS */;
UNLOCK TABLES;

--
-- Table structure for table `migrations`
--

DROP TABLE IF EXISTS `migrations`;
/*!40101 SET @saved_cs_client     = @@character_set_client */;
/*!50503 SET character_set_client = utf8mb4 */;
CREATE TABLE `migrations` (
  `id` int unsigned NOT NULL AUTO_INCREMENT,
  `migration` varchar(255) CHARACTER SET utf8mb4 COLLATE utf8mb4_unicode_ci NOT NULL,
  `batch` int NOT NULL,
  PRIMARY KEY (`id`)
) ENGINE=InnoDB AUTO_INCREMENT=105 DEFAULT CHARSET=utf8mb4 COLLATE=utf8mb4_unicode_ci;
/*!40101 SET character_set_client = @saved_cs_client */;

--
-- Dumping data for table `migrations`
--

LOCK TABLES `migrations` WRITE;
/*!40000 ALTER TABLE `migrations` DISABLE KEYS */;
INSERT INTO `migrations` VALUES (4,'2026_05_17_133150_create_degree_programs_table',1),(5,'2026_05_17_133151_create_course_credit_settings_table',1),(6,'2026_05_17_133151_create_credit_unit_price_settings_table',1),(7,'2026_05_17_133154_create_academic_income_plans_table',2),(9,'2026_05_17_133154_create_registration_fee_settings_table',2),(10,'2026_05_17_133155_create_academic_income_items_table',3),(11,'2026_05_17_152605_modify_credit_course_settings_use_level',4),(12,'2026_05_17_153113_remove_masters_phd_level',5),(13,'2026_05_17_160545_redesign_registration_fee_settings_to_itemized',6),(14,'2026_05_17_165401_change_course_credit_settings_to_per_program',7),(15,'2026_05_18_000001_create_degree_programs_table',8),(16,'2026_05_18_000002_create_course_credit_settings_table',8),(17,'2026_05_18_000003_create_credit_unit_price_settings_table',8),(18,'2026_05_18_000004_create_registration_fee_settings_table',8),(19,'2026_05_18_000005_create_registration_fee_items_table',8),(23,'2026_05_18_000009_add_study_year_to_degree_programs',9),(24,'2026_05_18_000010_change_nuol_pct_to_level_based',10),(25,'2026_05_18_000011_create_nuol_pct_settings_table',11),(26,'2026_05_18_000012_create_expense_plans_table',12),(27,'2026_05_18_000013_create_expense_categories_table',13),(28,'2026_05_18_000013_create_expense_categories_table',13),(29,'2026_05_18_000014_create_expense_items_table',13),(30,'2026_05_18_000015_add_year1_rate_to_course_credit_settings',14),(31,'2026_05_18_000016_replace_year1_rate_with_year1_credit_unit',15),(32,'2026_05_18_194752_create_income_rate_settings_table',16),(33,'2026_05_19_000017_create_income_rate_settings_table',17),(34,'2026_05_19_000018_fix_income_rate_settings_table',18),(35,'2026_05_19_000001_add_formula_fields_to_expense_tables',19),(39,'2026_05_20_000002_create_salary_plans_table',20),(40,'2026_05_20_000003_create_salary_entries_table',20),(42,'2026_05_25_000002_drop_academic_income_tables',22),(44,'2026_05_18_000006_create_academic_income_plans_table',23),(45,'2026_05_18_000007_create_academic_income_items_table',23),(46,'2026_05_18_000008_fix_academic_income_items_schema',23),(47,'2026_05_25_000001_drop_status_from_academic_income_plans_table',24),(48,'2026_05_25_000003_split_nuol_pct_master_phd',25),(49,'2026_05_25_123803_alter_registration_fee_settings_section_type_to_string',26),(50,'2026_05_21_000001_fix_expense_items_chart_of_account_fk',27),(53,'2026_05_28_000002_create_expense_ref_codes_table',28),(54,'2026_05_28_000003_drop_expense_categories_and_items_tables',29),(55,'2026_05_28_000001_create_expense_entries_table',30),(56,'2026_05_28_000004_add_parent_id_to_expense_ref_codes',31),(57,'2026_05_28_000005_add_ref_code_id_to_expense_entries',32),(58,'2026_05_28_000004_add_account_code_to_expense_ref_codes',33),(59,'2026_05_28_000005_add_category_codes_to_expense_entries',34),(60,'2026_05_28_000006_drop_entry_date_from_expense_entries',35),(61,'2026_05_28_000007_drop_account_code_from_expense_ref_codes',36),(73,'2026_05_30_170001_create_budget_plans_table',37),(74,'2026_05_30_170002_create_budget_plan_transitions_table',37),(75,'2026_05_30_170003_create_budget_plan_comments_table',37),(76,'2026_05_30_170004_add_budget_plan_id_to_sub_plans',37),(77,'2026_05_30_170005_drop_status_from_sub_plans',37),(79,'2026_05_31_000002_add_flat_fields_to_expense_entries',38),(80,'2026_06_08_000001_link_income_and_salary_plans_to_planning_years',39),(81,'2026_06_08_000002_create_expense_subsection_default_rows_table',40),(82,'2026_06_11_000001_create_expense_subsection_field_settings_table',41),(84,'2026_06_11_000002_add_summary_period_count_to_expense_tables',42),(86,'2026_06_11_000003_add_chart_account_to_expense_subsection_default_rows',43),(87,'2026_06_11_122915_create_sessions_table',44),(88,'2026_06_14_232216_make_expense_structure_global',45),(89,'2026_06_15_000001_drop_note_from_expense_subsection_default_rows_table',46),(90,'2026_06_15_000002_remove_note_from_expense_subsection_default_row_values',47),(91,'2026_06_15_000003_drop_reference_from_expense_subsection_default_rows_table',48),(92,'2026_06_15_000004_drop_expense_subsection_field_settings_table',49),(93,'2026_06_11_130000_merge_salary_entry_amount_columns',50),(94,'2026_06_15_000005_drop_remark_from_salary_entries_table',51),(95,'2026_06_15_131053_create_cache_table',52),(96,'2026_06_15_000006_prevent_duplicate_salary_entries',53),(97,'2026_06_16_000001_link_academic_income_items_to_setting_sets',54),(98,'2026_06_16_000002_relink_academic_income_items_to_populated_setting_sets',55),(99,'2026_06_16_000003_remove_academic_income_item_setting_snapshots',56),(100,'2026_06_16_000004_delete_zero_academic_income_items',57),(102,'2026_06_16_000005_drop_payment_amounts_from_academic_income_items',58),(104,'2026_06_17_000001_add_review_workflow_to_planning_years',59);
/*!40000 ALTER TABLE `migrations` ENABLE KEYS */;
UNLOCK TABLES;

--
-- Table structure for table `notifications`
--

DROP TABLE IF EXISTS `notifications`;
/*!40101 SET @saved_cs_client     = @@character_set_client */;
/*!50503 SET character_set_client = utf8mb4 */;
CREATE TABLE `notifications` (
  `id` char(36) COLLATE utf8mb4_unicode_ci NOT NULL,
  `type` varchar(255) COLLATE utf8mb4_unicode_ci NOT NULL,
  `notifiable_type` varchar(255) COLLATE utf8mb4_unicode_ci NOT NULL,
  `notifiable_id` bigint unsigned NOT NULL,
  `data` text COLLATE utf8mb4_unicode_ci NOT NULL,
  `read_at` timestamp NULL DEFAULT NULL,
  `created_at` timestamp NULL DEFAULT NULL,
  `updated_at` timestamp NULL DEFAULT NULL,
  PRIMARY KEY (`id`),
  KEY `notifications_notifiable_type_notifiable_id_index` (`notifiable_type`,`notifiable_id`)
) ENGINE=InnoDB DEFAULT CHARSET=utf8mb4 COLLATE=utf8mb4_unicode_ci;
/*!40101 SET character_set_client = @saved_cs_client */;

--
-- Dumping data for table `notifications`
--

LOCK TABLES `notifications` WRITE;
/*!40000 ALTER TABLE `notifications` DISABLE KEYS */;
INSERT INTO `notifications` VALUES ('0b915950-278a-41f6-9df2-082ccd91279c','App\\Notifications\\PlanningYearReviewRequested','App\\Models\\User',5,'{\"planning_year_id\":13,\"planning_year\":2027,\"review_round_id\":1,\"round_number\":1,\"title\":\"\\u0e82\\u0ecd\\u0e84\\u0ea7\\u0eb2\\u0ea1\\u0ec0\\u0eab\\u0eb1\\u0e99\\u0ec1\\u0e9c\\u0e99\\u0e9b\\u0eb5 2027\",\"message\":\"\\u0e81\\u0eb0\\u0ea5\\u0eb8\\u0e99\\u0eb2\\u0e81\\u0ea7\\u0e94\\u0ec1\\u0e9c\\u0e99 \\u0ec1\\u0ea5\\u0eb0 \\u0ec3\\u0eab\\u0ec9\\u0e84\\u0ea7\\u0eb2\\u0ea1\\u0ec0\\u0eab\\u0eb1\\u0e99\",\"url\":\"http:\\/\\/localhost:8000\\/reviews\\/planning-years\\/13\"}',NULL,'2026-06-16 19:12:10','2026-06-16 19:12:10'),('4b755a03-3840-4c8d-b0f0-a0e279413180','App\\Notifications\\PlanningYearReviewRequested','App\\Models\\User',6,'{\"planning_year_id\":13,\"planning_year\":2027,\"review_round_id\":2,\"round_number\":2,\"title\":\"\\u0e82\\u0ecd\\u0e84\\u0ea7\\u0eb2\\u0ea1\\u0ec0\\u0eab\\u0eb1\\u0e99\\u0ec1\\u0e9c\\u0e99\\u0e9b\\u0eb5 2027\",\"message\":\"\\u0e81\\u0eb0\\u0ea5\\u0eb8\\u0e99\\u0eb2\\u0e81\\u0ea7\\u0e94\\u0ec1\\u0e9c\\u0e99 \\u0ec1\\u0ea5\\u0eb0 \\u0ec3\\u0eab\\u0ec9\\u0e84\\u0ea7\\u0eb2\\u0ea1\\u0ec0\\u0eab\\u0eb1\\u0e99\",\"url\":\"http:\\/\\/localhost:8000\\/reviews\\/planning-years\\/13\"}','2026-06-16 19:20:03','2026-06-16 19:13:48','2026-06-16 19:20:03'),('8d10c1c9-9fee-40bd-921b-c6da39cbf527','App\\Notifications\\PlanningYearReviewRequested','App\\Models\\User',8,'{\"planning_year_id\":13,\"planning_year\":2027,\"review_round_id\":3,\"round_number\":3,\"title\":\"\\u0e82\\u0ecd\\u0e84\\u0ea7\\u0eb2\\u0ea1\\u0ec0\\u0eab\\u0eb1\\u0e99\\u0ec1\\u0e9c\\u0e99\\u0e9b\\u0eb5 2027\",\"message\":\"\\u0e81\\u0eb0\\u0ea5\\u0eb8\\u0e99\\u0eb2\\u0e81\\u0ea7\\u0e94\\u0ec1\\u0e9c\\u0e99 \\u0ec1\\u0ea5\\u0eb0 \\u0ec3\\u0eab\\u0ec9\\u0e84\\u0ea7\\u0eb2\\u0ea1\\u0ec0\\u0eab\\u0eb1\\u0e99\",\"url\":\"http:\\/\\/localhost:8000\\/reviews\\/planning-years\\/13\"}',NULL,'2026-06-16 19:15:02','2026-06-16 19:15:02'),('d67789e9-83ee-4a52-820b-db49194edbea','App\\Notifications\\PlanningYearReviewRequested','App\\Models\\User',6,'{\"planning_year_id\":13,\"planning_year\":2027,\"review_round_id\":5,\"round_number\":5,\"title\":\"\\u0e82\\u0ecd\\u0e84\\u0ea7\\u0eb2\\u0ea1\\u0ec0\\u0eab\\u0eb1\\u0e99\\u0ec1\\u0e9c\\u0e99\\u0e9b\\u0eb5 2027\",\"message\":\"\\u0e81\\u0eb0\\u0ea5\\u0eb8\\u0e99\\u0eb2\\u0e81\\u0ea7\\u0e94\\u0ec1\\u0e9c\\u0e99 \\u0ec1\\u0ea5\\u0eb0 \\u0ec3\\u0eab\\u0ec9\\u0e84\\u0ea7\\u0eb2\\u0ea1\\u0ec0\\u0eab\\u0eb1\\u0e99\",\"url\":\"http:\\/\\/localhost:8000\\/reviews\\/planning-years\\/13\"}',NULL,'2026-06-16 19:47:13','2026-06-16 19:47:13'),('e7b162c3-3ffb-455a-af60-45bf0db19af2','App\\Notifications\\PlanningYearReviewRequested','App\\Models\\User',6,'{\"planning_year_id\":13,\"planning_year\":2027,\"review_round_id\":4,\"round_number\":4,\"title\":\"\\u0e82\\u0ecd\\u0e84\\u0ea7\\u0eb2\\u0ea1\\u0ec0\\u0eab\\u0eb1\\u0e99\\u0ec1\\u0e9c\\u0e99\\u0e9b\\u0eb5 2027\",\"message\":\"\\u0e81\\u0eb0\\u0ea5\\u0eb8\\u0e99\\u0eb2\\u0e81\\u0ea7\\u0e94\\u0ec1\\u0e9c\\u0e99 \\u0ec1\\u0ea5\\u0eb0 \\u0ec3\\u0eab\\u0ec9\\u0e84\\u0ea7\\u0eb2\\u0ea1\\u0ec0\\u0eab\\u0eb1\\u0e99\",\"url\":\"http:\\/\\/localhost:8000\\/reviews\\/planning-years\\/13\"}','2026-06-16 19:20:57','2026-06-16 19:20:25','2026-06-16 19:20:57'),('f8a2177b-d2b9-46ee-81d4-62b37cede2df','App\\Notifications\\PlanningYearReviewRequested','App\\Models\\User',6,'{\"planning_year_id\":13,\"planning_year\":2027,\"review_round_id\":3,\"round_number\":3,\"title\":\"\\u0e82\\u0ecd\\u0e84\\u0ea7\\u0eb2\\u0ea1\\u0ec0\\u0eab\\u0eb1\\u0e99\\u0ec1\\u0e9c\\u0e99\\u0e9b\\u0eb5 2027\",\"message\":\"\\u0e81\\u0eb0\\u0ea5\\u0eb8\\u0e99\\u0eb2\\u0e81\\u0ea7\\u0e94\\u0ec1\\u0e9c\\u0e99 \\u0ec1\\u0ea5\\u0eb0 \\u0ec3\\u0eab\\u0ec9\\u0e84\\u0ea7\\u0eb2\\u0ea1\\u0ec0\\u0eab\\u0eb1\\u0e99\",\"url\":\"http:\\/\\/localhost:8000\\/reviews\\/planning-years\\/13\"}','2026-06-16 19:20:03','2026-06-16 19:15:02','2026-06-16 19:20:03');
/*!40000 ALTER TABLE `notifications` ENABLE KEYS */;
UNLOCK TABLES;

--
-- Table structure for table `nuol_pct_settings`
--

DROP TABLE IF EXISTS `nuol_pct_settings`;
/*!40101 SET @saved_cs_client     = @@character_set_client */;
/*!50503 SET character_set_client = utf8mb4 */;
CREATE TABLE `nuol_pct_settings` (
  `id` bigint unsigned NOT NULL AUTO_INCREMENT,
  `setting_set_id` bigint unsigned DEFAULT NULL,
  `level` enum('bachelor','master','phd') CHARACTER SET utf8mb4 COLLATE utf8mb4_unicode_ci NOT NULL,
  `percentage` decimal(5,4) NOT NULL,
  `gov_doc_id` varchar(255) CHARACTER SET utf8mb4 COLLATE utf8mb4_unicode_ci DEFAULT NULL,
  `start_year` smallint unsigned NOT NULL,
  `created_at` timestamp NULL DEFAULT NULL,
  `updated_at` timestamp NULL DEFAULT NULL,
  PRIMARY KEY (`id`),
  KEY `nuol_pct_settings_setting_set_id_foreign` (`setting_set_id`),
  CONSTRAINT `nuol_pct_settings_setting_set_id_foreign` FOREIGN KEY (`setting_set_id`) REFERENCES `academic_income_setting_sets` (`id`) ON DELETE SET NULL
) ENGINE=InnoDB AUTO_INCREMENT=5 DEFAULT CHARSET=utf8mb4 COLLATE=utf8mb4_unicode_ci;
/*!40101 SET character_set_client = @saved_cs_client */;

--
-- Dumping data for table `nuol_pct_settings`
--

LOCK TABLES `nuol_pct_settings` WRITE;
/*!40000 ALTER TABLE `nuol_pct_settings` DISABLE KEYS */;
INSERT INTO `nuol_pct_settings` VALUES (2,1,'bachelor',0.1700,NULL,2026,'2026-05-18 05:32:31','2026-05-27 04:35:46'),(3,1,'master',0.1000,NULL,2026,'2026-05-18 05:32:49','2026-05-25 11:52:20'),(4,1,'phd',0.1000,NULL,2026,'2026-05-25 11:52:20','2026-05-25 11:52:20');
/*!40000 ALTER TABLE `nuol_pct_settings` ENABLE KEYS */;
UNLOCK TABLES;

--
-- Table structure for table `planning_year_field_settings`
--

DROP TABLE IF EXISTS `planning_year_field_settings`;
/*!40101 SET @saved_cs_client     = @@character_set_client */;
/*!50503 SET character_set_client = utf8mb4 */;
CREATE TABLE `planning_year_field_settings` (
  `id` bigint unsigned NOT NULL AUTO_INCREMENT,
  `planning_year_id` bigint unsigned NOT NULL,
  `pattern_field_id` bigint unsigned NOT NULL,
  `label` varchar(255) CHARACTER SET utf8mb4 COLLATE utf8mb4_unicode_ci NOT NULL,
  `display_order` int unsigned NOT NULL DEFAULT '0',
  `is_required` tinyint(1) NOT NULL DEFAULT '0',
  `is_active` tinyint(1) NOT NULL DEFAULT '1',
  `default_value` varchar(255) CHARACTER SET utf8mb4 COLLATE utf8mb4_unicode_ci DEFAULT NULL,
  `created_at` timestamp NULL DEFAULT NULL,
  `updated_at` timestamp NULL DEFAULT NULL,
  PRIMARY KEY (`id`),
  UNIQUE KEY `planning_year_field_settings_year_field_unique` (`planning_year_id`,`pattern_field_id`),
  KEY `planning_year_field_settings_field_id_foreign` (`pattern_field_id`),
  CONSTRAINT `planning_year_field_settings_field_id_foreign` FOREIGN KEY (`pattern_field_id`) REFERENCES `expense_pattern_fields` (`id`) ON DELETE CASCADE,
  CONSTRAINT `planning_year_field_settings_year_id_foreign` FOREIGN KEY (`planning_year_id`) REFERENCES `planning_years` (`id`) ON DELETE CASCADE
) ENGINE=InnoDB AUTO_INCREMENT=133 DEFAULT CHARSET=utf8mb4 COLLATE=utf8mb4_unicode_ci;
/*!40101 SET character_set_client = @saved_cs_client */;

--
-- Dumping data for table `planning_year_field_settings`
--

LOCK TABLES `planning_year_field_settings` WRITE;
/*!40000 ALTER TABLE `planning_year_field_settings` DISABLE KEYS */;
/*!40000 ALTER TABLE `planning_year_field_settings` ENABLE KEYS */;
UNLOCK TABLES;

--
-- Table structure for table `planning_year_review_comment_agreements`
--

DROP TABLE IF EXISTS `planning_year_review_comment_agreements`;
/*!40101 SET @saved_cs_client     = @@character_set_client */;
/*!50503 SET character_set_client = utf8mb4 */;
CREATE TABLE `planning_year_review_comment_agreements` (
  `id` bigint unsigned NOT NULL AUTO_INCREMENT,
  `planning_year_review_comment_id` bigint unsigned NOT NULL,
  `user_id` int NOT NULL,
  `created_at` timestamp NULL DEFAULT NULL,
  `updated_at` timestamp NULL DEFAULT NULL,
  PRIMARY KEY (`id`),
  UNIQUE KEY `planning_year_review_agreements_comment_user_unique` (`planning_year_review_comment_id`,`user_id`),
  KEY `planning_year_review_comment_agreements_user_id_foreign` (`user_id`),
  CONSTRAINT `planning_year_review_comment_agreements_user_id_foreign` FOREIGN KEY (`user_id`) REFERENCES `users` (`id`) ON DELETE CASCADE,
  CONSTRAINT `py_review_agreements_comment_fk` FOREIGN KEY (`planning_year_review_comment_id`) REFERENCES `planning_year_review_comments` (`id`) ON DELETE CASCADE
) ENGINE=InnoDB AUTO_INCREMENT=2 DEFAULT CHARSET=utf8mb4 COLLATE=utf8mb4_unicode_ci;
/*!40101 SET character_set_client = @saved_cs_client */;

--
-- Dumping data for table `planning_year_review_comment_agreements`
--

LOCK TABLES `planning_year_review_comment_agreements` WRITE;
/*!40000 ALTER TABLE `planning_year_review_comment_agreements` DISABLE KEYS */;
INSERT INTO `planning_year_review_comment_agreements` VALUES (1,1,8,'2026-06-16 19:17:45','2026-06-16 19:17:45');
/*!40000 ALTER TABLE `planning_year_review_comment_agreements` ENABLE KEYS */;
UNLOCK TABLES;

--
-- Table structure for table `planning_year_review_comments`
--

DROP TABLE IF EXISTS `planning_year_review_comments`;
/*!40101 SET @saved_cs_client     = @@character_set_client */;
/*!50503 SET character_set_client = utf8mb4 */;
CREATE TABLE `planning_year_review_comments` (
  `id` bigint unsigned NOT NULL AUTO_INCREMENT,
  `planning_year_review_round_id` bigint unsigned NOT NULL,
  `planning_year_id` bigint unsigned NOT NULL,
  `user_id` int NOT NULL,
  `comment` text COLLATE utf8mb4_unicode_ci NOT NULL,
  `created_at` timestamp NULL DEFAULT NULL,
  `updated_at` timestamp NULL DEFAULT NULL,
  PRIMARY KEY (`id`),
  KEY `py_review_comments_year_fk` (`planning_year_id`),
  KEY `planning_year_review_comments_user_id_foreign` (`user_id`),
  KEY `planning_year_review_comments_round_created_index` (`planning_year_review_round_id`,`created_at`),
  CONSTRAINT `planning_year_review_comments_user_id_foreign` FOREIGN KEY (`user_id`) REFERENCES `users` (`id`) ON DELETE CASCADE,
  CONSTRAINT `py_review_comments_round_fk` FOREIGN KEY (`planning_year_review_round_id`) REFERENCES `planning_year_review_rounds` (`id`) ON DELETE CASCADE,
  CONSTRAINT `py_review_comments_year_fk` FOREIGN KEY (`planning_year_id`) REFERENCES `planning_years` (`id`) ON DELETE CASCADE
) ENGINE=InnoDB AUTO_INCREMENT=3 DEFAULT CHARSET=utf8mb4 COLLATE=utf8mb4_unicode_ci;
/*!40101 SET character_set_client = @saved_cs_client */;

--
-- Dumping data for table `planning_year_review_comments`
--

LOCK TABLES `planning_year_review_comments` WRITE;
/*!40000 ALTER TABLE `planning_year_review_comments` DISABLE KEYS */;
INSERT INTO `planning_year_review_comments` VALUES (1,3,13,6,'ຢາກໃຫ້ເພຶ່ມເງິນອີກແນ','2026-06-16 19:17:30','2026-06-16 19:17:30'),(2,5,13,6,'ປີ2 ຄະນິດສາດ ຄົນບໍຖືກເດີ','2026-06-16 19:50:50','2026-06-16 19:50:50');
/*!40000 ALTER TABLE `planning_year_review_comments` ENABLE KEYS */;
UNLOCK TABLES;

--
-- Table structure for table `planning_year_review_rounds`
--

DROP TABLE IF EXISTS `planning_year_review_rounds`;
/*!40101 SET @saved_cs_client     = @@character_set_client */;
/*!50503 SET character_set_client = utf8mb4 */;
CREATE TABLE `planning_year_review_rounds` (
  `id` bigint unsigned NOT NULL AUTO_INCREMENT,
  `planning_year_id` bigint unsigned NOT NULL,
  `requested_by` int NOT NULL,
  `closed_by` int DEFAULT NULL,
  `round_number` int unsigned NOT NULL,
  `note` text COLLATE utf8mb4_unicode_ci,
  `requested_at` timestamp NOT NULL DEFAULT CURRENT_TIMESTAMP,
  `closed_at` timestamp NULL DEFAULT NULL,
  `created_at` timestamp NULL DEFAULT NULL,
  `updated_at` timestamp NULL DEFAULT NULL,
  PRIMARY KEY (`id`),
  UNIQUE KEY `planning_year_review_rounds_planning_year_id_round_number_unique` (`planning_year_id`,`round_number`),
  KEY `planning_year_review_rounds_requested_by_foreign` (`requested_by`),
  KEY `planning_year_review_rounds_closed_by_foreign` (`closed_by`),
  CONSTRAINT `planning_year_review_rounds_closed_by_foreign` FOREIGN KEY (`closed_by`) REFERENCES `users` (`id`) ON DELETE SET NULL,
  CONSTRAINT `planning_year_review_rounds_planning_year_id_foreign` FOREIGN KEY (`planning_year_id`) REFERENCES `planning_years` (`id`) ON DELETE CASCADE,
  CONSTRAINT `planning_year_review_rounds_requested_by_foreign` FOREIGN KEY (`requested_by`) REFERENCES `users` (`id`) ON DELETE CASCADE
) ENGINE=InnoDB AUTO_INCREMENT=6 DEFAULT CHARSET=utf8mb4 COLLATE=utf8mb4_unicode_ci;
/*!40101 SET character_set_client = @saved_cs_client */;

--
-- Dumping data for table `planning_year_review_rounds`
--

LOCK TABLES `planning_year_review_rounds` WRITE;
/*!40000 ALTER TABLE `planning_year_review_rounds` DISABLE KEYS */;
INSERT INTO `planning_year_review_rounds` VALUES (1,13,2,2,1,'ຂໍຖາມຄວາມເຫັນແນ່','2026-06-16 19:12:10','2026-06-16 19:12:42','2026-06-16 19:12:10','2026-06-16 19:12:42'),(2,13,2,2,2,'ຂໍຄວາມເຫັນແນ່','2026-06-16 19:13:48','2026-06-16 19:14:22','2026-06-16 19:13:48','2026-06-16 19:14:22'),(3,13,2,2,3,NULL,'2026-06-16 19:15:02','2026-06-16 19:20:16','2026-06-16 19:15:02','2026-06-16 19:20:16'),(4,13,2,2,4,NULL,'2026-06-16 19:20:25','2026-06-16 19:45:52','2026-06-16 19:20:25','2026-06-16 19:45:52'),(5,13,2,NULL,5,NULL,'2026-06-16 19:47:13',NULL,'2026-06-16 19:47:13','2026-06-16 19:47:13');
/*!40000 ALTER TABLE `planning_year_review_rounds` ENABLE KEYS */;
UNLOCK TABLES;

--
-- Table structure for table `planning_year_reviewers`
--

DROP TABLE IF EXISTS `planning_year_reviewers`;
/*!40101 SET @saved_cs_client     = @@character_set_client */;
/*!50503 SET character_set_client = utf8mb4 */;
CREATE TABLE `planning_year_reviewers` (
  `id` bigint unsigned NOT NULL AUTO_INCREMENT,
  `planning_year_review_round_id` bigint unsigned NOT NULL,
  `user_id` int NOT NULL,
  `notified_at` timestamp NULL DEFAULT NULL,
  `created_at` timestamp NULL DEFAULT NULL,
  `updated_at` timestamp NULL DEFAULT NULL,
  PRIMARY KEY (`id`),
  UNIQUE KEY `planning_year_reviewers_round_user_unique` (`planning_year_review_round_id`,`user_id`),
  KEY `planning_year_reviewers_user_id_index` (`user_id`),
  CONSTRAINT `planning_year_reviewers_planning_year_review_round_id_foreign` FOREIGN KEY (`planning_year_review_round_id`) REFERENCES `planning_year_review_rounds` (`id`) ON DELETE CASCADE,
  CONSTRAINT `planning_year_reviewers_user_id_foreign` FOREIGN KEY (`user_id`) REFERENCES `users` (`id`) ON DELETE CASCADE
) ENGINE=InnoDB AUTO_INCREMENT=7 DEFAULT CHARSET=utf8mb4 COLLATE=utf8mb4_unicode_ci;
/*!40101 SET character_set_client = @saved_cs_client */;

--
-- Dumping data for table `planning_year_reviewers`
--

LOCK TABLES `planning_year_reviewers` WRITE;
/*!40000 ALTER TABLE `planning_year_reviewers` DISABLE KEYS */;
INSERT INTO `planning_year_reviewers` VALUES (1,1,5,'2026-06-16 19:12:10','2026-06-16 19:12:10','2026-06-16 19:12:10'),(2,2,6,'2026-06-16 19:13:48','2026-06-16 19:13:48','2026-06-16 19:13:48'),(3,3,6,'2026-06-16 19:15:02','2026-06-16 19:15:02','2026-06-16 19:15:02'),(4,3,8,'2026-06-16 19:15:02','2026-06-16 19:15:02','2026-06-16 19:15:02'),(5,4,6,'2026-06-16 19:20:25','2026-06-16 19:20:25','2026-06-16 19:20:25'),(6,5,6,'2026-06-16 19:47:13','2026-06-16 19:47:13','2026-06-16 19:47:13');
/*!40000 ALTER TABLE `planning_year_reviewers` ENABLE KEYS */;
UNLOCK TABLES;

--
-- Table structure for table `planning_years`
--

DROP TABLE IF EXISTS `planning_years`;
/*!40101 SET @saved_cs_client     = @@character_set_client */;
/*!50503 SET character_set_client = utf8mb4 */;
CREATE TABLE `planning_years` (
  `id` bigint unsigned NOT NULL AUTO_INCREMENT,
  `year` smallint unsigned NOT NULL,
  `name` varchar(255) CHARACTER SET utf8mb4 COLLATE utf8mb4_unicode_ci NOT NULL,
  `description` text CHARACTER SET utf8mb4 COLLATE utf8mb4_unicode_ci,
  `is_active` tinyint(1) NOT NULL DEFAULT '1',
  `status` varchar(30) COLLATE utf8mb4_unicode_ci NOT NULL DEFAULT 'DRAFT',
  `current_review_round_id` bigint unsigned DEFAULT NULL,
  `review_requested_at` timestamp NULL DEFAULT NULL,
  `review_closed_at` timestamp NULL DEFAULT NULL,
  `review_status` varchar(30) COLLATE utf8mb4_unicode_ci NOT NULL DEFAULT 'draft',
  `submitted_by` int unsigned DEFAULT NULL,
  `created_at` timestamp NULL DEFAULT NULL,
  `updated_at` timestamp NULL DEFAULT NULL,
  PRIMARY KEY (`id`),
  UNIQUE KEY `planning_years_year_unique` (`year`),
  KEY `planning_years_status_index` (`status`),
  KEY `planning_years_current_review_round_id_index` (`current_review_round_id`),
  CONSTRAINT `planning_years_current_review_round_id_foreign` FOREIGN KEY (`current_review_round_id`) REFERENCES `planning_year_review_rounds` (`id`) ON DELETE SET NULL
) ENGINE=InnoDB AUTO_INCREMENT=18 DEFAULT CHARSET=utf8mb4 COLLATE=utf8mb4_unicode_ci;
/*!40101 SET character_set_client = @saved_cs_client */;

--
-- Dumping data for table `planning_years`
--

LOCK TABLES `planning_years` WRITE;
/*!40000 ALTER TABLE `planning_years` DISABLE KEYS */;
INSERT INTO `planning_years` VALUES (13,2027,'Planning 2027',NULL,1,'PENDING_REVIEW',5,'2026-06-16 19:47:13',NULL,'draft',NULL,'2026-06-14 18:18:08','2026-06-16 19:47:13');
/*!40000 ALTER TABLE `planning_years` ENABLE KEYS */;
UNLOCK TABLES;

--
-- Table structure for table `registration_fee_items`
--

DROP TABLE IF EXISTS `registration_fee_items`;
/*!40101 SET @saved_cs_client     = @@character_set_client */;
/*!50503 SET character_set_client = utf8mb4 */;
CREATE TABLE `registration_fee_items` (
  `id` bigint unsigned NOT NULL AUTO_INCREMENT,
  `fee_setting_id` bigint unsigned NOT NULL,
  `sort_order` tinyint unsigned NOT NULL DEFAULT '0',
  `name` varchar(255) CHARACTER SET utf8mb4 COLLATE utf8mb4_unicode_ci NOT NULL,
  `amount` decimal(15,2) NOT NULL,
  `nuol_pct` decimal(5,4) NOT NULL DEFAULT '0.0000',
  `created_at` timestamp NULL DEFAULT NULL,
  `updated_at` timestamp NULL DEFAULT NULL,
  PRIMARY KEY (`id`),
  KEY `registration_fee_items_fee_setting_id_foreign` (`fee_setting_id`),
  CONSTRAINT `registration_fee_items_fee_setting_id_foreign` FOREIGN KEY (`fee_setting_id`) REFERENCES `registration_fee_settings` (`id`) ON DELETE CASCADE
) ENGINE=InnoDB AUTO_INCREMENT=47 DEFAULT CHARSET=utf8mb4 COLLATE=utf8mb4_unicode_ci;
/*!40101 SET character_set_client = @saved_cs_client */;

--
-- Dumping data for table `registration_fee_items`
--

LOCK TABLES `registration_fee_items` WRITE;
/*!40000 ALTER TABLE `registration_fee_items` DISABLE KEYS */;
INSERT INTO `registration_fee_items` VALUES (11,27,1,'ຄ່າທຳນຽມລົງທະບຽນປະຈໍາປີ',15000.00,1.0000,'2026-05-17 16:09:40','2026-05-17 16:09:40'),(12,27,2,'ຄ່າຊຸດເອກະສານລົງທະບຽນ ນ/ສ ໃໝ່',15000.00,1.0000,'2026-05-17 16:09:40','2026-05-17 16:09:40'),(13,27,3,'ຄ່າອະນາໄມຫ້ອງຮຽນ',25000.00,0.0000,'2026-05-17 16:09:40','2026-05-17 16:09:40'),(14,27,4,'ບຳລຸງອຸປະກອນການຮຽນ-ການສອນ',20000.00,0.0000,'2026-05-17 16:09:40','2026-05-17 16:09:40'),(15,27,5,'ບຳລຸງກິດຈະກຳນັກສຶກສາ',30000.00,0.3000,'2026-05-17 16:09:40','2026-05-17 16:09:40'),(16,27,6,'ບຳລຸງວິທະຍາເຂດ',30000.00,0.4000,'2026-05-17 16:09:40','2026-05-17 16:09:40'),(17,27,7,'ອຸດໜູນວຽກປ້ອງກັນ',20000.00,0.0000,'2026-05-17 16:09:40','2026-05-17 16:09:40'),(18,27,8,'ບຳລຸງຫ້ອງອ່ານ',10000.00,0.0000,'2026-05-17 16:09:40','2026-05-17 16:09:40'),(19,27,9,'ບຳລຸງຫ້ອງທົດລອງ',15000.00,0.0000,'2026-05-17 16:09:40','2026-05-17 16:09:40'),(20,27,10,'ບໍລິການສອບເສັງ',25000.00,0.0000,'2026-05-17 16:09:40','2026-05-17 16:09:40'),(21,27,11,'ບໍລິການການລົງທະບຽນລາຍວິຊາ',5000.00,0.0000,'2026-05-17 16:09:40','2026-05-17 16:09:40'),(37,26,0,'ຄ່າທຳນຽມນັກສຶກສາລົງທະບຽນ',10000.00,0.2500,'2026-05-25 12:51:51','2026-05-25 12:51:51'),(38,26,1,'ຄ່າອະນາໄມຫ້ອງຮຽນ',25000.00,0.0000,'2026-05-25 12:51:51','2026-05-25 12:51:51'),(39,26,2,'ບຳລຸງອຸປະກອນການຮຽນ-ການສອນ',20000.00,0.0000,'2026-05-25 12:51:51','2026-05-25 12:51:51'),(40,26,3,'ບຳລຸງກິດຈະກຳນັກສຶກສາ',30000.00,0.3000,'2026-05-25 12:51:51','2026-05-25 12:51:51'),(41,26,4,'ບຳລຸງວິທະຍາເຂດ',30000.00,0.4000,'2026-05-25 12:51:51','2026-05-25 12:51:51'),(42,26,5,'ອຸດໜູນວຽກປ້ອງກັນ',20000.00,0.0000,'2026-05-25 12:51:51','2026-05-25 12:51:51'),(43,26,6,'ບຳລຸງຫ້ອງອ່ານ',30000.00,0.0000,'2026-05-25 12:51:51','2026-05-25 12:51:51'),(44,26,7,'ບຳລຸງຫ້ອງທົດລອງ',15000.00,0.0000,'2026-05-25 12:51:51','2026-05-25 12:51:51'),(45,26,8,'ບໍລິການສອບເສັງ',25000.00,0.0000,'2026-05-25 12:51:51','2026-05-25 12:51:51'),(46,26,9,'ບໍລິການການລົງທະບຽນລາຍວິຊາ',5000.00,0.0000,'2026-05-25 12:51:51','2026-05-25 12:51:51');
/*!40000 ALTER TABLE `registration_fee_items` ENABLE KEYS */;
UNLOCK TABLES;

--
-- Table structure for table `registration_fee_settings`
--

DROP TABLE IF EXISTS `registration_fee_settings`;
/*!40101 SET @saved_cs_client     = @@character_set_client */;
/*!50503 SET character_set_client = utf8mb4 */;
CREATE TABLE `registration_fee_settings` (
  `id` bigint unsigned NOT NULL AUTO_INCREMENT,
  `section_type` varchar(255) CHARACTER SET utf8mb4 COLLATE utf8mb4_unicode_ci NOT NULL,
  `gov_doc_id` varchar(255) CHARACTER SET utf8mb4 COLLATE utf8mb4_unicode_ci DEFAULT NULL,
  `start_year` smallint unsigned NOT NULL,
  `created_at` timestamp NULL DEFAULT NULL,
  `updated_at` timestamp NULL DEFAULT NULL,
  PRIMARY KEY (`id`)
) ENGINE=InnoDB AUTO_INCREMENT=34 DEFAULT CHARSET=utf8mb4 COLLATE=utf8mb4_unicode_ci;
/*!40101 SET character_set_client = @saved_cs_client */;

--
-- Dumping data for table `registration_fee_settings`
--

LOCK TABLES `registration_fee_settings` WRITE;
/*!40000 ALTER TABLE `registration_fee_settings` DISABLE KEYS */;
INSERT INTO `registration_fee_settings` VALUES (26,'year2_4',NULL,2026,'2026-05-17 16:09:40','2026-05-17 16:09:40'),(27,'year1',NULL,2026,'2026-05-17 16:09:40','2026-05-17 16:09:40');
/*!40000 ALTER TABLE `registration_fee_settings` ENABLE KEYS */;
UNLOCK TABLES;

--
-- Table structure for table `roles`
--

DROP TABLE IF EXISTS `roles`;
/*!40101 SET @saved_cs_client     = @@character_set_client */;
/*!50503 SET character_set_client = utf8mb4 */;
CREATE TABLE `roles` (
  `id` int NOT NULL AUTO_INCREMENT,
  `role_name` varchar(50) CHARACTER SET utf8mb4 COLLATE utf8mb4_unicode_ci NOT NULL,
  PRIMARY KEY (`id`),
  UNIQUE KEY `role_name` (`role_name`)
) ENGINE=InnoDB AUTO_INCREMENT=12 DEFAULT CHARSET=utf8mb4 COLLATE=utf8mb4_unicode_ci;
/*!40101 SET character_set_client = @saved_cs_client */;

--
-- Dumping data for table `roles`
--

LOCK TABLES `roles` WRITE;
/*!40000 ALTER TABLE `roles` DISABLE KEYS */;
INSERT INTO `roles` VALUES (3,'accountant'),(1,'admin'),(7,'cashier'),(4,'deputy_head_of_faculty'),(5,'head_of_faculty'),(2,'head_of_finance'),(6,'requester'),(8,'revenue_officer'),(9,'treasurer'),(10,'treasury_reconciliation_officer');
/*!40000 ALTER TABLE `roles` ENABLE KEYS */;
UNLOCK TABLES;

--
-- Table structure for table `salary_entries`
--

DROP TABLE IF EXISTS `salary_entries`;
/*!40101 SET @saved_cs_client     = @@character_set_client */;
/*!50503 SET character_set_client = utf8mb4 */;
CREATE TABLE `salary_entries` (
  `id` bigint unsigned NOT NULL AUTO_INCREMENT,
  `plan_id` bigint unsigned NOT NULL,
  `chart_of_account_id` int unsigned NOT NULL,
  `person_count` int unsigned NOT NULL DEFAULT '0',
  `payment_type` varchar(20) COLLATE utf8mb4_unicode_ci NOT NULL DEFAULT 'transfer',
  `amount` decimal(15,2) NOT NULL DEFAULT '0.00',
  `monthly_total` decimal(15,2) NOT NULL DEFAULT '0.00',
  `annual_amount` decimal(15,2) NOT NULL DEFAULT '0.00',
  `created_at` timestamp NULL DEFAULT NULL,
  `updated_at` timestamp NULL DEFAULT NULL,
  PRIMARY KEY (`id`),
  UNIQUE KEY `salary_entries_plan_account_unique` (`plan_id`,`chart_of_account_id`),
  KEY `salary_entries_plan_id_index` (`plan_id`),
  KEY `salary_entries_chart_of_account_id_index` (`chart_of_account_id`),
  CONSTRAINT `salary_entries_chart_of_account_id_foreign` FOREIGN KEY (`chart_of_account_id`) REFERENCES `chart_of_accounts` (`id`) ON DELETE RESTRICT,
  CONSTRAINT `salary_entries_plan_id_foreign` FOREIGN KEY (`plan_id`) REFERENCES `salary_plans` (`id`) ON DELETE CASCADE
) ENGINE=InnoDB AUTO_INCREMENT=36 DEFAULT CHARSET=utf8mb4 COLLATE=utf8mb4_unicode_ci;
/*!40101 SET character_set_client = @saved_cs_client */;

--
-- Dumping data for table `salary_entries`
--

LOCK TABLES `salary_entries` WRITE;
/*!40000 ALTER TABLE `salary_entries` DISABLE KEYS */;
INSERT INTO `salary_entries` VALUES (12,18,35,98,'transfer',249716250.00,249716250.00,2996595000.00,'2026-06-15 12:41:31','2026-06-15 12:51:32'),(14,18,37,53,'transfer',1015850.00,1015850.00,12190200.00,'2026-06-15 12:52:21','2026-06-15 12:52:21'),(15,18,40,3,'transfer',12220515.00,12220515.00,146646180.00,'2026-06-15 12:52:29','2026-06-15 12:52:29'),(16,18,43,79,'transfer',51812355.00,51812355.00,621748260.00,'2026-06-15 12:52:49','2026-06-15 12:52:49'),(17,18,45,96,'transfer',23768430.00,23768430.00,285221160.00,'2026-06-15 12:54:16','2026-06-15 12:54:16'),(18,18,49,104,'transfer',9385000.00,9385000.00,112620000.00,'2026-06-15 12:54:32','2026-06-15 12:54:32'),(19,18,50,37,'transfer',1102304.00,1102304.00,13227648.00,'2026-06-15 12:54:49','2026-06-15 12:54:49'),(20,18,52,12,'cash',7500000.00,7500000.00,90000000.00,'2026-06-15 12:55:11','2026-06-15 12:55:18'),(22,18,71,78,'transfer',2904720.00,2904720.00,34856640.00,'2026-06-15 13:06:46','2026-06-15 13:06:46'),(23,18,72,14,'transfer',411600.00,411600.00,4939200.00,'2026-06-15 13:06:57','2026-06-15 13:06:57'),(24,18,73,6,'transfer',0.00,0.00,0.00,'2026-06-15 13:25:33','2026-06-15 13:25:33'),(25,18,75,167,'cash',6680000.00,6680000.00,80160000.00,'2026-06-15 13:26:04','2026-06-15 13:26:46'),(27,18,77,6,'cash',41666666.00,41666666.00,499999992.00,'2026-06-15 13:28:00','2026-06-15 13:29:57'),(28,18,78,15,'cash',25000000.00,25000000.00,300000000.00,'2026-06-15 13:28:31','2026-06-15 13:29:58'),(29,18,79,1,'cash',54850000.00,54850000.00,658200000.00,'2026-06-15 13:29:23','2026-06-15 13:29:59'),(31,18,80,23,'cash',4820000.00,4820000.00,57840000.00,'2026-06-15 13:30:08','2026-06-15 13:30:20'),(32,18,86,23,'cash',56000000.00,56000000.00,672000000.00,'2026-06-15 13:44:56','2026-06-15 13:45:11'),(33,18,92,280,'cash',100800000.00,100800000.00,1209600000.00,'2026-06-15 14:20:41','2026-06-15 14:28:52'),(34,18,93,280,'cash',11200000.00,11200000.00,134400000.00,'2026-06-15 14:21:14','2026-06-15 14:28:55'),(35,18,108,115,'cash',5750000.00,5750000.00,69000000.00,'2026-06-15 14:21:52','2026-06-15 14:21:59');
/*!40000 ALTER TABLE `salary_entries` ENABLE KEYS */;
UNLOCK TABLES;

--
-- Table structure for table `salary_plans`
--

DROP TABLE IF EXISTS `salary_plans`;
/*!40101 SET @saved_cs_client     = @@character_set_client */;
/*!50503 SET character_set_client = utf8mb4 */;
CREATE TABLE `salary_plans` (
  `id` bigint unsigned NOT NULL AUTO_INCREMENT,
  `planning_year_id` bigint unsigned DEFAULT NULL,
  `fiscal_year` smallint unsigned NOT NULL,
  `month` tinyint unsigned NOT NULL,
  `notes` text CHARACTER SET utf8mb4 COLLATE utf8mb4_unicode_ci,
  `created_by` int NOT NULL,
  `created_at` timestamp NULL DEFAULT NULL,
  `updated_at` timestamp NULL DEFAULT NULL,
  PRIMARY KEY (`id`),
  UNIQUE KEY `salary_plans_fiscal_year_month_unique` (`fiscal_year`,`month`),
  KEY `salary_plans_created_by_foreign` (`created_by`),
  KEY `salary_plans_fiscal_year_index` (`fiscal_year`),
  KEY `salary_plans_planning_year_id_foreign` (`planning_year_id`),
  CONSTRAINT `salary_plans_created_by_foreign` FOREIGN KEY (`created_by`) REFERENCES `users` (`id`) ON DELETE CASCADE,
  CONSTRAINT `salary_plans_planning_year_id_foreign` FOREIGN KEY (`planning_year_id`) REFERENCES `planning_years` (`id`) ON DELETE SET NULL
) ENGINE=InnoDB AUTO_INCREMENT=19 DEFAULT CHARSET=utf8mb4 COLLATE=utf8mb4_unicode_ci;
/*!40101 SET character_set_client = @saved_cs_client */;

--
-- Dumping data for table `salary_plans`
--

LOCK TABLES `salary_plans` WRITE;
/*!40000 ALTER TABLE `salary_plans` DISABLE KEYS */;
INSERT INTO `salary_plans` VALUES (18,13,2027,1,NULL,2,'2026-06-14 18:18:08','2026-06-14 18:18:08');
/*!40000 ALTER TABLE `salary_plans` ENABLE KEYS */;
UNLOCK TABLES;

--
-- Table structure for table `sessions`
--

DROP TABLE IF EXISTS `sessions`;
/*!40101 SET @saved_cs_client     = @@character_set_client */;
/*!50503 SET character_set_client = utf8mb4 */;
CREATE TABLE `sessions` (
  `id` varchar(255) COLLATE utf8mb4_unicode_ci NOT NULL,
  `user_id` bigint unsigned DEFAULT NULL,
  `ip_address` varchar(45) COLLATE utf8mb4_unicode_ci DEFAULT NULL,
  `user_agent` text COLLATE utf8mb4_unicode_ci,
  `payload` longtext COLLATE utf8mb4_unicode_ci NOT NULL,
  `last_activity` int NOT NULL,
  PRIMARY KEY (`id`),
  KEY `sessions_user_id_index` (`user_id`),
  KEY `sessions_last_activity_index` (`last_activity`)
) ENGINE=InnoDB DEFAULT CHARSET=utf8mb4 COLLATE=utf8mb4_unicode_ci;
/*!40101 SET character_set_client = @saved_cs_client */;

--
-- Dumping data for table `sessions`
--

LOCK TABLES `sessions` WRITE;
/*!40000 ALTER TABLE `sessions` DISABLE KEYS */;
INSERT INTO `sessions` VALUES ('Anhf3nUs6Nrvu83JYALxXyb1Hibby4Y1NE0pcRr2',NULL,'127.0.0.1','curl/8.14.1','YTozOntzOjY6Il90b2tlbiI7czo0MDoiY2dtYzM3YmdxaVdPMjF3b0RiQ0NlQlAyU1JwOXlnNTk3eE9mWkRlRiI7czo5OiJfcHJldmlvdXMiO2E6Mjp7czozOiJ1cmwiO3M6MjE6Imh0dHA6Ly8xMjcuMC4wLjE6ODAwMCI7czo1OiJyb3V0ZSI7Tjt9czo2OiJfZmxhc2giO2E6Mjp7czozOiJvbGQiO2E6MDp7fXM6MzoibmV3IjthOjA6e319fQ==',1781634088),('iS7AZdwooriTCCNYNfdmjdMn4K5JZD25yRrikXgd',NULL,'127.0.0.1','Mozilla/5.0','YTozOntzOjY6Il90b2tlbiI7czo0MDoiUkJjaENWbVl1anNaSld5d1JiV08zS2laM0l4cUNtVkNRaTZ5NlU2VCI7czo5OiJfcHJldmlvdXMiO2E6Mjp7czozOiJ1cmwiO3M6Mjc6Imh0dHA6Ly8xMjcuMC4wLjE6ODAwMC9sb2dpbiI7czo1OiJyb3V0ZSI7czo1OiJsb2dpbiI7fXM6NjoiX2ZsYXNoIjthOjI6e3M6Mzoib2xkIjthOjA6e31zOjM6Im5ldyI7YTowOnt9fX0=',1781633336),('RuKKPMhbceY2V8zM1UVUvTWLEFz7hEzGto2sKM6K',6,'127.0.0.1','Mozilla/5.0 (Windows NT 10.0; Win64; x64) AppleWebKit/537.36 (KHTML, like Gecko) Code/1.124.2 Chrome/148.0.7778.97 Electron/42.2.0 Safari/537.36','YTo0OntzOjY6Il90b2tlbiI7czo0MDoiTXRudk0yMG1uNHBzVTlFMHl2N1lwY201bGZDcVhVbW0wQmtiaUY3YiI7czo5OiJfcHJldmlvdXMiO2E6Mjp7czozOiJ1cmwiO3M6NDc6Imh0dHA6Ly8xMjcuMC4wLjE6ODAwMC9yZXZpZXdzL3BsYW5uaW5nLXllYXJzLzEzIjtzOjU6InJvdXRlIjtzOjI3OiJyZXZpZXdzLnBsYW5uaW5nLXllYXJzLnNob3ciO31zOjY6Il9mbGFzaCI7YToyOntzOjM6Im9sZCI7YTowOnt9czozOiJuZXciO2E6MDp7fX1zOjUwOiJsb2dpbl93ZWJfNTliYTM2YWRkYzJiMmY5NDAxNTgwZjAxNGM3ZjU4ZWE0ZTMwOTg5ZCI7aTo2O30=',1781640317),('vmv6qX24ZvQiVByzoHlQwDHGPS3HFOv17LqMVzcf',2,'127.0.0.1','Mozilla/5.0 (Windows NT 10.0; Win64; x64) AppleWebKit/537.36 (KHTML, like Gecko) Chrome/149.0.0.0 Safari/537.36','YTo0OntzOjY6Il90b2tlbiI7czo0MDoiNkIySGJBbUtlWVhaSjhiSXdiSzE1RzZEclh5cTJFVUc2OTJqZHptOCI7czo1MDoibG9naW5fd2ViXzU5YmEzNmFkZGMyYjJmOTQwMTU4MGYwMTRjN2Y1OGVhNGUzMDk4OWQiO2k6MjtzOjk6Il9wcmV2aW91cyI7YToyOntzOjM6InVybCI7czo2MDoiaHR0cDovL2xvY2FsaG9zdDo4MDAwL2hlYWQtb2YtZmluYW5jZS9tYW5hZ2UtcGxhbi8xMy9wcmV2aWV3IjtzOjU6InJvdXRlIjtzOjM1OiJoZWFkX29mX2ZpbmFuY2UubWFuYWdlLXBsYW4ucHJldmlldyI7fXM6NjoiX2ZsYXNoIjthOjI6e3M6Mzoib2xkIjthOjA6e31zOjM6Im5ldyI7YTowOnt9fX0=',1781640319),('YZp2n17cFDsWiBVFelqzdHEayaOFZRMuL1KXjmey',8,'127.0.0.1','Mozilla/5.0 (Windows NT 10.0; Win64; x64) AppleWebKit/537.36 (KHTML, like Gecko) Chrome/149.0.0.0 Safari/537.36','YTo0OntzOjY6Il90b2tlbiI7czo0MDoiQWQ2dW5NUTdocnVTdVBqYzBkaW9qT0Vla01oNmVMdmJPZzRRRlMyVyI7czo5OiJfcHJldmlvdXMiO2E6Mjp7czozOiJ1cmwiO3M6NDQ6Imh0dHA6Ly9sb2NhbGhvc3Q6ODAwMC9yZXZpZXdzL3BsYW5uaW5nLXllYXJzIjtzOjU6InJvdXRlIjtzOjI4OiJyZXZpZXdzLnBsYW5uaW5nLXllYXJzLmluZGV4Ijt9czo2OiJfZmxhc2giO2E6Mjp7czozOiJvbGQiO2E6MDp7fXM6MzoibmV3IjthOjA6e319czo1MDoibG9naW5fd2ViXzU5YmEzNmFkZGMyYjJmOTQwMTU4MGYwMTRjN2Y1OGVhNGUzMDk4OWQiO2k6ODt9',1781637787),('ZwLp3QC8YyyAgMMpehjnSDHRvh4jBXGnnavwSgGH',NULL,'127.0.0.1','Mozilla/5.0','YTozOntzOjY6Il90b2tlbiI7czo0MDoiV3RvcUJ1WXdoVXNOalg1aWJkbk55T1R1bU5yZnBQb0s1RTkwSDJNWSI7czo5OiJfcHJldmlvdXMiO2E6Mjp7czozOiJ1cmwiO3M6MjE6Imh0dHA6Ly8xMjcuMC4wLjE6ODAwMCI7czo1OiJyb3V0ZSI7Tjt9czo2OiJfZmxhc2giO2E6Mjp7czozOiJvbGQiO2E6MDp7fXM6MzoibmV3IjthOjA6e319fQ==',1781633336);
/*!40000 ALTER TABLE `sessions` ENABLE KEYS */;
UNLOCK TABLES;

--
-- Table structure for table `users`
--

DROP TABLE IF EXISTS `users`;
/*!40101 SET @saved_cs_client     = @@character_set_client */;
/*!50503 SET character_set_client = utf8mb4 */;
CREATE TABLE `users` (
  `id` int NOT NULL AUTO_INCREMENT,
  `username` varchar(50) CHARACTER SET utf8mb4 COLLATE utf8mb4_unicode_ci NOT NULL,
  `password` varchar(255) CHARACTER SET utf8mb4 COLLATE utf8mb4_unicode_ci NOT NULL,
  `full_name` varchar(100) CHARACTER SET utf8mb4 COLLATE utf8mb4_unicode_ci NOT NULL,
  `role_id` int NOT NULL,
  `department_id` int DEFAULT NULL,
  `is_active` tinyint(1) NOT NULL DEFAULT '1',
  `remember_token` varchar(100) CHARACTER SET utf8mb4 COLLATE utf8mb4_unicode_ci DEFAULT NULL,
  PRIMARY KEY (`id`),
  UNIQUE KEY `username` (`username`),
  KEY `role_id` (`role_id`),
  KEY `department_id` (`department_id`),
  CONSTRAINT `users_ibfk_1` FOREIGN KEY (`role_id`) REFERENCES `roles` (`id`),
  CONSTRAINT `users_ibfk_2` FOREIGN KEY (`department_id`) REFERENCES `departments` (`id`) ON DELETE SET NULL
) ENGINE=InnoDB AUTO_INCREMENT=26 DEFAULT CHARSET=utf8mb4 COLLATE=utf8mb4_unicode_ci;
/*!40101 SET character_set_client = @saved_cs_client */;

--
-- Dumping data for table `users`
--

LOCK TABLES `users` WRITE;
/*!40000 ALTER TABLE `users` DISABLE KEYS */;
INSERT INTO `users` VALUES (1,'admin01','$2y$12$Cy73vWzkYGAjnpybpWpphuYXJH1nF/rM8cJS6QWOOb232Reeto6qe','admin',1,NULL,1,'59LMu3bRcZKwIojNwXoYV8s3HUHIT3hNXco2oxv5cFcj513s7cpq9JLCEbKt'),(2,'aj_boasod','$2y$12$Cy73vWzkYGAjnpybpWpphuYXJH1nF/rM8cJS6QWOOb232Reeto6qe','aj_boasod',2,NULL,1,'clZTZIbvpMQ8fQWCF8fduIaRpI3HwZy0OnIiCJAb1Gmr2e6c48AbiWUTEOaF'),(3,'accountant01','$2y$12$Cy73vWzkYGAjnpybpWpphuYXJH1nF/rM8cJS6QWOOb232Reeto6qe','accountant',3,NULL,1,NULL),(4,'accountant02','$2y$12$Cy73vWzkYGAjnpybpWpphuYXJH1nF/rM8cJS6QWOOb232Reeto6qe','accountantnaja',3,NULL,0,NULL),(5,'hong_head_fac','$2y$12$Cy73vWzkYGAjnpybpWpphuYXJH1nF/rM8cJS6QWOOb232Reeto6qe','hong_head_fac',4,NULL,1,'s2OWp2O22m6kmwMsjA784B3H6o5Q1chIaT3TUvQwHF04IAajJCKIZMk0cHkk'),(6,'head_fac','$2y$12$Cy73vWzkYGAjnpybpWpphuYXJH1nF/rM8cJS6QWOOb232Reeto6qe','head_fac',5,NULL,1,'JwpV0l3y9AoFNuMLc4TjxYvFINxzOhUrvbIf7JYW53JNHBaFQyb5I908pjEE'),(8,'Teng1122','$2y$12$f.9G6sZ1eamcuQuEO3UFQukIWHtjCg0SnpVaHZl1WHSVed3tsuX7K','Teng',4,NULL,1,'j6kN28DyGQFplASDIRu15QOIVddRhI6PbMvKfXGsqutVhk9VVGRp5UUDaeA9'),(9,'valenthaiymany@gmail.com','$2y$12$UsTnHcVp3x7FH3e9sED34eg0MiP3wWg5oI37YMnhdI6tfl9QbPHr.','Valenthaiy Many',6,NULL,1,NULL),(10,'luminusxdd981@gmail.com','$2y$12$W0b4/PaL.421XOksvS/hn.lEaawX4smoMI5KKuOkUHL3XjszEMojK','Valenthaiy Many',8,NULL,1,'vRz0XT159zFdVjX02fDArGUyLbTwMIjcfWcpQ4fUDjLQ5kT4MQ1wKUnksaiT'),(11,'beekhnlor','$2y$12$1/yzOvXFvq18Qu4FhmVBtu2XO5xLxfu0O78jFx4D3JjRecGJJVAIy','beekingword',1,NULL,1,NULL),(12,'beesosad','$2y$12$4BlQSk8TmK/piOLzpkgtsuKXVbn7/O61F8DQDD3dQHzN18EfqdX7i','bee',6,NULL,1,NULL),(24,'beesocute','$2y$12$aXoryApvOR7VSStZ4I6REeKi0gKIYpF16xzY9tA1HW3OxejRBtjxW','khonesavanh',6,NULL,1,'oW82H4h53NMgRXhJmWGHZSzmQa66fNNJixnTTxPJihFDkMQnLI76G1PCwDyQ'),(25,'var@gmail.com','$2y$12$3JNHxpMaYRamRKo2QPdUuOAw2at9jpZSfXZG.3dOSkdEh.wiHdDt2','Valenthaiy Many',3,NULL,1,NULL);
/*!40000 ALTER TABLE `users` ENABLE KEYS */;
UNLOCK TABLES;

--
-- Dumping routines for database 'fns_1'
--
SET @@SESSION.SQL_LOG_BIN = @MYSQLDUMP_TEMP_LOG_BIN;
/*!40103 SET TIME_ZONE=@OLD_TIME_ZONE */;

/*!40101 SET SQL_MODE=@OLD_SQL_MODE */;
/*!40014 SET FOREIGN_KEY_CHECKS=@OLD_FOREIGN_KEY_CHECKS */;
/*!40014 SET UNIQUE_CHECKS=@OLD_UNIQUE_CHECKS */;
/*!40101 SET CHARACTER_SET_CLIENT=@OLD_CHARACTER_SET_CLIENT */;
/*!40101 SET CHARACTER_SET_RESULTS=@OLD_CHARACTER_SET_RESULTS */;
/*!40101 SET COLLATION_CONNECTION=@OLD_COLLATION_CONNECTION */;
/*!40111 SET SQL_NOTES=@OLD_SQL_NOTES */;

-- Dump completed on 2026-06-17  3:08:21
