-- MySQL dump 10.13  Distrib 8.0.19, for Win64 (x86_64)
--
-- Host: 172.30.253.189    Database: fns_1
-- ------------------------------------------------------
-- Server version	9.7.0

/*!40101 SET @OLD_CHARACTER_SET_CLIENT=@@CHARACTER_SET_CLIENT */;
/*!40101 SET @OLD_CHARACTER_SET_RESULTS=@@CHARACTER_SET_RESULTS */;
/*!40101 SET @OLD_COLLATION_CONNECTION=@@COLLATION_CONNECTION */;
/*!50503 SET NAMES utf8mb4 */;
/*!40103 SET @OLD_TIME_ZONE=@@TIME_ZONE */;
/*!40103 SET TIME_ZONE='+00:00' */;
/*!40014 SET @OLD_UNIQUE_CHECKS=@@UNIQUE_CHECKS, UNIQUE_CHECKS=0 */;
/*!40014 SET @OLD_FOREIGN_KEY_CHECKS=@@FOREIGN_KEY_CHECKS, FOREIGN_KEY_CHECKS=0 */;
/*!40101 SET @OLD_SQL_MODE=@@SQL_MODE, SQL_MODE='NO_AUTO_VALUE_ON_ZERO' */;
/*!40111 SET @OLD_SQL_NOTES=@@SQL_NOTES, SQL_NOTES=0 */;
SET @MYSQLDUMP_TEMP_LOG_BIN = @@SESSION.SQL_LOG_BIN;
SET @@SESSION.SQL_LOG_BIN= 0;

--
-- GTID state at the beginning of the backup 
--

SET @@GLOBAL.GTID_PURGED=/*!80000 '+'*/ 'ac88fdf5-452d-11f1-8feb-f2b49d41cb40:1-11646';

--
-- Table structure for table `academic_income_items`
--

DROP TABLE IF EXISTS `academic_income_items`;
/*!40101 SET @saved_cs_client     = @@character_set_client */;
/*!50503 SET character_set_client = utf8mb4 */;
CREATE TABLE `academic_income_items` (
  `id` bigint unsigned NOT NULL AUTO_INCREMENT,
  `plan_id` bigint unsigned NOT NULL,
  `section_code` varchar(5) CHARACTER SET utf8mb4 COLLATE utf8mb4_unicode_ci NOT NULL,
  `degree_program_id` bigint unsigned DEFAULT NULL,
  `student_count` int unsigned NOT NULL DEFAULT '0',
  `snap_credit_unit_price` decimal(15,2) DEFAULT NULL,
  `snap_course_credit_unit` decimal(8,2) DEFAULT NULL,
  `snap_registration_fee_rate` decimal(15,2) DEFAULT NULL,
  `snap_nuol_pct` decimal(5,4) DEFAULT NULL,
  `total_income` decimal(18,2) NOT NULL DEFAULT '0.00',
  `created_at` timestamp NULL DEFAULT NULL,
  `updated_at` timestamp NULL DEFAULT NULL,
  PRIMARY KEY (`id`),
  UNIQUE KEY `aii_plan_section_program_unique` (`plan_id`,`section_code`,`degree_program_id`),
  KEY `academic_income_items_degree_program_id_foreign` (`degree_program_id`),
  CONSTRAINT `academic_income_items_degree_program_id_foreign` FOREIGN KEY (`degree_program_id`) REFERENCES `degree_programs` (`id`) ON DELETE CASCADE,
  CONSTRAINT `academic_income_items_plan_id_foreign` FOREIGN KEY (`plan_id`) REFERENCES `academic_income_plans` (`id`) ON DELETE CASCADE
) ENGINE=InnoDB AUTO_INCREMENT=435 DEFAULT CHARSET=utf8mb4 COLLATE=utf8mb4_unicode_ci;
/*!40101 SET character_set_client = @saved_cs_client */;

--
-- Dumping data for table `academic_income_items`
--

LOCK TABLES `academic_income_items` WRITE;
/*!40000 ALTER TABLE `academic_income_items` DISABLE KEYS */;
/*!40000 ALTER TABLE `academic_income_items` ENABLE KEYS */;
UNLOCK TABLES;

--
-- Table structure for table `academic_income_plans`
--

DROP TABLE IF EXISTS `academic_income_plans`;
/*!40101 SET @saved_cs_client     = @@character_set_client */;
/*!50503 SET character_set_client = utf8mb4 */;
CREATE TABLE `academic_income_plans` (
  `id` bigint unsigned NOT NULL AUTO_INCREMENT,
  `planning_year_id` bigint unsigned DEFAULT NULL,
  `fiscal_year` smallint unsigned NOT NULL,
  `notes` text CHARACTER SET utf8mb4 COLLATE utf8mb4_unicode_ci,
  `created_by` int DEFAULT NULL,
  `created_at` timestamp NULL DEFAULT NULL,
  `updated_at` timestamp NULL DEFAULT NULL,
  PRIMARY KEY (`id`),
  KEY `academic_income_plans_planning_year_id_foreign` (`planning_year_id`),
  KEY `academic_income_plans_created_by_foreign` (`created_by`),
  CONSTRAINT `academic_income_plans_created_by_foreign` FOREIGN KEY (`created_by`) REFERENCES `users` (`id`) ON DELETE SET NULL,
  CONSTRAINT `academic_income_plans_planning_year_id_foreign` FOREIGN KEY (`planning_year_id`) REFERENCES `planning_years` (`id`) ON DELETE SET NULL
) ENGINE=InnoDB AUTO_INCREMENT=28 DEFAULT CHARSET=utf8mb4 COLLATE=utf8mb4_unicode_ci;
/*!40101 SET character_set_client = @saved_cs_client */;

--
-- Dumping data for table `academic_income_plans`
--

LOCK TABLES `academic_income_plans` WRITE;
/*!40000 ALTER TABLE `academic_income_plans` DISABLE KEYS */;
INSERT INTO `academic_income_plans` VALUES (27,20,2027,NULL,2,'2026-06-19 05:16:37','2026-06-19 05:16:37');
/*!40000 ALTER TABLE `academic_income_plans` ENABLE KEYS */;
UNLOCK TABLES;

--
-- Table structure for table `chart_of_accounts`
--

DROP TABLE IF EXISTS `chart_of_accounts`;
/*!40101 SET @saved_cs_client     = @@character_set_client */;
/*!50503 SET character_set_client = utf8mb4 */;
CREATE TABLE `chart_of_accounts` (
  `id` int unsigned NOT NULL AUTO_INCREMENT,
  `account_code` varchar(20) CHARACTER SET utf8mb4 COLLATE utf8mb4_unicode_ci NOT NULL,
  `account_name` varchar(255) CHARACTER SET utf8mb4 COLLATE utf8mb4_unicode_ci NOT NULL,
  `parent_id` int unsigned DEFAULT NULL,
  PRIMARY KEY (`id`),
  UNIQUE KEY `account_code` (`account_code`),
  KEY `parent_id` (`parent_id`),
  CONSTRAINT `chart_of_accounts_ibfk_1` FOREIGN KEY (`parent_id`) REFERENCES `chart_of_accounts` (`id`) ON DELETE SET NULL
) ENGINE=InnoDB AUTO_INCREMENT=313 DEFAULT CHARSET=utf8mb4 COLLATE=utf8mb4_unicode_ci;
/*!40101 SET character_set_client = @saved_cs_client */;

--
-- Dumping data for table `chart_of_accounts`
--

LOCK TABLES `chart_of_accounts` WRITE;
/*!40000 ALTER TABLE `chart_of_accounts` DISABLE KEYS */;
INSERT INTO `chart_of_accounts` VALUES (32,'60000000','ເງິນ-ເດືອນ ແລະ ເງິນອຸດໜູນ ຂອງພະນັກງານ-ລັດຖະກອນ',NULL),(33,'60100000','ເງິນເດືອນພືນຖານ',32),(34,'60100100','ພະນັກງານ ພວມປະຕິບັດງານ',33),(35,'60100101','ພະນັກງານ ສົມບູນ',34),(36,'60100102','ພະນັກງານ ຝຶກງານ',34),(37,'60100200','ພະນັກງານ ເພື່ອການເລື່ອນຊັ້ນ ແລະ ເລື່ອນຂັ້ນ',33),(38,'60100300','ພະນັກງານ ເຂົາການໃໝ່',33),(39,'60100400','ພະນັກງານ ຮຽນຢູ່ພາຍໃນປະເທດ',33),(40,'60100500','ພະນັກງານ ຮຽນຢູ່ຕ່າງປະເທດ',33),(41,'60100600','ພະນັກງານ ຕາມສັນຍາ',33),(42,'60200000','ເງິນອຸດໜູນ ປົກກະຕິ',32),(43,'60200100','ອຸດໜູນ ຕຳແໜ່ງງານ',42),(44,'60200200','ອຸດໜູນ ວິຊາຊີບ',42),(45,'60200201','ອຸດໜູນ ວິຊາຊີບຄູ  ( ເພີ່ມໃໝ່ )',44),(46,'60200202','ອຸດໜູນ ວິຊາຊີບສາທາ  ( ເພີ່ມໃໝ່ )',44),(47,'60200203','ອຸດໜູນ ສະມາຊິກສະພາ   ( ເພີ່ມໃໝ່ )',44),(48,'60200204','ອຸດໜູນ ວິຊາຊີບອື່ນ ( ເພີ່ມໃໝ່ )',44),(49,'60200300','ອຸດໜູນ ອາຍຸການ',42),(50,'60200400','ອຸດໜູນ ວຽກໜັກ ແລະ ທາດເບື່ອ',42),(51,'60200500','ອຸດໜູນ ເຂດຫຍຸ້ງຍາກ ແລະ ທຸລະກັນດານ',42),(52,'60200600','ອຸດໜູນ ຄູສອນຫ້ອງຄວບ',42),(53,'60200700','ອຸດໜູນ ຄ່າຄອງຊີບ',42),(54,'60200701','ອຸດໜູນ ຄ່າຄອງຊີບການນຳ ( ເພີ່ມໃໝ່)',53),(55,'60200702','ອຸດໜູນ ຄ່າຄອງຊີບພະນັກງານ-ລັດຖະກອນ ( ເພີ່ມໃໝ່ )',53),(56,'60200703','ອຸດໜູນ ຄ່າຄອງຊີບການທູດຢູ່ຕ່າງປະເທດ ( ເພີ່ມໃໝ່ )',53),(57,'60200800','ອຸດໜູນວິຊາການຄູ ( ເພີ່ມໃໝ່ )',42),(58,'60300000','ເງິນປະກັນສັງຄົມ ( ລັດຈ່າຍເພີ່ມ )',32),(59,'61000000','ເງິນນະໂຍບາຍ ແລະ ເງິນຊ່ວຍໜູນ ຕ່າງໆ',NULL),(60,'61100000','ເງິນນະໂຍບາຍຕ່າງໆ',59),(61,'61100200','ຮອງເລຂາຄະນະພັກກຸ່ມບ້ານ ຫລື ບ້ານໃຫຍ່',60),(62,'61100300','ເລຂາໜ່ວຍພັກ ທັງເປັນນາຍບ້ານ',60),(63,'61100400','ກຳມະການຄະນະພັກກຸ່ມບ້ານ, ຮອງເລຂາໜ່ວຍພັກ ທັງເປັນນາຍບ້ານ',60),(64,'61100500','ເລຂາໜ່ວຍພັກບ້ານ, ກຳມະການໜ່ວຍພັກ ທັງເປັນນາຍບ້ານ',60),(65,'61100600','ນາຍບ້ານ, ຮອງເລຂາໜ່ວຍພັກບ້ານ, ກຳມະການໜ່ວຍພັກ',60),(66,'61100700','ກຳມະການໜ່ວຍພັກ, ຮອງນາຍບ້ານ',60),(67,'61100800','ເງິນນະໂຍບາຍ ອາສາສະໝັກ',60),(68,'61100900','ເງິນນະໂຍບາຍ ພະສົງ',60),(69,'61101000','ເງິນນະໂຍບາຍ ໃຫ້ພະນັກງານໄປຄົນຄ້ວາຢູ່ຕ່າງປະເທດ',60),(70,'61200000','ເງິນນະໂຍບາຍ ຄອບຄົວ',59),(71,'61200100','ລູກພະນັກງານ',70),(72,'61200200','ເມຍພະນັກງານ',70),(73,'61300000','ກ່ອນຮັບບຳນານ',59),(74,'61400000','ເງິນອຸດໜູນເຮັດວຽກເພີ່ມ',59),(75,'61400100','ເຮັດວຽກນອກໂມງລັດຖະການ',74),(76,'61400200','ແປພາສາ',74),(77,'61400300','ຄົນຄ້ວາ ແລະ ວິໄຈ',74),(78,'61400400','ຂຽນບົດ ແລະ ຮຽບຮຽງ',74),(79,'61400500','ສອນພິເສດ',74),(80,'61400600','ເວນຍາມ',74),(81,'61500000','ເງິນເບັ້ຍລ້ຽງຕ່າງໆ',59),(82,'61500100','ເບ້ຍລ້ຽງນັກຮຽນພາຍໃນປະເທດ',81),(83,'61500101','ນັກຮຽນສາມັນ',82),(84,'61500102','ຊັ້ນຕົນ',82),(85,'61500103','ຊັ້ນກາງ',82),(86,'61500104','ຊັ້ນສູງ, ປະລິນຍາຕີ ແລະ ເໜືອມະຫາວິທະຍາໄລ',82),(87,'61500105','ເດັກກຳພ້າ, ເດັກຊົນເຜົາ ແລະ ເດັກເສຍອົງຄະ',82),(88,'61500200','ເບ້ຍລ້ຽງນັກຮຽນຕ່າງປະເທດຢູ່ລາວ',81),(89,'61500201','ອັດຕາກິນ',88),(90,'61500202','ຄ່າເດີນທາງ',88),(91,'61500300','ເບ້ຍລ້ຽງນັກຮຽນພາຍໃນໄປຝຶກງານ',81),(92,'61500301','ອັດຕາກິນ',91),(93,'61500302','ຄ່າເດີນທາງ',91),(94,'61500400','ເບ້ຍລ້ຽງນັກຮຽນຕ່າງປະເທດຝຶກງານຢູ່ລາວ',81),(95,'61500401','ອັດຕາກິນ',94),(96,'61500402','ຄ່າເດີນທາງ',94),(97,'61500500','ເບ້ຍລ້ຽງພະນັກງານໄປຄົນຄ້ວາ ຢູ່ພາຍໃນ ແລະ ຕ່າງປະເທດ',81),(98,'61500501','ອັດຕາກິນ',97),(99,'61500502','ຄ່າເດີນທາງ',97),(100,'61500600','ຄ່າຂົນສົງນັກຮຽນ ແລະ ນັກສຶກສາ',81),(101,'61600000','ເງິນປີນປົວ ພະນັກງານການນຳ',59),(102,'61700000','ເງິນຊ່ວຍໜູນດ້ານສັງຄົມ',59),(103,'61700100','ເງິນນະໂຍບາຍ ໃຫ້ພະນັກງານບຳນານຄືນ',102),(104,'61700200','ເງິນນະໂຍບາຍ ລູກພະນັກງານບຳນານ',102),(105,'61700300','ເງິນນະໂຍບາຍ ພະນັກງານເສັຍອົງຄະ',102),(106,'61700400','ເງິນນະໂຍບາຍ ຜູ້ດູແລຜູ້ເສຍອົງຄະພິເສດ',102),(107,'61700500','ເງິນນະໂຍບາຍ ເສຍຊີວິດ',102),(108,'61700600','ເງິນນະໂຍບາຍ ປີນປົວພະຍາດ',102),(109,'61700700','ອັດຕາກິນນັກໂທດ',102),(110,'61700701','ນັກໂທດພາຍໃນ',109),(111,'61700702','ນັກໂທດຕ່າງປະເທດ',109),(112,'62000000','ລາຍຈ່າຍ ບໍລິຫານປົກກະຕິ',NULL),(113,'62100000','ການຊື ແລະ ການຊົມໃຊ້',112),(114,'62100100','ຊືນ້ຳມັນເຊືອໄຟ ແລະ ນ້ຳມັນລໍ່ລືນ',113),(115,'62100200','ຊືເຄື່ອງໃຊ້ຫ້ອງການ ແລະ ແບບພິມ',113),(116,'62100201','ຊືເຄື່ອງໃຊ້ຫ້ອງການ',115),(117,'62100202','ຊືແບບພິມ',115),(118,'62100203','ຊືວາລະສານ ແລະ ໜັງສືພິມ',115),(119,'62100300','ຊືເຄື່ອງແບບ',113),(120,'62100400','ຊືວັດຖຸ, ອຸປະກອນຕ່າງໆ',113),(121,'62100401','ຊືວັດຖຸ, ອຸປະກອນ ການສິດສອນ ແລະ ການຮຽນ',120),(122,'62100402','ຊືວັດຖຸ, ອຸປະກອນ ດ້ານການແພດ',120),(123,'62100403','ຊືວັດຖຸ, ອຸປະກອນ ຮັບໃຊ້ວິຊາສະເພາະ',120),(124,'62100404','ຊືຢາປົວພະຍາດໃຫ້ໂຮງໝໍ',120),(125,'62100500','ຄ່ານ້ຳປະປາ, ຄ່າໄຟຟ້າ',113),(126,'62100501','ຄ່ານ້ຳປະປາ',125),(127,'62100502','ຄ່າໄຟຟ້າ',125),(128,'62200000','ລາຍຈ່າຍການບໍລິການ ຈາກທາງນອກ',112),(129,'62200100','ຄ່າເຊົາຕ່າງໆ',128),(130,'62200101','ຄ່າເຊົາຕຶກ ເຄຫາສະຖານ',129),(131,'62200102','ຄ່າເຊົາພາຫະນະ',129),(132,'62200103','ຄ່າເຊົາລະບົບການສື່ສານ',129),(133,'62200104','ຄ່າເຊົາເຄື່ອງຈັກ ແລະ ວັດຖຸອຸປະກອນ',129),(134,'62200105','ຄ່າເຊົາອື່ນໆ',129),(135,'62200200','ຄ່າບຳລຸງຮັກສາ, ສ້ອມແປງປົກກະຕິ ແລະ ຕິດຕັ້ງ',128),(136,'62200201','ສຳນັກງານ ແລະ ສີ່ງປຸກສ້າງ',135),(137,'62200202','ພາຫະນະ',135),(138,'62200203','ເຄື່ອງຈັກ ແລະ ວັດຖຸອຸປະກອນ',135),(139,'62200204','ສວນສາທາລະນະ, ສະຖານທີວັດທະນະທຳ',135),(140,'62200205','ຂົວ ແລະທາງ',135),(141,'62200206','ຕໍານເຈື່ອນ',135),(142,'62200207','ສະໜາມບິນ, ສະໜາມກິລາ',135),(143,'62200208','ຊົນລະປະທານ',135),(144,'62200209','ອື່ນໆ',135),(145,'62200300','ຄ່າປະກັນໄພ',128),(146,'62200301','ສຳນັກງານ',145),(147,'62200302','ພາຫະນະ',145),(148,'62200303','ອື່ນໆ',145),(149,'62200400','ຄ່າໄປສະນີ ແລະ ຄ່າໂທລະຄົມມະນາຄົມ',128),(150,'62200401','ຄ່າໄປສະນີ',149),(151,'62200402','ຄ່າໂທລະຄົມມະນາຄົມ',149),(152,'62200500','ຄ່າຂົນສົງວັດຖຸອຸປະກອນ',128),(153,'62200600','ຄ່າບໍລິການ ທະນາຄານ',128),(154,'62200700','ຄ່າບໍລິການ ແປພາສາ',128),(155,'62200800','ຄ່າບໍລິການ ເວນຍາມສຳນັກງານ',128),(156,'62200900','ຄ່າທີປຶກສາພາຍໃນ',128),(157,'62201000','ຄ່າທີປຶກສາຕ່າງປະເທດ',128),(158,'62201100','ຄ່າບໍລິການອື່ນໆ',128),(159,'62300000','ລາຍຈ່າຍໄປວຽກທາງການ',112),(160,'62300100','ພາຍໃນປະເທດ',159),(161,'62300200','ຕ່າງປະເທດ',159),(162,'62400000','ລາຍຈ່າຍກອງປະຊຸມ , ສຳມະນາ ແລະ ຝຶກອົບëົມ',112),(163,'62400100','ກອງປະຊຸມ',162),(164,'62400200','ສຳມະນາ',162),(165,'62400300','ຝຶກອົບຮົມ',162),(166,'62500000','ລາຍຈ່າຍຮັບແຂກ',112),(167,'62500100','ພາຍໃນປະເທດ',166),(168,'62500200','ຕ່າງປະເທດ',166),(169,'62600000','ລາຍຈ່າຍຊືຂອງຂວັນ ແລະ ຂອງຕ້ອນ',112),(170,'62700000','ລາຍຈ່າຍ ວັນບຸນລະດັບຊາດ',112),(171,'62800000','ລາຍຈ່າຍ ຄ່າພາສີ, ສ່ວຍສາອາກອນ ແລະ ຄ່າທຳນຽມ ຕ່າງໆ',112),(172,'62800100','ຄ່າພາສີ',171),(173,'62800200','ຄ່າອາກອນ',171),(174,'62800300','ຄ່າທຳນຽມ ແລະ ຄ່າສະແຕມ',171),(175,'62900000','ລາຍຈ່າຍບໍລິຫານປົກກະຕິ ອໍນໆ',112),(176,'63000000','ລາຍຈ່າຍດັດສົມ, ສົ່ງເສີມ ແລະ ເງິນບຳລຸງ',NULL),(177,'63100000','ດັດສົມ ສົງເສີມ ດ້ານການເມືອງ',176),(178,'63100100','ການເລືອກຕັ້ງສະພາແຫ່ງຊາດ',177),(179,'63100200','ກອງປະຊຸມພັກ',177),(180,'63100300','ກອງປະຊຸມ ອົງການຈັດຕັ້ງມະຫາຊົນ',177),(181,'63100400','ກໍ່ສ້າງຮາກຖານ ການເມືອງ',177),(182,'63100500','ການເຄ່ືອນໄຫວພິເສດ',177),(183,'63100600','ການເຄ່ືອນໄຫວລັດຖະກິດ',177),(184,'63100700','ການຍ້ອງຍໍ ( ໃບຍ້ອງຍໍ, ຫລຽນກາ, ຫລຽນໄຊ ແລະ ອື່ນໆ )',177),(185,'63200000','ດັດສົມ ສົ່ງເສີມ ດ້ານເສດຖະກິດ',176),(186,'63200100','ຖົມຂຸມລາຄາ',185),(187,'63200200','ຖົມຂຸມດອກເບັ້ຍ',185),(188,'63200300','ຊຸກຍູ້ສົງເສີມການຜະລິດ',185),(189,'63200400','ເງິນບຳເນັດເກັບລາຍຮັບຢູ່ຂັ້ນບ້ານ',185),(190,'63200500','ເງິນຈ່າຍຊືອາຫານສັດ(ໝາວິຊາສະເພາະຕຳຫລວດ)( ເພີ່ມໃໝ່ )',185),(191,'63200800','ອື່ນໆ',185),(192,'63300000','ດັດສົມ ສົງເສີມ ດ້ານວັດທະນາທຳ - ສັງຄົມ',176),(193,'63300100','ປັບປຸງ ແລະ ພັດທະນາ ຄຸນນະພາບ ການສຶກສາ ທຸກຂັ້ນ',192),(194,'63300200','ປ້ອງກັນ, ປີ່ນປົວ, ຟືນຟູ ແລະ ສົງເສີມສຸຂະພາບ',192),(195,'63300300','ຄຸ້ມຄອງ ຜູ້ບໍລິໂພກ ແລະ ຜູ້ສະໜອງອາຫານ  ຢາ',192),(196,'63300400','ຄົນຄ້ວາວິທະຍາສາດ ການແພດ',192),(197,'63300500','ປັບປຸງວຽກງານຖະແຫລ່ງຂ່າວ ແລະ ສື່ມວນຊົນ',192),(198,'63300600','ບູລະນະ ແລະ ປົກປັກຮັກສາ ວັດທະນາທຳ',192),(199,'63300700','ພິມໜັງສືພິມ ແລະ ວາລະສານ',192),(200,'63400000','ດັດສົມ ສົງເສີມ ວຽກງານອື່ນໆ',176),(201,'63500000','ເງິນບຳລຸງ ແລະ ເງິນປະກອບສ່ວນເຂົາໃນອົງການຈັດຕັ້ງສາກົນ',176),(202,'63500100','ເງິນບຳລຸງອົງການຈັດຕັ້ງສາກົນ',201),(203,'63500200','ເງິນປະກອບສ່ວນເຂົາໃນອົງການຈັດຕັ້ງສາກົນ',201),(204,'63500300','ເງິນປະກອບສ່ວນເຂົາໃນກອງປະຊຸມ',201),(205,'63600000','ເງິນຊ່ວຍໜູນ',176),(206,'63600100','ເງິນສົງເຄາະປະຊາຊົນ ປະສົບໄພທຳມະຊາດ',205),(207,'63600200','ເງິນນະໂຍບາຍຜູ້ມີຜົນງານຕໍ່ການປະຕິວັດ',205),(208,'64000000','ລາຍຈ່າຍ ການເງິນ',NULL),(209,'64100000','ລາຍຈ່າຍດອກເບັ້ຍ',208),(210,'64100100','ດອກເບັ້ຍ ເງິນກູ້ຢືມພາຍໃນ',209),(211,'64100101','ດອກເບັ້ຍ ພັນທະບັດຄັງເງິນແຫ່ງຊາດ',210),(212,'64100102','ດອກເບັ້ຍ ຮຸ້ນກູໍລັດຖະບານ',210),(213,'64100103','ດອກເບັ້ຍ ເງິນກູ້ຢືມຮູບການອື່ນໆ',210),(214,'64100200','ດອກເບັ້ຍ ເງິນກູ້ຢືມຈາກຕ່າງປະເທດ',209),(215,'64100201','ດອກເບັ້ຍ ເງິນກູ້ຢືມດັດແກ້ມະຫາພາກ',214),(216,'64100202','ດອກເບັ້ຍ ເງິນກູ້ຢືມເປັນໂຄງການ',214),(217,'64100300','ດອກເບັ້ຍ ພັນທະບັດຕ່າງປະເທດ',209),(218,'64200000','ລາຍຈ່າຍ ເງິນຄ້ຳປະກັນ',208),(219,'64300000','ລາຍຈ່າຍ ຜິດດ່ຽງຈາກການແລກປ່ຽນເງິນຕາຕ່າງປະເທດ (ສ່ວນເສຍ)',208),(220,'64400000','ລາຍຈ່າຍ ສົງຄືນອາກອນມູນຄ່າເພີ່ມ ( ເພີ່ມໃໝ່ )',208),(221,'6500000','ລາຍຈ່າຍ ອື່ນໆ',NULL),(222,'65100000','ຫັກເງິນເຂົາຄັງສະສົມແຫ່ງລັດ',221),(223,'65200000','ລາຍຈ່າຍ ຄ່າປັບໃໝ',221),(224,'65300000','ລາຍຈ່າຍ ເງິນແຮ',221),(225,'65300100','ລາຍຈ່າຍ ເງິນແຮລັດຖະບານ',224),(226,'65300200','ລາຍຈ່າຍ ເງິນແຮທ້ອງຖີນ',224),(227,'65400000','ລາຍຈ່າຍ ເງິນບຳເນັດ ເກັບລາຍຮັບເກີນແຜນ',221),(228,'65500000','ອໍນໆ',221),(229,'66000000','ຊືຊັບສົມບັດ ຮັບໃຊ້ບໍລິຫານ',NULL),(230,'66100000','ຊືພະຫານະ ຮັບໃຊ້ກົງຈັກ ບໍລິຫານ',229),(231,'66200000','ຊືເຄື່ອງຈັກ ແລະ ວັດຖຸອຸປະກອນ',229),(232,'66300000','ຊືຊັບສົມບັດຄົງທີ ອື່ນໆ',229),(233,'6700000','ລາຍຈ່າຍລົງທຶນຂອງລັດ',NULL),(234,'67100000','ຄ່າບຸກເບີກທີດິນ',233),(235,'67200000','ຄ່າເວນຄືນທີດິນ',233),(236,'67300000','ຄ່າສຳÍວດພືນຖານ ແລະ ສົງເສີມວິຊາການ',233),(237,'67400000','ຄ່າອອກແບບ',233),(238,'67500000','ລາຍຈ່າຍ ຄຸ້ມຄອງໂຄງການ',233),(239,'67500100','ຄ່າຈ້າງຊ່ຽວຊານ ຕ່າງປະເທດ',238),(240,'67500200','ຄ່າຈ້າງຊ່ຽວຊານ ພາຍໃນ',238),(241,'67500300','ລາຍຈ່າຍໃຫ້ພະນັກງານລົງຕິດຕາມໂຄງການ',238),(242,'67500400','ລາຍຈ່າຍບໍລິຫານອື່ນໆ',238),(243,'67600000','ໂປëແກມຄອມພິວເຕີ',233),(244,'67700000','ລິຂະສິດດ້ານຊັບສິນທາງປັນຍາ',233),(245,'67800000','ການກໍ່ສ້າງ',233),(246,'67800100','ຕຶກ ເຄຫາສະຖານ ( ການກໍ່ສ້າງ )',245),(247,'67800200','ຂົວ',245),(248,'67800300','ເສັ້ນທາງ( ທາງດິນແດງ, ທາງຢາງ, ທາງຄອນກëີດ )',245),(249,'67800400','ທາງລົດໄຟ',245),(250,'67800500','ປັກແລວນ້ຳ',245),(251,'67800600','ຕາຟັງເຈື່ອນ',245),(252,'67800700','ໂຄງສ້າງນ້ຳປະປາ ( ອ່າງ, ທໍ່ນ້ຳປະປາ,....)',245),(253,'67800800','ໂຄງສ້າງໄຟຟ້າ ( ຕາຄ່າຍໄຟຟ້າ, ເຂື່ອນໄຟຟ້າ,... )',245),(254,'67800900','ໂຄງສ້າງການສື່ສານ',245),(255,'67801000','ສະໜາມກິລາ, ສະໜາມບິນ',245),(256,'67801100','ຊົນລະປະທານ',245),(257,'67801200','ການກໍ່ສ້າງໂຄງລ່າງອໍນໆ',245),(258,'67900000','ການຊື',233),(259,'67900100','ຕຶກ ເຄຫາສະຖານ ( ການຊື )',258),(260,'67900200','ຊືເຄື່ອງມື  ແລະ ວັດຖຸອຸປະກອນ ( ລົງທຶນ )',258),(261,'67900300','ຊືເຄື່ອງກົນຈັກ ( ລົດຈົກ, ລົດດຸດ ) ( ລົງທຶນ )',258),(262,'67900400','ຊືພະຫານະ   ( ລົງທຶນ )',258),(263,'67900500','ຊືແນວພັນພືດແນວພັນສັດ',258),(264,'67900600','ຊືຊັບສົມບັດຄົງທີ ອື່ນໆ  ( ລົງທຶນ )',258),(265,'67900700','ການສ້ອມແປງໃຫຍ່',258),(266,'67900701','ຕຶກ ເຄຫາສະຖານ',265),(267,'67900702','ຂົວ',265),(268,'67900703','ເສັ້ນທາງ ( ທາງດິນແດງ, ທາງຢາງ, ທາງຄອນກëີດ )',265),(269,'67900704','ທາງລົດໄຟ',265),(270,'67900705','ປັກແລວນ້ຳ',265),(271,'67900706','ຕາຟັງເຈື່ອນ',265),(272,'67900707','ໂຄງສ້າງ ນ້ຳປະປາ ( ອ່າງ, ທໍ່ນ້ຳປະປາ,..)',265),(273,'67900708','ໂຄງສ້າງໄຟຟ້າ ( ຕາຄ່າຍໄຟຟ້າ, ເຂື່ອນໄຟຟ້າ,... )',265),(274,'67900709','ໂຄງສ້າງການສື່ສານ',265),(275,'67900710','ສະໜາມກິລາ, ສະໜາມບິນ',265),(276,'67900711','ຊົນລະປະທານ',265),(277,'67900712','ພາຫະນະ',265),(278,'67900713','ເຄື່ອງກົນຈັກ ( ລົດຈົກ, ລົດດຸດ, ...)',265),(279,'67900714','ເຄື່ອງມື  ແລະ ວັດຖຸອຸປະກອນ',265),(280,'67900715','ໂຄງລ່າງ ແລະຊັບສົມບັດຄົງທີ ອື່ນໆ',265),(281,'68000000','ລາຍຈ່າຍຮ່ວມປະກອບທຶນ, ຊ່ວຍເຫຼືອລ້າ, ກູ້ຢືມ ແລະ ໃຫ້ກູ້ຢືມ',NULL),(282,'68100000','ລາຍຈ່າຍຮ່ວມປະກອບທຶນ',281),(283,'68100100','ໃບຢັ້ງຢືນຮ່ວມປະກອບທຶນຂອງລັດ',282),(284,'68100200','ທຶນປະກອບ',282),(285,'68200000','ລາຍຈ່າຍ ຊ່ວຍເຫຼືອລ້າ',281),(286,'68200100','ເງິນຊ່ວຍເຫລືອລ້າໃຫ້ລັດຖະບານຕ່າງປະເທດ',285),(287,'68200200','ເງິນຊ່ວຍເຫລືອລ້າໃຫ້ອົງການຈັດຕັ້ງສາກົນ',285),(288,'68300000','ລາຍຈ່າຍເງິນກູ້ຢືມດັດແກ້ມະພາກ ເງິນກູ້ຢືມເປັນໂຄງການ',281),(289,'68300100','ຕົນທຶນເງິນກູ້ຢືມ ດັດແກ້ມະຫາພາກ',288),(290,'68300200','ຕົນທຶນເງິນກູ້ຢືມ ທີເປັນໂຄງການ',288),(291,'68400000','ລາຍຈ່າຍເງິນໃຫ້ກໍູຢືມ',281),(292,'68400100','ເງິນໃຫ້ກູ້ຢືມ ແກ່ລັດວິສາຫະກິດ',291),(293,'68400200','ເງິນໃຫ້ກູ້ຢືມ ແກ່ວິສາຫະກິດອື່ນໆ',291),(294,'68400300','ເງິນໃຫ້ກູ້ຢືມ ແກ່ຕ່າງປະເທດ',291),(295,'69000000','ລາຍຈ່າຍ ຊຳລະໜšສິນປີເກົາ',NULL),(296,'69100000','ໜš ລາຍຈ່າຍ ບໍລິຫານປົກກະຕິ',295),(297,'69100100','ຄ່າກະແສໄຟຟ້າ',296),(298,'69100200','ຄ່ານ້ຳປະປາ',296),(299,'69100300','ຄ່າໂທລະສັບ',296),(300,'69200000','ລາຍຈ່າຍດັດສົມ ແລະ ສົງເສີມ',295),(301,'69300000','ລາຍຈ່າຍລົງທຶນຂອງລັດ',295);
/*!40000 ALTER TABLE `chart_of_accounts` ENABLE KEYS */;
UNLOCK TABLES;

--
-- Table structure for table `course_credit_settings`
--

DROP TABLE IF EXISTS `course_credit_settings`;
/*!40101 SET @saved_cs_client     = @@character_set_client */;
/*!50503 SET character_set_client = utf8mb4 */;
CREATE TABLE `course_credit_settings` (
  `id` bigint unsigned NOT NULL AUTO_INCREMENT,
  `degree_program_id` bigint unsigned NOT NULL,
  `course_credit_unit` smallint unsigned NOT NULL,
  `gov_doc_id` varchar(255) CHARACTER SET utf8mb4 COLLATE utf8mb4_unicode_ci DEFAULT NULL,
  `start_year` smallint unsigned NOT NULL,
  `created_at` timestamp NULL DEFAULT NULL,
  `updated_at` timestamp NULL DEFAULT NULL,
  PRIMARY KEY (`id`),
  KEY `course_credit_settings_degree_program_id_foreign` (`degree_program_id`),
  CONSTRAINT `course_credit_settings_degree_program_id_foreign` FOREIGN KEY (`degree_program_id`) REFERENCES `degree_programs` (`id`) ON DELETE CASCADE
) ENGINE=InnoDB AUTO_INCREMENT=97 DEFAULT CHARSET=utf8mb4 COLLATE=utf8mb4_unicode_ci;
/*!40101 SET character_set_client = @saved_cs_client */;

--
-- Dumping data for table `course_credit_settings`
--

LOCK TABLES `course_credit_settings` WRITE;
/*!40000 ALTER TABLE `course_credit_settings` DISABLE KEYS */;
INSERT INTO `course_credit_settings` VALUES (28,55,37,NULL,2026,'2026-05-18 06:27:35','2026-05-18 18:05:06'),(29,56,38,NULL,2026,'2026-05-18 06:27:35','2026-05-18 18:05:06'),(30,57,38,NULL,2026,'2026-05-18 06:27:35','2026-05-18 18:05:06'),(31,58,37,NULL,2026,'2026-05-18 06:27:35','2026-05-18 18:05:06'),(32,59,37,NULL,2026,'2026-05-18 06:27:35','2026-05-18 18:05:06'),(33,60,36,NULL,2026,'2026-05-18 06:27:35','2026-05-18 18:05:06'),(34,61,36,NULL,2026,'2026-05-18 06:27:35','2026-05-18 18:05:06'),(35,62,37,NULL,2026,'2026-05-18 06:27:35','2026-05-18 18:05:06'),(36,63,37,NULL,2026,'2026-05-18 06:27:35','2026-05-18 18:05:06'),(37,64,39,NULL,2026,'2026-05-18 06:27:35','2026-05-18 18:05:06'),(38,65,39,NULL,2026,'2026-05-18 06:27:35','2026-05-18 18:05:06'),(39,66,35,NULL,2026,'2026-05-18 06:27:35','2026-05-18 18:05:06'),(40,67,35,NULL,2026,'2026-05-18 06:27:35','2026-05-18 18:05:06'),(41,68,35,NULL,2026,'2026-05-18 06:27:35','2026-05-18 18:05:06'),(42,69,35,NULL,2026,'2026-05-18 06:27:35','2026-05-18 18:05:06'),(43,1,37,NULL,2026,'2026-05-18 06:27:35','2026-05-18 18:05:06'),(44,2,37,NULL,2026,'2026-05-18 06:27:35','2026-05-18 18:05:06'),(45,3,37,NULL,2026,'2026-05-18 06:27:35','2026-05-18 18:05:06'),(46,4,27,NULL,2026,'2026-05-18 06:27:35','2026-05-18 18:05:06'),(47,5,37,NULL,2026,'2026-05-18 06:27:35','2026-05-18 18:05:06'),(48,6,37,NULL,2026,'2026-05-18 06:27:35','2026-05-18 18:05:06'),(49,7,37,NULL,2026,'2026-05-18 06:27:35','2026-05-18 18:05:06'),(50,8,31,NULL,2026,'2026-05-18 06:27:35','2026-05-18 18:05:06'),(51,9,31,NULL,2026,'2026-05-18 06:27:35','2026-05-18 18:05:06'),(52,10,35,NULL,2026,'2026-05-18 06:27:35','2026-05-18 18:05:06'),(53,11,35,NULL,2026,'2026-05-18 06:27:35','2026-05-18 18:05:06'),(54,12,36,NULL,2026,'2026-05-18 06:27:35','2026-05-18 18:05:06'),(55,13,36,NULL,2026,'2026-05-18 06:27:35','2026-05-18 18:05:06'),(56,14,37,NULL,2026,'2026-05-18 06:27:35','2026-05-18 18:05:06'),(57,15,36,NULL,2026,'2026-05-18 06:27:35','2026-05-18 18:05:06'),(58,16,33,NULL,2026,'2026-05-18 06:27:35','2026-05-18 18:05:06'),(59,17,38,NULL,2026,'2026-05-18 06:27:35','2026-05-18 18:05:06'),(60,18,42,NULL,2026,'2026-05-18 06:27:35','2026-05-18 18:05:06'),(61,19,39,NULL,2026,'2026-05-18 06:27:35','2026-05-18 18:05:06'),(62,20,39,NULL,2026,'2026-05-18 06:27:35','2026-05-18 18:05:06'),(63,21,37,NULL,2026,'2026-05-18 06:27:35','2026-05-18 18:05:06'),(64,22,36,NULL,2026,'2026-05-18 06:27:35','2026-05-18 18:05:06'),(65,23,33,NULL,2026,'2026-05-18 06:27:35','2026-05-18 18:05:06'),(66,24,35,NULL,2026,'2026-05-18 06:27:35','2026-05-18 18:05:06'),(67,25,36,NULL,2026,'2026-05-18 06:27:35','2026-05-18 18:05:06'),(68,26,34,NULL,2026,'2026-05-18 06:27:35','2026-05-18 18:05:06'),(69,27,36,NULL,2026,'2026-05-18 06:27:35','2026-05-18 18:05:06'),(70,28,36,NULL,2026,'2026-05-18 06:27:35','2026-05-18 18:05:06'),(71,29,36,NULL,2026,'2026-05-18 06:27:35','2026-05-18 18:05:06'),(72,30,27,NULL,2026,'2026-05-18 06:27:35','2026-05-18 18:05:06'),(73,31,30,NULL,2026,'2026-05-18 06:27:35','2026-05-18 18:05:06'),(74,32,27,NULL,2026,'2026-05-18 06:27:35','2026-05-18 18:05:06'),(75,33,24,NULL,2026,'2026-05-18 06:27:35','2026-05-18 18:05:06'),(76,34,27,NULL,2026,'2026-05-18 06:27:35','2026-05-18 18:05:06'),(77,35,27,NULL,2026,'2026-05-18 06:27:35','2026-05-18 18:05:06'),(78,36,25,NULL,2026,'2026-05-18 06:27:35','2026-05-18 18:05:06'),(79,37,23,NULL,2026,'2026-05-18 06:27:35','2026-05-18 18:05:06'),(80,38,23,NULL,2026,'2026-05-18 06:27:35','2026-05-18 18:05:06'),(81,39,22,NULL,2026,'2026-05-18 06:27:35','2026-05-18 18:05:06'),(82,40,27,NULL,2026,'2026-05-18 06:27:35','2026-05-18 18:05:06'),(83,41,30,NULL,2026,'2026-05-18 06:27:35','2026-05-18 18:05:06'),(84,42,27,NULL,2026,'2026-05-18 06:27:35','2026-05-18 18:05:06'),(85,43,28,NULL,2026,'2026-05-18 06:27:35','2026-05-18 18:05:06'),(86,44,111,NULL,2026,'2026-05-18 06:27:35','2026-06-19 05:10:05'),(87,45,115,NULL,2026,'2026-05-18 06:27:35','2026-06-19 05:10:05'),(88,46,103,NULL,2026,'2026-05-18 06:27:35','2026-06-19 05:10:05'),(89,47,115,NULL,2026,'2026-05-18 06:27:35','2026-06-19 05:10:05'),(90,48,115,NULL,2026,'2026-05-18 06:27:35','2026-06-19 05:10:05'),(91,49,115,NULL,2026,'2026-05-18 06:27:35','2026-06-19 05:10:05'),(92,50,115,NULL,2026,'2026-05-18 06:27:35','2026-06-19 05:10:05'),(93,51,115,NULL,2026,'2026-05-18 06:27:35','2026-06-19 05:10:05'),(94,52,95,NULL,2026,'2026-05-18 06:27:35','2026-06-19 05:10:05'),(95,53,100,NULL,2026,'2026-05-18 06:27:35','2026-06-19 05:10:05');
/*!40000 ALTER TABLE `course_credit_settings` ENABLE KEYS */;
UNLOCK TABLES;

--
-- Table structure for table `course_credit_split_settings`
--

DROP TABLE IF EXISTS `course_credit_split_settings`;
/*!40101 SET @saved_cs_client     = @@character_set_client */;
/*!50503 SET character_set_client = utf8mb4 */;
CREATE TABLE `course_credit_split_settings` (
  `id` bigint unsigned NOT NULL AUTO_INCREMENT,
  `level` enum('master','phd') COLLATE utf8mb4_unicode_ci NOT NULL,
  `year1_percentage` decimal(5,4) NOT NULL DEFAULT '0.6000',
  `year2_percentage` decimal(5,4) NOT NULL DEFAULT '0.4000',
  `gov_doc_id` varchar(255) COLLATE utf8mb4_unicode_ci DEFAULT NULL,
  `start_year` smallint unsigned NOT NULL DEFAULT '2026',
  `created_at` timestamp NULL DEFAULT NULL,
  `updated_at` timestamp NULL DEFAULT NULL,
  PRIMARY KEY (`id`),
  UNIQUE KEY `course_credit_split_settings_level_start_year_unique` (`level`,`start_year`)
) ENGINE=InnoDB AUTO_INCREMENT=3 DEFAULT CHARSET=utf8mb4 COLLATE=utf8mb4_unicode_ci;
/*!40101 SET character_set_client = @saved_cs_client */;

--
-- Dumping data for table `course_credit_split_settings`
--

LOCK TABLES `course_credit_split_settings` WRITE;
/*!40000 ALTER TABLE `course_credit_split_settings` DISABLE KEYS */;
INSERT INTO `course_credit_split_settings` VALUES (1,'master',0.6000,0.4000,NULL,2026,'2026-06-19 05:10:05','2026-06-19 05:10:05'),(2,'phd',0.6000,0.4000,NULL,2026,'2026-06-19 05:10:05','2026-06-19 05:10:05');
/*!40000 ALTER TABLE `course_credit_split_settings` ENABLE KEYS */;
UNLOCK TABLES;

--
-- Table structure for table `credit_unit_price_settings`
--

DROP TABLE IF EXISTS `credit_unit_price_settings`;
/*!40101 SET @saved_cs_client     = @@character_set_client */;
/*!50503 SET character_set_client = utf8mb4 */;
CREATE TABLE `credit_unit_price_settings` (
  `id` bigint unsigned NOT NULL AUTO_INCREMENT,
  `level` enum('bachelor','master','phd') CHARACTER SET utf8mb4 COLLATE utf8mb4_unicode_ci NOT NULL,
  `credit_unit_price` decimal(15,2) NOT NULL,
  `gov_doc_id` varchar(255) CHARACTER SET utf8mb4 COLLATE utf8mb4_unicode_ci DEFAULT NULL,
  `start_year` smallint unsigned NOT NULL,
  `created_at` timestamp NULL DEFAULT NULL,
  `updated_at` timestamp NULL DEFAULT NULL,
  PRIMARY KEY (`id`)
) ENGINE=InnoDB AUTO_INCREMENT=31 DEFAULT CHARSET=utf8mb4 COLLATE=utf8mb4_unicode_ci;
/*!40101 SET character_set_client = @saved_cs_client */;

--
-- Dumping data for table `credit_unit_price_settings`
--

LOCK TABLES `credit_unit_price_settings` WRITE;
/*!40000 ALTER TABLE `credit_unit_price_settings` DISABLE KEYS */;
INSERT INTO `credit_unit_price_settings` VALUES (28,'bachelor',35000.00,'TG-555',2026,'2026-05-17 15:35:43','2026-05-17 15:35:43'),(29,'master',240000.00,'TG-23',2026,'2026-05-17 15:36:07','2026-05-18 18:05:06'),(30,'phd',600000.00,'TG-24',2026,'2026-05-17 15:36:24','2026-05-18 18:05:06');
/*!40000 ALTER TABLE `credit_unit_price_settings` ENABLE KEYS */;
UNLOCK TABLES;

--
-- Table structure for table `degree_programs`
--

DROP TABLE IF EXISTS `degree_programs`;
/*!40101 SET @saved_cs_client     = @@character_set_client */;
/*!50503 SET character_set_client = utf8mb4 */;
CREATE TABLE `degree_programs` (
  `id` bigint unsigned NOT NULL AUTO_INCREMENT,
  `code` varchar(50) CHARACTER SET utf8mb4 COLLATE utf8mb4_unicode_ci NOT NULL,
  `name` varchar(255) CHARACTER SET utf8mb4 COLLATE utf8mb4_unicode_ci NOT NULL,
  `level` enum('bachelor','master','phd') CHARACTER SET utf8mb4 COLLATE utf8mb4_unicode_ci NOT NULL,
  `study_year` smallint unsigned DEFAULT NULL,
  `is_active` tinyint(1) NOT NULL DEFAULT '1',
  `created_at` timestamp NULL DEFAULT NULL,
  `updated_at` timestamp NULL DEFAULT NULL,
  PRIMARY KEY (`id`),
  UNIQUE KEY `degree_programs_code_unique` (`code`)
) ENGINE=InnoDB AUTO_INCREMENT=71 DEFAULT CHARSET=utf8mb4 COLLATE=utf8mb4_unicode_ci;
/*!40101 SET character_set_client = @saved_cs_client */;

--
-- Dumping data for table `degree_programs`
--

LOCK TABLES `degree_programs` WRITE;
/*!40000 ALTER TABLE `degree_programs` DISABLE KEYS */;
INSERT INTO `degree_programs` VALUES (1,'B-CS-Y2','ວິທະຍາສາດຄອມ','bachelor',2,1,'2026-05-18 05:00:05','2026-05-18 05:00:05'),(2,'B-PD-Y2','ພັດທະນາໂປຣແກຣມ','bachelor',2,1,'2026-05-18 05:00:05','2026-05-18 05:00:05'),(3,'B-WD-Y2','ພັດທະນາເວບໄຊ້','bachelor',2,1,'2026-05-18 05:00:05','2026-05-18 05:00:05'),(4,'B-CSC-Y2','ຕໍ່ເນື່ອງວິທະຍາສາດຄອມພິວເຕີ','bachelor',2,1,'2026-05-18 05:00:05','2026-05-18 05:00:05'),(5,'B-MAA-Y2','ຄະນິດສາດນໍາໃຊ້','bachelor',2,1,'2026-05-18 05:00:05','2026-05-18 05:00:05'),(6,'B-MAE-Y2','ຄະນິດສາດສໍາຫຼັບເສດຖະສາດ','bachelor',2,1,'2026-05-18 05:00:05','2026-05-18 05:00:05'),(7,'B-STAT-Y2','ຄະນິດສາດສະຖິຕິ','bachelor',2,1,'2026-05-18 05:00:05','2026-05-18 05:00:05'),(8,'B-BIO-Y2','ຊີວະທົ່ວໄປ','bachelor',2,1,'2026-05-18 05:00:05','2026-05-18 05:00:05'),(9,'B-BT-Y2','ເທັກໂນໂລຍີ່ຊີວະພາບ','bachelor',2,1,'2026-05-18 05:00:05','2026-05-18 05:00:05'),(10,'B-CHEM-Y2','ເຄມີທົ່ວໄປ','bachelor',2,1,'2026-05-18 05:00:05','2026-05-18 05:00:05'),(11,'B-ECHE-Y2','ເຄມີສິ່ງແວດລ້ອມ','bachelor',2,1,'2026-05-18 05:00:05','2026-05-18 05:00:05'),(12,'B-PHYS-Y2','ຟີຊິກທົ່ວໄປ','bachelor',2,1,'2026-05-18 05:00:05','2026-05-18 05:00:05'),(13,'B-GPHY-Y2','ທໍລະນີຟີຊິກ','bachelor',2,1,'2026-05-18 05:00:05','2026-05-18 05:00:05'),(14,'B-MATS-Y2','ວັດສະດຸສາດ','bachelor',2,1,'2026-05-18 05:00:05','2026-05-18 05:00:05'),(15,'B-NPHY-Y2','ຟິຊິກນິວເຄຣຍ','bachelor',2,1,'2026-05-18 05:00:05','2026-05-18 05:00:05'),(16,'B-CS-Y3','ວິທະຍາສາດຄອມ','bachelor',3,1,'2026-05-18 05:00:05','2026-05-18 05:00:05'),(17,'B-PD-Y3','ພັດທະນາໂປຣແກຣມ','bachelor',3,1,'2026-05-18 05:00:05','2026-05-18 05:00:05'),(18,'B-WD-Y3','ພັດທະນາເວບໄຊ້','bachelor',3,1,'2026-05-18 05:00:05','2026-05-18 05:00:05'),(19,'B-MATH-Y3','ຄະນິດທົ່ວໄປ','bachelor',3,1,'2026-05-18 05:00:05','2026-05-18 05:00:05'),(20,'B-MAE-Y3','ຄະນິດສາດສໍາຫຼັບເສດຖະສາດ','bachelor',3,1,'2026-05-18 05:00:05','2026-05-18 05:00:05'),(21,'B-STAT-Y3','ຄະນິດສາດສະຖິຕິ','bachelor',3,1,'2026-05-18 05:00:05','2026-05-18 05:00:05'),(22,'B-BIO-Y3','ຊີວະວິທະຍາທົ່ວໄປ','bachelor',3,1,'2026-05-18 05:00:05','2026-05-18 05:00:05'),(23,'B-BT-Y3','ເທັກໂນໂລຍີ່ຊີວະພາບ','bachelor',3,1,'2026-05-18 05:00:05','2026-05-18 05:00:05'),(24,'B-CHEM-Y3','ເຄມີສາດທົ່ວໄປ','bachelor',3,1,'2026-05-18 05:00:05','2026-05-18 05:00:05'),(25,'B-ECHE-Y3','ເຄມີສິ່ງແວດລ້ອມ','bachelor',3,1,'2026-05-18 05:00:05','2026-05-18 05:00:05'),(26,'B-PHYS-Y3','ຟີຊິກສາດທົ່ວໄປ','bachelor',3,1,'2026-05-18 05:00:05','2026-05-18 05:00:05'),(27,'B-GPHY-Y3','ທໍລະນີຟີຊິກ','bachelor',3,1,'2026-05-18 05:00:05','2026-05-18 05:00:05'),(28,'B-MATS-Y3','ວັດສະດຸສາດ','bachelor',3,1,'2026-05-18 05:00:05','2026-05-18 05:00:05'),(29,'B-NPHY-Y3','ຟິຊິກນິວເຄຣຍ','bachelor',3,1,'2026-05-18 05:00:05','2026-05-18 05:00:05'),(30,'B-CS-Y4','ວິທະຍາສາດຄອມ','bachelor',4,1,'2026-05-18 05:00:05','2026-05-18 05:00:05'),(31,'B-PD-Y4','ພັດທະນາໂປຣແກຣມ','bachelor',4,1,'2026-05-18 05:00:05','2026-05-18 05:00:05'),(32,'B-WD-Y4','ພັດທະນາເວບໄຊ້','bachelor',4,1,'2026-05-18 05:00:05','2026-05-18 05:00:05'),(33,'B-MATH-Y4','ຄະນິດທົ່ວໄປ','bachelor',4,1,'2026-05-18 05:00:05','2026-05-18 05:00:05'),(34,'B-MAE-Y4','ຄະນິດສາດສໍາຫຼັບເສດຖະສາດ','bachelor',4,1,'2026-05-18 05:00:05','2026-05-18 05:00:05'),(35,'B-STAT-Y4','ຄະນິດສາດສະຖິຕິ','bachelor',4,1,'2026-05-18 05:00:05','2026-05-18 05:00:05'),(36,'B-BIO-Y4','ຊີວະວິທະຍາທົ່ວໄປ','bachelor',4,1,'2026-05-18 05:00:05','2026-05-18 05:00:05'),(37,'B-BT-Y4','ເທັກໂນໂລຍີ່ຊີວະພາບ','bachelor',4,1,'2026-05-18 05:00:05','2026-05-18 05:00:05'),(38,'B-CHEM-Y4','ເຄມີສາດທົ່ວໄປ','bachelor',4,1,'2026-05-18 05:00:05','2026-05-18 05:00:05'),(39,'B-ECHE-Y4','ເຄມີສິ່ງແວດລ້ອມ','bachelor',4,1,'2026-05-18 05:00:05','2026-05-18 05:00:05'),(40,'B-PHYS-Y4','ຟີຊິກສາດທົ່ວໄປ','bachelor',4,1,'2026-05-18 05:00:05','2026-05-18 05:00:05'),(41,'B-GPHY-Y4','ທໍລະນີຟີຊິກ','bachelor',4,1,'2026-05-18 05:00:05','2026-05-18 05:00:05'),(42,'B-MATS-Y4','ວັດສະດຸສາດ','bachelor',4,1,'2026-05-18 05:00:05','2026-05-18 05:00:05'),(43,'B-NPHY-Y4','ຟິຊິກນິວເຄຣຍ','bachelor',4,1,'2026-05-18 05:00:05','2026-05-18 05:00:05'),(44,'M-PHYS','ປະລິນຍາໂທຟິຊິກນໍາໃຊ້','master',NULL,1,'2026-05-18 05:00:05','2026-05-18 05:00:05'),(45,'M-MATH','ປະລິນຍາໂທຄະນິດສາດ','master',NULL,1,'2026-05-18 05:00:05','2026-05-18 05:00:05'),(46,'M-BIO','ປິລິນຍາໂທຊີວະວິທະຍາ','master',NULL,1,'2026-05-18 05:00:05','2026-05-18 05:00:05'),(47,'M-CHEM','ປະລິນຍາໂທເຄມີ','master',NULL,1,'2026-05-18 05:00:05','2026-05-18 05:00:05'),(48,'M-CS','ປະລິນຍາໂທວິທະຍາສາດຄອມພິວເຕີ','master',NULL,1,'2026-05-18 05:00:05','2026-05-18 05:00:05'),(49,'MR-PHYS','ຟີຊິກສາດຮູບແບບຄົ້ນຄວ້າ','master',NULL,1,'2026-05-18 05:00:05','2026-05-18 05:00:05'),(50,'MR-CHEM','ເຄມີສາດຮູບແບບຄົ້ນຄວ້າ','master',NULL,1,'2026-05-18 05:00:05','2026-05-18 05:00:05'),(51,'MR-BIO','ຊີວະວິທະຍາຮູບແບບຄົ້ນຄວ້າ','master',NULL,1,'2026-05-18 05:00:05','2026-05-18 05:00:05'),(52,'D-PHYS','ປະລີິນຍາເອກຟິຊິກ','phd',NULL,1,'2026-05-18 05:00:05','2026-05-18 05:00:05'),(53,'D-BIO','ປະລີິນຍາເອກຊີວະວິທະຍາ','phd',NULL,1,'2026-05-18 05:00:05','2026-05-18 05:00:05'),(55,'B-CS-Y1','ວິທະຍາສາດຄອມ ປີ 1','bachelor',1,1,'2026-05-18 06:27:34','2026-05-18 06:27:34'),(56,'B-PD-Y1','ພັດທະນາໂປຣແກຣມ ປີ 1','bachelor',1,1,'2026-05-18 06:27:34','2026-05-18 06:27:34'),(57,'B-WD-Y1','ພັດທະນາເວບໄຊ້ ປີ 1','bachelor',1,1,'2026-05-18 06:27:35','2026-05-18 06:27:35'),(58,'B-CSC-Y1','ຕໍ່ເນື່ອງວິທະຍາສາດຄອມ ປີ 1','bachelor',1,1,'2026-05-18 06:27:35','2026-05-18 06:27:35'),(59,'B-MAA-Y1','ຄະນິດສາດນໍາໃຊ້ ປີ 1','bachelor',1,1,'2026-05-18 06:27:35','2026-05-18 06:27:35'),(60,'B-MAE-Y1','ຄະນິດສາດສໍາຫຼັບເສດຖະສາດ ປີ 1','bachelor',1,1,'2026-05-18 06:27:35','2026-05-18 06:27:35'),(61,'B-STAT-Y1','ຄະນິດສາດສະຖິຕິ ປີ 1','bachelor',1,1,'2026-05-18 06:27:35','2026-05-18 06:27:35'),(62,'B-BIO-Y1','ຊີວະທົ່ວໄປ ປີ 1','bachelor',1,1,'2026-05-18 06:27:35','2026-05-18 06:27:35'),(63,'B-BT-Y1','ເທັກໂນໂລຍີ່ຊີວະພາບ ປີ 1','bachelor',1,1,'2026-05-18 06:27:35','2026-05-18 06:27:35'),(64,'B-CHEM-Y1','ເຄມີທົ່ວໄປ ປີ 1','bachelor',1,1,'2026-05-18 06:27:35','2026-05-18 06:27:35'),(65,'B-ECHE-Y1','ເຄມີສິ່ງແວດລ້ອມ ປີ 1','bachelor',1,1,'2026-05-18 06:27:35','2026-05-18 06:27:35'),(66,'B-PHYS-Y1','ຟີຊິກທົ່ວໄປ ປີ 1','bachelor',1,1,'2026-05-18 06:27:35','2026-05-18 06:27:35'),(67,'B-GPHY-Y1','ທໍລະນີຟີຊິກ ປີ 1','bachelor',1,1,'2026-05-18 06:27:35','2026-05-18 06:27:35'),(68,'B-MATS-Y1','ວັດສະດຸສາດ ປີ 1','bachelor',1,1,'2026-05-18 06:27:35','2026-05-18 06:27:35'),(69,'B-NPHY-Y1','ຟິຊິກນິວເຄຣຍ ປີ 1','bachelor',1,1,'2026-05-18 06:27:35','2026-05-18 06:27:35');
/*!40000 ALTER TABLE `degree_programs` ENABLE KEYS */;
UNLOCK TABLES;

--
-- Table structure for table `departments`
--

DROP TABLE IF EXISTS `departments`;
/*!40101 SET @saved_cs_client     = @@character_set_client */;
/*!50503 SET character_set_client = utf8mb4 */;
CREATE TABLE `departments` (
  `id` int NOT NULL AUTO_INCREMENT,
  `department_name` varchar(100) CHARACTER SET utf8mb4 COLLATE utf8mb4_unicode_ci NOT NULL,
  `department_type` varchar(50) CHARACTER SET utf8mb4 COLLATE utf8mb4_unicode_ci NOT NULL,
  PRIMARY KEY (`id`),
  UNIQUE KEY `department_name` (`department_name`)
) ENGINE=InnoDB AUTO_INCREMENT=11 DEFAULT CHARSET=utf8mb4 COLLATE=utf8mb4_unicode_ci;
/*!40101 SET character_set_client = @saved_cs_client */;

--
-- Dumping data for table `departments`
--

LOCK TABLES `departments` WRITE;
/*!40000 ALTER TABLE `departments` DISABLE KEYS */;
INSERT INTO `departments` VALUES (1,'Computer','Com');
/*!40000 ALTER TABLE `departments` ENABLE KEYS */;
UNLOCK TABLES;

--
-- Table structure for table `expense_catalog_items`
--

DROP TABLE IF EXISTS `expense_catalog_items`;
/*!40101 SET @saved_cs_client     = @@character_set_client */;
/*!50503 SET character_set_client = utf8mb4 */;
CREATE TABLE `expense_catalog_items` (
  `id` bigint unsigned NOT NULL AUTO_INCREMENT,
  `subsection_id` bigint unsigned NOT NULL,
  `item_name` varchar(255) COLLATE utf8mb4_unicode_ci NOT NULL,
  `chart_of_account_id` int unsigned DEFAULT NULL,
  `pattern_id` bigint unsigned DEFAULT NULL,
  `default_values` json DEFAULT NULL,
  `sort_order` smallint unsigned NOT NULL DEFAULT '1',
  `is_active` tinyint(1) NOT NULL DEFAULT '1',
  `created_at` timestamp NULL DEFAULT NULL,
  `updated_at` timestamp NULL DEFAULT NULL,
  PRIMARY KEY (`id`),
  KEY `expense_catalog_items_chart_of_account_id_foreign` (`chart_of_account_id`),
  KEY `expense_catalog_items_pattern_id_foreign` (`pattern_id`),
  KEY `expense_catalog_items_subsection_id_sort_order_index` (`subsection_id`,`sort_order`),
  CONSTRAINT `expense_catalog_items_chart_of_account_id_foreign` FOREIGN KEY (`chart_of_account_id`) REFERENCES `chart_of_accounts` (`id`) ON DELETE SET NULL,
  CONSTRAINT `expense_catalog_items_pattern_id_foreign` FOREIGN KEY (`pattern_id`) REFERENCES `expense_patterns` (`id`) ON DELETE SET NULL,
  CONSTRAINT `expense_catalog_items_subsection_id_foreign` FOREIGN KEY (`subsection_id`) REFERENCES `expense_subsections` (`id`) ON DELETE CASCADE
) ENGINE=InnoDB AUTO_INCREMENT=197 DEFAULT CHARSET=utf8mb4 COLLATE=utf8mb4_unicode_ci;
/*!40101 SET character_set_client = @saved_cs_client */;

--
-- Dumping data for table `expense_catalog_items`
--

LOCK TABLES `expense_catalog_items` WRITE;
/*!40000 ALTER TABLE `expense_catalog_items` DISABLE KEYS */;
INSERT INTO `expense_catalog_items` VALUES (1,453,'ເຄື່ອງໃຊ້ຫ້ອງການ',116,1,'{\"month_count\": 1, \"yearly_total\": 0, \"amount_per_month\": 0}',1,1,'2026-06-19 06:39:27','2026-06-19 06:39:27'),(2,453,'ແບບພິມ',117,1,'{\"month_count\": 1, \"yearly_total\": 0, \"amount_per_month\": 0}',2,1,'2026-06-19 06:39:27','2026-06-19 06:39:27'),(3,453,'ວາລະສານ ແລະ ໜັງສືພິມ',118,1,'{\"month_count\": 1, \"yearly_total\": 0, \"amount_per_month\": 0}',3,1,'2026-06-19 06:39:27','2026-06-19 06:39:27'),(4,453,'ຮັບແຂກ',167,1,'{\"month_count\": 1, \"yearly_total\": 0, \"amount_per_month\": 0}',4,1,'2026-06-19 06:39:27','2026-06-19 06:39:27'),(5,453,'ໂທລະສັບບໍລິຫານ',151,1,'{\"month_count\": 1, \"yearly_total\": 0, \"amount_per_month\": 0}',5,1,'2026-06-19 06:39:27','2026-06-19 06:39:27'),(6,453,'ຄ່າໄປສະນີ',150,1,'{\"month_count\": 1, \"yearly_total\": 0, \"amount_per_month\": 0}',6,1,'2026-06-19 06:39:27','2026-06-19 06:39:27'),(7,453,'ຄ່າບໍລິການທະນາຄານ',153,1,'{\"month_count\": 1, \"yearly_total\": 0, \"amount_per_month\": 0}',7,1,'2026-06-19 06:39:27','2026-06-19 06:39:27'),(8,453,'ຊື້ຂອງຂັວນຂອງຕ້ອນ',169,1,'{\"month_count\": 1, \"yearly_total\": 0, \"amount_per_month\": 0}',8,1,'2026-06-19 06:39:27','2026-06-19 06:39:27'),(9,453,'ວັນບຸນລະດັບຊາດ',170,1,'{\"month_count\": 1, \"yearly_total\": 0, \"amount_per_month\": 0}',9,1,'2026-06-19 06:39:27','2026-06-19 06:39:27'),(10,453,'ອຸດໜູນວຽກປ້ອງກັນ',80,1,'{\"month_count\": 1, \"yearly_total\": 0, \"amount_per_month\": 0}',10,1,'2026-06-19 06:39:27','2026-06-19 06:39:27'),(11,453,'ຄ່ານ້ຳມັນບໍລິຫານຫ້ອງການ',114,1,'{\"month_count\": 1, \"yearly_total\": 0, \"amount_per_month\": 0}',11,1,'2026-06-19 06:39:27','2026-06-19 06:39:27'),(12,453,'ຄ່ານ້ຳມັນເຄື່ອງ',114,1,'{\"month_count\": 1, \"yearly_total\": 0, \"amount_per_month\": 0}',12,1,'2026-06-19 06:39:27','2026-06-19 06:39:27'),(13,454,'ບຳລຸງຮັກສາຄອມພີວເຕີ',138,1,'{\"month_count\": 1, \"yearly_total\": 0, \"amount_per_month\": 0}',1,1,'2026-06-19 06:39:27','2026-06-19 06:39:27'),(14,454,'ບຳລຸງຮັກສາເຄື່ອງສາຍໂປຣເຈັກເຕີ',138,1,'{\"month_count\": 1, \"yearly_total\": 0, \"amount_per_month\": 0}',2,1,'2026-06-19 06:39:27','2026-06-19 06:39:27'),(15,454,'ບຳລຸງຮັກສາແອເຢັນ',138,1,'{\"month_count\": 1, \"yearly_total\": 0, \"amount_per_month\": 0}',3,1,'2026-06-19 06:39:27','2026-06-19 06:39:27'),(16,454,'ບຳລຸງຮັກສາຕູ້ເຢັນ + ຕູ້ນ້ຳເຢັນ',138,1,'{\"month_count\": 1, \"yearly_total\": 0, \"amount_per_month\": 0}',4,1,'2026-06-19 06:39:27','2026-06-19 06:39:27'),(17,454,'ບຳລຸງຮັກສາພັດລົມ',138,1,'{\"month_count\": 1, \"yearly_total\": 0, \"amount_per_month\": 0}',5,1,'2026-06-19 06:39:27','2026-06-19 06:39:27'),(18,454,'ບຳລຸງຮັກສາດອກໄຟ',138,1,'{\"month_count\": 1, \"yearly_total\": 0, \"amount_per_month\": 0}',6,1,'2026-06-19 06:39:27','2026-06-19 06:39:27'),(19,454,'ບຳລຸງຮັກສາເຄື່ອງພິມ',138,1,'{\"month_count\": 1, \"yearly_total\": 0, \"amount_per_month\": 0}',7,1,'2026-06-19 06:39:27','2026-06-19 06:39:27'),(20,454,'ບຳລຸງຮັກສາຈັກອັດສຳເນົາ',138,1,'{\"month_count\": 1, \"yearly_total\": 0, \"amount_per_month\": 0}',8,1,'2026-06-19 06:39:27','2026-06-19 06:39:27'),(21,454,'ບຳລຸງຮັກສາໂທລະສັບ',138,1,'{\"month_count\": 1, \"yearly_total\": 0, \"amount_per_month\": 0}',9,1,'2026-06-19 06:39:27','2026-06-19 06:39:27'),(22,454,'ບຳລຸງຮັກສາກ້ອງຖ່າຍຮູບ',138,1,'{\"month_count\": 1, \"yearly_total\": 0, \"amount_per_month\": 0}',10,1,'2026-06-19 06:39:27','2026-06-19 06:39:27'),(23,454,'ບຳລຸງຮັກສາໂທລະທັດ',138,1,'{\"month_count\": 1, \"yearly_total\": 0, \"amount_per_month\": 0}',11,1,'2026-06-19 06:39:27','2026-06-19 06:39:27'),(24,454,'ຈັກປ້ຳນ້ຳອັດຕະໂນມັດ',138,1,'{\"month_count\": 1, \"yearly_total\": 0, \"amount_per_month\": 0}',12,1,'2026-06-19 06:39:27','2026-06-19 06:39:27'),(25,454,'ຈັກຕັດຫຍ້າ',138,1,'{\"month_count\": 1, \"yearly_total\": 0, \"amount_per_month\": 0}',13,1,'2026-06-19 06:39:27','2026-06-19 06:39:27'),(26,455,'ສ້ອມແປງອາຄານສໍານັກງານຕ່າງໆ',136,1,'{\"month_count\": 1, \"yearly_total\": 0, \"amount_per_month\": 0}',1,1,'2026-06-19 06:39:27','2026-06-19 06:39:27'),(27,455,'ປັບປຸງອາຄານຫ້ອງຮຽນ-ຫ້ອງທົດລອງ',136,1,'{\"month_count\": 1, \"yearly_total\": 0, \"amount_per_month\": 0}',2,1,'2026-06-19 06:39:27','2026-06-19 06:39:27'),(28,456,'ລົດຕູ້',137,1,'{\"month_count\": 1, \"yearly_total\": 0, \"amount_per_month\": 0}',1,1,'2026-06-19 06:39:27','2026-06-19 06:39:27'),(29,456,'ລົດຈັກ',137,1,'{\"month_count\": 1, \"yearly_total\": 0, \"amount_per_month\": 0}',2,1,'2026-06-19 06:39:27','2026-06-19 06:39:27'),(30,457,'ຊື້ ໂຕະ, ຕັ່ງ',232,1,'{\"month_count\": 1, \"yearly_total\": 0, \"amount_per_month\": 0}',1,1,'2026-06-19 06:39:27','2026-06-19 06:39:27'),(31,457,'ບຳລຸງຮັກສາ, ສ້ອມແປງ ໂຕະ, ຕັ່ງ',138,1,'{\"month_count\": 1, \"yearly_total\": 0, \"amount_per_month\": 0}',2,1,'2026-06-19 06:39:27','2026-06-19 06:39:27'),(32,457,'ຊື້ເຄື່ອງຈັກ ແລະ ວັດຖຸອຸປະກອນ',231,1,'{\"month_count\": 1, \"yearly_total\": 0, \"amount_per_month\": 0}',3,1,'2026-06-19 06:39:27','2026-06-19 06:39:27'),(33,457,'ຊື້ພາຫະນະ',230,1,'{\"month_count\": 1, \"yearly_total\": 0, \"amount_per_month\": 0}',4,1,'2026-06-19 06:39:27','2026-06-19 06:39:27'),(34,458,'ປະກັນໄພລົດໃຫຍ່',147,1,'{\"month_count\": 1, \"yearly_total\": 0, \"amount_per_month\": 0}',1,1,'2026-06-19 06:39:27','2026-06-19 06:39:27'),(35,459,'ໄປວຽກທາງການພາຍໃນປະເທດ',160,1,'{\"month_count\": 1, \"yearly_total\": 0, \"amount_per_month\": 0}',1,1,'2026-06-19 06:39:27','2026-06-19 06:39:27'),(36,459,'ໄປວຽກທາງການຕ່າງປະເທດ',161,1,'{\"month_count\": 1, \"yearly_total\": 0, \"amount_per_month\": 0}',2,1,'2026-06-19 06:39:27','2026-06-19 06:39:27'),(37,460,'ບຳລຸງຮັກສາວິທະຍາເຂດ',136,1,'{\"month_count\": 1, \"yearly_total\": 0, \"amount_per_month\": 0}',1,1,'2026-06-19 06:39:27','2026-06-19 06:39:27'),(38,460,'- ຕັດຫຍ້າ',136,1,'{\"month_count\": 1, \"yearly_total\": 0, \"amount_per_month\": 0}',2,1,'2026-06-19 06:39:27','2026-06-19 06:39:27'),(39,460,'- ປູກ ແລະ ບົວລະບັດສວນດອກໄມ້',136,1,'{\"month_count\": 1, \"yearly_total\": 0, \"amount_per_month\": 0}',3,1,'2026-06-19 06:39:27','2026-06-19 06:39:27'),(40,460,'- ກ້າເບ້ຍໄມ້',136,1,'{\"month_count\": 1, \"yearly_total\": 0, \"amount_per_month\": 0}',4,1,'2026-06-19 06:39:27','2026-06-19 06:39:27'),(41,460,'- ອານາໄມເດີ່ນ',136,1,'{\"month_count\": 1, \"yearly_total\": 0, \"amount_per_month\": 0}',5,1,'2026-06-19 06:39:27','2026-06-19 06:39:27'),(42,460,'ອານາໄມອາຄານ',136,1,'{\"month_count\": 1, \"yearly_total\": 0, \"amount_per_month\": 0}',6,1,'2026-06-19 06:39:27','2026-06-19 06:39:27'),(43,460,'- ອານາໄມຫ້ອງຮຽນ',136,1,'{\"month_count\": 1, \"yearly_total\": 0, \"amount_per_month\": 0}',7,1,'2026-06-19 06:39:27','2026-06-19 06:39:27'),(44,460,'- ອານາໄມຫ້ອງການ',136,1,'{\"month_count\": 1, \"yearly_total\": 0, \"amount_per_month\": 0}',8,1,'2026-06-19 06:39:27','2026-06-19 06:39:27'),(45,460,'- ອານາໄມຫ້ອງທົດລອງຄອມພິວເຕີ',136,1,'{\"month_count\": 1, \"yearly_total\": 0, \"amount_per_month\": 0}',9,1,'2026-06-19 06:39:27','2026-06-19 06:39:27'),(46,461,'ປະຖົມນິເທດນັກສຶກສາ',193,1,'{\"month_count\": 1, \"yearly_total\": 0, \"amount_per_month\": 0}',1,1,'2026-06-19 06:39:27','2026-06-19 06:39:27'),(47,461,'ກວດສອບການປະຕິບັດລະບຽບວິໃນນັກສຶກສາ',193,1,'{\"month_count\": 1, \"yearly_total\": 0, \"amount_per_month\": 0}',2,1,'2026-06-19 06:39:27','2026-06-19 06:39:27'),(48,463,'ສຳນັກຄະນະບໍດີ',163,1,'{\"unit_price\": 0, \"event_count\": 1, \"people_count\": 1, \"yearly_total\": 0}',1,1,'2026-06-19 06:39:27','2026-06-19 06:39:27'),(49,463,'ພາວິຊາຄະນິດສາດ',163,1,'{\"unit_price\": 0, \"event_count\": 1, \"people_count\": 1, \"yearly_total\": 0}',2,1,'2026-06-19 06:39:27','2026-06-19 06:39:27'),(50,463,'ພາກວິຊາຟິຊິກສາດ',163,1,'{\"unit_price\": 0, \"event_count\": 1, \"people_count\": 1, \"yearly_total\": 0}',3,1,'2026-06-19 06:39:27','2026-06-19 06:39:27'),(51,463,'ພາກວິຊາເຄມີສາດ',163,1,'{\"unit_price\": 0, \"event_count\": 1, \"people_count\": 1, \"yearly_total\": 0}',4,1,'2026-06-19 06:39:27','2026-06-19 06:39:27'),(52,463,'ພາກວິຊາຊີວະວິທະຍາ',163,1,'{\"unit_price\": 0, \"event_count\": 1, \"people_count\": 1, \"yearly_total\": 0}',5,1,'2026-06-19 06:39:27','2026-06-19 06:39:27'),(53,463,'ພາກວິຊາວິທະຍາສາດຄອມພິວເຕີ',163,1,'{\"unit_price\": 0, \"event_count\": 1, \"people_count\": 1, \"yearly_total\": 0}',6,1,'2026-06-19 06:39:27','2026-06-19 06:39:27'),(54,463,'ພະແນກວິຊາການ',163,1,'{\"unit_price\": 0, \"event_count\": 1, \"people_count\": 1, \"yearly_total\": 0}',7,1,'2026-06-19 06:39:27','2026-06-19 06:39:27'),(55,463,'ພະແນກຈັດຕັ້ງສັງລວມ',163,1,'{\"unit_price\": 0, \"event_count\": 1, \"people_count\": 1, \"yearly_total\": 0}',8,1,'2026-06-19 06:39:27','2026-06-19 06:39:27'),(56,463,'ພະແນກການເງິນ-ຊັບສິນ',163,1,'{\"unit_price\": 0, \"event_count\": 1, \"people_count\": 1, \"yearly_total\": 0}',9,1,'2026-06-19 06:39:27','2026-06-19 06:39:27'),(57,463,'ພະແນກຄຸ້ມຄອງນັກສຶກສາ',163,1,'{\"unit_price\": 0, \"event_count\": 1, \"people_count\": 1, \"yearly_total\": 0}',10,1,'2026-06-19 06:39:27','2026-06-19 06:39:27'),(58,463,'ພະແນກຄົ້ນຄົ້ວ ແລະ ບໍລິການວິຊາການ',163,1,'{\"unit_price\": 0, \"event_count\": 1, \"people_count\": 1, \"yearly_total\": 0}',11,1,'2026-06-19 06:39:27','2026-06-19 06:39:27'),(59,463,'ພະແນກຫຼັງປະລິນຍາຕີ',163,1,'{\"unit_price\": 0, \"event_count\": 1, \"people_count\": 1, \"yearly_total\": 0}',12,1,'2026-06-19 06:39:27','2026-06-19 06:39:27'),(60,464,'ສຳນັກຄະນະບໍດີ',164,1,'{\"unit_price\": 0, \"event_count\": 1, \"people_count\": 1, \"yearly_total\": 0}',1,1,'2026-06-19 06:39:27','2026-06-19 06:39:27'),(61,464,'ພາວິຊາຄະນິດສາດ',164,1,'{\"unit_price\": 0, \"event_count\": 1, \"people_count\": 1, \"yearly_total\": 0}',2,1,'2026-06-19 06:39:27','2026-06-19 06:39:27'),(62,464,'ພາກວິຊາຟິຊິກສາດ',164,1,'{\"unit_price\": 0, \"event_count\": 1, \"people_count\": 1, \"yearly_total\": 0}',3,1,'2026-06-19 06:39:27','2026-06-19 06:39:27'),(63,464,'ພາກວິຊາເຄມີສາດ',164,1,'{\"unit_price\": 0, \"event_count\": 1, \"people_count\": 1, \"yearly_total\": 0}',4,1,'2026-06-19 06:39:27','2026-06-19 06:39:27'),(64,464,'ພາກວິຊາຊີວະວິທະຍາ',164,1,'{\"unit_price\": 0, \"event_count\": 1, \"people_count\": 1, \"yearly_total\": 0}',5,1,'2026-06-19 06:39:27','2026-06-19 06:39:27'),(65,464,'ພາກວິຊາວິທະຍາສາດຄອມພິວເຕີ',164,1,'{\"unit_price\": 0, \"event_count\": 1, \"people_count\": 1, \"yearly_total\": 0}',6,1,'2026-06-19 06:39:27','2026-06-19 06:39:27'),(66,464,'ພະແນກວິຊາການ',164,1,'{\"unit_price\": 0, \"event_count\": 1, \"people_count\": 1, \"yearly_total\": 0}',7,1,'2026-06-19 06:39:27','2026-06-19 06:39:27'),(67,464,'ພະແນກຈັດຕັ້ງສັງລວມ',164,1,'{\"unit_price\": 0, \"event_count\": 1, \"people_count\": 1, \"yearly_total\": 0}',8,1,'2026-06-19 06:39:27','2026-06-19 06:39:27'),(68,464,'ພະແນກການເງິນ-ຊັບສິນ',164,1,'{\"unit_price\": 0, \"event_count\": 1, \"people_count\": 1, \"yearly_total\": 0}',9,1,'2026-06-19 06:39:27','2026-06-19 06:39:27'),(69,464,'ພະແນກຄຸ້ມຄອງນັກສຶກສາ',164,1,'{\"unit_price\": 0, \"event_count\": 1, \"people_count\": 1, \"yearly_total\": 0}',10,1,'2026-06-19 06:39:27','2026-06-19 06:39:27'),(70,464,'ພະແນກຄົ້ນຄົ້ວ ແລະ ບໍລິການວິຊາການ',164,1,'{\"unit_price\": 0, \"event_count\": 1, \"people_count\": 1, \"yearly_total\": 0}',11,1,'2026-06-19 06:39:27','2026-06-19 06:39:27'),(71,464,'ພະແນກຫຼັງປະລິນຍາຕີ',164,1,'{\"unit_price\": 0, \"event_count\": 1, \"people_count\": 1, \"yearly_total\": 0}',12,1,'2026-06-19 06:39:27','2026-06-19 06:39:27'),(72,465,'ສຳນັກຄະນະບໍດີ',165,1,'{\"unit_price\": 0, \"event_count\": 1, \"people_count\": 1, \"yearly_total\": 0}',1,1,'2026-06-19 06:39:27','2026-06-19 06:39:27'),(73,465,'ພາວິຊາຄະນິດສາດ',165,1,'{\"unit_price\": 0, \"event_count\": 1, \"people_count\": 1, \"yearly_total\": 0}',2,1,'2026-06-19 06:39:27','2026-06-19 06:39:27'),(74,465,'ພາກວິຊາຟິຊິກສາດ',165,1,'{\"unit_price\": 0, \"event_count\": 1, \"people_count\": 1, \"yearly_total\": 0}',3,1,'2026-06-19 06:39:27','2026-06-19 06:39:27'),(75,465,'ພາກວິຊາເຄມີສາດ',165,1,'{\"unit_price\": 0, \"event_count\": 1, \"people_count\": 1, \"yearly_total\": 0}',4,1,'2026-06-19 06:39:27','2026-06-19 06:39:27'),(76,465,'ພາກວິຊາຊີວະວິທະຍາ',165,1,'{\"unit_price\": 0, \"event_count\": 1, \"people_count\": 1, \"yearly_total\": 0}',5,1,'2026-06-19 06:39:27','2026-06-19 06:39:27'),(77,465,'ພາກວິຊາວິທະຍາສາດຄອມພິວເຕີ',165,1,'{\"unit_price\": 0, \"event_count\": 1, \"people_count\": 1, \"yearly_total\": 0}',6,1,'2026-06-19 06:39:27','2026-06-19 06:39:27'),(78,465,'ພະແນກວິຊາການ',165,1,'{\"unit_price\": 0, \"event_count\": 1, \"people_count\": 1, \"yearly_total\": 0}',7,1,'2026-06-19 06:39:27','2026-06-19 06:39:27'),(79,465,'ພະແນກຈັດຕັ້ງສັງລວມ',165,1,'{\"unit_price\": 0, \"event_count\": 1, \"people_count\": 1, \"yearly_total\": 0}',8,1,'2026-06-19 06:39:27','2026-06-19 06:39:27'),(80,465,'ພະແນກການເງິນ-ຊັບສິນ',165,1,'{\"unit_price\": 0, \"event_count\": 1, \"people_count\": 1, \"yearly_total\": 0}',9,1,'2026-06-19 06:39:27','2026-06-19 06:39:27'),(81,465,'ພະແນກຄຸ້ມຄອງນັກສຶກສາ',165,1,'{\"unit_price\": 0, \"event_count\": 1, \"people_count\": 1, \"yearly_total\": 0}',10,1,'2026-06-19 06:39:27','2026-06-19 06:39:27'),(82,465,'ພະແນກຄົ້ນຄົ້ວ ແລະ ບໍລິການວິຊາການ',165,1,'{\"unit_price\": 0, \"event_count\": 1, \"people_count\": 1, \"yearly_total\": 0}',11,1,'2026-06-19 06:39:27','2026-06-19 06:39:27'),(83,465,'ພະແນກຫຼັງປະລິນຍາຕີ',165,1,'{\"unit_price\": 0, \"event_count\": 1, \"people_count\": 1, \"yearly_total\": 0}',12,1,'2026-06-19 06:39:27','2026-06-19 06:39:27'),(84,466,'ອຸປະກອນການຮຽນ-ການສອນ',121,1,'{\"quantity\": 1, \"unit_price\": 0, \"yearly_total\": 0, \"times_per_year\": 1}',1,1,'2026-06-19 06:39:27','2026-06-19 06:39:27'),(85,466,'ອຸປະກອນການສອບເສັງ',121,1,'{\"quantity\": 1, \"unit_price\": 0, \"yearly_total\": 0, \"times_per_year\": 1}',2,1,'2026-06-19 06:39:27','2026-06-19 06:39:27'),(86,468,'ພາກວິຊາຄະນິດສາດ',193,1,'[]',1,1,'2026-06-19 06:39:27','2026-06-19 06:39:27'),(87,468,'ພາກວິຊາຟີຊິກສາດ',193,1,'[]',2,1,'2026-06-19 06:39:27','2026-06-19 06:39:27'),(88,468,'ພາກວິຊາເຄມີສາດ',193,1,'[]',3,1,'2026-06-19 06:39:27','2026-06-19 06:39:27'),(89,468,'ພາກວິຊາຊີວະວິທະຍາ',193,1,'[]',4,1,'2026-06-19 06:39:27','2026-06-19 06:39:27'),(90,468,'ພາກວິຊາວິທະຍາສາດຄອມພີວເຕີ',193,1,'[]',5,1,'2026-06-19 06:39:27','2026-06-19 06:39:27'),(91,469,'ພາກວິຊາຄະນິດສາດ',193,1,'[]',1,1,'2026-06-19 06:39:27','2026-06-19 06:39:27'),(92,469,'ພາກວິຊາຟີຊິກສາດ',193,1,'[]',2,1,'2026-06-19 06:39:27','2026-06-19 06:39:27'),(93,469,'ພາກວິຊາເຄມີສາດ',193,1,'[]',3,1,'2026-06-19 06:39:27','2026-06-19 06:39:27'),(94,469,'ພາກວິຊາຊີວະວິທະຍາ',193,1,'[]',4,1,'2026-06-19 06:39:27','2026-06-19 06:39:27'),(95,469,'ພາກວິຊາວິທະຍາສາດຄອມພີວເຕີ',193,1,'[]',5,1,'2026-06-19 06:39:27','2026-06-19 06:39:27'),(96,469,'ປັບປຸງ ແລະ ພັດທະນາຫຼັກສູດ ປໍໂທ+ເອກ',193,1,'[]',6,1,'2026-06-19 06:39:27','2026-06-19 06:39:27'),(97,470,'ພາກວິຊາຄະນິດສາດ',123,1,'{\"quantity\": 1, \"unit_price\": 0, \"yearly_total\": 0}',1,1,'2026-06-19 06:39:27','2026-06-19 06:39:27'),(98,470,'ພາກວິຊາຟິຊິກສາດ',123,1,'{\"quantity\": 1, \"unit_price\": 0, \"yearly_total\": 0}',2,1,'2026-06-19 06:39:27','2026-06-19 06:39:27'),(99,470,'ພາກວິຊາເຄມີສາດ',123,1,'{\"quantity\": 1, \"unit_price\": 0, \"yearly_total\": 0}',3,1,'2026-06-19 06:39:27','2026-06-19 06:39:27'),(100,470,'ພາກວິຊາຊີວະວິທະຍາ',123,1,'{\"quantity\": 1, \"unit_price\": 0, \"yearly_total\": 0}',4,1,'2026-06-19 06:39:27','2026-06-19 06:39:27'),(101,470,'ພາກວິຊາວິທະຍາສາດຄອມພິວເຕີ',123,1,'{\"quantity\": 1, \"unit_price\": 0, \"yearly_total\": 0}',5,1,'2026-06-19 06:39:27','2026-06-19 06:39:27'),(102,470,'ຊື້ອຸປະກອນທົດລອງ',123,1,'{\"quantity\": 1, \"unit_price\": 0, \"yearly_total\": 0}',6,1,'2026-06-19 06:39:27','2026-06-19 06:39:27'),(103,471,'ອຸປະກອນທົດລອງຟິຊິກສາດ',232,1,'{\"quantity\": 1, \"unit_price\": 0, \"yearly_total\": 0}',1,1,'2026-06-19 06:39:27','2026-06-19 06:39:27'),(104,471,'ອຸປະກອນທົດລອງເຄມີສາດ',232,1,'{\"quantity\": 1, \"unit_price\": 0, \"yearly_total\": 0}',2,1,'2026-06-19 06:39:27','2026-06-19 06:39:27'),(105,471,'ອຸປະກອນທົດລອງຊີວະວິທະຍາ',232,1,'{\"quantity\": 1, \"unit_price\": 0, \"yearly_total\": 0}',3,1,'2026-06-19 06:39:27','2026-06-19 06:39:27'),(106,471,'ຄອມພິວເຕີຕັ້່ງໂຕະ (PC)',232,1,'{\"quantity\": 1, \"unit_price\": 0, \"yearly_total\": 0}',4,1,'2026-06-19 06:39:27','2026-06-19 06:39:27'),(107,471,'ໂປຣເຈັກເຕີໃສ່ຫ້ອງຮຽນ',232,1,'{\"quantity\": 1, \"unit_price\": 0, \"yearly_total\": 0}',5,1,'2026-06-19 06:39:27','2026-06-19 06:39:27'),(108,472,'ພິທີສະຫຼຸບຊຸດຮຽນ ແລະ ເປີດສົກຮຽນໃໝ່ ປໍໂທ',163,1,'{\"quantity\": 1, \"unit_price\": 0, \"yearly_total\": 0}',1,1,'2026-06-19 06:39:27','2026-06-19 06:39:27'),(109,472,'ກອງປະຊຸມສໍາມະນາວິຊາການ ປໍໂທ',164,1,'{\"quantity\": 1, \"unit_price\": 0, \"yearly_total\": 0}',2,1,'2026-06-19 06:39:27','2026-06-19 06:39:27'),(110,472,'ກອງປະຊຸມຜູ້ຊົງຄຸນວຸດທິ ປໍໂທ',163,1,'{\"quantity\": 1, \"unit_price\": 0, \"yearly_total\": 0}',3,1,'2026-06-19 06:39:27','2026-06-19 06:39:27'),(111,473,'ຊື້ປື້ມໃສ່ຫ້ອງອ່ານ',232,1,'{\"quantity\": 1, \"unit_price\": 0, \"yearly_total\": 0}',1,1,'2026-06-19 06:39:27','2026-06-19 06:39:27'),(112,473,'ຊື້ຮ້ານປື້ມໃສ່ຫ້ອງອ່ານ',232,1,'{\"quantity\": 1, \"unit_price\": 0, \"yearly_total\": 0}',2,1,'2026-06-19 06:39:27','2026-06-19 06:39:27'),(113,474,'ສົ່ງພະນັກງານໄປຍົກລະດັບໄລຍະຍາວ',165,1,'{\"quantity\": 1, \"unit_price\": 0, \"yearly_total\": 0}',1,1,'2026-06-19 06:39:27','2026-06-19 06:39:27'),(114,475,'ງົບປະມານຕິດຕາມຫຼັກສູດ ປໍໂທ',160,1,'{\"quantity\": 1, \"unit_price\": 0, \"yearly_total\": 0}',1,1,'2026-06-19 06:39:27','2026-06-19 06:39:27'),(115,476,'ສົ່ງເສີມວິຊາການສ່ວນກາງ',193,1,'{\"quantity\": 1, \"unit_price\": 0, \"yearly_total\": 0}',1,1,'2026-06-19 06:39:27','2026-06-19 06:39:27'),(116,476,'ກອງປະຊຸມສຳມະນາການເງິນ (ພະແນກການເງິນ )',193,1,'{\"quantity\": 1, \"unit_price\": 0, \"yearly_total\": 0}',2,1,'2026-06-19 06:39:27','2026-06-19 06:39:27'),(117,476,'ພະແນກບໍລິຫານສັງລວມ',193,1,'{\"quantity\": 1, \"unit_price\": 0, \"yearly_total\": 0}',3,1,'2026-06-19 06:39:27','2026-06-19 06:39:27'),(118,476,'ໜ່ວຍງານ ICT',193,1,'{\"quantity\": 1, \"unit_price\": 0, \"yearly_total\": 0}',4,1,'2026-06-19 06:39:27','2026-06-19 06:39:27'),(119,476,'ຫຼັງປະລິນຍາຕີ',193,1,'{\"quantity\": 1, \"unit_price\": 0, \"yearly_total\": 0}',5,1,'2026-06-19 06:39:27','2026-06-19 06:39:27'),(120,476,'ຄົ້ນຄ້ວາ ແລະ ບໍລິການວິຊາການ',193,1,'{\"quantity\": 1, \"unit_price\": 0, \"yearly_total\": 0}',6,1,'2026-06-19 06:39:27','2026-06-19 06:39:27'),(121,476,'ພັດທະນາຫຸ່ນຍົນ (Robot)',193,1,'{\"quantity\": 1, \"unit_price\": 0, \"yearly_total\": 0}',7,1,'2026-06-19 06:39:27','2026-06-19 06:39:27'),(122,476,'ພະແນກວິຊາການ',193,1,'{\"quantity\": 1, \"unit_price\": 0, \"yearly_total\": 0}',8,1,'2026-06-19 06:39:27','2026-06-19 06:39:27'),(123,476,'ພະແນກຄຸ້ມຄອງນັກສຶກສາ',193,1,'{\"quantity\": 1, \"unit_price\": 0, \"yearly_total\": 0}',9,1,'2026-06-19 06:39:27','2026-06-19 06:39:27'),(124,476,'ພາກວິຊາຄະນິດສາດ',193,1,'{\"quantity\": 1, \"unit_price\": 0, \"yearly_total\": 0}',10,1,'2026-06-19 06:39:27','2026-06-19 06:39:27'),(125,476,'ພາກວິຊາຟີຊິກສາດ',193,1,'{\"quantity\": 1, \"unit_price\": 0, \"yearly_total\": 0}',11,1,'2026-06-19 06:39:27','2026-06-19 06:39:27'),(126,476,'ພາກວິຊາເຄມີສາດ',193,1,'{\"quantity\": 1, \"unit_price\": 0, \"yearly_total\": 0}',12,1,'2026-06-19 06:39:27','2026-06-19 06:39:27'),(127,476,'ພາກວິຊາຊີວະວິທະຍາ',193,1,'{\"quantity\": 1, \"unit_price\": 0, \"yearly_total\": 0}',13,1,'2026-06-19 06:39:27','2026-06-19 06:39:27'),(128,476,'ພາກວິຊາວິທະຍາສາດຄອມພີວເຕີ',193,1,'{\"quantity\": 1, \"unit_price\": 0, \"yearly_total\": 0}',14,1,'2026-06-19 06:39:27','2026-06-19 06:39:27'),(129,476,'ສາມອົງການຈັດຕັ້ງມະຫາຊົນ',193,1,'{\"quantity\": 1, \"unit_price\": 0, \"yearly_total\": 0}',15,1,'2026-06-19 06:39:27','2026-06-19 06:39:27'),(130,476,'ເຄື່ອນໄຫວວຽກວິຊາການອື່ນໆ',193,1,'{\"quantity\": 1, \"unit_price\": 0, \"yearly_total\": 0}',16,1,'2026-06-19 06:39:27','2026-06-19 06:39:27'),(131,477,'ສຳນັກຄະນະບໍດີ',198,1,'{\"quantity\": 1, \"unit_price\": 0, \"yearly_total\": 0}',1,1,'2026-06-19 06:39:27','2026-06-19 06:39:27'),(132,477,'ພາກວິຊາຄະນິດສາດ',198,1,'{\"quantity\": 1, \"unit_price\": 0, \"yearly_total\": 0}',2,1,'2026-06-19 06:39:27','2026-06-19 06:39:27'),(133,477,'ພາກວິຊາຟິຊິກສາດ',198,1,'{\"quantity\": 1, \"unit_price\": 0, \"yearly_total\": 0}',3,1,'2026-06-19 06:39:27','2026-06-19 06:39:27'),(134,477,'ພາກວິຊາເຄມີສາດ',198,1,'{\"quantity\": 1, \"unit_price\": 0, \"yearly_total\": 0}',4,1,'2026-06-19 06:39:27','2026-06-19 06:39:27'),(135,477,'ພາກວິຊາຊີວະວິທະຍາ',198,1,'{\"quantity\": 1, \"unit_price\": 0, \"yearly_total\": 0}',5,1,'2026-06-19 06:39:27','2026-06-19 06:39:27'),(136,477,'ພາກວິຊາວິທະຍາສາດຄອມພິວເຕີ',198,1,'{\"quantity\": 1, \"unit_price\": 0, \"yearly_total\": 0}',6,1,'2026-06-19 06:39:27','2026-06-19 06:39:27'),(137,478,'ສຳນັກຄະນະບໍດີ',160,1,'{\"quantity\": 1, \"unit_price\": 0, \"yearly_total\": 0}',1,1,'2026-06-19 06:39:27','2026-06-19 06:39:27'),(138,478,'ພາກວິຊາຄະນິດສາດ',160,1,'{\"quantity\": 1, \"unit_price\": 0, \"yearly_total\": 0}',2,1,'2026-06-19 06:39:27','2026-06-19 06:39:27'),(139,478,'ພາກວິຊາຟິຊິກສາດ',160,1,'{\"quantity\": 1, \"unit_price\": 0, \"yearly_total\": 0}',3,1,'2026-06-19 06:39:27','2026-06-19 06:39:27'),(140,478,'ພາກວິຊາເຄມີສາດ',160,1,'{\"quantity\": 1, \"unit_price\": 0, \"yearly_total\": 0}',4,1,'2026-06-19 06:39:27','2026-06-19 06:39:27'),(141,478,'ພາກວິຊາຊີວະວິທະຍາ',160,1,'{\"quantity\": 1, \"unit_price\": 0, \"yearly_total\": 0}',5,1,'2026-06-19 06:39:27','2026-06-19 06:39:27'),(142,478,'ພາກວິຊາວິທະຍາສາດຄອມພິວເຕີ',160,1,'{\"quantity\": 1, \"unit_price\": 0, \"yearly_total\": 0}',6,1,'2026-06-19 06:39:27','2026-06-19 06:39:27'),(143,479,'ຄະນະບໍດີ',43,1,'{\"month_count\": 1, \"yearly_total\": 0, \"amount_per_month\": 0}',1,1,'2026-06-19 06:39:27','2026-06-19 06:39:27'),(144,479,'ຮອງຄະນະບໍດີ',43,1,'{\"month_count\": 1, \"yearly_total\": 0, \"amount_per_month\": 0}',2,1,'2026-06-19 06:39:27','2026-06-19 06:39:27'),(145,479,'ຫົວໜ້າພາກວິຊາ',43,1,'{\"month_count\": 1, \"yearly_total\": 0, \"amount_per_month\": 0}',3,1,'2026-06-19 06:39:27','2026-06-19 06:39:27'),(146,479,'ຫົວໜ້າພະແນກ',43,1,'{\"month_count\": 1, \"yearly_total\": 0, \"amount_per_month\": 0}',4,1,'2026-06-19 06:39:27','2026-06-19 06:39:27'),(147,479,'ຮອງຫົວໜ້າພາກວິຊາ',43,1,'{\"month_count\": 1, \"yearly_total\": 0, \"amount_per_month\": 0}',5,1,'2026-06-19 06:39:27','2026-06-19 06:39:27'),(148,479,'ຮອງຫົວໜ້າພະແນກ',43,1,'{\"month_count\": 1, \"yearly_total\": 0, \"amount_per_month\": 0}',6,1,'2026-06-19 06:39:27','2026-06-19 06:39:27'),(149,479,'ຫົວໜ້າໜ່ວຍງານ, ເລຂາ',43,1,'{\"month_count\": 1, \"yearly_total\": 0, \"amount_per_month\": 0}',7,1,'2026-06-19 06:39:27','2026-06-19 06:39:27'),(150,479,'ຫົວໜ້າໜ່ວຍວິຊາ',43,1,'{\"month_count\": 1, \"yearly_total\": 0, \"amount_per_month\": 0}',8,1,'2026-06-19 06:39:27','2026-06-19 06:39:27'),(151,479,'ໜ່ວຍງານ, ສາມອົງການຈັດຕັ້ງ',43,1,'{\"month_count\": 1, \"yearly_total\": 0, \"amount_per_month\": 0}',9,1,'2026-06-19 06:39:27','2026-06-19 06:39:27'),(152,479,'ສາມອົງການຈັດຕັ້ງມະຫາຊົນ',43,1,'{\"month_count\": 1, \"yearly_total\": 0, \"amount_per_month\": 0}',10,1,'2026-06-19 06:39:27','2026-06-19 06:39:27'),(153,480,'ຄະນະບໍດີ',114,1,'{\"month_count\": 1, \"yearly_total\": 0, \"amount_per_month\": 0}',1,1,'2026-06-19 06:39:27','2026-06-19 06:39:27'),(154,480,'ຮອງຄະນະບໍດີ, ຫົວໜ້າພາກວິຊາ',114,1,'{\"month_count\": 1, \"yearly_total\": 0, \"amount_per_month\": 0}',2,1,'2026-06-19 06:39:27','2026-06-19 06:39:27'),(155,480,'ຫົວໜ້າພະແນກ, ຮອງພາກວິຊາ',114,1,'{\"month_count\": 1, \"yearly_total\": 0, \"amount_per_month\": 0}',3,1,'2026-06-19 06:39:27','2026-06-19 06:39:27'),(156,480,'ຮອງຫົວໜ້າພະແນກ, ຮສ ແລະ ຫົວໜ້າໜ່ວຍວິຊາ',114,1,'{\"month_count\": 1, \"yearly_total\": 0, \"amount_per_month\": 0}',4,1,'2026-06-19 06:39:27','2026-06-19 06:39:27'),(157,480,'ຮອງຫົວໜ້າໜ່ວຍວິຊາ, ຫົວໜ້າໜ່ວຍງານ',114,1,'{\"month_count\": 1, \"yearly_total\": 0, \"amount_per_month\": 0}',5,1,'2026-06-19 06:39:27','2026-06-19 06:39:27'),(158,480,'ຮອງຫົວໜ້າໜ່ວຍງານ',114,1,'{\"month_count\": 1, \"yearly_total\": 0, \"amount_per_month\": 0}',6,1,'2026-06-19 06:39:27','2026-06-19 06:39:27'),(159,480,'ອາຈານ ແລະ ພະນັກງານທົ່ວໄປ',114,1,'{\"month_count\": 1, \"yearly_total\": 0, \"amount_per_month\": 0}',7,1,'2026-06-19 06:39:27','2026-06-19 06:39:27'),(160,481,'ຄ່າແຮງງານພະນັກງານສັນຍາຈ້າງສຳນັກ',41,1,'{\"month_count\": 1, \"yearly_total\": 0, \"amount_per_month\": 0}',1,1,'2026-06-19 06:39:27','2026-06-19 06:39:27'),(161,481,'ຄ່າແຮງງານພະນັກງານສັນຍາຈ້າງຂັບລົດ',41,1,'{\"month_count\": 1, \"yearly_total\": 0, \"amount_per_month\": 0}',2,1,'2026-06-19 06:39:27','2026-06-19 06:39:27'),(162,481,'ສັນຍາຈ້າງບຳລູງຮັກສາລະບົບຂໍ້ມູນຂ່າວສານ (ICT)',41,1,'{\"month_count\": 1, \"yearly_total\": 0, \"amount_per_month\": 0}',3,1,'2026-06-19 06:39:27','2026-06-19 06:39:27'),(163,482,'ອຸດໜູນພະນັກງານລົງທະບຽນ',75,1,'{\"month_count\": 1, \"yearly_total\": 0, \"amount_per_month\": 0}',1,1,'2026-06-19 06:39:27','2026-06-19 06:39:27'),(164,482,'ອຸໜູນການສອບເສັງ',75,1,'{\"month_count\": 1, \"yearly_total\": 0, \"amount_per_month\": 0}',2,1,'2026-06-19 06:39:27','2026-06-19 06:39:27'),(165,482,'ອຸດໜູນການກວດສອບງົບປະມານ',75,1,'{\"month_count\": 1, \"yearly_total\": 0, \"amount_per_month\": 0}',3,1,'2026-06-19 06:39:27','2026-06-19 06:39:27'),(166,482,'ອຸດໜູນການເຮັດວຽກຕາມຂໍ້ຕົກລົງຕ່າງໆ',75,1,'{\"month_count\": 1, \"yearly_total\": 0, \"amount_per_month\": 0}',4,1,'2026-06-19 06:39:27','2026-06-19 06:39:27'),(167,482,'ອຸດໜູນການບໍລິຫານເທີມສາມ',75,1,'{\"month_count\": 1, \"yearly_total\": 0, \"amount_per_month\": 0}',5,1,'2026-06-19 06:39:27','2026-06-19 06:39:27'),(168,482,'ອຸດໜູນກະກຽມສະຫລຸບການເງິນ',75,1,'{\"month_count\": 1, \"yearly_total\": 0, \"amount_per_month\": 0}',6,1,'2026-06-19 06:39:27','2026-06-19 06:39:27'),(169,482,'ອຸດໜູນການບໍລິຫານ ປໍ ໂທ',75,1,'{\"month_count\": 1, \"yearly_total\": 0, \"amount_per_month\": 0}',7,1,'2026-06-19 06:39:27','2026-06-19 06:39:27'),(170,482,'ອຸດໜູນການນໍາພາບົດວິທະຍານິພົນ',75,1,'{\"month_count\": 1, \"yearly_total\": 0, \"amount_per_month\": 0}',8,1,'2026-06-19 06:39:27','2026-06-19 06:39:27'),(171,483,'ຄ່າຊົ່ວໂມງສອນພາກພິເສດ',79,1,'{\"quantity\": 1, \"unit_price\": 0, \"yearly_total\": 0, \"frequency_count\": 1}',1,1,'2026-06-19 06:39:27','2026-06-19 06:39:27'),(172,483,'ຄ່າຊົ່ວໂມງສອນເທີມສາມ',79,1,'{\"quantity\": 1, \"unit_price\": 0, \"yearly_total\": 0, \"frequency_count\": 1}',2,1,'2026-06-19 06:39:27','2026-06-19 06:39:27'),(173,483,'ຄ່າຊົ່ວໂມງສອນປະລິນຍາໂທ',79,1,'{\"quantity\": 1, \"unit_price\": 0, \"yearly_total\": 0, \"frequency_count\": 1}',3,1,'2026-06-19 06:39:27','2026-06-19 06:39:27'),(174,484,'ຄ່າກຳມະການສອບເສັງຈົບຊັ້ນ',75,1,'{\"quantity\": 1, \"unit_price\": 0, \"yearly_total\": 0, \"frequency_count\": 1}',1,1,'2026-06-19 06:39:27','2026-06-19 06:39:27'),(175,484,'ຄ່າຍາມຫ້ອງເສັງ',75,1,'{\"quantity\": 1, \"unit_price\": 0, \"yearly_total\": 0, \"frequency_count\": 1}',2,1,'2026-06-19 06:39:27','2026-06-19 06:39:27'),(176,484,'ຄ່າອອກຫົວບົດ ແລະ ກວດບົດ',75,1,'{\"quantity\": 1, \"unit_price\": 0, \"yearly_total\": 0, \"frequency_count\": 1}',3,1,'2026-06-19 06:39:27','2026-06-19 06:39:27'),(177,484,'ຄ່າບໍລິການສອບເສັງປະລິນຍາໂທ',75,1,'{\"quantity\": 1, \"unit_price\": 0, \"yearly_total\": 0, \"frequency_count\": 1}',4,1,'2026-06-19 06:39:27','2026-06-19 06:39:27'),(178,485,'ຄ່າຊີ້ນຳບົດໂຄງການຈົບຊັ້ນ',77,1,'{\"quantity\": 1, \"unit_price\": 0, \"yearly_total\": 0, \"frequency_count\": 1}',1,1,'2026-06-19 06:39:27','2026-06-19 06:39:27'),(179,485,'ຄ່າກຳມະການປ້ອງກັນບົດຈົບຊັ້ນ',77,1,'{\"quantity\": 1, \"unit_price\": 0, \"yearly_total\": 0, \"frequency_count\": 1}',2,1,'2026-06-19 06:39:27','2026-06-19 06:39:27'),(180,485,'ຄ່າດຳເນີນບົດໂຄງການຈົບຊັ້ນປະລິນຍາໂທ',78,1,'{\"quantity\": 1, \"unit_price\": 0, \"yearly_total\": 0, \"frequency_count\": 1}',3,1,'2026-06-19 06:39:27','2026-06-19 06:39:27'),(181,486,'ບໍລິຈາກເລືອດຄັ້ງທີ I',108,1,'{\"unit_price\": 0, \"event_count\": 1, \"people_count\": 1, \"yearly_total\": 0}',1,1,'2026-06-19 06:39:27','2026-06-19 06:39:27'),(182,486,'ບໍລິຈາກເລືອດຄັ້ງທີ II',108,1,'{\"unit_price\": 0, \"event_count\": 1, \"people_count\": 1, \"yearly_total\": 0}',2,1,'2026-06-19 06:39:27','2026-06-19 06:39:27'),(183,487,'ການແຂ່ງຂັນກິລາຊາວໜຸ່ມ',193,1,'[]',1,1,'2026-06-19 06:39:27','2026-06-19 06:39:27'),(184,487,'ການເຄື່ອງໄຫວກິລາພາຍໃນ',193,1,'[]',2,1,'2026-06-19 06:39:27','2026-06-19 06:39:27'),(185,487,'ການເຄື່ອນໄຫວກິລາກັບທາງນອກ',193,1,'[]',3,1,'2026-06-19 06:39:27','2026-06-19 06:39:27'),(186,487,'ການເຄື່ອນໄຫວສິນລະປະກຳຂອງນັກສຶກສາ',193,1,'[]',4,1,'2026-06-19 06:39:27','2026-06-19 06:39:27'),(187,487,'ການຝຶກຊ້ອມສິນລະປະວັນນະຄະດີ',193,1,'[]',5,1,'2026-06-19 06:39:27','2026-06-19 06:39:27'),(188,488,'ອານາໄມຫ້ອງຮຽນ, ຫ້ອງການ',136,1,'[]',1,1,'2026-06-19 06:39:27','2026-06-19 06:39:27'),(189,488,'ອານາໄມສະຖານທີ່ຮັບຜິດຊອບ',136,1,'[]',2,1,'2026-06-19 06:39:27','2026-06-19 06:39:27'),(190,488,'ປຸກຕົ້ນໄມ້',136,1,'[]',3,1,'2026-06-19 06:39:27','2026-06-19 06:39:27'),(191,489,'ຄ່າເຊົ່າຫ້ອງປະຊຸມ 1 ວັນ',163,1,'[]',1,1,'2026-06-19 06:39:27','2026-06-19 06:39:27'),(192,489,'ຄ່ານ້ຳດື່ມມື້ຈັດງານ',163,1,'[]',2,1,'2026-06-19 06:39:27','2026-06-19 06:39:27'),(193,489,'ຄ່າຂັນລາງວັນ',163,1,'[]',3,1,'2026-06-19 06:39:27','2026-06-19 06:39:27'),(194,489,'ຄ່າອອກຄຳຖາມ',163,1,'[]',4,1,'2026-06-19 06:39:27','2026-06-19 06:39:27'),(195,490,'123',230,1,'[]',1,1,'2026-06-19 06:39:27','2026-06-19 06:39:27'),(196,453,'เเ',178,1,'[]',13,1,'2026-06-19 06:39:27','2026-06-19 06:39:27');
/*!40000 ALTER TABLE `expense_catalog_items` ENABLE KEYS */;
UNLOCK TABLES;

--
-- Table structure for table `expense_patterns`
--

DROP TABLE IF EXISTS `expense_patterns`;
/*!40101 SET @saved_cs_client     = @@character_set_client */;
/*!50503 SET character_set_client = utf8mb4 */;
CREATE TABLE `expense_patterns` (
  `id` bigint unsigned NOT NULL AUTO_INCREMENT,
  `key` varchar(50) CHARACTER SET utf8mb4 COLLATE utf8mb4_unicode_ci NOT NULL,
  `name` varchar(255) CHARACTER SET utf8mb4 COLLATE utf8mb4_unicode_ci NOT NULL,
  `description` text CHARACTER SET utf8mb4 COLLATE utf8mb4_unicode_ci,
  `fields_schema` json DEFAULT NULL,
  `formula_schema` json DEFAULT NULL,
  `is_active` tinyint(1) NOT NULL DEFAULT '1',
  `created_at` timestamp NULL DEFAULT NULL,
  `updated_at` timestamp NULL DEFAULT NULL,
  PRIMARY KEY (`id`),
  UNIQUE KEY `expense_patterns_key_unique` (`key`)
) ENGINE=InnoDB AUTO_INCREMENT=6 DEFAULT CHARSET=utf8mb4 COLLATE=utf8mb4_unicode_ci;
/*!40101 SET character_set_client = @saved_cs_client */;

--
-- Dumping data for table `expense_patterns`
--

LOCK TABLES `expense_patterns` WRITE;
/*!40000 ALTER TABLE `expense_patterns` DISABLE KEYS */;
INSERT INTO `expense_patterns` VALUES (1,'monthly','ລາຍຈ່າຍປະຈຳເດືອນ','ຄິດໄລ່ຈາກ ຕໍ່ເດືອນ ຄູນ ຈ/ນ.','[{\"data_type\": \"text\", \"field_key\": \"item_name\", \"is_required\": true, \"default_label\": \"ລາຍການ\", \"default_value\": null, \"display_order\": 1, \"is_calculated\": false}, {\"data_type\": \"text\", \"field_key\": \"reference\", \"is_required\": false, \"default_label\": \"ອ້າງອີງ\", \"default_value\": null, \"display_order\": 2, \"is_calculated\": false}, {\"data_type\": \"number\", \"field_key\": \"amount_per_month\", \"is_required\": true, \"default_label\": \"ຕໍ່ເດືອນ\", \"default_value\": null, \"display_order\": 3, \"is_calculated\": false}, {\"data_type\": \"number\", \"field_key\": \"month_count\", \"is_required\": true, \"default_label\": \"ຈ/ນ\", \"default_value\": \"12\", \"display_order\": 4, \"is_calculated\": false}, {\"data_type\": \"number\", \"field_key\": \"yearly_total\", \"is_required\": false, \"default_label\": \"ໝົດປີ\", \"default_value\": null, \"display_order\": 5, \"is_calculated\": true}, {\"data_type\": \"text\", \"field_key\": \"note\", \"is_required\": false, \"default_label\": \"ໝາຍເຫດ\", \"default_value\": null, \"display_order\": 6, \"is_calculated\": false}]','{\"fields\": [\"amount_per_month\", \"month_count\"], \"operation\": \"multiply\"}',1,'2026-06-05 00:00:00','2026-06-19 06:39:26'),(2,'unit_quantity','ລາຍຈ່າຍຕາມລາຄາຕໍ່ໜ່ວຍ ແລະ ຈຳນວນ','ຄິດໄລ່ຈາກ ລາຄາຕໍ່ໜ່ວຍ ຄູນ ຈຳນວນ.','[{\"data_type\": \"text\", \"field_key\": \"item_name\", \"is_required\": true, \"default_label\": \"ລາຍການ\", \"default_value\": null, \"display_order\": 1, \"is_calculated\": false}, {\"data_type\": \"text\", \"field_key\": \"reference\", \"is_required\": false, \"default_label\": \"ອ້າງອີງ\", \"default_value\": null, \"display_order\": 2, \"is_calculated\": false}, {\"data_type\": \"number\", \"field_key\": \"unit_price\", \"is_required\": true, \"default_label\": \"ລາຄາຕໍ່ໜ່ວຍ\", \"default_value\": null, \"display_order\": 3, \"is_calculated\": false}, {\"data_type\": \"number\", \"field_key\": \"quantity\", \"is_required\": true, \"default_label\": \"ຈຳນວນ\", \"default_value\": null, \"display_order\": 4, \"is_calculated\": false}, {\"data_type\": \"number\", \"field_key\": \"yearly_total\", \"is_required\": false, \"default_label\": \"ຈຳນວນເງິນ/ປີ\", \"default_value\": null, \"display_order\": 5, \"is_calculated\": true}, {\"data_type\": \"text\", \"field_key\": \"note\", \"is_required\": false, \"default_label\": \"ໝາຍເຫດ\", \"default_value\": null, \"display_order\": 6, \"is_calculated\": false}]','{\"fields\": [\"unit_price\", \"quantity\"], \"operation\": \"multiply\"}',1,'2026-06-05 00:00:00','2026-06-19 06:39:26'),(3,'unit_quantity_frequency','ລາຍຈ່າຍຕາມລາຄາ, ຈຳນວນ ແລະ ຈຳນວນຄັ້ງ','ຄິດໄລ່ຈາກ ລາຄາຕໍ່ໜ່ວຍ ຄູນ ຈຳນວນ ຄູນ ຈຳນວນຄັ້ງ.','[{\"data_type\": \"text\", \"field_key\": \"item_name\", \"is_required\": true, \"default_label\": \"ລາຍການ\", \"default_value\": null, \"display_order\": 1, \"is_calculated\": false}, {\"data_type\": \"text\", \"field_key\": \"reference\", \"is_required\": false, \"default_label\": \"ອ້າງອີງ\", \"default_value\": null, \"display_order\": 2, \"is_calculated\": false}, {\"data_type\": \"number\", \"field_key\": \"unit_price\", \"is_required\": true, \"default_label\": \"ລາຄາຕໍ່ໜ່ວຍ\", \"default_value\": null, \"display_order\": 3, \"is_calculated\": false}, {\"data_type\": \"number\", \"field_key\": \"quantity\", \"is_required\": true, \"default_label\": \"ຈຳນວນ\", \"default_value\": null, \"display_order\": 4, \"is_calculated\": false}, {\"data_type\": \"number\", \"field_key\": \"times_per_year\", \"is_required\": true, \"default_label\": \"ຈຳນວນຄັ້ງ\", \"default_value\": \"2\", \"display_order\": 5, \"is_calculated\": false}, {\"data_type\": \"number\", \"field_key\": \"yearly_total\", \"is_required\": false, \"default_label\": \"ຈຳນວນເງິນ/ປີ\", \"default_value\": null, \"display_order\": 6, \"is_calculated\": true}, {\"data_type\": \"text\", \"field_key\": \"note\", \"is_required\": false, \"default_label\": \"ໝາຍເຫດ\", \"default_value\": null, \"display_order\": 7, \"is_calculated\": false}]','{\"fields\": [\"unit_price\", \"quantity\", \"times_per_year\"], \"operation\": \"multiply\"}',1,'2026-06-05 00:00:00','2026-06-19 06:39:26'),(4,'frequency_based','ລາຍຈ່າຍຕາມຈຳນວນເດືອນ ຫຼື ຈຳນວນຄັ້ງ','ຄິດໄລ່ຈາກ ລາຄາ ຄູນ ຈຳນວນ ຄູນ ເດືອນ/ຄັ້ງ.','[{\"data_type\": \"text\", \"field_key\": \"item_name\", \"is_required\": true, \"default_label\": \"ລາຍການ\", \"default_value\": null, \"display_order\": 1, \"is_calculated\": false}, {\"data_type\": \"text\", \"field_key\": \"reference\", \"is_required\": false, \"default_label\": \"ອ້າງອີງ\", \"default_value\": null, \"display_order\": 2, \"is_calculated\": false}, {\"data_type\": \"number\", \"field_key\": \"unit_price\", \"is_required\": true, \"default_label\": \"ຕໍ່ເດືອນ\", \"default_value\": null, \"display_order\": 3, \"is_calculated\": false}, {\"data_type\": \"number\", \"field_key\": \"quantity\", \"is_required\": true, \"default_label\": \"ຈຳນວນ\", \"default_value\": \"1\", \"display_order\": 4, \"is_calculated\": false}, {\"data_type\": \"number\", \"field_key\": \"frequency_count\", \"is_required\": true, \"default_label\": \"ຈຳນວນເດືອນ/ຄັ້ງ\", \"default_value\": null, \"display_order\": 5, \"is_calculated\": false}, {\"data_type\": \"number\", \"field_key\": \"yearly_total\", \"is_required\": false, \"default_label\": \"ຄ່າໃຊ້ຈ່າຍໝົດປີ\", \"default_value\": null, \"display_order\": 6, \"is_calculated\": true}, {\"data_type\": \"text\", \"field_key\": \"note\", \"is_required\": false, \"default_label\": \"ໝາຍເຫດ\", \"default_value\": null, \"display_order\": 7, \"is_calculated\": false}]','{\"fields\": [\"unit_price\", \"quantity\", \"frequency_count\"], \"operation\": \"multiply\"}',1,'2026-06-05 00:00:00','2026-06-19 06:39:26'),(5,'event_based','ລາຍຈ່າຍກິດຈະກຳ','ຄິດໄລ່ຈາກ ລາຄາ/ຫົວໜ່ວຍ ຄູນ ຈຳນວນຄັ້ງ ຄູນ ຈຳນວນຄົນ.','[{\"data_type\": \"text\", \"field_key\": \"item_name\", \"is_required\": true, \"default_label\": \"ລາຍການ\", \"default_value\": null, \"display_order\": 1, \"is_calculated\": false}, {\"data_type\": \"text\", \"field_key\": \"reference\", \"is_required\": false, \"default_label\": \"ອ້າງອີງ\", \"default_value\": null, \"display_order\": 2, \"is_calculated\": false}, {\"data_type\": \"number\", \"field_key\": \"unit_price\", \"is_required\": true, \"default_label\": \"ລາຄາ/ຫົວໜ່ວຍ\", \"default_value\": null, \"display_order\": 3, \"is_calculated\": false}, {\"data_type\": \"number\", \"field_key\": \"event_count\", \"is_required\": true, \"default_label\": \"ຈຳນວນຄັ້ງ\", \"default_value\": null, \"display_order\": 4, \"is_calculated\": false}, {\"data_type\": \"number\", \"field_key\": \"people_count\", \"is_required\": true, \"default_label\": \"ຈຳນວນຄົນ\", \"default_value\": \"12\", \"display_order\": 5, \"is_calculated\": false}, {\"data_type\": \"number\", \"field_key\": \"yearly_total\", \"is_required\": false, \"default_label\": \"ຈຳນວນເງິນ/ປີ\", \"default_value\": null, \"display_order\": 6, \"is_calculated\": true}, {\"data_type\": \"text\", \"field_key\": \"note\", \"is_required\": false, \"default_label\": \"ໝາຍເຫດ\", \"default_value\": null, \"display_order\": 7, \"is_calculated\": false}]','{\"fields\": [\"unit_price\", \"event_count\", \"people_count\"], \"operation\": \"multiply\"}',1,'2026-06-05 00:00:00','2026-06-19 06:39:26');
/*!40000 ALTER TABLE `expense_patterns` ENABLE KEYS */;
UNLOCK TABLES;

--
-- Table structure for table `expense_plans`
--

DROP TABLE IF EXISTS `expense_plans`;
/*!40101 SET @saved_cs_client     = @@character_set_client */;
/*!50503 SET character_set_client = utf8mb4 */;
CREATE TABLE `expense_plans` (
  `id` bigint unsigned NOT NULL AUTO_INCREMENT,
  `planning_year_id` bigint unsigned NOT NULL,
  `section_id` bigint unsigned NOT NULL,
  `subsection_id` bigint unsigned DEFAULT NULL,
  `catalog_item_id` bigint unsigned DEFAULT NULL,
  `chart_of_account_id` int unsigned DEFAULT NULL,
  `pattern_id` bigint unsigned DEFAULT NULL,
  `version` varchar(50) CHARACTER SET utf8mb4 COLLATE utf8mb4_unicode_ci DEFAULT NULL,
  `plan_type` varchar(100) CHARACTER SET utf8mb4 COLLATE utf8mb4_unicode_ci DEFAULT NULL,
  `item_name` varchar(255) COLLATE utf8mb4_unicode_ci DEFAULT NULL,
  `plan_detail` varchar(255) CHARACTER SET utf8mb4 COLLATE utf8mb4_unicode_ci NOT NULL,
  `detail` text CHARACTER SET utf8mb4 COLLATE utf8mb4_unicode_ci,
  `calculation_values` json DEFAULT NULL,
  `pattern_snapshot` json DEFAULT NULL,
  `created_by` int DEFAULT NULL,
  `updated_by` int DEFAULT NULL,
  `created_at` timestamp NULL DEFAULT NULL,
  `updated_at` timestamp NULL DEFAULT NULL,
  PRIMARY KEY (`id`),
  KEY `expense_plans_planning_year_id_foreign` (`planning_year_id`),
  KEY `expense_plans_section_id_foreign` (`section_id`),
  KEY `expense_plans_subsection_id_foreign` (`subsection_id`),
  KEY `expense_plans_pattern_id_foreign` (`pattern_id`),
  KEY `expense_plans_created_by_foreign` (`created_by`),
  KEY `expense_plans_updated_by_foreign` (`updated_by`),
  KEY `expense_plans_catalog_item_id_foreign` (`catalog_item_id`),
  KEY `expense_plans_chart_of_account_id_foreign` (`chart_of_account_id`),
  CONSTRAINT `expense_plans_catalog_item_id_foreign` FOREIGN KEY (`catalog_item_id`) REFERENCES `expense_catalog_items` (`id`) ON DELETE SET NULL,
  CONSTRAINT `expense_plans_chart_of_account_id_foreign` FOREIGN KEY (`chart_of_account_id`) REFERENCES `chart_of_accounts` (`id`) ON DELETE SET NULL,
  CONSTRAINT `expense_plans_created_by_foreign` FOREIGN KEY (`created_by`) REFERENCES `users` (`id`) ON DELETE SET NULL,
  CONSTRAINT `expense_plans_pattern_id_foreign` FOREIGN KEY (`pattern_id`) REFERENCES `expense_patterns` (`id`) ON DELETE SET NULL,
  CONSTRAINT `expense_plans_planning_year_id_foreign` FOREIGN KEY (`planning_year_id`) REFERENCES `planning_years` (`id`) ON DELETE CASCADE,
  CONSTRAINT `expense_plans_section_id_foreign` FOREIGN KEY (`section_id`) REFERENCES `expense_sections` (`id`) ON DELETE CASCADE,
  CONSTRAINT `expense_plans_subsection_id_foreign` FOREIGN KEY (`subsection_id`) REFERENCES `expense_subsections` (`id`) ON DELETE SET NULL,
  CONSTRAINT `expense_plans_updated_by_foreign` FOREIGN KEY (`updated_by`) REFERENCES `users` (`id`) ON DELETE SET NULL
) ENGINE=InnoDB AUTO_INCREMENT=3290 DEFAULT CHARSET=utf8mb4 COLLATE=utf8mb4_unicode_ci;
/*!40101 SET character_set_client = @saved_cs_client */;

--
-- Dumping data for table `expense_plans`
--

LOCK TABLES `expense_plans` WRITE;
/*!40000 ALTER TABLE `expense_plans` DISABLE KEYS */;
INSERT INTO `expense_plans` VALUES (3094,20,78,453,1,116,1,'2027','monthly','ເຄື່ອງໃຊ້ຫ້ອງການ','ເຄື່ອງໃຊ້ຫ້ອງການ',NULL,'{\"month_count\": 1, \"yearly_total\": 100000, \"amount_per_month\": 100000}','{\"key\": \"monthly\", \"name\": \"ລາຍຈ່າຍປະຈຳເດືອນ\", \"fields_schema\": [{\"data_type\": \"text\", \"field_key\": \"item_name\", \"is_required\": true, \"default_label\": \"ລາຍການ\", \"default_value\": null, \"display_order\": 1, \"is_calculated\": false}, {\"data_type\": \"text\", \"field_key\": \"reference\", \"is_required\": false, \"default_label\": \"ອ້າງອີງ\", \"default_value\": null, \"display_order\": 2, \"is_calculated\": false}, {\"data_type\": \"number\", \"field_key\": \"amount_per_month\", \"is_required\": true, \"default_label\": \"ຕໍ່ເດືອນ\", \"default_value\": null, \"display_order\": 3, \"is_calculated\": false}, {\"data_type\": \"number\", \"field_key\": \"month_count\", \"is_required\": true, \"default_label\": \"ຈ/ນ\", \"default_value\": \"12\", \"display_order\": 4, \"is_calculated\": false}, {\"data_type\": \"number\", \"field_key\": \"yearly_total\", \"is_required\": false, \"default_label\": \"ໝົດປີ\", \"default_value\": null, \"display_order\": 5, \"is_calculated\": true}, {\"data_type\": \"text\", \"field_key\": \"note\", \"is_required\": false, \"default_label\": \"ໝາຍເຫດ\", \"default_value\": null, \"display_order\": 6, \"is_calculated\": false}], \"formula_schema\": {\"fields\": [\"amount_per_month\", \"month_count\"], \"operation\": \"multiply\"}}',2,2,'2026-06-19 05:17:26','2026-06-19 06:39:28'),(3095,20,78,453,2,117,1,'2027','monthly','ແບບພິມ','ແບບພິມ',NULL,'{\"month_count\": 1, \"yearly_total\": 0, \"amount_per_month\": 0}','{\"key\": \"monthly\", \"name\": \"ລາຍຈ່າຍປະຈຳເດືອນ\", \"fields_schema\": [{\"data_type\": \"text\", \"field_key\": \"item_name\", \"is_required\": true, \"default_label\": \"ລາຍການ\", \"default_value\": null, \"display_order\": 1, \"is_calculated\": false}, {\"data_type\": \"text\", \"field_key\": \"reference\", \"is_required\": false, \"default_label\": \"ອ້າງອີງ\", \"default_value\": null, \"display_order\": 2, \"is_calculated\": false}, {\"data_type\": \"number\", \"field_key\": \"amount_per_month\", \"is_required\": true, \"default_label\": \"ຕໍ່ເດືອນ\", \"default_value\": null, \"display_order\": 3, \"is_calculated\": false}, {\"data_type\": \"number\", \"field_key\": \"month_count\", \"is_required\": true, \"default_label\": \"ຈ/ນ\", \"default_value\": \"12\", \"display_order\": 4, \"is_calculated\": false}, {\"data_type\": \"number\", \"field_key\": \"yearly_total\", \"is_required\": false, \"default_label\": \"ໝົດປີ\", \"default_value\": null, \"display_order\": 5, \"is_calculated\": true}, {\"data_type\": \"text\", \"field_key\": \"note\", \"is_required\": false, \"default_label\": \"ໝາຍເຫດ\", \"default_value\": null, \"display_order\": 6, \"is_calculated\": false}], \"formula_schema\": {\"fields\": [\"amount_per_month\", \"month_count\"], \"operation\": \"multiply\"}}',2,2,'2026-06-19 05:17:26','2026-06-19 06:39:28'),(3096,20,78,453,3,118,1,'2027','monthly','ວາລະສານ ແລະ ໜັງສືພິມ','ວາລະສານ ແລະ ໜັງສືພິມ',NULL,'{\"month_count\": 1, \"yearly_total\": 0, \"amount_per_month\": 0}','{\"key\": \"monthly\", \"name\": \"ລາຍຈ່າຍປະຈຳເດືອນ\", \"fields_schema\": [{\"data_type\": \"text\", \"field_key\": \"item_name\", \"is_required\": true, \"default_label\": \"ລາຍການ\", \"default_value\": null, \"display_order\": 1, \"is_calculated\": false}, {\"data_type\": \"text\", \"field_key\": \"reference\", \"is_required\": false, \"default_label\": \"ອ້າງອີງ\", \"default_value\": null, \"display_order\": 2, \"is_calculated\": false}, {\"data_type\": \"number\", \"field_key\": \"amount_per_month\", \"is_required\": true, \"default_label\": \"ຕໍ່ເດືອນ\", \"default_value\": null, \"display_order\": 3, \"is_calculated\": false}, {\"data_type\": \"number\", \"field_key\": \"month_count\", \"is_required\": true, \"default_label\": \"ຈ/ນ\", \"default_value\": \"12\", \"display_order\": 4, \"is_calculated\": false}, {\"data_type\": \"number\", \"field_key\": \"yearly_total\", \"is_required\": false, \"default_label\": \"ໝົດປີ\", \"default_value\": null, \"display_order\": 5, \"is_calculated\": true}, {\"data_type\": \"text\", \"field_key\": \"note\", \"is_required\": false, \"default_label\": \"ໝາຍເຫດ\", \"default_value\": null, \"display_order\": 6, \"is_calculated\": false}], \"formula_schema\": {\"fields\": [\"amount_per_month\", \"month_count\"], \"operation\": \"multiply\"}}',2,2,'2026-06-19 05:17:26','2026-06-19 06:39:28'),(3097,20,78,453,4,167,1,'2027','monthly','ຮັບແຂກ','ຮັບແຂກ',NULL,'{\"month_count\": 1, \"yearly_total\": 0, \"amount_per_month\": 0}','{\"key\": \"monthly\", \"name\": \"ລາຍຈ່າຍປະຈຳເດືອນ\", \"fields_schema\": [{\"data_type\": \"text\", \"field_key\": \"item_name\", \"is_required\": true, \"default_label\": \"ລາຍການ\", \"default_value\": null, \"display_order\": 1, \"is_calculated\": false}, {\"data_type\": \"text\", \"field_key\": \"reference\", \"is_required\": false, \"default_label\": \"ອ້າງອີງ\", \"default_value\": null, \"display_order\": 2, \"is_calculated\": false}, {\"data_type\": \"number\", \"field_key\": \"amount_per_month\", \"is_required\": true, \"default_label\": \"ຕໍ່ເດືອນ\", \"default_value\": null, \"display_order\": 3, \"is_calculated\": false}, {\"data_type\": \"number\", \"field_key\": \"month_count\", \"is_required\": true, \"default_label\": \"ຈ/ນ\", \"default_value\": \"12\", \"display_order\": 4, \"is_calculated\": false}, {\"data_type\": \"number\", \"field_key\": \"yearly_total\", \"is_required\": false, \"default_label\": \"ໝົດປີ\", \"default_value\": null, \"display_order\": 5, \"is_calculated\": true}, {\"data_type\": \"text\", \"field_key\": \"note\", \"is_required\": false, \"default_label\": \"ໝາຍເຫດ\", \"default_value\": null, \"display_order\": 6, \"is_calculated\": false}], \"formula_schema\": {\"fields\": [\"amount_per_month\", \"month_count\"], \"operation\": \"multiply\"}}',2,2,'2026-06-19 05:17:26','2026-06-19 06:39:28'),(3098,20,78,453,5,151,1,'2027','monthly','ໂທລະສັບບໍລິຫານ','ໂທລະສັບບໍລິຫານ',NULL,'{\"month_count\": 1, \"yearly_total\": 0, \"amount_per_month\": 0}','{\"key\": \"monthly\", \"name\": \"ລາຍຈ່າຍປະຈຳເດືອນ\", \"fields_schema\": [{\"data_type\": \"text\", \"field_key\": \"item_name\", \"is_required\": true, \"default_label\": \"ລາຍການ\", \"default_value\": null, \"display_order\": 1, \"is_calculated\": false}, {\"data_type\": \"text\", \"field_key\": \"reference\", \"is_required\": false, \"default_label\": \"ອ້າງອີງ\", \"default_value\": null, \"display_order\": 2, \"is_calculated\": false}, {\"data_type\": \"number\", \"field_key\": \"amount_per_month\", \"is_required\": true, \"default_label\": \"ຕໍ່ເດືອນ\", \"default_value\": null, \"display_order\": 3, \"is_calculated\": false}, {\"data_type\": \"number\", \"field_key\": \"month_count\", \"is_required\": true, \"default_label\": \"ຈ/ນ\", \"default_value\": \"12\", \"display_order\": 4, \"is_calculated\": false}, {\"data_type\": \"number\", \"field_key\": \"yearly_total\", \"is_required\": false, \"default_label\": \"ໝົດປີ\", \"default_value\": null, \"display_order\": 5, \"is_calculated\": true}, {\"data_type\": \"text\", \"field_key\": \"note\", \"is_required\": false, \"default_label\": \"ໝາຍເຫດ\", \"default_value\": null, \"display_order\": 6, \"is_calculated\": false}], \"formula_schema\": {\"fields\": [\"amount_per_month\", \"month_count\"], \"operation\": \"multiply\"}}',2,2,'2026-06-19 05:17:26','2026-06-19 06:39:28'),(3099,20,78,453,6,150,1,'2027','monthly','ຄ່າໄປສະນີ','ຄ່າໄປສະນີ',NULL,'{\"month_count\": 1, \"yearly_total\": 0, \"amount_per_month\": 0}','{\"key\": \"monthly\", \"name\": \"ລາຍຈ່າຍປະຈຳເດືອນ\", \"fields_schema\": [{\"data_type\": \"text\", \"field_key\": \"item_name\", \"is_required\": true, \"default_label\": \"ລາຍການ\", \"default_value\": null, \"display_order\": 1, \"is_calculated\": false}, {\"data_type\": \"text\", \"field_key\": \"reference\", \"is_required\": false, \"default_label\": \"ອ້າງອີງ\", \"default_value\": null, \"display_order\": 2, \"is_calculated\": false}, {\"data_type\": \"number\", \"field_key\": \"amount_per_month\", \"is_required\": true, \"default_label\": \"ຕໍ່ເດືອນ\", \"default_value\": null, \"display_order\": 3, \"is_calculated\": false}, {\"data_type\": \"number\", \"field_key\": \"month_count\", \"is_required\": true, \"default_label\": \"ຈ/ນ\", \"default_value\": \"12\", \"display_order\": 4, \"is_calculated\": false}, {\"data_type\": \"number\", \"field_key\": \"yearly_total\", \"is_required\": false, \"default_label\": \"ໝົດປີ\", \"default_value\": null, \"display_order\": 5, \"is_calculated\": true}, {\"data_type\": \"text\", \"field_key\": \"note\", \"is_required\": false, \"default_label\": \"ໝາຍເຫດ\", \"default_value\": null, \"display_order\": 6, \"is_calculated\": false}], \"formula_schema\": {\"fields\": [\"amount_per_month\", \"month_count\"], \"operation\": \"multiply\"}}',2,2,'2026-06-19 05:17:26','2026-06-19 06:39:28'),(3100,20,78,453,7,153,1,'2027','monthly','ຄ່າບໍລິການທະນາຄານ','ຄ່າບໍລິການທະນາຄານ',NULL,'{\"month_count\": 1, \"yearly_total\": 0, \"amount_per_month\": 0}','{\"key\": \"monthly\", \"name\": \"ລາຍຈ່າຍປະຈຳເດືອນ\", \"fields_schema\": [{\"data_type\": \"text\", \"field_key\": \"item_name\", \"is_required\": true, \"default_label\": \"ລາຍການ\", \"default_value\": null, \"display_order\": 1, \"is_calculated\": false}, {\"data_type\": \"text\", \"field_key\": \"reference\", \"is_required\": false, \"default_label\": \"ອ້າງອີງ\", \"default_value\": null, \"display_order\": 2, \"is_calculated\": false}, {\"data_type\": \"number\", \"field_key\": \"amount_per_month\", \"is_required\": true, \"default_label\": \"ຕໍ່ເດືອນ\", \"default_value\": null, \"display_order\": 3, \"is_calculated\": false}, {\"data_type\": \"number\", \"field_key\": \"month_count\", \"is_required\": true, \"default_label\": \"ຈ/ນ\", \"default_value\": \"12\", \"display_order\": 4, \"is_calculated\": false}, {\"data_type\": \"number\", \"field_key\": \"yearly_total\", \"is_required\": false, \"default_label\": \"ໝົດປີ\", \"default_value\": null, \"display_order\": 5, \"is_calculated\": true}, {\"data_type\": \"text\", \"field_key\": \"note\", \"is_required\": false, \"default_label\": \"ໝາຍເຫດ\", \"default_value\": null, \"display_order\": 6, \"is_calculated\": false}], \"formula_schema\": {\"fields\": [\"amount_per_month\", \"month_count\"], \"operation\": \"multiply\"}}',2,2,'2026-06-19 05:17:26','2026-06-19 06:39:28'),(3101,20,78,453,8,169,1,'2027','monthly','ຊື້ຂອງຂັວນຂອງຕ້ອນ','ຊື້ຂອງຂັວນຂອງຕ້ອນ',NULL,'{\"month_count\": 1, \"yearly_total\": 0, \"amount_per_month\": 0}','{\"key\": \"monthly\", \"name\": \"ລາຍຈ່າຍປະຈຳເດືອນ\", \"fields_schema\": [{\"data_type\": \"text\", \"field_key\": \"item_name\", \"is_required\": true, \"default_label\": \"ລາຍການ\", \"default_value\": null, \"display_order\": 1, \"is_calculated\": false}, {\"data_type\": \"text\", \"field_key\": \"reference\", \"is_required\": false, \"default_label\": \"ອ້າງອີງ\", \"default_value\": null, \"display_order\": 2, \"is_calculated\": false}, {\"data_type\": \"number\", \"field_key\": \"amount_per_month\", \"is_required\": true, \"default_label\": \"ຕໍ່ເດືອນ\", \"default_value\": null, \"display_order\": 3, \"is_calculated\": false}, {\"data_type\": \"number\", \"field_key\": \"month_count\", \"is_required\": true, \"default_label\": \"ຈ/ນ\", \"default_value\": \"12\", \"display_order\": 4, \"is_calculated\": false}, {\"data_type\": \"number\", \"field_key\": \"yearly_total\", \"is_required\": false, \"default_label\": \"ໝົດປີ\", \"default_value\": null, \"display_order\": 5, \"is_calculated\": true}, {\"data_type\": \"text\", \"field_key\": \"note\", \"is_required\": false, \"default_label\": \"ໝາຍເຫດ\", \"default_value\": null, \"display_order\": 6, \"is_calculated\": false}], \"formula_schema\": {\"fields\": [\"amount_per_month\", \"month_count\"], \"operation\": \"multiply\"}}',2,2,'2026-06-19 05:17:26','2026-06-19 06:39:28'),(3102,20,78,453,9,170,1,'2027','monthly','ວັນບຸນລະດັບຊາດ','ວັນບຸນລະດັບຊາດ',NULL,'{\"month_count\": 1, \"yearly_total\": 0, \"amount_per_month\": 0}','{\"key\": \"monthly\", \"name\": \"ລາຍຈ່າຍປະຈຳເດືອນ\", \"fields_schema\": [{\"data_type\": \"text\", \"field_key\": \"item_name\", \"is_required\": true, \"default_label\": \"ລາຍການ\", \"default_value\": null, \"display_order\": 1, \"is_calculated\": false}, {\"data_type\": \"text\", \"field_key\": \"reference\", \"is_required\": false, \"default_label\": \"ອ້າງອີງ\", \"default_value\": null, \"display_order\": 2, \"is_calculated\": false}, {\"data_type\": \"number\", \"field_key\": \"amount_per_month\", \"is_required\": true, \"default_label\": \"ຕໍ່ເດືອນ\", \"default_value\": null, \"display_order\": 3, \"is_calculated\": false}, {\"data_type\": \"number\", \"field_key\": \"month_count\", \"is_required\": true, \"default_label\": \"ຈ/ນ\", \"default_value\": \"12\", \"display_order\": 4, \"is_calculated\": false}, {\"data_type\": \"number\", \"field_key\": \"yearly_total\", \"is_required\": false, \"default_label\": \"ໝົດປີ\", \"default_value\": null, \"display_order\": 5, \"is_calculated\": true}, {\"data_type\": \"text\", \"field_key\": \"note\", \"is_required\": false, \"default_label\": \"ໝາຍເຫດ\", \"default_value\": null, \"display_order\": 6, \"is_calculated\": false}], \"formula_schema\": {\"fields\": [\"amount_per_month\", \"month_count\"], \"operation\": \"multiply\"}}',2,2,'2026-06-19 05:17:26','2026-06-19 06:39:28'),(3103,20,78,453,10,80,1,'2027','monthly','ອຸດໜູນວຽກປ້ອງກັນ','ອຸດໜູນວຽກປ້ອງກັນ',NULL,'{\"month_count\": 1, \"yearly_total\": 0, \"amount_per_month\": 0}','{\"key\": \"monthly\", \"name\": \"ລາຍຈ່າຍປະຈຳເດືອນ\", \"fields_schema\": [{\"data_type\": \"text\", \"field_key\": \"item_name\", \"is_required\": true, \"default_label\": \"ລາຍການ\", \"default_value\": null, \"display_order\": 1, \"is_calculated\": false}, {\"data_type\": \"text\", \"field_key\": \"reference\", \"is_required\": false, \"default_label\": \"ອ້າງອີງ\", \"default_value\": null, \"display_order\": 2, \"is_calculated\": false}, {\"data_type\": \"number\", \"field_key\": \"amount_per_month\", \"is_required\": true, \"default_label\": \"ຕໍ່ເດືອນ\", \"default_value\": null, \"display_order\": 3, \"is_calculated\": false}, {\"data_type\": \"number\", \"field_key\": \"month_count\", \"is_required\": true, \"default_label\": \"ຈ/ນ\", \"default_value\": \"12\", \"display_order\": 4, \"is_calculated\": false}, {\"data_type\": \"number\", \"field_key\": \"yearly_total\", \"is_required\": false, \"default_label\": \"ໝົດປີ\", \"default_value\": null, \"display_order\": 5, \"is_calculated\": true}, {\"data_type\": \"text\", \"field_key\": \"note\", \"is_required\": false, \"default_label\": \"ໝາຍເຫດ\", \"default_value\": null, \"display_order\": 6, \"is_calculated\": false}], \"formula_schema\": {\"fields\": [\"amount_per_month\", \"month_count\"], \"operation\": \"multiply\"}}',2,2,'2026-06-19 05:17:26','2026-06-19 06:39:28'),(3104,20,78,453,11,114,1,'2027','monthly','ຄ່ານ້ຳມັນບໍລິຫານຫ້ອງການ','ຄ່ານ້ຳມັນບໍລິຫານຫ້ອງການ',NULL,'{\"month_count\": 1, \"yearly_total\": 0, \"amount_per_month\": 0}','{\"key\": \"monthly\", \"name\": \"ລາຍຈ່າຍປະຈຳເດືອນ\", \"fields_schema\": [{\"data_type\": \"text\", \"field_key\": \"item_name\", \"is_required\": true, \"default_label\": \"ລາຍການ\", \"default_value\": null, \"display_order\": 1, \"is_calculated\": false}, {\"data_type\": \"text\", \"field_key\": \"reference\", \"is_required\": false, \"default_label\": \"ອ້າງອີງ\", \"default_value\": null, \"display_order\": 2, \"is_calculated\": false}, {\"data_type\": \"number\", \"field_key\": \"amount_per_month\", \"is_required\": true, \"default_label\": \"ຕໍ່ເດືອນ\", \"default_value\": null, \"display_order\": 3, \"is_calculated\": false}, {\"data_type\": \"number\", \"field_key\": \"month_count\", \"is_required\": true, \"default_label\": \"ຈ/ນ\", \"default_value\": \"12\", \"display_order\": 4, \"is_calculated\": false}, {\"data_type\": \"number\", \"field_key\": \"yearly_total\", \"is_required\": false, \"default_label\": \"ໝົດປີ\", \"default_value\": null, \"display_order\": 5, \"is_calculated\": true}, {\"data_type\": \"text\", \"field_key\": \"note\", \"is_required\": false, \"default_label\": \"ໝາຍເຫດ\", \"default_value\": null, \"display_order\": 6, \"is_calculated\": false}], \"formula_schema\": {\"fields\": [\"amount_per_month\", \"month_count\"], \"operation\": \"multiply\"}}',2,2,'2026-06-19 05:17:26','2026-06-19 06:39:28'),(3105,20,78,453,12,114,1,'2027','monthly','ຄ່ານ້ຳມັນເຄື່ອງ','ຄ່ານ້ຳມັນເຄື່ອງ',NULL,'{\"month_count\": 1, \"yearly_total\": 0, \"amount_per_month\": 0}','{\"key\": \"monthly\", \"name\": \"ລາຍຈ່າຍປະຈຳເດືອນ\", \"fields_schema\": [{\"data_type\": \"text\", \"field_key\": \"item_name\", \"is_required\": true, \"default_label\": \"ລາຍການ\", \"default_value\": null, \"display_order\": 1, \"is_calculated\": false}, {\"data_type\": \"text\", \"field_key\": \"reference\", \"is_required\": false, \"default_label\": \"ອ້າງອີງ\", \"default_value\": null, \"display_order\": 2, \"is_calculated\": false}, {\"data_type\": \"number\", \"field_key\": \"amount_per_month\", \"is_required\": true, \"default_label\": \"ຕໍ່ເດືອນ\", \"default_value\": null, \"display_order\": 3, \"is_calculated\": false}, {\"data_type\": \"number\", \"field_key\": \"month_count\", \"is_required\": true, \"default_label\": \"ຈ/ນ\", \"default_value\": \"12\", \"display_order\": 4, \"is_calculated\": false}, {\"data_type\": \"number\", \"field_key\": \"yearly_total\", \"is_required\": false, \"default_label\": \"ໝົດປີ\", \"default_value\": null, \"display_order\": 5, \"is_calculated\": true}, {\"data_type\": \"text\", \"field_key\": \"note\", \"is_required\": false, \"default_label\": \"ໝາຍເຫດ\", \"default_value\": null, \"display_order\": 6, \"is_calculated\": false}], \"formula_schema\": {\"fields\": [\"amount_per_month\", \"month_count\"], \"operation\": \"multiply\"}}',2,2,'2026-06-19 05:17:26','2026-06-19 06:39:28'),(3106,20,78,453,196,178,1,'2027','monthly','เเ','เเ',NULL,'[]','{\"key\": \"monthly\", \"name\": \"ລາຍຈ່າຍປະຈຳເດືອນ\", \"fields_schema\": [{\"data_type\": \"text\", \"field_key\": \"item_name\", \"is_required\": true, \"default_label\": \"ລາຍການ\", \"default_value\": null, \"display_order\": 1, \"is_calculated\": false}, {\"data_type\": \"text\", \"field_key\": \"reference\", \"is_required\": false, \"default_label\": \"ອ້າງອີງ\", \"default_value\": null, \"display_order\": 2, \"is_calculated\": false}, {\"data_type\": \"number\", \"field_key\": \"amount_per_month\", \"is_required\": true, \"default_label\": \"ຕໍ່ເດືອນ\", \"default_value\": null, \"display_order\": 3, \"is_calculated\": false}, {\"data_type\": \"number\", \"field_key\": \"month_count\", \"is_required\": true, \"default_label\": \"ຈ/ນ\", \"default_value\": \"12\", \"display_order\": 4, \"is_calculated\": false}, {\"data_type\": \"number\", \"field_key\": \"yearly_total\", \"is_required\": false, \"default_label\": \"ໝົດປີ\", \"default_value\": null, \"display_order\": 5, \"is_calculated\": true}, {\"data_type\": \"text\", \"field_key\": \"note\", \"is_required\": false, \"default_label\": \"ໝາຍເຫດ\", \"default_value\": null, \"display_order\": 6, \"is_calculated\": false}], \"formula_schema\": {\"fields\": [\"amount_per_month\", \"month_count\"], \"operation\": \"multiply\"}}',2,2,'2026-06-19 05:17:26','2026-06-19 06:39:28'),(3107,20,78,454,13,138,1,'2027','monthly','ບຳລຸງຮັກສາຄອມພີວເຕີ','ບຳລຸງຮັກສາຄອມພີວເຕີ',NULL,'{\"month_count\": 1, \"yearly_total\": 0, \"amount_per_month\": 0}','{\"key\": \"monthly\", \"name\": \"ລາຍຈ່າຍປະຈຳເດືອນ\", \"fields_schema\": [{\"data_type\": \"text\", \"field_key\": \"item_name\", \"is_required\": true, \"default_label\": \"ລາຍການ\", \"default_value\": null, \"display_order\": 1, \"is_calculated\": false}, {\"data_type\": \"text\", \"field_key\": \"reference\", \"is_required\": false, \"default_label\": \"ອ້າງອີງ\", \"default_value\": null, \"display_order\": 2, \"is_calculated\": false}, {\"data_type\": \"number\", \"field_key\": \"amount_per_month\", \"is_required\": true, \"default_label\": \"ຕໍ່ເດືອນ\", \"default_value\": null, \"display_order\": 3, \"is_calculated\": false}, {\"data_type\": \"number\", \"field_key\": \"month_count\", \"is_required\": true, \"default_label\": \"ຈ/ນ\", \"default_value\": \"12\", \"display_order\": 4, \"is_calculated\": false}, {\"data_type\": \"number\", \"field_key\": \"yearly_total\", \"is_required\": false, \"default_label\": \"ໝົດປີ\", \"default_value\": null, \"display_order\": 5, \"is_calculated\": true}, {\"data_type\": \"text\", \"field_key\": \"note\", \"is_required\": false, \"default_label\": \"ໝາຍເຫດ\", \"default_value\": null, \"display_order\": 6, \"is_calculated\": false}], \"formula_schema\": {\"fields\": [\"amount_per_month\", \"month_count\"], \"operation\": \"multiply\"}}',2,2,'2026-06-19 05:17:26','2026-06-19 06:39:28'),(3108,20,78,454,14,138,1,'2027','monthly','ບຳລຸງຮັກສາເຄື່ອງສາຍໂປຣເຈັກເຕີ','ບຳລຸງຮັກສາເຄື່ອງສາຍໂປຣເຈັກເຕີ',NULL,'{\"month_count\": 1, \"yearly_total\": 0, \"amount_per_month\": 0}','{\"key\": \"monthly\", \"name\": \"ລາຍຈ່າຍປະຈຳເດືອນ\", \"fields_schema\": [{\"data_type\": \"text\", \"field_key\": \"item_name\", \"is_required\": true, \"default_label\": \"ລາຍການ\", \"default_value\": null, \"display_order\": 1, \"is_calculated\": false}, {\"data_type\": \"text\", \"field_key\": \"reference\", \"is_required\": false, \"default_label\": \"ອ້າງອີງ\", \"default_value\": null, \"display_order\": 2, \"is_calculated\": false}, {\"data_type\": \"number\", \"field_key\": \"amount_per_month\", \"is_required\": true, \"default_label\": \"ຕໍ່ເດືອນ\", \"default_value\": null, \"display_order\": 3, \"is_calculated\": false}, {\"data_type\": \"number\", \"field_key\": \"month_count\", \"is_required\": true, \"default_label\": \"ຈ/ນ\", \"default_value\": \"12\", \"display_order\": 4, \"is_calculated\": false}, {\"data_type\": \"number\", \"field_key\": \"yearly_total\", \"is_required\": false, \"default_label\": \"ໝົດປີ\", \"default_value\": null, \"display_order\": 5, \"is_calculated\": true}, {\"data_type\": \"text\", \"field_key\": \"note\", \"is_required\": false, \"default_label\": \"ໝາຍເຫດ\", \"default_value\": null, \"display_order\": 6, \"is_calculated\": false}], \"formula_schema\": {\"fields\": [\"amount_per_month\", \"month_count\"], \"operation\": \"multiply\"}}',2,2,'2026-06-19 05:17:26','2026-06-19 06:39:28'),(3109,20,78,454,15,138,1,'2027','monthly','ບຳລຸງຮັກສາແອເຢັນ','ບຳລຸງຮັກສາແອເຢັນ',NULL,'{\"month_count\": 1, \"yearly_total\": 0, \"amount_per_month\": 0}','{\"key\": \"monthly\", \"name\": \"ລາຍຈ່າຍປະຈຳເດືອນ\", \"fields_schema\": [{\"data_type\": \"text\", \"field_key\": \"item_name\", \"is_required\": true, \"default_label\": \"ລາຍການ\", \"default_value\": null, \"display_order\": 1, \"is_calculated\": false}, {\"data_type\": \"text\", \"field_key\": \"reference\", \"is_required\": false, \"default_label\": \"ອ້າງອີງ\", \"default_value\": null, \"display_order\": 2, \"is_calculated\": false}, {\"data_type\": \"number\", \"field_key\": \"amount_per_month\", \"is_required\": true, \"default_label\": \"ຕໍ່ເດືອນ\", \"default_value\": null, \"display_order\": 3, \"is_calculated\": false}, {\"data_type\": \"number\", \"field_key\": \"month_count\", \"is_required\": true, \"default_label\": \"ຈ/ນ\", \"default_value\": \"12\", \"display_order\": 4, \"is_calculated\": false}, {\"data_type\": \"number\", \"field_key\": \"yearly_total\", \"is_required\": false, \"default_label\": \"ໝົດປີ\", \"default_value\": null, \"display_order\": 5, \"is_calculated\": true}, {\"data_type\": \"text\", \"field_key\": \"note\", \"is_required\": false, \"default_label\": \"ໝາຍເຫດ\", \"default_value\": null, \"display_order\": 6, \"is_calculated\": false}], \"formula_schema\": {\"fields\": [\"amount_per_month\", \"month_count\"], \"operation\": \"multiply\"}}',2,2,'2026-06-19 05:17:26','2026-06-19 06:39:28'),(3110,20,78,454,16,138,1,'2027','monthly','ບຳລຸງຮັກສາຕູ້ເຢັນ + ຕູ້ນ້ຳເຢັນ','ບຳລຸງຮັກສາຕູ້ເຢັນ + ຕູ້ນ້ຳເຢັນ',NULL,'{\"month_count\": 1, \"yearly_total\": 0, \"amount_per_month\": 0}','{\"key\": \"monthly\", \"name\": \"ລາຍຈ່າຍປະຈຳເດືອນ\", \"fields_schema\": [{\"data_type\": \"text\", \"field_key\": \"item_name\", \"is_required\": true, \"default_label\": \"ລາຍການ\", \"default_value\": null, \"display_order\": 1, \"is_calculated\": false}, {\"data_type\": \"text\", \"field_key\": \"reference\", \"is_required\": false, \"default_label\": \"ອ້າງອີງ\", \"default_value\": null, \"display_order\": 2, \"is_calculated\": false}, {\"data_type\": \"number\", \"field_key\": \"amount_per_month\", \"is_required\": true, \"default_label\": \"ຕໍ່ເດືອນ\", \"default_value\": null, \"display_order\": 3, \"is_calculated\": false}, {\"data_type\": \"number\", \"field_key\": \"month_count\", \"is_required\": true, \"default_label\": \"ຈ/ນ\", \"default_value\": \"12\", \"display_order\": 4, \"is_calculated\": false}, {\"data_type\": \"number\", \"field_key\": \"yearly_total\", \"is_required\": false, \"default_label\": \"ໝົດປີ\", \"default_value\": null, \"display_order\": 5, \"is_calculated\": true}, {\"data_type\": \"text\", \"field_key\": \"note\", \"is_required\": false, \"default_label\": \"ໝາຍເຫດ\", \"default_value\": null, \"display_order\": 6, \"is_calculated\": false}], \"formula_schema\": {\"fields\": [\"amount_per_month\", \"month_count\"], \"operation\": \"multiply\"}}',2,2,'2026-06-19 05:17:26','2026-06-19 06:39:28'),(3111,20,78,454,17,138,1,'2027','monthly','ບຳລຸງຮັກສາພັດລົມ','ບຳລຸງຮັກສາພັດລົມ',NULL,'{\"month_count\": 1, \"yearly_total\": 0, \"amount_per_month\": 0}','{\"key\": \"monthly\", \"name\": \"ລາຍຈ່າຍປະຈຳເດືອນ\", \"fields_schema\": [{\"data_type\": \"text\", \"field_key\": \"item_name\", \"is_required\": true, \"default_label\": \"ລາຍການ\", \"default_value\": null, \"display_order\": 1, \"is_calculated\": false}, {\"data_type\": \"text\", \"field_key\": \"reference\", \"is_required\": false, \"default_label\": \"ອ້າງອີງ\", \"default_value\": null, \"display_order\": 2, \"is_calculated\": false}, {\"data_type\": \"number\", \"field_key\": \"amount_per_month\", \"is_required\": true, \"default_label\": \"ຕໍ່ເດືອນ\", \"default_value\": null, \"display_order\": 3, \"is_calculated\": false}, {\"data_type\": \"number\", \"field_key\": \"month_count\", \"is_required\": true, \"default_label\": \"ຈ/ນ\", \"default_value\": \"12\", \"display_order\": 4, \"is_calculated\": false}, {\"data_type\": \"number\", \"field_key\": \"yearly_total\", \"is_required\": false, \"default_label\": \"ໝົດປີ\", \"default_value\": null, \"display_order\": 5, \"is_calculated\": true}, {\"data_type\": \"text\", \"field_key\": \"note\", \"is_required\": false, \"default_label\": \"ໝາຍເຫດ\", \"default_value\": null, \"display_order\": 6, \"is_calculated\": false}], \"formula_schema\": {\"fields\": [\"amount_per_month\", \"month_count\"], \"operation\": \"multiply\"}}',2,2,'2026-06-19 05:17:26','2026-06-19 06:39:28'),(3112,20,78,454,18,138,1,'2027','monthly','ບຳລຸງຮັກສາດອກໄຟ','ບຳລຸງຮັກສາດອກໄຟ',NULL,'{\"month_count\": 1, \"yearly_total\": 0, \"amount_per_month\": 0}','{\"key\": \"monthly\", \"name\": \"ລາຍຈ່າຍປະຈຳເດືອນ\", \"fields_schema\": [{\"data_type\": \"text\", \"field_key\": \"item_name\", \"is_required\": true, \"default_label\": \"ລາຍການ\", \"default_value\": null, \"display_order\": 1, \"is_calculated\": false}, {\"data_type\": \"text\", \"field_key\": \"reference\", \"is_required\": false, \"default_label\": \"ອ້າງອີງ\", \"default_value\": null, \"display_order\": 2, \"is_calculated\": false}, {\"data_type\": \"number\", \"field_key\": \"amount_per_month\", \"is_required\": true, \"default_label\": \"ຕໍ່ເດືອນ\", \"default_value\": null, \"display_order\": 3, \"is_calculated\": false}, {\"data_type\": \"number\", \"field_key\": \"month_count\", \"is_required\": true, \"default_label\": \"ຈ/ນ\", \"default_value\": \"12\", \"display_order\": 4, \"is_calculated\": false}, {\"data_type\": \"number\", \"field_key\": \"yearly_total\", \"is_required\": false, \"default_label\": \"ໝົດປີ\", \"default_value\": null, \"display_order\": 5, \"is_calculated\": true}, {\"data_type\": \"text\", \"field_key\": \"note\", \"is_required\": false, \"default_label\": \"ໝາຍເຫດ\", \"default_value\": null, \"display_order\": 6, \"is_calculated\": false}], \"formula_schema\": {\"fields\": [\"amount_per_month\", \"month_count\"], \"operation\": \"multiply\"}}',2,2,'2026-06-19 05:17:26','2026-06-19 06:39:28'),(3113,20,78,454,19,138,1,'2027','monthly','ບຳລຸງຮັກສາເຄື່ອງພິມ','ບຳລຸງຮັກສາເຄື່ອງພິມ',NULL,'{\"month_count\": 1, \"yearly_total\": 0, \"amount_per_month\": 0}','{\"key\": \"monthly\", \"name\": \"ລາຍຈ່າຍປະຈຳເດືອນ\", \"fields_schema\": [{\"data_type\": \"text\", \"field_key\": \"item_name\", \"is_required\": true, \"default_label\": \"ລາຍການ\", \"default_value\": null, \"display_order\": 1, \"is_calculated\": false}, {\"data_type\": \"text\", \"field_key\": \"reference\", \"is_required\": false, \"default_label\": \"ອ້າງອີງ\", \"default_value\": null, \"display_order\": 2, \"is_calculated\": false}, {\"data_type\": \"number\", \"field_key\": \"amount_per_month\", \"is_required\": true, \"default_label\": \"ຕໍ່ເດືອນ\", \"default_value\": null, \"display_order\": 3, \"is_calculated\": false}, {\"data_type\": \"number\", \"field_key\": \"month_count\", \"is_required\": true, \"default_label\": \"ຈ/ນ\", \"default_value\": \"12\", \"display_order\": 4, \"is_calculated\": false}, {\"data_type\": \"number\", \"field_key\": \"yearly_total\", \"is_required\": false, \"default_label\": \"ໝົດປີ\", \"default_value\": null, \"display_order\": 5, \"is_calculated\": true}, {\"data_type\": \"text\", \"field_key\": \"note\", \"is_required\": false, \"default_label\": \"ໝາຍເຫດ\", \"default_value\": null, \"display_order\": 6, \"is_calculated\": false}], \"formula_schema\": {\"fields\": [\"amount_per_month\", \"month_count\"], \"operation\": \"multiply\"}}',2,2,'2026-06-19 05:17:26','2026-06-19 06:39:28'),(3114,20,78,454,20,138,1,'2027','monthly','ບຳລຸງຮັກສາຈັກອັດສຳເນົາ','ບຳລຸງຮັກສາຈັກອັດສຳເນົາ',NULL,'{\"month_count\": 1, \"yearly_total\": 0, \"amount_per_month\": 0}','{\"key\": \"monthly\", \"name\": \"ລາຍຈ່າຍປະຈຳເດືອນ\", \"fields_schema\": [{\"data_type\": \"text\", \"field_key\": \"item_name\", \"is_required\": true, \"default_label\": \"ລາຍການ\", \"default_value\": null, \"display_order\": 1, \"is_calculated\": false}, {\"data_type\": \"text\", \"field_key\": \"reference\", \"is_required\": false, \"default_label\": \"ອ້າງອີງ\", \"default_value\": null, \"display_order\": 2, \"is_calculated\": false}, {\"data_type\": \"number\", \"field_key\": \"amount_per_month\", \"is_required\": true, \"default_label\": \"ຕໍ່ເດືອນ\", \"default_value\": null, \"display_order\": 3, \"is_calculated\": false}, {\"data_type\": \"number\", \"field_key\": \"month_count\", \"is_required\": true, \"default_label\": \"ຈ/ນ\", \"default_value\": \"12\", \"display_order\": 4, \"is_calculated\": false}, {\"data_type\": \"number\", \"field_key\": \"yearly_total\", \"is_required\": false, \"default_label\": \"ໝົດປີ\", \"default_value\": null, \"display_order\": 5, \"is_calculated\": true}, {\"data_type\": \"text\", \"field_key\": \"note\", \"is_required\": false, \"default_label\": \"ໝາຍເຫດ\", \"default_value\": null, \"display_order\": 6, \"is_calculated\": false}], \"formula_schema\": {\"fields\": [\"amount_per_month\", \"month_count\"], \"operation\": \"multiply\"}}',2,2,'2026-06-19 05:17:26','2026-06-19 06:39:28'),(3115,20,78,454,21,138,1,'2027','monthly','ບຳລຸງຮັກສາໂທລະສັບ','ບຳລຸງຮັກສາໂທລະສັບ',NULL,'{\"month_count\": 1, \"yearly_total\": 0, \"amount_per_month\": 0}','{\"key\": \"monthly\", \"name\": \"ລາຍຈ່າຍປະຈຳເດືອນ\", \"fields_schema\": [{\"data_type\": \"text\", \"field_key\": \"item_name\", \"is_required\": true, \"default_label\": \"ລາຍການ\", \"default_value\": null, \"display_order\": 1, \"is_calculated\": false}, {\"data_type\": \"text\", \"field_key\": \"reference\", \"is_required\": false, \"default_label\": \"ອ້າງອີງ\", \"default_value\": null, \"display_order\": 2, \"is_calculated\": false}, {\"data_type\": \"number\", \"field_key\": \"amount_per_month\", \"is_required\": true, \"default_label\": \"ຕໍ່ເດືອນ\", \"default_value\": null, \"display_order\": 3, \"is_calculated\": false}, {\"data_type\": \"number\", \"field_key\": \"month_count\", \"is_required\": true, \"default_label\": \"ຈ/ນ\", \"default_value\": \"12\", \"display_order\": 4, \"is_calculated\": false}, {\"data_type\": \"number\", \"field_key\": \"yearly_total\", \"is_required\": false, \"default_label\": \"ໝົດປີ\", \"default_value\": null, \"display_order\": 5, \"is_calculated\": true}, {\"data_type\": \"text\", \"field_key\": \"note\", \"is_required\": false, \"default_label\": \"ໝາຍເຫດ\", \"default_value\": null, \"display_order\": 6, \"is_calculated\": false}], \"formula_schema\": {\"fields\": [\"amount_per_month\", \"month_count\"], \"operation\": \"multiply\"}}',2,2,'2026-06-19 05:17:26','2026-06-19 06:39:28'),(3116,20,78,454,22,138,1,'2027','monthly','ບຳລຸງຮັກສາກ້ອງຖ່າຍຮູບ','ບຳລຸງຮັກສາກ້ອງຖ່າຍຮູບ',NULL,'{\"month_count\": 1, \"yearly_total\": 0, \"amount_per_month\": 0}','{\"key\": \"monthly\", \"name\": \"ລາຍຈ່າຍປະຈຳເດືອນ\", \"fields_schema\": [{\"data_type\": \"text\", \"field_key\": \"item_name\", \"is_required\": true, \"default_label\": \"ລາຍການ\", \"default_value\": null, \"display_order\": 1, \"is_calculated\": false}, {\"data_type\": \"text\", \"field_key\": \"reference\", \"is_required\": false, \"default_label\": \"ອ້າງອີງ\", \"default_value\": null, \"display_order\": 2, \"is_calculated\": false}, {\"data_type\": \"number\", \"field_key\": \"amount_per_month\", \"is_required\": true, \"default_label\": \"ຕໍ່ເດືອນ\", \"default_value\": null, \"display_order\": 3, \"is_calculated\": false}, {\"data_type\": \"number\", \"field_key\": \"month_count\", \"is_required\": true, \"default_label\": \"ຈ/ນ\", \"default_value\": \"12\", \"display_order\": 4, \"is_calculated\": false}, {\"data_type\": \"number\", \"field_key\": \"yearly_total\", \"is_required\": false, \"default_label\": \"ໝົດປີ\", \"default_value\": null, \"display_order\": 5, \"is_calculated\": true}, {\"data_type\": \"text\", \"field_key\": \"note\", \"is_required\": false, \"default_label\": \"ໝາຍເຫດ\", \"default_value\": null, \"display_order\": 6, \"is_calculated\": false}], \"formula_schema\": {\"fields\": [\"amount_per_month\", \"month_count\"], \"operation\": \"multiply\"}}',2,2,'2026-06-19 05:17:26','2026-06-19 06:39:28'),(3117,20,78,454,23,138,1,'2027','monthly','ບຳລຸງຮັກສາໂທລະທັດ','ບຳລຸງຮັກສາໂທລະທັດ',NULL,'{\"month_count\": 1, \"yearly_total\": 0, \"amount_per_month\": 0}','{\"key\": \"monthly\", \"name\": \"ລາຍຈ່າຍປະຈຳເດືອນ\", \"fields_schema\": [{\"data_type\": \"text\", \"field_key\": \"item_name\", \"is_required\": true, \"default_label\": \"ລາຍການ\", \"default_value\": null, \"display_order\": 1, \"is_calculated\": false}, {\"data_type\": \"text\", \"field_key\": \"reference\", \"is_required\": false, \"default_label\": \"ອ້າງອີງ\", \"default_value\": null, \"display_order\": 2, \"is_calculated\": false}, {\"data_type\": \"number\", \"field_key\": \"amount_per_month\", \"is_required\": true, \"default_label\": \"ຕໍ່ເດືອນ\", \"default_value\": null, \"display_order\": 3, \"is_calculated\": false}, {\"data_type\": \"number\", \"field_key\": \"month_count\", \"is_required\": true, \"default_label\": \"ຈ/ນ\", \"default_value\": \"12\", \"display_order\": 4, \"is_calculated\": false}, {\"data_type\": \"number\", \"field_key\": \"yearly_total\", \"is_required\": false, \"default_label\": \"ໝົດປີ\", \"default_value\": null, \"display_order\": 5, \"is_calculated\": true}, {\"data_type\": \"text\", \"field_key\": \"note\", \"is_required\": false, \"default_label\": \"ໝາຍເຫດ\", \"default_value\": null, \"display_order\": 6, \"is_calculated\": false}], \"formula_schema\": {\"fields\": [\"amount_per_month\", \"month_count\"], \"operation\": \"multiply\"}}',2,2,'2026-06-19 05:17:26','2026-06-19 06:39:28'),(3118,20,78,454,24,138,1,'2027','monthly','ຈັກປ້ຳນ້ຳອັດຕະໂນມັດ','ຈັກປ້ຳນ້ຳອັດຕະໂນມັດ',NULL,'{\"month_count\": 1, \"yearly_total\": 0, \"amount_per_month\": 0}','{\"key\": \"monthly\", \"name\": \"ລາຍຈ່າຍປະຈຳເດືອນ\", \"fields_schema\": [{\"data_type\": \"text\", \"field_key\": \"item_name\", \"is_required\": true, \"default_label\": \"ລາຍການ\", \"default_value\": null, \"display_order\": 1, \"is_calculated\": false}, {\"data_type\": \"text\", \"field_key\": \"reference\", \"is_required\": false, \"default_label\": \"ອ້າງອີງ\", \"default_value\": null, \"display_order\": 2, \"is_calculated\": false}, {\"data_type\": \"number\", \"field_key\": \"amount_per_month\", \"is_required\": true, \"default_label\": \"ຕໍ່ເດືອນ\", \"default_value\": null, \"display_order\": 3, \"is_calculated\": false}, {\"data_type\": \"number\", \"field_key\": \"month_count\", \"is_required\": true, \"default_label\": \"ຈ/ນ\", \"default_value\": \"12\", \"display_order\": 4, \"is_calculated\": false}, {\"data_type\": \"number\", \"field_key\": \"yearly_total\", \"is_required\": false, \"default_label\": \"ໝົດປີ\", \"default_value\": null, \"display_order\": 5, \"is_calculated\": true}, {\"data_type\": \"text\", \"field_key\": \"note\", \"is_required\": false, \"default_label\": \"ໝາຍເຫດ\", \"default_value\": null, \"display_order\": 6, \"is_calculated\": false}], \"formula_schema\": {\"fields\": [\"amount_per_month\", \"month_count\"], \"operation\": \"multiply\"}}',2,2,'2026-06-19 05:17:26','2026-06-19 06:39:28'),(3119,20,78,454,25,138,1,'2027','monthly','ຈັກຕັດຫຍ້າ','ຈັກຕັດຫຍ້າ',NULL,'{\"month_count\": 1, \"yearly_total\": 0, \"amount_per_month\": 0}','{\"key\": \"monthly\", \"name\": \"ລາຍຈ່າຍປະຈຳເດືອນ\", \"fields_schema\": [{\"data_type\": \"text\", \"field_key\": \"item_name\", \"is_required\": true, \"default_label\": \"ລາຍການ\", \"default_value\": null, \"display_order\": 1, \"is_calculated\": false}, {\"data_type\": \"text\", \"field_key\": \"reference\", \"is_required\": false, \"default_label\": \"ອ້າງອີງ\", \"default_value\": null, \"display_order\": 2, \"is_calculated\": false}, {\"data_type\": \"number\", \"field_key\": \"amount_per_month\", \"is_required\": true, \"default_label\": \"ຕໍ່ເດືອນ\", \"default_value\": null, \"display_order\": 3, \"is_calculated\": false}, {\"data_type\": \"number\", \"field_key\": \"month_count\", \"is_required\": true, \"default_label\": \"ຈ/ນ\", \"default_value\": \"12\", \"display_order\": 4, \"is_calculated\": false}, {\"data_type\": \"number\", \"field_key\": \"yearly_total\", \"is_required\": false, \"default_label\": \"ໝົດປີ\", \"default_value\": null, \"display_order\": 5, \"is_calculated\": true}, {\"data_type\": \"text\", \"field_key\": \"note\", \"is_required\": false, \"default_label\": \"ໝາຍເຫດ\", \"default_value\": null, \"display_order\": 6, \"is_calculated\": false}], \"formula_schema\": {\"fields\": [\"amount_per_month\", \"month_count\"], \"operation\": \"multiply\"}}',2,2,'2026-06-19 05:17:26','2026-06-19 06:39:28'),(3120,20,78,455,26,136,1,'2027','monthly','ສ້ອມແປງອາຄານສໍານັກງານຕ່າງໆ','ສ້ອມແປງອາຄານສໍານັກງານຕ່າງໆ',NULL,'{\"month_count\": 1, \"yearly_total\": 0, \"amount_per_month\": 0}','{\"key\": \"monthly\", \"name\": \"ລາຍຈ່າຍປະຈຳເດືອນ\", \"fields_schema\": [{\"data_type\": \"text\", \"field_key\": \"item_name\", \"is_required\": true, \"default_label\": \"ລາຍການ\", \"default_value\": null, \"display_order\": 1, \"is_calculated\": false}, {\"data_type\": \"text\", \"field_key\": \"reference\", \"is_required\": false, \"default_label\": \"ອ້າງອີງ\", \"default_value\": null, \"display_order\": 2, \"is_calculated\": false}, {\"data_type\": \"number\", \"field_key\": \"amount_per_month\", \"is_required\": true, \"default_label\": \"ຕໍ່ເດືອນ\", \"default_value\": null, \"display_order\": 3, \"is_calculated\": false}, {\"data_type\": \"number\", \"field_key\": \"month_count\", \"is_required\": true, \"default_label\": \"ຈ/ນ\", \"default_value\": \"12\", \"display_order\": 4, \"is_calculated\": false}, {\"data_type\": \"number\", \"field_key\": \"yearly_total\", \"is_required\": false, \"default_label\": \"ໝົດປີ\", \"default_value\": null, \"display_order\": 5, \"is_calculated\": true}, {\"data_type\": \"text\", \"field_key\": \"note\", \"is_required\": false, \"default_label\": \"ໝາຍເຫດ\", \"default_value\": null, \"display_order\": 6, \"is_calculated\": false}], \"formula_schema\": {\"fields\": [\"amount_per_month\", \"month_count\"], \"operation\": \"multiply\"}}',2,2,'2026-06-19 05:17:26','2026-06-19 06:39:28'),(3121,20,78,455,27,136,1,'2027','monthly','ປັບປຸງອາຄານຫ້ອງຮຽນ-ຫ້ອງທົດລອງ','ປັບປຸງອາຄານຫ້ອງຮຽນ-ຫ້ອງທົດລອງ',NULL,'{\"month_count\": 1, \"yearly_total\": 0, \"amount_per_month\": 0}','{\"key\": \"monthly\", \"name\": \"ລາຍຈ່າຍປະຈຳເດືອນ\", \"fields_schema\": [{\"data_type\": \"text\", \"field_key\": \"item_name\", \"is_required\": true, \"default_label\": \"ລາຍການ\", \"default_value\": null, \"display_order\": 1, \"is_calculated\": false}, {\"data_type\": \"text\", \"field_key\": \"reference\", \"is_required\": false, \"default_label\": \"ອ້າງອີງ\", \"default_value\": null, \"display_order\": 2, \"is_calculated\": false}, {\"data_type\": \"number\", \"field_key\": \"amount_per_month\", \"is_required\": true, \"default_label\": \"ຕໍ່ເດືອນ\", \"default_value\": null, \"display_order\": 3, \"is_calculated\": false}, {\"data_type\": \"number\", \"field_key\": \"month_count\", \"is_required\": true, \"default_label\": \"ຈ/ນ\", \"default_value\": \"12\", \"display_order\": 4, \"is_calculated\": false}, {\"data_type\": \"number\", \"field_key\": \"yearly_total\", \"is_required\": false, \"default_label\": \"ໝົດປີ\", \"default_value\": null, \"display_order\": 5, \"is_calculated\": true}, {\"data_type\": \"text\", \"field_key\": \"note\", \"is_required\": false, \"default_label\": \"ໝາຍເຫດ\", \"default_value\": null, \"display_order\": 6, \"is_calculated\": false}], \"formula_schema\": {\"fields\": [\"amount_per_month\", \"month_count\"], \"operation\": \"multiply\"}}',2,2,'2026-06-19 05:17:26','2026-06-19 06:39:28'),(3122,20,78,456,28,137,1,'2027','monthly','ລົດຕູ້','ລົດຕູ້',NULL,'{\"month_count\": 1, \"yearly_total\": 0, \"amount_per_month\": 0}','{\"key\": \"monthly\", \"name\": \"ລາຍຈ່າຍປະຈຳເດືອນ\", \"fields_schema\": [{\"data_type\": \"text\", \"field_key\": \"item_name\", \"is_required\": true, \"default_label\": \"ລາຍການ\", \"default_value\": null, \"display_order\": 1, \"is_calculated\": false}, {\"data_type\": \"text\", \"field_key\": \"reference\", \"is_required\": false, \"default_label\": \"ອ້າງອີງ\", \"default_value\": null, \"display_order\": 2, \"is_calculated\": false}, {\"data_type\": \"number\", \"field_key\": \"amount_per_month\", \"is_required\": true, \"default_label\": \"ຕໍ່ເດືອນ\", \"default_value\": null, \"display_order\": 3, \"is_calculated\": false}, {\"data_type\": \"number\", \"field_key\": \"month_count\", \"is_required\": true, \"default_label\": \"ຈ/ນ\", \"default_value\": \"12\", \"display_order\": 4, \"is_calculated\": false}, {\"data_type\": \"number\", \"field_key\": \"yearly_total\", \"is_required\": false, \"default_label\": \"ໝົດປີ\", \"default_value\": null, \"display_order\": 5, \"is_calculated\": true}, {\"data_type\": \"text\", \"field_key\": \"note\", \"is_required\": false, \"default_label\": \"ໝາຍເຫດ\", \"default_value\": null, \"display_order\": 6, \"is_calculated\": false}], \"formula_schema\": {\"fields\": [\"amount_per_month\", \"month_count\"], \"operation\": \"multiply\"}}',2,2,'2026-06-19 05:17:26','2026-06-19 06:39:28'),(3123,20,78,456,29,137,1,'2027','monthly','ລົດຈັກ','ລົດຈັກ',NULL,'{\"month_count\": 1, \"yearly_total\": 0, \"amount_per_month\": 0}','{\"key\": \"monthly\", \"name\": \"ລາຍຈ່າຍປະຈຳເດືອນ\", \"fields_schema\": [{\"data_type\": \"text\", \"field_key\": \"item_name\", \"is_required\": true, \"default_label\": \"ລາຍການ\", \"default_value\": null, \"display_order\": 1, \"is_calculated\": false}, {\"data_type\": \"text\", \"field_key\": \"reference\", \"is_required\": false, \"default_label\": \"ອ້າງອີງ\", \"default_value\": null, \"display_order\": 2, \"is_calculated\": false}, {\"data_type\": \"number\", \"field_key\": \"amount_per_month\", \"is_required\": true, \"default_label\": \"ຕໍ່ເດືອນ\", \"default_value\": null, \"display_order\": 3, \"is_calculated\": false}, {\"data_type\": \"number\", \"field_key\": \"month_count\", \"is_required\": true, \"default_label\": \"ຈ/ນ\", \"default_value\": \"12\", \"display_order\": 4, \"is_calculated\": false}, {\"data_type\": \"number\", \"field_key\": \"yearly_total\", \"is_required\": false, \"default_label\": \"ໝົດປີ\", \"default_value\": null, \"display_order\": 5, \"is_calculated\": true}, {\"data_type\": \"text\", \"field_key\": \"note\", \"is_required\": false, \"default_label\": \"ໝາຍເຫດ\", \"default_value\": null, \"display_order\": 6, \"is_calculated\": false}], \"formula_schema\": {\"fields\": [\"amount_per_month\", \"month_count\"], \"operation\": \"multiply\"}}',2,2,'2026-06-19 05:17:26','2026-06-19 06:39:28'),(3124,20,78,457,30,232,1,'2027','monthly','ຊື້ ໂຕະ, ຕັ່ງ','ຊື້ ໂຕະ, ຕັ່ງ',NULL,'{\"month_count\": 1, \"yearly_total\": 0, \"amount_per_month\": 0}','{\"key\": \"monthly\", \"name\": \"ລາຍຈ່າຍປະຈຳເດືອນ\", \"fields_schema\": [{\"data_type\": \"text\", \"field_key\": \"item_name\", \"is_required\": true, \"default_label\": \"ລາຍການ\", \"default_value\": null, \"display_order\": 1, \"is_calculated\": false}, {\"data_type\": \"text\", \"field_key\": \"reference\", \"is_required\": false, \"default_label\": \"ອ້າງອີງ\", \"default_value\": null, \"display_order\": 2, \"is_calculated\": false}, {\"data_type\": \"number\", \"field_key\": \"amount_per_month\", \"is_required\": true, \"default_label\": \"ຕໍ່ເດືອນ\", \"default_value\": null, \"display_order\": 3, \"is_calculated\": false}, {\"data_type\": \"number\", \"field_key\": \"month_count\", \"is_required\": true, \"default_label\": \"ຈ/ນ\", \"default_value\": \"12\", \"display_order\": 4, \"is_calculated\": false}, {\"data_type\": \"number\", \"field_key\": \"yearly_total\", \"is_required\": false, \"default_label\": \"ໝົດປີ\", \"default_value\": null, \"display_order\": 5, \"is_calculated\": true}, {\"data_type\": \"text\", \"field_key\": \"note\", \"is_required\": false, \"default_label\": \"ໝາຍເຫດ\", \"default_value\": null, \"display_order\": 6, \"is_calculated\": false}], \"formula_schema\": {\"fields\": [\"amount_per_month\", \"month_count\"], \"operation\": \"multiply\"}}',2,2,'2026-06-19 05:17:26','2026-06-19 06:39:28'),(3125,20,78,457,31,138,1,'2027','monthly','ບຳລຸງຮັກສາ, ສ້ອມແປງ ໂຕະ, ຕັ່ງ','ບຳລຸງຮັກສາ, ສ້ອມແປງ ໂຕະ, ຕັ່ງ',NULL,'{\"month_count\": 1, \"yearly_total\": 0, \"amount_per_month\": 0}','{\"key\": \"monthly\", \"name\": \"ລາຍຈ່າຍປະຈຳເດືອນ\", \"fields_schema\": [{\"data_type\": \"text\", \"field_key\": \"item_name\", \"is_required\": true, \"default_label\": \"ລາຍການ\", \"default_value\": null, \"display_order\": 1, \"is_calculated\": false}, {\"data_type\": \"text\", \"field_key\": \"reference\", \"is_required\": false, \"default_label\": \"ອ້າງອີງ\", \"default_value\": null, \"display_order\": 2, \"is_calculated\": false}, {\"data_type\": \"number\", \"field_key\": \"amount_per_month\", \"is_required\": true, \"default_label\": \"ຕໍ່ເດືອນ\", \"default_value\": null, \"display_order\": 3, \"is_calculated\": false}, {\"data_type\": \"number\", \"field_key\": \"month_count\", \"is_required\": true, \"default_label\": \"ຈ/ນ\", \"default_value\": \"12\", \"display_order\": 4, \"is_calculated\": false}, {\"data_type\": \"number\", \"field_key\": \"yearly_total\", \"is_required\": false, \"default_label\": \"ໝົດປີ\", \"default_value\": null, \"display_order\": 5, \"is_calculated\": true}, {\"data_type\": \"text\", \"field_key\": \"note\", \"is_required\": false, \"default_label\": \"ໝາຍເຫດ\", \"default_value\": null, \"display_order\": 6, \"is_calculated\": false}], \"formula_schema\": {\"fields\": [\"amount_per_month\", \"month_count\"], \"operation\": \"multiply\"}}',2,2,'2026-06-19 05:17:26','2026-06-19 06:39:28'),(3126,20,78,457,32,231,1,'2027','monthly','ຊື້ເຄື່ອງຈັກ ແລະ ວັດຖຸອຸປະກອນ','ຊື້ເຄື່ອງຈັກ ແລະ ວັດຖຸອຸປະກອນ',NULL,'{\"month_count\": 1, \"yearly_total\": 0, \"amount_per_month\": 0}','{\"key\": \"monthly\", \"name\": \"ລາຍຈ່າຍປະຈຳເດືອນ\", \"fields_schema\": [{\"data_type\": \"text\", \"field_key\": \"item_name\", \"is_required\": true, \"default_label\": \"ລາຍການ\", \"default_value\": null, \"display_order\": 1, \"is_calculated\": false}, {\"data_type\": \"text\", \"field_key\": \"reference\", \"is_required\": false, \"default_label\": \"ອ້າງອີງ\", \"default_value\": null, \"display_order\": 2, \"is_calculated\": false}, {\"data_type\": \"number\", \"field_key\": \"amount_per_month\", \"is_required\": true, \"default_label\": \"ຕໍ່ເດືອນ\", \"default_value\": null, \"display_order\": 3, \"is_calculated\": false}, {\"data_type\": \"number\", \"field_key\": \"month_count\", \"is_required\": true, \"default_label\": \"ຈ/ນ\", \"default_value\": \"12\", \"display_order\": 4, \"is_calculated\": false}, {\"data_type\": \"number\", \"field_key\": \"yearly_total\", \"is_required\": false, \"default_label\": \"ໝົດປີ\", \"default_value\": null, \"display_order\": 5, \"is_calculated\": true}, {\"data_type\": \"text\", \"field_key\": \"note\", \"is_required\": false, \"default_label\": \"ໝາຍເຫດ\", \"default_value\": null, \"display_order\": 6, \"is_calculated\": false}], \"formula_schema\": {\"fields\": [\"amount_per_month\", \"month_count\"], \"operation\": \"multiply\"}}',2,2,'2026-06-19 05:17:26','2026-06-19 06:39:28'),(3127,20,78,457,33,230,1,'2027','monthly','ຊື້ພາຫະນະ','ຊື້ພາຫະນະ',NULL,'{\"month_count\": 1, \"yearly_total\": 0, \"amount_per_month\": 0}','{\"key\": \"monthly\", \"name\": \"ລາຍຈ່າຍປະຈຳເດືອນ\", \"fields_schema\": [{\"data_type\": \"text\", \"field_key\": \"item_name\", \"is_required\": true, \"default_label\": \"ລາຍການ\", \"default_value\": null, \"display_order\": 1, \"is_calculated\": false}, {\"data_type\": \"text\", \"field_key\": \"reference\", \"is_required\": false, \"default_label\": \"ອ້າງອີງ\", \"default_value\": null, \"display_order\": 2, \"is_calculated\": false}, {\"data_type\": \"number\", \"field_key\": \"amount_per_month\", \"is_required\": true, \"default_label\": \"ຕໍ່ເດືອນ\", \"default_value\": null, \"display_order\": 3, \"is_calculated\": false}, {\"data_type\": \"number\", \"field_key\": \"month_count\", \"is_required\": true, \"default_label\": \"ຈ/ນ\", \"default_value\": \"12\", \"display_order\": 4, \"is_calculated\": false}, {\"data_type\": \"number\", \"field_key\": \"yearly_total\", \"is_required\": false, \"default_label\": \"ໝົດປີ\", \"default_value\": null, \"display_order\": 5, \"is_calculated\": true}, {\"data_type\": \"text\", \"field_key\": \"note\", \"is_required\": false, \"default_label\": \"ໝາຍເຫດ\", \"default_value\": null, \"display_order\": 6, \"is_calculated\": false}], \"formula_schema\": {\"fields\": [\"amount_per_month\", \"month_count\"], \"operation\": \"multiply\"}}',2,2,'2026-06-19 05:17:26','2026-06-19 06:39:28'),(3128,20,78,458,34,147,1,'2027','monthly','ປະກັນໄພລົດໃຫຍ່','ປະກັນໄພລົດໃຫຍ່',NULL,'{\"month_count\": 1, \"yearly_total\": 0, \"amount_per_month\": 0}','{\"key\": \"monthly\", \"name\": \"ລາຍຈ່າຍປະຈຳເດືອນ\", \"fields_schema\": [{\"data_type\": \"text\", \"field_key\": \"item_name\", \"is_required\": true, \"default_label\": \"ລາຍການ\", \"default_value\": null, \"display_order\": 1, \"is_calculated\": false}, {\"data_type\": \"text\", \"field_key\": \"reference\", \"is_required\": false, \"default_label\": \"ອ້າງອີງ\", \"default_value\": null, \"display_order\": 2, \"is_calculated\": false}, {\"data_type\": \"number\", \"field_key\": \"amount_per_month\", \"is_required\": true, \"default_label\": \"ຕໍ່ເດືອນ\", \"default_value\": null, \"display_order\": 3, \"is_calculated\": false}, {\"data_type\": \"number\", \"field_key\": \"month_count\", \"is_required\": true, \"default_label\": \"ຈ/ນ\", \"default_value\": \"12\", \"display_order\": 4, \"is_calculated\": false}, {\"data_type\": \"number\", \"field_key\": \"yearly_total\", \"is_required\": false, \"default_label\": \"ໝົດປີ\", \"default_value\": null, \"display_order\": 5, \"is_calculated\": true}, {\"data_type\": \"text\", \"field_key\": \"note\", \"is_required\": false, \"default_label\": \"ໝາຍເຫດ\", \"default_value\": null, \"display_order\": 6, \"is_calculated\": false}], \"formula_schema\": {\"fields\": [\"amount_per_month\", \"month_count\"], \"operation\": \"multiply\"}}',2,2,'2026-06-19 05:17:26','2026-06-19 06:39:28'),(3129,20,78,459,35,160,1,'2027','monthly','ໄປວຽກທາງການພາຍໃນປະເທດ','ໄປວຽກທາງການພາຍໃນປະເທດ',NULL,'{\"month_count\": 1, \"yearly_total\": 0, \"amount_per_month\": 0}','{\"key\": \"monthly\", \"name\": \"ລາຍຈ່າຍປະຈຳເດືອນ\", \"fields_schema\": [{\"data_type\": \"text\", \"field_key\": \"item_name\", \"is_required\": true, \"default_label\": \"ລາຍການ\", \"default_value\": null, \"display_order\": 1, \"is_calculated\": false}, {\"data_type\": \"text\", \"field_key\": \"reference\", \"is_required\": false, \"default_label\": \"ອ້າງອີງ\", \"default_value\": null, \"display_order\": 2, \"is_calculated\": false}, {\"data_type\": \"number\", \"field_key\": \"amount_per_month\", \"is_required\": true, \"default_label\": \"ຕໍ່ເດືອນ\", \"default_value\": null, \"display_order\": 3, \"is_calculated\": false}, {\"data_type\": \"number\", \"field_key\": \"month_count\", \"is_required\": true, \"default_label\": \"ຈ/ນ\", \"default_value\": \"12\", \"display_order\": 4, \"is_calculated\": false}, {\"data_type\": \"number\", \"field_key\": \"yearly_total\", \"is_required\": false, \"default_label\": \"ໝົດປີ\", \"default_value\": null, \"display_order\": 5, \"is_calculated\": true}, {\"data_type\": \"text\", \"field_key\": \"note\", \"is_required\": false, \"default_label\": \"ໝາຍເຫດ\", \"default_value\": null, \"display_order\": 6, \"is_calculated\": false}], \"formula_schema\": {\"fields\": [\"amount_per_month\", \"month_count\"], \"operation\": \"multiply\"}}',2,2,'2026-06-19 05:17:26','2026-06-19 06:39:28'),(3130,20,78,459,36,161,1,'2027','monthly','ໄປວຽກທາງການຕ່າງປະເທດ','ໄປວຽກທາງການຕ່າງປະເທດ',NULL,'{\"month_count\": 1, \"yearly_total\": 0, \"amount_per_month\": 0}','{\"key\": \"monthly\", \"name\": \"ລາຍຈ່າຍປະຈຳເດືອນ\", \"fields_schema\": [{\"data_type\": \"text\", \"field_key\": \"item_name\", \"is_required\": true, \"default_label\": \"ລາຍການ\", \"default_value\": null, \"display_order\": 1, \"is_calculated\": false}, {\"data_type\": \"text\", \"field_key\": \"reference\", \"is_required\": false, \"default_label\": \"ອ້າງອີງ\", \"default_value\": null, \"display_order\": 2, \"is_calculated\": false}, {\"data_type\": \"number\", \"field_key\": \"amount_per_month\", \"is_required\": true, \"default_label\": \"ຕໍ່ເດືອນ\", \"default_value\": null, \"display_order\": 3, \"is_calculated\": false}, {\"data_type\": \"number\", \"field_key\": \"month_count\", \"is_required\": true, \"default_label\": \"ຈ/ນ\", \"default_value\": \"12\", \"display_order\": 4, \"is_calculated\": false}, {\"data_type\": \"number\", \"field_key\": \"yearly_total\", \"is_required\": false, \"default_label\": \"ໝົດປີ\", \"default_value\": null, \"display_order\": 5, \"is_calculated\": true}, {\"data_type\": \"text\", \"field_key\": \"note\", \"is_required\": false, \"default_label\": \"ໝາຍເຫດ\", \"default_value\": null, \"display_order\": 6, \"is_calculated\": false}], \"formula_schema\": {\"fields\": [\"amount_per_month\", \"month_count\"], \"operation\": \"multiply\"}}',2,2,'2026-06-19 05:17:26','2026-06-19 06:39:28'),(3131,20,78,460,37,136,1,'2027','monthly','ບຳລຸງຮັກສາວິທະຍາເຂດ','ບຳລຸງຮັກສາວິທະຍາເຂດ',NULL,'{\"month_count\": 1, \"yearly_total\": 0, \"amount_per_month\": 0}','{\"key\": \"monthly\", \"name\": \"ລາຍຈ່າຍປະຈຳເດືອນ\", \"fields_schema\": [{\"data_type\": \"text\", \"field_key\": \"item_name\", \"is_required\": true, \"default_label\": \"ລາຍການ\", \"default_value\": null, \"display_order\": 1, \"is_calculated\": false}, {\"data_type\": \"text\", \"field_key\": \"reference\", \"is_required\": false, \"default_label\": \"ອ້າງອີງ\", \"default_value\": null, \"display_order\": 2, \"is_calculated\": false}, {\"data_type\": \"number\", \"field_key\": \"amount_per_month\", \"is_required\": true, \"default_label\": \"ຕໍ່ເດືອນ\", \"default_value\": null, \"display_order\": 3, \"is_calculated\": false}, {\"data_type\": \"number\", \"field_key\": \"month_count\", \"is_required\": true, \"default_label\": \"ຈ/ນ\", \"default_value\": \"12\", \"display_order\": 4, \"is_calculated\": false}, {\"data_type\": \"number\", \"field_key\": \"yearly_total\", \"is_required\": false, \"default_label\": \"ໝົດປີ\", \"default_value\": null, \"display_order\": 5, \"is_calculated\": true}, {\"data_type\": \"text\", \"field_key\": \"note\", \"is_required\": false, \"default_label\": \"ໝາຍເຫດ\", \"default_value\": null, \"display_order\": 6, \"is_calculated\": false}], \"formula_schema\": {\"fields\": [\"amount_per_month\", \"month_count\"], \"operation\": \"multiply\"}}',2,2,'2026-06-19 05:17:26','2026-06-19 06:39:28'),(3132,20,78,460,38,136,1,'2027','monthly','- ຕັດຫຍ້າ','- ຕັດຫຍ້າ',NULL,'{\"month_count\": 1, \"yearly_total\": 0, \"amount_per_month\": 0}','{\"key\": \"monthly\", \"name\": \"ລາຍຈ່າຍປະຈຳເດືອນ\", \"fields_schema\": [{\"data_type\": \"text\", \"field_key\": \"item_name\", \"is_required\": true, \"default_label\": \"ລາຍການ\", \"default_value\": null, \"display_order\": 1, \"is_calculated\": false}, {\"data_type\": \"text\", \"field_key\": \"reference\", \"is_required\": false, \"default_label\": \"ອ້າງອີງ\", \"default_value\": null, \"display_order\": 2, \"is_calculated\": false}, {\"data_type\": \"number\", \"field_key\": \"amount_per_month\", \"is_required\": true, \"default_label\": \"ຕໍ່ເດືອນ\", \"default_value\": null, \"display_order\": 3, \"is_calculated\": false}, {\"data_type\": \"number\", \"field_key\": \"month_count\", \"is_required\": true, \"default_label\": \"ຈ/ນ\", \"default_value\": \"12\", \"display_order\": 4, \"is_calculated\": false}, {\"data_type\": \"number\", \"field_key\": \"yearly_total\", \"is_required\": false, \"default_label\": \"ໝົດປີ\", \"default_value\": null, \"display_order\": 5, \"is_calculated\": true}, {\"data_type\": \"text\", \"field_key\": \"note\", \"is_required\": false, \"default_label\": \"ໝາຍເຫດ\", \"default_value\": null, \"display_order\": 6, \"is_calculated\": false}], \"formula_schema\": {\"fields\": [\"amount_per_month\", \"month_count\"], \"operation\": \"multiply\"}}',2,2,'2026-06-19 05:17:26','2026-06-19 06:39:28'),(3133,20,78,460,39,136,1,'2027','monthly','- ປູກ ແລະ ບົວລະບັດສວນດອກໄມ້','- ປູກ ແລະ ບົວລະບັດສວນດອກໄມ້',NULL,'{\"month_count\": 1, \"yearly_total\": 0, \"amount_per_month\": 0}','{\"key\": \"monthly\", \"name\": \"ລາຍຈ່າຍປະຈຳເດືອນ\", \"fields_schema\": [{\"data_type\": \"text\", \"field_key\": \"item_name\", \"is_required\": true, \"default_label\": \"ລາຍການ\", \"default_value\": null, \"display_order\": 1, \"is_calculated\": false}, {\"data_type\": \"text\", \"field_key\": \"reference\", \"is_required\": false, \"default_label\": \"ອ້າງອີງ\", \"default_value\": null, \"display_order\": 2, \"is_calculated\": false}, {\"data_type\": \"number\", \"field_key\": \"amount_per_month\", \"is_required\": true, \"default_label\": \"ຕໍ່ເດືອນ\", \"default_value\": null, \"display_order\": 3, \"is_calculated\": false}, {\"data_type\": \"number\", \"field_key\": \"month_count\", \"is_required\": true, \"default_label\": \"ຈ/ນ\", \"default_value\": \"12\", \"display_order\": 4, \"is_calculated\": false}, {\"data_type\": \"number\", \"field_key\": \"yearly_total\", \"is_required\": false, \"default_label\": \"ໝົດປີ\", \"default_value\": null, \"display_order\": 5, \"is_calculated\": true}, {\"data_type\": \"text\", \"field_key\": \"note\", \"is_required\": false, \"default_label\": \"ໝາຍເຫດ\", \"default_value\": null, \"display_order\": 6, \"is_calculated\": false}], \"formula_schema\": {\"fields\": [\"amount_per_month\", \"month_count\"], \"operation\": \"multiply\"}}',2,2,'2026-06-19 05:17:26','2026-06-19 06:39:28'),(3134,20,78,460,40,136,1,'2027','monthly','- ກ້າເບ້ຍໄມ້','- ກ້າເບ້ຍໄມ້',NULL,'{\"month_count\": 1, \"yearly_total\": 0, \"amount_per_month\": 0}','{\"key\": \"monthly\", \"name\": \"ລາຍຈ່າຍປະຈຳເດືອນ\", \"fields_schema\": [{\"data_type\": \"text\", \"field_key\": \"item_name\", \"is_required\": true, \"default_label\": \"ລາຍການ\", \"default_value\": null, \"display_order\": 1, \"is_calculated\": false}, {\"data_type\": \"text\", \"field_key\": \"reference\", \"is_required\": false, \"default_label\": \"ອ້າງອີງ\", \"default_value\": null, \"display_order\": 2, \"is_calculated\": false}, {\"data_type\": \"number\", \"field_key\": \"amount_per_month\", \"is_required\": true, \"default_label\": \"ຕໍ່ເດືອນ\", \"default_value\": null, \"display_order\": 3, \"is_calculated\": false}, {\"data_type\": \"number\", \"field_key\": \"month_count\", \"is_required\": true, \"default_label\": \"ຈ/ນ\", \"default_value\": \"12\", \"display_order\": 4, \"is_calculated\": false}, {\"data_type\": \"number\", \"field_key\": \"yearly_total\", \"is_required\": false, \"default_label\": \"ໝົດປີ\", \"default_value\": null, \"display_order\": 5, \"is_calculated\": true}, {\"data_type\": \"text\", \"field_key\": \"note\", \"is_required\": false, \"default_label\": \"ໝາຍເຫດ\", \"default_value\": null, \"display_order\": 6, \"is_calculated\": false}], \"formula_schema\": {\"fields\": [\"amount_per_month\", \"month_count\"], \"operation\": \"multiply\"}}',2,2,'2026-06-19 05:17:26','2026-06-19 06:39:28'),(3135,20,78,460,41,136,1,'2027','monthly','- ອານາໄມເດີ່ນ','- ອານາໄມເດີ່ນ',NULL,'{\"month_count\": 1, \"yearly_total\": 0, \"amount_per_month\": 0}','{\"key\": \"monthly\", \"name\": \"ລາຍຈ່າຍປະຈຳເດືອນ\", \"fields_schema\": [{\"data_type\": \"text\", \"field_key\": \"item_name\", \"is_required\": true, \"default_label\": \"ລາຍການ\", \"default_value\": null, \"display_order\": 1, \"is_calculated\": false}, {\"data_type\": \"text\", \"field_key\": \"reference\", \"is_required\": false, \"default_label\": \"ອ້າງອີງ\", \"default_value\": null, \"display_order\": 2, \"is_calculated\": false}, {\"data_type\": \"number\", \"field_key\": \"amount_per_month\", \"is_required\": true, \"default_label\": \"ຕໍ່ເດືອນ\", \"default_value\": null, \"display_order\": 3, \"is_calculated\": false}, {\"data_type\": \"number\", \"field_key\": \"month_count\", \"is_required\": true, \"default_label\": \"ຈ/ນ\", \"default_value\": \"12\", \"display_order\": 4, \"is_calculated\": false}, {\"data_type\": \"number\", \"field_key\": \"yearly_total\", \"is_required\": false, \"default_label\": \"ໝົດປີ\", \"default_value\": null, \"display_order\": 5, \"is_calculated\": true}, {\"data_type\": \"text\", \"field_key\": \"note\", \"is_required\": false, \"default_label\": \"ໝາຍເຫດ\", \"default_value\": null, \"display_order\": 6, \"is_calculated\": false}], \"formula_schema\": {\"fields\": [\"amount_per_month\", \"month_count\"], \"operation\": \"multiply\"}}',2,2,'2026-06-19 05:17:26','2026-06-19 06:39:28'),(3136,20,78,460,42,136,1,'2027','monthly','ອານາໄມອາຄານ','ອານາໄມອາຄານ',NULL,'{\"month_count\": 1, \"yearly_total\": 0, \"amount_per_month\": 0}','{\"key\": \"monthly\", \"name\": \"ລາຍຈ່າຍປະຈຳເດືອນ\", \"fields_schema\": [{\"data_type\": \"text\", \"field_key\": \"item_name\", \"is_required\": true, \"default_label\": \"ລາຍການ\", \"default_value\": null, \"display_order\": 1, \"is_calculated\": false}, {\"data_type\": \"text\", \"field_key\": \"reference\", \"is_required\": false, \"default_label\": \"ອ້າງອີງ\", \"default_value\": null, \"display_order\": 2, \"is_calculated\": false}, {\"data_type\": \"number\", \"field_key\": \"amount_per_month\", \"is_required\": true, \"default_label\": \"ຕໍ່ເດືອນ\", \"default_value\": null, \"display_order\": 3, \"is_calculated\": false}, {\"data_type\": \"number\", \"field_key\": \"month_count\", \"is_required\": true, \"default_label\": \"ຈ/ນ\", \"default_value\": \"12\", \"display_order\": 4, \"is_calculated\": false}, {\"data_type\": \"number\", \"field_key\": \"yearly_total\", \"is_required\": false, \"default_label\": \"ໝົດປີ\", \"default_value\": null, \"display_order\": 5, \"is_calculated\": true}, {\"data_type\": \"text\", \"field_key\": \"note\", \"is_required\": false, \"default_label\": \"ໝາຍເຫດ\", \"default_value\": null, \"display_order\": 6, \"is_calculated\": false}], \"formula_schema\": {\"fields\": [\"amount_per_month\", \"month_count\"], \"operation\": \"multiply\"}}',2,2,'2026-06-19 05:17:26','2026-06-19 06:39:28'),(3137,20,78,460,43,136,1,'2027','monthly','- ອານາໄມຫ້ອງຮຽນ','- ອານາໄມຫ້ອງຮຽນ',NULL,'{\"month_count\": 1, \"yearly_total\": 0, \"amount_per_month\": 0}','{\"key\": \"monthly\", \"name\": \"ລາຍຈ່າຍປະຈຳເດືອນ\", \"fields_schema\": [{\"data_type\": \"text\", \"field_key\": \"item_name\", \"is_required\": true, \"default_label\": \"ລາຍການ\", \"default_value\": null, \"display_order\": 1, \"is_calculated\": false}, {\"data_type\": \"text\", \"field_key\": \"reference\", \"is_required\": false, \"default_label\": \"ອ້າງອີງ\", \"default_value\": null, \"display_order\": 2, \"is_calculated\": false}, {\"data_type\": \"number\", \"field_key\": \"amount_per_month\", \"is_required\": true, \"default_label\": \"ຕໍ່ເດືອນ\", \"default_value\": null, \"display_order\": 3, \"is_calculated\": false}, {\"data_type\": \"number\", \"field_key\": \"month_count\", \"is_required\": true, \"default_label\": \"ຈ/ນ\", \"default_value\": \"12\", \"display_order\": 4, \"is_calculated\": false}, {\"data_type\": \"number\", \"field_key\": \"yearly_total\", \"is_required\": false, \"default_label\": \"ໝົດປີ\", \"default_value\": null, \"display_order\": 5, \"is_calculated\": true}, {\"data_type\": \"text\", \"field_key\": \"note\", \"is_required\": false, \"default_label\": \"ໝາຍເຫດ\", \"default_value\": null, \"display_order\": 6, \"is_calculated\": false}], \"formula_schema\": {\"fields\": [\"amount_per_month\", \"month_count\"], \"operation\": \"multiply\"}}',2,2,'2026-06-19 05:17:26','2026-06-19 06:39:28'),(3138,20,78,460,44,136,1,'2027','monthly','- ອານາໄມຫ້ອງການ','- ອານາໄມຫ້ອງການ',NULL,'{\"month_count\": 1, \"yearly_total\": 0, \"amount_per_month\": 0}','{\"key\": \"monthly\", \"name\": \"ລາຍຈ່າຍປະຈຳເດືອນ\", \"fields_schema\": [{\"data_type\": \"text\", \"field_key\": \"item_name\", \"is_required\": true, \"default_label\": \"ລາຍການ\", \"default_value\": null, \"display_order\": 1, \"is_calculated\": false}, {\"data_type\": \"text\", \"field_key\": \"reference\", \"is_required\": false, \"default_label\": \"ອ້າງອີງ\", \"default_value\": null, \"display_order\": 2, \"is_calculated\": false}, {\"data_type\": \"number\", \"field_key\": \"amount_per_month\", \"is_required\": true, \"default_label\": \"ຕໍ່ເດືອນ\", \"default_value\": null, \"display_order\": 3, \"is_calculated\": false}, {\"data_type\": \"number\", \"field_key\": \"month_count\", \"is_required\": true, \"default_label\": \"ຈ/ນ\", \"default_value\": \"12\", \"display_order\": 4, \"is_calculated\": false}, {\"data_type\": \"number\", \"field_key\": \"yearly_total\", \"is_required\": false, \"default_label\": \"ໝົດປີ\", \"default_value\": null, \"display_order\": 5, \"is_calculated\": true}, {\"data_type\": \"text\", \"field_key\": \"note\", \"is_required\": false, \"default_label\": \"ໝາຍເຫດ\", \"default_value\": null, \"display_order\": 6, \"is_calculated\": false}], \"formula_schema\": {\"fields\": [\"amount_per_month\", \"month_count\"], \"operation\": \"multiply\"}}',2,2,'2026-06-19 05:17:26','2026-06-19 06:39:28'),(3139,20,78,460,45,136,1,'2027','monthly','- ອານາໄມຫ້ອງທົດລອງຄອມພິວເຕີ','- ອານາໄມຫ້ອງທົດລອງຄອມພິວເຕີ',NULL,'{\"month_count\": 1, \"yearly_total\": 0, \"amount_per_month\": 0}','{\"key\": \"monthly\", \"name\": \"ລາຍຈ່າຍປະຈຳເດືອນ\", \"fields_schema\": [{\"data_type\": \"text\", \"field_key\": \"item_name\", \"is_required\": true, \"default_label\": \"ລາຍການ\", \"default_value\": null, \"display_order\": 1, \"is_calculated\": false}, {\"data_type\": \"text\", \"field_key\": \"reference\", \"is_required\": false, \"default_label\": \"ອ້າງອີງ\", \"default_value\": null, \"display_order\": 2, \"is_calculated\": false}, {\"data_type\": \"number\", \"field_key\": \"amount_per_month\", \"is_required\": true, \"default_label\": \"ຕໍ່ເດືອນ\", \"default_value\": null, \"display_order\": 3, \"is_calculated\": false}, {\"data_type\": \"number\", \"field_key\": \"month_count\", \"is_required\": true, \"default_label\": \"ຈ/ນ\", \"default_value\": \"12\", \"display_order\": 4, \"is_calculated\": false}, {\"data_type\": \"number\", \"field_key\": \"yearly_total\", \"is_required\": false, \"default_label\": \"ໝົດປີ\", \"default_value\": null, \"display_order\": 5, \"is_calculated\": true}, {\"data_type\": \"text\", \"field_key\": \"note\", \"is_required\": false, \"default_label\": \"ໝາຍເຫດ\", \"default_value\": null, \"display_order\": 6, \"is_calculated\": false}], \"formula_schema\": {\"fields\": [\"amount_per_month\", \"month_count\"], \"operation\": \"multiply\"}}',2,2,'2026-06-19 05:17:26','2026-06-19 06:39:28'),(3140,20,78,461,46,193,1,'2027','monthly','ປະຖົມນິເທດນັກສຶກສາ','ປະຖົມນິເທດນັກສຶກສາ',NULL,'{\"month_count\": 1, \"yearly_total\": 0, \"amount_per_month\": 0}','{\"key\": \"monthly\", \"name\": \"ລາຍຈ່າຍປະຈຳເດືອນ\", \"fields_schema\": [{\"data_type\": \"text\", \"field_key\": \"item_name\", \"is_required\": true, \"default_label\": \"ລາຍການ\", \"default_value\": null, \"display_order\": 1, \"is_calculated\": false}, {\"data_type\": \"text\", \"field_key\": \"reference\", \"is_required\": false, \"default_label\": \"ອ້າງອີງ\", \"default_value\": null, \"display_order\": 2, \"is_calculated\": false}, {\"data_type\": \"number\", \"field_key\": \"amount_per_month\", \"is_required\": true, \"default_label\": \"ຕໍ່ເດືອນ\", \"default_value\": null, \"display_order\": 3, \"is_calculated\": false}, {\"data_type\": \"number\", \"field_key\": \"month_count\", \"is_required\": true, \"default_label\": \"ຈ/ນ\", \"default_value\": \"12\", \"display_order\": 4, \"is_calculated\": false}, {\"data_type\": \"number\", \"field_key\": \"yearly_total\", \"is_required\": false, \"default_label\": \"ໝົດປີ\", \"default_value\": null, \"display_order\": 5, \"is_calculated\": true}, {\"data_type\": \"text\", \"field_key\": \"note\", \"is_required\": false, \"default_label\": \"ໝາຍເຫດ\", \"default_value\": null, \"display_order\": 6, \"is_calculated\": false}], \"formula_schema\": {\"fields\": [\"amount_per_month\", \"month_count\"], \"operation\": \"multiply\"}}',2,2,'2026-06-19 05:17:26','2026-06-19 06:39:28'),(3141,20,78,461,47,193,1,'2027','monthly','ກວດສອບການປະຕິບັດລະບຽບວິໃນນັກສຶກສາ','ກວດສອບການປະຕິບັດລະບຽບວິໃນນັກສຶກສາ',NULL,'{\"month_count\": 1, \"yearly_total\": 0, \"amount_per_month\": 0}','{\"key\": \"monthly\", \"name\": \"ລາຍຈ່າຍປະຈຳເດືອນ\", \"fields_schema\": [{\"data_type\": \"text\", \"field_key\": \"item_name\", \"is_required\": true, \"default_label\": \"ລາຍການ\", \"default_value\": null, \"display_order\": 1, \"is_calculated\": false}, {\"data_type\": \"text\", \"field_key\": \"reference\", \"is_required\": false, \"default_label\": \"ອ້າງອີງ\", \"default_value\": null, \"display_order\": 2, \"is_calculated\": false}, {\"data_type\": \"number\", \"field_key\": \"amount_per_month\", \"is_required\": true, \"default_label\": \"ຕໍ່ເດືອນ\", \"default_value\": null, \"display_order\": 3, \"is_calculated\": false}, {\"data_type\": \"number\", \"field_key\": \"month_count\", \"is_required\": true, \"default_label\": \"ຈ/ນ\", \"default_value\": \"12\", \"display_order\": 4, \"is_calculated\": false}, {\"data_type\": \"number\", \"field_key\": \"yearly_total\", \"is_required\": false, \"default_label\": \"ໝົດປີ\", \"default_value\": null, \"display_order\": 5, \"is_calculated\": true}, {\"data_type\": \"text\", \"field_key\": \"note\", \"is_required\": false, \"default_label\": \"ໝາຍເຫດ\", \"default_value\": null, \"display_order\": 6, \"is_calculated\": false}], \"formula_schema\": {\"fields\": [\"amount_per_month\", \"month_count\"], \"operation\": \"multiply\"}}',2,2,'2026-06-19 05:17:26','2026-06-19 06:39:28'),(3142,20,78,463,48,163,1,'2027','monthly','ສຳນັກຄະນະບໍດີ','ສຳນັກຄະນະບໍດີ',NULL,'{\"yearly_total\": 0}','{\"key\": \"monthly\", \"name\": \"ລາຍຈ່າຍປະຈຳເດືອນ\", \"fields_schema\": [{\"data_type\": \"text\", \"field_key\": \"item_name\", \"is_required\": true, \"default_label\": \"ລາຍການ\", \"default_value\": null, \"display_order\": 1, \"is_calculated\": false}, {\"data_type\": \"text\", \"field_key\": \"reference\", \"is_required\": false, \"default_label\": \"ອ້າງອີງ\", \"default_value\": null, \"display_order\": 2, \"is_calculated\": false}, {\"data_type\": \"number\", \"field_key\": \"amount_per_month\", \"is_required\": true, \"default_label\": \"ຕໍ່ເດືອນ\", \"default_value\": null, \"display_order\": 3, \"is_calculated\": false}, {\"data_type\": \"number\", \"field_key\": \"month_count\", \"is_required\": true, \"default_label\": \"ຈ/ນ\", \"default_value\": \"12\", \"display_order\": 4, \"is_calculated\": false}, {\"data_type\": \"number\", \"field_key\": \"yearly_total\", \"is_required\": false, \"default_label\": \"ໝົດປີ\", \"default_value\": null, \"display_order\": 5, \"is_calculated\": true}, {\"data_type\": \"text\", \"field_key\": \"note\", \"is_required\": false, \"default_label\": \"ໝາຍເຫດ\", \"default_value\": null, \"display_order\": 6, \"is_calculated\": false}], \"formula_schema\": {\"fields\": [\"amount_per_month\", \"month_count\"], \"operation\": \"multiply\"}}',2,2,'2026-06-19 05:17:26','2026-06-19 06:39:28'),(3143,20,78,463,49,163,1,'2027','monthly','ພາວິຊາຄະນິດສາດ','ພາວິຊາຄະນິດສາດ',NULL,'{\"yearly_total\": 0}','{\"key\": \"monthly\", \"name\": \"ລາຍຈ່າຍປະຈຳເດືອນ\", \"fields_schema\": [{\"data_type\": \"text\", \"field_key\": \"item_name\", \"is_required\": true, \"default_label\": \"ລາຍການ\", \"default_value\": null, \"display_order\": 1, \"is_calculated\": false}, {\"data_type\": \"text\", \"field_key\": \"reference\", \"is_required\": false, \"default_label\": \"ອ້າງອີງ\", \"default_value\": null, \"display_order\": 2, \"is_calculated\": false}, {\"data_type\": \"number\", \"field_key\": \"amount_per_month\", \"is_required\": true, \"default_label\": \"ຕໍ່ເດືອນ\", \"default_value\": null, \"display_order\": 3, \"is_calculated\": false}, {\"data_type\": \"number\", \"field_key\": \"month_count\", \"is_required\": true, \"default_label\": \"ຈ/ນ\", \"default_value\": \"12\", \"display_order\": 4, \"is_calculated\": false}, {\"data_type\": \"number\", \"field_key\": \"yearly_total\", \"is_required\": false, \"default_label\": \"ໝົດປີ\", \"default_value\": null, \"display_order\": 5, \"is_calculated\": true}, {\"data_type\": \"text\", \"field_key\": \"note\", \"is_required\": false, \"default_label\": \"ໝາຍເຫດ\", \"default_value\": null, \"display_order\": 6, \"is_calculated\": false}], \"formula_schema\": {\"fields\": [\"amount_per_month\", \"month_count\"], \"operation\": \"multiply\"}}',2,2,'2026-06-19 05:17:26','2026-06-19 06:39:28'),(3144,20,78,463,50,163,1,'2027','monthly','ພາກວິຊາຟິຊິກສາດ','ພາກວິຊາຟິຊິກສາດ',NULL,'{\"yearly_total\": 0}','{\"key\": \"monthly\", \"name\": \"ລາຍຈ່າຍປະຈຳເດືອນ\", \"fields_schema\": [{\"data_type\": \"text\", \"field_key\": \"item_name\", \"is_required\": true, \"default_label\": \"ລາຍການ\", \"default_value\": null, \"display_order\": 1, \"is_calculated\": false}, {\"data_type\": \"text\", \"field_key\": \"reference\", \"is_required\": false, \"default_label\": \"ອ້າງອີງ\", \"default_value\": null, \"display_order\": 2, \"is_calculated\": false}, {\"data_type\": \"number\", \"field_key\": \"amount_per_month\", \"is_required\": true, \"default_label\": \"ຕໍ່ເດືອນ\", \"default_value\": null, \"display_order\": 3, \"is_calculated\": false}, {\"data_type\": \"number\", \"field_key\": \"month_count\", \"is_required\": true, \"default_label\": \"ຈ/ນ\", \"default_value\": \"12\", \"display_order\": 4, \"is_calculated\": false}, {\"data_type\": \"number\", \"field_key\": \"yearly_total\", \"is_required\": false, \"default_label\": \"ໝົດປີ\", \"default_value\": null, \"display_order\": 5, \"is_calculated\": true}, {\"data_type\": \"text\", \"field_key\": \"note\", \"is_required\": false, \"default_label\": \"ໝາຍເຫດ\", \"default_value\": null, \"display_order\": 6, \"is_calculated\": false}], \"formula_schema\": {\"fields\": [\"amount_per_month\", \"month_count\"], \"operation\": \"multiply\"}}',2,2,'2026-06-19 05:17:26','2026-06-19 06:39:28'),(3145,20,78,463,51,163,1,'2027','monthly','ພາກວິຊາເຄມີສາດ','ພາກວິຊາເຄມີສາດ',NULL,'{\"yearly_total\": 0}','{\"key\": \"monthly\", \"name\": \"ລາຍຈ່າຍປະຈຳເດືອນ\", \"fields_schema\": [{\"data_type\": \"text\", \"field_key\": \"item_name\", \"is_required\": true, \"default_label\": \"ລາຍການ\", \"default_value\": null, \"display_order\": 1, \"is_calculated\": false}, {\"data_type\": \"text\", \"field_key\": \"reference\", \"is_required\": false, \"default_label\": \"ອ້າງອີງ\", \"default_value\": null, \"display_order\": 2, \"is_calculated\": false}, {\"data_type\": \"number\", \"field_key\": \"amount_per_month\", \"is_required\": true, \"default_label\": \"ຕໍ່ເດືອນ\", \"default_value\": null, \"display_order\": 3, \"is_calculated\": false}, {\"data_type\": \"number\", \"field_key\": \"month_count\", \"is_required\": true, \"default_label\": \"ຈ/ນ\", \"default_value\": \"12\", \"display_order\": 4, \"is_calculated\": false}, {\"data_type\": \"number\", \"field_key\": \"yearly_total\", \"is_required\": false, \"default_label\": \"ໝົດປີ\", \"default_value\": null, \"display_order\": 5, \"is_calculated\": true}, {\"data_type\": \"text\", \"field_key\": \"note\", \"is_required\": false, \"default_label\": \"ໝາຍເຫດ\", \"default_value\": null, \"display_order\": 6, \"is_calculated\": false}], \"formula_schema\": {\"fields\": [\"amount_per_month\", \"month_count\"], \"operation\": \"multiply\"}}',2,2,'2026-06-19 05:17:26','2026-06-19 06:39:28'),(3146,20,78,463,52,163,1,'2027','monthly','ພາກວິຊາຊີວະວິທະຍາ','ພາກວິຊາຊີວະວິທະຍາ',NULL,'{\"yearly_total\": 0}','{\"key\": \"monthly\", \"name\": \"ລາຍຈ່າຍປະຈຳເດືອນ\", \"fields_schema\": [{\"data_type\": \"text\", \"field_key\": \"item_name\", \"is_required\": true, \"default_label\": \"ລາຍການ\", \"default_value\": null, \"display_order\": 1, \"is_calculated\": false}, {\"data_type\": \"text\", \"field_key\": \"reference\", \"is_required\": false, \"default_label\": \"ອ້າງອີງ\", \"default_value\": null, \"display_order\": 2, \"is_calculated\": false}, {\"data_type\": \"number\", \"field_key\": \"amount_per_month\", \"is_required\": true, \"default_label\": \"ຕໍ່ເດືອນ\", \"default_value\": null, \"display_order\": 3, \"is_calculated\": false}, {\"data_type\": \"number\", \"field_key\": \"month_count\", \"is_required\": true, \"default_label\": \"ຈ/ນ\", \"default_value\": \"12\", \"display_order\": 4, \"is_calculated\": false}, {\"data_type\": \"number\", \"field_key\": \"yearly_total\", \"is_required\": false, \"default_label\": \"ໝົດປີ\", \"default_value\": null, \"display_order\": 5, \"is_calculated\": true}, {\"data_type\": \"text\", \"field_key\": \"note\", \"is_required\": false, \"default_label\": \"ໝາຍເຫດ\", \"default_value\": null, \"display_order\": 6, \"is_calculated\": false}], \"formula_schema\": {\"fields\": [\"amount_per_month\", \"month_count\"], \"operation\": \"multiply\"}}',2,2,'2026-06-19 05:17:26','2026-06-19 06:39:28'),(3147,20,78,463,53,163,1,'2027','monthly','ພາກວິຊາວິທະຍາສາດຄອມພິວເຕີ','ພາກວິຊາວິທະຍາສາດຄອມພິວເຕີ',NULL,'{\"yearly_total\": 0}','{\"key\": \"monthly\", \"name\": \"ລາຍຈ່າຍປະຈຳເດືອນ\", \"fields_schema\": [{\"data_type\": \"text\", \"field_key\": \"item_name\", \"is_required\": true, \"default_label\": \"ລາຍການ\", \"default_value\": null, \"display_order\": 1, \"is_calculated\": false}, {\"data_type\": \"text\", \"field_key\": \"reference\", \"is_required\": false, \"default_label\": \"ອ້າງອີງ\", \"default_value\": null, \"display_order\": 2, \"is_calculated\": false}, {\"data_type\": \"number\", \"field_key\": \"amount_per_month\", \"is_required\": true, \"default_label\": \"ຕໍ່ເດືອນ\", \"default_value\": null, \"display_order\": 3, \"is_calculated\": false}, {\"data_type\": \"number\", \"field_key\": \"month_count\", \"is_required\": true, \"default_label\": \"ຈ/ນ\", \"default_value\": \"12\", \"display_order\": 4, \"is_calculated\": false}, {\"data_type\": \"number\", \"field_key\": \"yearly_total\", \"is_required\": false, \"default_label\": \"ໝົດປີ\", \"default_value\": null, \"display_order\": 5, \"is_calculated\": true}, {\"data_type\": \"text\", \"field_key\": \"note\", \"is_required\": false, \"default_label\": \"ໝາຍເຫດ\", \"default_value\": null, \"display_order\": 6, \"is_calculated\": false}], \"formula_schema\": {\"fields\": [\"amount_per_month\", \"month_count\"], \"operation\": \"multiply\"}}',2,2,'2026-06-19 05:17:26','2026-06-19 06:39:28'),(3148,20,78,463,54,163,1,'2027','monthly','ພະແນກວິຊາການ','ພະແນກວິຊາການ',NULL,'{\"yearly_total\": 0}','{\"key\": \"monthly\", \"name\": \"ລາຍຈ່າຍປະຈຳເດືອນ\", \"fields_schema\": [{\"data_type\": \"text\", \"field_key\": \"item_name\", \"is_required\": true, \"default_label\": \"ລາຍການ\", \"default_value\": null, \"display_order\": 1, \"is_calculated\": false}, {\"data_type\": \"text\", \"field_key\": \"reference\", \"is_required\": false, \"default_label\": \"ອ້າງອີງ\", \"default_value\": null, \"display_order\": 2, \"is_calculated\": false}, {\"data_type\": \"number\", \"field_key\": \"amount_per_month\", \"is_required\": true, \"default_label\": \"ຕໍ່ເດືອນ\", \"default_value\": null, \"display_order\": 3, \"is_calculated\": false}, {\"data_type\": \"number\", \"field_key\": \"month_count\", \"is_required\": true, \"default_label\": \"ຈ/ນ\", \"default_value\": \"12\", \"display_order\": 4, \"is_calculated\": false}, {\"data_type\": \"number\", \"field_key\": \"yearly_total\", \"is_required\": false, \"default_label\": \"ໝົດປີ\", \"default_value\": null, \"display_order\": 5, \"is_calculated\": true}, {\"data_type\": \"text\", \"field_key\": \"note\", \"is_required\": false, \"default_label\": \"ໝາຍເຫດ\", \"default_value\": null, \"display_order\": 6, \"is_calculated\": false}], \"formula_schema\": {\"fields\": [\"amount_per_month\", \"month_count\"], \"operation\": \"multiply\"}}',2,2,'2026-06-19 05:17:26','2026-06-19 06:39:28'),(3149,20,78,463,55,163,1,'2027','monthly','ພະແນກຈັດຕັ້ງສັງລວມ','ພະແນກຈັດຕັ້ງສັງລວມ',NULL,'{\"yearly_total\": 0}','{\"key\": \"monthly\", \"name\": \"ລາຍຈ່າຍປະຈຳເດືອນ\", \"fields_schema\": [{\"data_type\": \"text\", \"field_key\": \"item_name\", \"is_required\": true, \"default_label\": \"ລາຍການ\", \"default_value\": null, \"display_order\": 1, \"is_calculated\": false}, {\"data_type\": \"text\", \"field_key\": \"reference\", \"is_required\": false, \"default_label\": \"ອ້າງອີງ\", \"default_value\": null, \"display_order\": 2, \"is_calculated\": false}, {\"data_type\": \"number\", \"field_key\": \"amount_per_month\", \"is_required\": true, \"default_label\": \"ຕໍ່ເດືອນ\", \"default_value\": null, \"display_order\": 3, \"is_calculated\": false}, {\"data_type\": \"number\", \"field_key\": \"month_count\", \"is_required\": true, \"default_label\": \"ຈ/ນ\", \"default_value\": \"12\", \"display_order\": 4, \"is_calculated\": false}, {\"data_type\": \"number\", \"field_key\": \"yearly_total\", \"is_required\": false, \"default_label\": \"ໝົດປີ\", \"default_value\": null, \"display_order\": 5, \"is_calculated\": true}, {\"data_type\": \"text\", \"field_key\": \"note\", \"is_required\": false, \"default_label\": \"ໝາຍເຫດ\", \"default_value\": null, \"display_order\": 6, \"is_calculated\": false}], \"formula_schema\": {\"fields\": [\"amount_per_month\", \"month_count\"], \"operation\": \"multiply\"}}',2,2,'2026-06-19 05:17:26','2026-06-19 06:39:28'),(3150,20,78,463,56,163,1,'2027','monthly','ພະແນກການເງິນ-ຊັບສິນ','ພະແນກການເງິນ-ຊັບສິນ',NULL,'{\"yearly_total\": 0}','{\"key\": \"monthly\", \"name\": \"ລາຍຈ່າຍປະຈຳເດືອນ\", \"fields_schema\": [{\"data_type\": \"text\", \"field_key\": \"item_name\", \"is_required\": true, \"default_label\": \"ລາຍການ\", \"default_value\": null, \"display_order\": 1, \"is_calculated\": false}, {\"data_type\": \"text\", \"field_key\": \"reference\", \"is_required\": false, \"default_label\": \"ອ້າງອີງ\", \"default_value\": null, \"display_order\": 2, \"is_calculated\": false}, {\"data_type\": \"number\", \"field_key\": \"amount_per_month\", \"is_required\": true, \"default_label\": \"ຕໍ່ເດືອນ\", \"default_value\": null, \"display_order\": 3, \"is_calculated\": false}, {\"data_type\": \"number\", \"field_key\": \"month_count\", \"is_required\": true, \"default_label\": \"ຈ/ນ\", \"default_value\": \"12\", \"display_order\": 4, \"is_calculated\": false}, {\"data_type\": \"number\", \"field_key\": \"yearly_total\", \"is_required\": false, \"default_label\": \"ໝົດປີ\", \"default_value\": null, \"display_order\": 5, \"is_calculated\": true}, {\"data_type\": \"text\", \"field_key\": \"note\", \"is_required\": false, \"default_label\": \"ໝາຍເຫດ\", \"default_value\": null, \"display_order\": 6, \"is_calculated\": false}], \"formula_schema\": {\"fields\": [\"amount_per_month\", \"month_count\"], \"operation\": \"multiply\"}}',2,2,'2026-06-19 05:17:26','2026-06-19 06:39:28'),(3151,20,78,463,57,163,1,'2027','monthly','ພະແນກຄຸ້ມຄອງນັກສຶກສາ','ພະແນກຄຸ້ມຄອງນັກສຶກສາ',NULL,'{\"yearly_total\": 0}','{\"key\": \"monthly\", \"name\": \"ລາຍຈ່າຍປະຈຳເດືອນ\", \"fields_schema\": [{\"data_type\": \"text\", \"field_key\": \"item_name\", \"is_required\": true, \"default_label\": \"ລາຍການ\", \"default_value\": null, \"display_order\": 1, \"is_calculated\": false}, {\"data_type\": \"text\", \"field_key\": \"reference\", \"is_required\": false, \"default_label\": \"ອ້າງອີງ\", \"default_value\": null, \"display_order\": 2, \"is_calculated\": false}, {\"data_type\": \"number\", \"field_key\": \"amount_per_month\", \"is_required\": true, \"default_label\": \"ຕໍ່ເດືອນ\", \"default_value\": null, \"display_order\": 3, \"is_calculated\": false}, {\"data_type\": \"number\", \"field_key\": \"month_count\", \"is_required\": true, \"default_label\": \"ຈ/ນ\", \"default_value\": \"12\", \"display_order\": 4, \"is_calculated\": false}, {\"data_type\": \"number\", \"field_key\": \"yearly_total\", \"is_required\": false, \"default_label\": \"ໝົດປີ\", \"default_value\": null, \"display_order\": 5, \"is_calculated\": true}, {\"data_type\": \"text\", \"field_key\": \"note\", \"is_required\": false, \"default_label\": \"ໝາຍເຫດ\", \"default_value\": null, \"display_order\": 6, \"is_calculated\": false}], \"formula_schema\": {\"fields\": [\"amount_per_month\", \"month_count\"], \"operation\": \"multiply\"}}',2,2,'2026-06-19 05:17:26','2026-06-19 06:39:28'),(3152,20,78,463,58,163,1,'2027','monthly','ພະແນກຄົ້ນຄົ້ວ ແລະ ບໍລິການວິຊາການ','ພະແນກຄົ້ນຄົ້ວ ແລະ ບໍລິການວິຊາການ',NULL,'{\"yearly_total\": 0}','{\"key\": \"monthly\", \"name\": \"ລາຍຈ່າຍປະຈຳເດືອນ\", \"fields_schema\": [{\"data_type\": \"text\", \"field_key\": \"item_name\", \"is_required\": true, \"default_label\": \"ລາຍການ\", \"default_value\": null, \"display_order\": 1, \"is_calculated\": false}, {\"data_type\": \"text\", \"field_key\": \"reference\", \"is_required\": false, \"default_label\": \"ອ້າງອີງ\", \"default_value\": null, \"display_order\": 2, \"is_calculated\": false}, {\"data_type\": \"number\", \"field_key\": \"amount_per_month\", \"is_required\": true, \"default_label\": \"ຕໍ່ເດືອນ\", \"default_value\": null, \"display_order\": 3, \"is_calculated\": false}, {\"data_type\": \"number\", \"field_key\": \"month_count\", \"is_required\": true, \"default_label\": \"ຈ/ນ\", \"default_value\": \"12\", \"display_order\": 4, \"is_calculated\": false}, {\"data_type\": \"number\", \"field_key\": \"yearly_total\", \"is_required\": false, \"default_label\": \"ໝົດປີ\", \"default_value\": null, \"display_order\": 5, \"is_calculated\": true}, {\"data_type\": \"text\", \"field_key\": \"note\", \"is_required\": false, \"default_label\": \"ໝາຍເຫດ\", \"default_value\": null, \"display_order\": 6, \"is_calculated\": false}], \"formula_schema\": {\"fields\": [\"amount_per_month\", \"month_count\"], \"operation\": \"multiply\"}}',2,2,'2026-06-19 05:17:26','2026-06-19 06:39:28'),(3153,20,78,463,59,163,1,'2027','monthly','ພະແນກຫຼັງປະລິນຍາຕີ','ພະແນກຫຼັງປະລິນຍາຕີ',NULL,'{\"yearly_total\": 0}','{\"key\": \"monthly\", \"name\": \"ລາຍຈ່າຍປະຈຳເດືອນ\", \"fields_schema\": [{\"data_type\": \"text\", \"field_key\": \"item_name\", \"is_required\": true, \"default_label\": \"ລາຍການ\", \"default_value\": null, \"display_order\": 1, \"is_calculated\": false}, {\"data_type\": \"text\", \"field_key\": \"reference\", \"is_required\": false, \"default_label\": \"ອ້າງອີງ\", \"default_value\": null, \"display_order\": 2, \"is_calculated\": false}, {\"data_type\": \"number\", \"field_key\": \"amount_per_month\", \"is_required\": true, \"default_label\": \"ຕໍ່ເດືອນ\", \"default_value\": null, \"display_order\": 3, \"is_calculated\": false}, {\"data_type\": \"number\", \"field_key\": \"month_count\", \"is_required\": true, \"default_label\": \"ຈ/ນ\", \"default_value\": \"12\", \"display_order\": 4, \"is_calculated\": false}, {\"data_type\": \"number\", \"field_key\": \"yearly_total\", \"is_required\": false, \"default_label\": \"ໝົດປີ\", \"default_value\": null, \"display_order\": 5, \"is_calculated\": true}, {\"data_type\": \"text\", \"field_key\": \"note\", \"is_required\": false, \"default_label\": \"ໝາຍເຫດ\", \"default_value\": null, \"display_order\": 6, \"is_calculated\": false}], \"formula_schema\": {\"fields\": [\"amount_per_month\", \"month_count\"], \"operation\": \"multiply\"}}',2,2,'2026-06-19 05:17:26','2026-06-19 06:39:28'),(3154,20,78,464,60,164,1,'2027','monthly','ສຳນັກຄະນະບໍດີ','ສຳນັກຄະນະບໍດີ',NULL,'{\"yearly_total\": 0}','{\"key\": \"monthly\", \"name\": \"ລາຍຈ່າຍປະຈຳເດືອນ\", \"fields_schema\": [{\"data_type\": \"text\", \"field_key\": \"item_name\", \"is_required\": true, \"default_label\": \"ລາຍການ\", \"default_value\": null, \"display_order\": 1, \"is_calculated\": false}, {\"data_type\": \"text\", \"field_key\": \"reference\", \"is_required\": false, \"default_label\": \"ອ້າງອີງ\", \"default_value\": null, \"display_order\": 2, \"is_calculated\": false}, {\"data_type\": \"number\", \"field_key\": \"amount_per_month\", \"is_required\": true, \"default_label\": \"ຕໍ່ເດືອນ\", \"default_value\": null, \"display_order\": 3, \"is_calculated\": false}, {\"data_type\": \"number\", \"field_key\": \"month_count\", \"is_required\": true, \"default_label\": \"ຈ/ນ\", \"default_value\": \"12\", \"display_order\": 4, \"is_calculated\": false}, {\"data_type\": \"number\", \"field_key\": \"yearly_total\", \"is_required\": false, \"default_label\": \"ໝົດປີ\", \"default_value\": null, \"display_order\": 5, \"is_calculated\": true}, {\"data_type\": \"text\", \"field_key\": \"note\", \"is_required\": false, \"default_label\": \"ໝາຍເຫດ\", \"default_value\": null, \"display_order\": 6, \"is_calculated\": false}], \"formula_schema\": {\"fields\": [\"amount_per_month\", \"month_count\"], \"operation\": \"multiply\"}}',2,2,'2026-06-19 05:17:26','2026-06-19 06:39:28'),(3155,20,78,464,61,164,1,'2027','monthly','ພາວິຊາຄະນິດສາດ','ພາວິຊາຄະນິດສາດ',NULL,'{\"yearly_total\": 0}','{\"key\": \"monthly\", \"name\": \"ລາຍຈ່າຍປະຈຳເດືອນ\", \"fields_schema\": [{\"data_type\": \"text\", \"field_key\": \"item_name\", \"is_required\": true, \"default_label\": \"ລາຍການ\", \"default_value\": null, \"display_order\": 1, \"is_calculated\": false}, {\"data_type\": \"text\", \"field_key\": \"reference\", \"is_required\": false, \"default_label\": \"ອ້າງອີງ\", \"default_value\": null, \"display_order\": 2, \"is_calculated\": false}, {\"data_type\": \"number\", \"field_key\": \"amount_per_month\", \"is_required\": true, \"default_label\": \"ຕໍ່ເດືອນ\", \"default_value\": null, \"display_order\": 3, \"is_calculated\": false}, {\"data_type\": \"number\", \"field_key\": \"month_count\", \"is_required\": true, \"default_label\": \"ຈ/ນ\", \"default_value\": \"12\", \"display_order\": 4, \"is_calculated\": false}, {\"data_type\": \"number\", \"field_key\": \"yearly_total\", \"is_required\": false, \"default_label\": \"ໝົດປີ\", \"default_value\": null, \"display_order\": 5, \"is_calculated\": true}, {\"data_type\": \"text\", \"field_key\": \"note\", \"is_required\": false, \"default_label\": \"ໝາຍເຫດ\", \"default_value\": null, \"display_order\": 6, \"is_calculated\": false}], \"formula_schema\": {\"fields\": [\"amount_per_month\", \"month_count\"], \"operation\": \"multiply\"}}',2,2,'2026-06-19 05:17:26','2026-06-19 06:39:28'),(3156,20,78,464,62,164,1,'2027','monthly','ພາກວິຊາຟິຊິກສາດ','ພາກວິຊາຟິຊິກສາດ',NULL,'{\"yearly_total\": 0}','{\"key\": \"monthly\", \"name\": \"ລາຍຈ່າຍປະຈຳເດືອນ\", \"fields_schema\": [{\"data_type\": \"text\", \"field_key\": \"item_name\", \"is_required\": true, \"default_label\": \"ລາຍການ\", \"default_value\": null, \"display_order\": 1, \"is_calculated\": false}, {\"data_type\": \"text\", \"field_key\": \"reference\", \"is_required\": false, \"default_label\": \"ອ້າງອີງ\", \"default_value\": null, \"display_order\": 2, \"is_calculated\": false}, {\"data_type\": \"number\", \"field_key\": \"amount_per_month\", \"is_required\": true, \"default_label\": \"ຕໍ່ເດືອນ\", \"default_value\": null, \"display_order\": 3, \"is_calculated\": false}, {\"data_type\": \"number\", \"field_key\": \"month_count\", \"is_required\": true, \"default_label\": \"ຈ/ນ\", \"default_value\": \"12\", \"display_order\": 4, \"is_calculated\": false}, {\"data_type\": \"number\", \"field_key\": \"yearly_total\", \"is_required\": false, \"default_label\": \"ໝົດປີ\", \"default_value\": null, \"display_order\": 5, \"is_calculated\": true}, {\"data_type\": \"text\", \"field_key\": \"note\", \"is_required\": false, \"default_label\": \"ໝາຍເຫດ\", \"default_value\": null, \"display_order\": 6, \"is_calculated\": false}], \"formula_schema\": {\"fields\": [\"amount_per_month\", \"month_count\"], \"operation\": \"multiply\"}}',2,2,'2026-06-19 05:17:26','2026-06-19 06:39:28'),(3157,20,78,464,63,164,1,'2027','monthly','ພາກວິຊາເຄມີສາດ','ພາກວິຊາເຄມີສາດ',NULL,'{\"yearly_total\": 0}','{\"key\": \"monthly\", \"name\": \"ລາຍຈ່າຍປະຈຳເດືອນ\", \"fields_schema\": [{\"data_type\": \"text\", \"field_key\": \"item_name\", \"is_required\": true, \"default_label\": \"ລາຍການ\", \"default_value\": null, \"display_order\": 1, \"is_calculated\": false}, {\"data_type\": \"text\", \"field_key\": \"reference\", \"is_required\": false, \"default_label\": \"ອ້າງອີງ\", \"default_value\": null, \"display_order\": 2, \"is_calculated\": false}, {\"data_type\": \"number\", \"field_key\": \"amount_per_month\", \"is_required\": true, \"default_label\": \"ຕໍ່ເດືອນ\", \"default_value\": null, \"display_order\": 3, \"is_calculated\": false}, {\"data_type\": \"number\", \"field_key\": \"month_count\", \"is_required\": true, \"default_label\": \"ຈ/ນ\", \"default_value\": \"12\", \"display_order\": 4, \"is_calculated\": false}, {\"data_type\": \"number\", \"field_key\": \"yearly_total\", \"is_required\": false, \"default_label\": \"ໝົດປີ\", \"default_value\": null, \"display_order\": 5, \"is_calculated\": true}, {\"data_type\": \"text\", \"field_key\": \"note\", \"is_required\": false, \"default_label\": \"ໝາຍເຫດ\", \"default_value\": null, \"display_order\": 6, \"is_calculated\": false}], \"formula_schema\": {\"fields\": [\"amount_per_month\", \"month_count\"], \"operation\": \"multiply\"}}',2,2,'2026-06-19 05:17:26','2026-06-19 06:39:28'),(3158,20,78,464,64,164,1,'2027','monthly','ພາກວິຊາຊີວະວິທະຍາ','ພາກວິຊາຊີວະວິທະຍາ',NULL,'{\"yearly_total\": 0}','{\"key\": \"monthly\", \"name\": \"ລາຍຈ່າຍປະຈຳເດືອນ\", \"fields_schema\": [{\"data_type\": \"text\", \"field_key\": \"item_name\", \"is_required\": true, \"default_label\": \"ລາຍການ\", \"default_value\": null, \"display_order\": 1, \"is_calculated\": false}, {\"data_type\": \"text\", \"field_key\": \"reference\", \"is_required\": false, \"default_label\": \"ອ້າງອີງ\", \"default_value\": null, \"display_order\": 2, \"is_calculated\": false}, {\"data_type\": \"number\", \"field_key\": \"amount_per_month\", \"is_required\": true, \"default_label\": \"ຕໍ່ເດືອນ\", \"default_value\": null, \"display_order\": 3, \"is_calculated\": false}, {\"data_type\": \"number\", \"field_key\": \"month_count\", \"is_required\": true, \"default_label\": \"ຈ/ນ\", \"default_value\": \"12\", \"display_order\": 4, \"is_calculated\": false}, {\"data_type\": \"number\", \"field_key\": \"yearly_total\", \"is_required\": false, \"default_label\": \"ໝົດປີ\", \"default_value\": null, \"display_order\": 5, \"is_calculated\": true}, {\"data_type\": \"text\", \"field_key\": \"note\", \"is_required\": false, \"default_label\": \"ໝາຍເຫດ\", \"default_value\": null, \"display_order\": 6, \"is_calculated\": false}], \"formula_schema\": {\"fields\": [\"amount_per_month\", \"month_count\"], \"operation\": \"multiply\"}}',2,2,'2026-06-19 05:17:26','2026-06-19 06:39:28'),(3159,20,78,464,65,164,1,'2027','monthly','ພາກວິຊາວິທະຍາສາດຄອມພິວເຕີ','ພາກວິຊາວິທະຍາສາດຄອມພິວເຕີ',NULL,'{\"yearly_total\": 0}','{\"key\": \"monthly\", \"name\": \"ລາຍຈ່າຍປະຈຳເດືອນ\", \"fields_schema\": [{\"data_type\": \"text\", \"field_key\": \"item_name\", \"is_required\": true, \"default_label\": \"ລາຍການ\", \"default_value\": null, \"display_order\": 1, \"is_calculated\": false}, {\"data_type\": \"text\", \"field_key\": \"reference\", \"is_required\": false, \"default_label\": \"ອ້າງອີງ\", \"default_value\": null, \"display_order\": 2, \"is_calculated\": false}, {\"data_type\": \"number\", \"field_key\": \"amount_per_month\", \"is_required\": true, \"default_label\": \"ຕໍ່ເດືອນ\", \"default_value\": null, \"display_order\": 3, \"is_calculated\": false}, {\"data_type\": \"number\", \"field_key\": \"month_count\", \"is_required\": true, \"default_label\": \"ຈ/ນ\", \"default_value\": \"12\", \"display_order\": 4, \"is_calculated\": false}, {\"data_type\": \"number\", \"field_key\": \"yearly_total\", \"is_required\": false, \"default_label\": \"ໝົດປີ\", \"default_value\": null, \"display_order\": 5, \"is_calculated\": true}, {\"data_type\": \"text\", \"field_key\": \"note\", \"is_required\": false, \"default_label\": \"ໝາຍເຫດ\", \"default_value\": null, \"display_order\": 6, \"is_calculated\": false}], \"formula_schema\": {\"fields\": [\"amount_per_month\", \"month_count\"], \"operation\": \"multiply\"}}',2,2,'2026-06-19 05:17:26','2026-06-19 06:39:28'),(3160,20,78,464,66,164,1,'2027','monthly','ພະແນກວິຊາການ','ພະແນກວິຊາການ',NULL,'{\"yearly_total\": 0}','{\"key\": \"monthly\", \"name\": \"ລາຍຈ່າຍປະຈຳເດືອນ\", \"fields_schema\": [{\"data_type\": \"text\", \"field_key\": \"item_name\", \"is_required\": true, \"default_label\": \"ລາຍການ\", \"default_value\": null, \"display_order\": 1, \"is_calculated\": false}, {\"data_type\": \"text\", \"field_key\": \"reference\", \"is_required\": false, \"default_label\": \"ອ້າງອີງ\", \"default_value\": null, \"display_order\": 2, \"is_calculated\": false}, {\"data_type\": \"number\", \"field_key\": \"amount_per_month\", \"is_required\": true, \"default_label\": \"ຕໍ່ເດືອນ\", \"default_value\": null, \"display_order\": 3, \"is_calculated\": false}, {\"data_type\": \"number\", \"field_key\": \"month_count\", \"is_required\": true, \"default_label\": \"ຈ/ນ\", \"default_value\": \"12\", \"display_order\": 4, \"is_calculated\": false}, {\"data_type\": \"number\", \"field_key\": \"yearly_total\", \"is_required\": false, \"default_label\": \"ໝົດປີ\", \"default_value\": null, \"display_order\": 5, \"is_calculated\": true}, {\"data_type\": \"text\", \"field_key\": \"note\", \"is_required\": false, \"default_label\": \"ໝາຍເຫດ\", \"default_value\": null, \"display_order\": 6, \"is_calculated\": false}], \"formula_schema\": {\"fields\": [\"amount_per_month\", \"month_count\"], \"operation\": \"multiply\"}}',2,2,'2026-06-19 05:17:26','2026-06-19 06:39:28'),(3161,20,78,464,67,164,1,'2027','monthly','ພະແນກຈັດຕັ້ງສັງລວມ','ພະແນກຈັດຕັ້ງສັງລວມ',NULL,'{\"yearly_total\": 0}','{\"key\": \"monthly\", \"name\": \"ລາຍຈ່າຍປະຈຳເດືອນ\", \"fields_schema\": [{\"data_type\": \"text\", \"field_key\": \"item_name\", \"is_required\": true, \"default_label\": \"ລາຍການ\", \"default_value\": null, \"display_order\": 1, \"is_calculated\": false}, {\"data_type\": \"text\", \"field_key\": \"reference\", \"is_required\": false, \"default_label\": \"ອ້າງອີງ\", \"default_value\": null, \"display_order\": 2, \"is_calculated\": false}, {\"data_type\": \"number\", \"field_key\": \"amount_per_month\", \"is_required\": true, \"default_label\": \"ຕໍ່ເດືອນ\", \"default_value\": null, \"display_order\": 3, \"is_calculated\": false}, {\"data_type\": \"number\", \"field_key\": \"month_count\", \"is_required\": true, \"default_label\": \"ຈ/ນ\", \"default_value\": \"12\", \"display_order\": 4, \"is_calculated\": false}, {\"data_type\": \"number\", \"field_key\": \"yearly_total\", \"is_required\": false, \"default_label\": \"ໝົດປີ\", \"default_value\": null, \"display_order\": 5, \"is_calculated\": true}, {\"data_type\": \"text\", \"field_key\": \"note\", \"is_required\": false, \"default_label\": \"ໝາຍເຫດ\", \"default_value\": null, \"display_order\": 6, \"is_calculated\": false}], \"formula_schema\": {\"fields\": [\"amount_per_month\", \"month_count\"], \"operation\": \"multiply\"}}',2,2,'2026-06-19 05:17:26','2026-06-19 06:39:28'),(3162,20,78,464,68,164,1,'2027','monthly','ພະແນກການເງິນ-ຊັບສິນ','ພະແນກການເງິນ-ຊັບສິນ',NULL,'{\"yearly_total\": 0}','{\"key\": \"monthly\", \"name\": \"ລາຍຈ່າຍປະຈຳເດືອນ\", \"fields_schema\": [{\"data_type\": \"text\", \"field_key\": \"item_name\", \"is_required\": true, \"default_label\": \"ລາຍການ\", \"default_value\": null, \"display_order\": 1, \"is_calculated\": false}, {\"data_type\": \"text\", \"field_key\": \"reference\", \"is_required\": false, \"default_label\": \"ອ້າງອີງ\", \"default_value\": null, \"display_order\": 2, \"is_calculated\": false}, {\"data_type\": \"number\", \"field_key\": \"amount_per_month\", \"is_required\": true, \"default_label\": \"ຕໍ່ເດືອນ\", \"default_value\": null, \"display_order\": 3, \"is_calculated\": false}, {\"data_type\": \"number\", \"field_key\": \"month_count\", \"is_required\": true, \"default_label\": \"ຈ/ນ\", \"default_value\": \"12\", \"display_order\": 4, \"is_calculated\": false}, {\"data_type\": \"number\", \"field_key\": \"yearly_total\", \"is_required\": false, \"default_label\": \"ໝົດປີ\", \"default_value\": null, \"display_order\": 5, \"is_calculated\": true}, {\"data_type\": \"text\", \"field_key\": \"note\", \"is_required\": false, \"default_label\": \"ໝາຍເຫດ\", \"default_value\": null, \"display_order\": 6, \"is_calculated\": false}], \"formula_schema\": {\"fields\": [\"amount_per_month\", \"month_count\"], \"operation\": \"multiply\"}}',2,2,'2026-06-19 05:17:26','2026-06-19 06:39:28'),(3163,20,78,464,69,164,1,'2027','monthly','ພະແນກຄຸ້ມຄອງນັກສຶກສາ','ພະແນກຄຸ້ມຄອງນັກສຶກສາ',NULL,'{\"yearly_total\": 0}','{\"key\": \"monthly\", \"name\": \"ລາຍຈ່າຍປະຈຳເດືອນ\", \"fields_schema\": [{\"data_type\": \"text\", \"field_key\": \"item_name\", \"is_required\": true, \"default_label\": \"ລາຍການ\", \"default_value\": null, \"display_order\": 1, \"is_calculated\": false}, {\"data_type\": \"text\", \"field_key\": \"reference\", \"is_required\": false, \"default_label\": \"ອ້າງອີງ\", \"default_value\": null, \"display_order\": 2, \"is_calculated\": false}, {\"data_type\": \"number\", \"field_key\": \"amount_per_month\", \"is_required\": true, \"default_label\": \"ຕໍ່ເດືອນ\", \"default_value\": null, \"display_order\": 3, \"is_calculated\": false}, {\"data_type\": \"number\", \"field_key\": \"month_count\", \"is_required\": true, \"default_label\": \"ຈ/ນ\", \"default_value\": \"12\", \"display_order\": 4, \"is_calculated\": false}, {\"data_type\": \"number\", \"field_key\": \"yearly_total\", \"is_required\": false, \"default_label\": \"ໝົດປີ\", \"default_value\": null, \"display_order\": 5, \"is_calculated\": true}, {\"data_type\": \"text\", \"field_key\": \"note\", \"is_required\": false, \"default_label\": \"ໝາຍເຫດ\", \"default_value\": null, \"display_order\": 6, \"is_calculated\": false}], \"formula_schema\": {\"fields\": [\"amount_per_month\", \"month_count\"], \"operation\": \"multiply\"}}',2,2,'2026-06-19 05:17:26','2026-06-19 06:39:28'),(3164,20,78,464,70,164,1,'2027','monthly','ພະແນກຄົ້ນຄົ້ວ ແລະ ບໍລິການວິຊາການ','ພະແນກຄົ້ນຄົ້ວ ແລະ ບໍລິການວິຊາການ',NULL,'{\"yearly_total\": 0}','{\"key\": \"monthly\", \"name\": \"ລາຍຈ່າຍປະຈຳເດືອນ\", \"fields_schema\": [{\"data_type\": \"text\", \"field_key\": \"item_name\", \"is_required\": true, \"default_label\": \"ລາຍການ\", \"default_value\": null, \"display_order\": 1, \"is_calculated\": false}, {\"data_type\": \"text\", \"field_key\": \"reference\", \"is_required\": false, \"default_label\": \"ອ້າງອີງ\", \"default_value\": null, \"display_order\": 2, \"is_calculated\": false}, {\"data_type\": \"number\", \"field_key\": \"amount_per_month\", \"is_required\": true, \"default_label\": \"ຕໍ່ເດືອນ\", \"default_value\": null, \"display_order\": 3, \"is_calculated\": false}, {\"data_type\": \"number\", \"field_key\": \"month_count\", \"is_required\": true, \"default_label\": \"ຈ/ນ\", \"default_value\": \"12\", \"display_order\": 4, \"is_calculated\": false}, {\"data_type\": \"number\", \"field_key\": \"yearly_total\", \"is_required\": false, \"default_label\": \"ໝົດປີ\", \"default_value\": null, \"display_order\": 5, \"is_calculated\": true}, {\"data_type\": \"text\", \"field_key\": \"note\", \"is_required\": false, \"default_label\": \"ໝາຍເຫດ\", \"default_value\": null, \"display_order\": 6, \"is_calculated\": false}], \"formula_schema\": {\"fields\": [\"amount_per_month\", \"month_count\"], \"operation\": \"multiply\"}}',2,2,'2026-06-19 05:17:26','2026-06-19 06:39:28'),(3165,20,78,464,71,164,1,'2027','monthly','ພະແນກຫຼັງປະລິນຍາຕີ','ພະແນກຫຼັງປະລິນຍາຕີ',NULL,'{\"yearly_total\": 0}','{\"key\": \"monthly\", \"name\": \"ລາຍຈ່າຍປະຈຳເດືອນ\", \"fields_schema\": [{\"data_type\": \"text\", \"field_key\": \"item_name\", \"is_required\": true, \"default_label\": \"ລາຍການ\", \"default_value\": null, \"display_order\": 1, \"is_calculated\": false}, {\"data_type\": \"text\", \"field_key\": \"reference\", \"is_required\": false, \"default_label\": \"ອ້າງອີງ\", \"default_value\": null, \"display_order\": 2, \"is_calculated\": false}, {\"data_type\": \"number\", \"field_key\": \"amount_per_month\", \"is_required\": true, \"default_label\": \"ຕໍ່ເດືອນ\", \"default_value\": null, \"display_order\": 3, \"is_calculated\": false}, {\"data_type\": \"number\", \"field_key\": \"month_count\", \"is_required\": true, \"default_label\": \"ຈ/ນ\", \"default_value\": \"12\", \"display_order\": 4, \"is_calculated\": false}, {\"data_type\": \"number\", \"field_key\": \"yearly_total\", \"is_required\": false, \"default_label\": \"ໝົດປີ\", \"default_value\": null, \"display_order\": 5, \"is_calculated\": true}, {\"data_type\": \"text\", \"field_key\": \"note\", \"is_required\": false, \"default_label\": \"ໝາຍເຫດ\", \"default_value\": null, \"display_order\": 6, \"is_calculated\": false}], \"formula_schema\": {\"fields\": [\"amount_per_month\", \"month_count\"], \"operation\": \"multiply\"}}',2,2,'2026-06-19 05:17:26','2026-06-19 06:39:28'),(3166,20,78,465,72,165,1,'2027','monthly','ສຳນັກຄະນະບໍດີ','ສຳນັກຄະນະບໍດີ',NULL,'{\"yearly_total\": 0}','{\"key\": \"monthly\", \"name\": \"ລາຍຈ່າຍປະຈຳເດືອນ\", \"fields_schema\": [{\"data_type\": \"text\", \"field_key\": \"item_name\", \"is_required\": true, \"default_label\": \"ລາຍການ\", \"default_value\": null, \"display_order\": 1, \"is_calculated\": false}, {\"data_type\": \"text\", \"field_key\": \"reference\", \"is_required\": false, \"default_label\": \"ອ້າງອີງ\", \"default_value\": null, \"display_order\": 2, \"is_calculated\": false}, {\"data_type\": \"number\", \"field_key\": \"amount_per_month\", \"is_required\": true, \"default_label\": \"ຕໍ່ເດືອນ\", \"default_value\": null, \"display_order\": 3, \"is_calculated\": false}, {\"data_type\": \"number\", \"field_key\": \"month_count\", \"is_required\": true, \"default_label\": \"ຈ/ນ\", \"default_value\": \"12\", \"display_order\": 4, \"is_calculated\": false}, {\"data_type\": \"number\", \"field_key\": \"yearly_total\", \"is_required\": false, \"default_label\": \"ໝົດປີ\", \"default_value\": null, \"display_order\": 5, \"is_calculated\": true}, {\"data_type\": \"text\", \"field_key\": \"note\", \"is_required\": false, \"default_label\": \"ໝາຍເຫດ\", \"default_value\": null, \"display_order\": 6, \"is_calculated\": false}], \"formula_schema\": {\"fields\": [\"amount_per_month\", \"month_count\"], \"operation\": \"multiply\"}}',2,2,'2026-06-19 05:17:26','2026-06-19 06:39:28'),(3167,20,78,465,73,165,1,'2027','monthly','ພາວິຊາຄະນິດສາດ','ພາວິຊາຄະນິດສາດ',NULL,'{\"yearly_total\": 0}','{\"key\": \"monthly\", \"name\": \"ລາຍຈ່າຍປະຈຳເດືອນ\", \"fields_schema\": [{\"data_type\": \"text\", \"field_key\": \"item_name\", \"is_required\": true, \"default_label\": \"ລາຍການ\", \"default_value\": null, \"display_order\": 1, \"is_calculated\": false}, {\"data_type\": \"text\", \"field_key\": \"reference\", \"is_required\": false, \"default_label\": \"ອ້າງອີງ\", \"default_value\": null, \"display_order\": 2, \"is_calculated\": false}, {\"data_type\": \"number\", \"field_key\": \"amount_per_month\", \"is_required\": true, \"default_label\": \"ຕໍ່ເດືອນ\", \"default_value\": null, \"display_order\": 3, \"is_calculated\": false}, {\"data_type\": \"number\", \"field_key\": \"month_count\", \"is_required\": true, \"default_label\": \"ຈ/ນ\", \"default_value\": \"12\", \"display_order\": 4, \"is_calculated\": false}, {\"data_type\": \"number\", \"field_key\": \"yearly_total\", \"is_required\": false, \"default_label\": \"ໝົດປີ\", \"default_value\": null, \"display_order\": 5, \"is_calculated\": true}, {\"data_type\": \"text\", \"field_key\": \"note\", \"is_required\": false, \"default_label\": \"ໝາຍເຫດ\", \"default_value\": null, \"display_order\": 6, \"is_calculated\": false}], \"formula_schema\": {\"fields\": [\"amount_per_month\", \"month_count\"], \"operation\": \"multiply\"}}',2,2,'2026-06-19 05:17:26','2026-06-19 06:39:28'),(3168,20,78,465,74,165,1,'2027','monthly','ພາກວິຊາຟິຊິກສາດ','ພາກວິຊາຟິຊິກສາດ',NULL,'{\"yearly_total\": 0}','{\"key\": \"monthly\", \"name\": \"ລາຍຈ່າຍປະຈຳເດືອນ\", \"fields_schema\": [{\"data_type\": \"text\", \"field_key\": \"item_name\", \"is_required\": true, \"default_label\": \"ລາຍການ\", \"default_value\": null, \"display_order\": 1, \"is_calculated\": false}, {\"data_type\": \"text\", \"field_key\": \"reference\", \"is_required\": false, \"default_label\": \"ອ້າງອີງ\", \"default_value\": null, \"display_order\": 2, \"is_calculated\": false}, {\"data_type\": \"number\", \"field_key\": \"amount_per_month\", \"is_required\": true, \"default_label\": \"ຕໍ່ເດືອນ\", \"default_value\": null, \"display_order\": 3, \"is_calculated\": false}, {\"data_type\": \"number\", \"field_key\": \"month_count\", \"is_required\": true, \"default_label\": \"ຈ/ນ\", \"default_value\": \"12\", \"display_order\": 4, \"is_calculated\": false}, {\"data_type\": \"number\", \"field_key\": \"yearly_total\", \"is_required\": false, \"default_label\": \"ໝົດປີ\", \"default_value\": null, \"display_order\": 5, \"is_calculated\": true}, {\"data_type\": \"text\", \"field_key\": \"note\", \"is_required\": false, \"default_label\": \"ໝາຍເຫດ\", \"default_value\": null, \"display_order\": 6, \"is_calculated\": false}], \"formula_schema\": {\"fields\": [\"amount_per_month\", \"month_count\"], \"operation\": \"multiply\"}}',2,2,'2026-06-19 05:17:26','2026-06-19 06:39:28'),(3169,20,78,465,75,165,1,'2027','monthly','ພາກວິຊາເຄມີສາດ','ພາກວິຊາເຄມີສາດ',NULL,'{\"yearly_total\": 0}','{\"key\": \"monthly\", \"name\": \"ລາຍຈ່າຍປະຈຳເດືອນ\", \"fields_schema\": [{\"data_type\": \"text\", \"field_key\": \"item_name\", \"is_required\": true, \"default_label\": \"ລາຍການ\", \"default_value\": null, \"display_order\": 1, \"is_calculated\": false}, {\"data_type\": \"text\", \"field_key\": \"reference\", \"is_required\": false, \"default_label\": \"ອ້າງອີງ\", \"default_value\": null, \"display_order\": 2, \"is_calculated\": false}, {\"data_type\": \"number\", \"field_key\": \"amount_per_month\", \"is_required\": true, \"default_label\": \"ຕໍ່ເດືອນ\", \"default_value\": null, \"display_order\": 3, \"is_calculated\": false}, {\"data_type\": \"number\", \"field_key\": \"month_count\", \"is_required\": true, \"default_label\": \"ຈ/ນ\", \"default_value\": \"12\", \"display_order\": 4, \"is_calculated\": false}, {\"data_type\": \"number\", \"field_key\": \"yearly_total\", \"is_required\": false, \"default_label\": \"ໝົດປີ\", \"default_value\": null, \"display_order\": 5, \"is_calculated\": true}, {\"data_type\": \"text\", \"field_key\": \"note\", \"is_required\": false, \"default_label\": \"ໝາຍເຫດ\", \"default_value\": null, \"display_order\": 6, \"is_calculated\": false}], \"formula_schema\": {\"fields\": [\"amount_per_month\", \"month_count\"], \"operation\": \"multiply\"}}',2,2,'2026-06-19 05:17:26','2026-06-19 06:39:28'),(3170,20,78,465,76,165,1,'2027','monthly','ພາກວິຊາຊີວະວິທະຍາ','ພາກວິຊາຊີວະວິທະຍາ',NULL,'{\"yearly_total\": 0}','{\"key\": \"monthly\", \"name\": \"ລາຍຈ່າຍປະຈຳເດືອນ\", \"fields_schema\": [{\"data_type\": \"text\", \"field_key\": \"item_name\", \"is_required\": true, \"default_label\": \"ລາຍການ\", \"default_value\": null, \"display_order\": 1, \"is_calculated\": false}, {\"data_type\": \"text\", \"field_key\": \"reference\", \"is_required\": false, \"default_label\": \"ອ້າງອີງ\", \"default_value\": null, \"display_order\": 2, \"is_calculated\": false}, {\"data_type\": \"number\", \"field_key\": \"amount_per_month\", \"is_required\": true, \"default_label\": \"ຕໍ່ເດືອນ\", \"default_value\": null, \"display_order\": 3, \"is_calculated\": false}, {\"data_type\": \"number\", \"field_key\": \"month_count\", \"is_required\": true, \"default_label\": \"ຈ/ນ\", \"default_value\": \"12\", \"display_order\": 4, \"is_calculated\": false}, {\"data_type\": \"number\", \"field_key\": \"yearly_total\", \"is_required\": false, \"default_label\": \"ໝົດປີ\", \"default_value\": null, \"display_order\": 5, \"is_calculated\": true}, {\"data_type\": \"text\", \"field_key\": \"note\", \"is_required\": false, \"default_label\": \"ໝາຍເຫດ\", \"default_value\": null, \"display_order\": 6, \"is_calculated\": false}], \"formula_schema\": {\"fields\": [\"amount_per_month\", \"month_count\"], \"operation\": \"multiply\"}}',2,2,'2026-06-19 05:17:26','2026-06-19 06:39:28'),(3171,20,78,465,77,165,1,'2027','monthly','ພາກວິຊາວິທະຍາສາດຄອມພິວເຕີ','ພາກວິຊາວິທະຍາສາດຄອມພິວເຕີ',NULL,'{\"yearly_total\": 0}','{\"key\": \"monthly\", \"name\": \"ລາຍຈ່າຍປະຈຳເດືອນ\", \"fields_schema\": [{\"data_type\": \"text\", \"field_key\": \"item_name\", \"is_required\": true, \"default_label\": \"ລາຍການ\", \"default_value\": null, \"display_order\": 1, \"is_calculated\": false}, {\"data_type\": \"text\", \"field_key\": \"reference\", \"is_required\": false, \"default_label\": \"ອ້າງອີງ\", \"default_value\": null, \"display_order\": 2, \"is_calculated\": false}, {\"data_type\": \"number\", \"field_key\": \"amount_per_month\", \"is_required\": true, \"default_label\": \"ຕໍ່ເດືອນ\", \"default_value\": null, \"display_order\": 3, \"is_calculated\": false}, {\"data_type\": \"number\", \"field_key\": \"month_count\", \"is_required\": true, \"default_label\": \"ຈ/ນ\", \"default_value\": \"12\", \"display_order\": 4, \"is_calculated\": false}, {\"data_type\": \"number\", \"field_key\": \"yearly_total\", \"is_required\": false, \"default_label\": \"ໝົດປີ\", \"default_value\": null, \"display_order\": 5, \"is_calculated\": true}, {\"data_type\": \"text\", \"field_key\": \"note\", \"is_required\": false, \"default_label\": \"ໝາຍເຫດ\", \"default_value\": null, \"display_order\": 6, \"is_calculated\": false}], \"formula_schema\": {\"fields\": [\"amount_per_month\", \"month_count\"], \"operation\": \"multiply\"}}',2,2,'2026-06-19 05:17:26','2026-06-19 06:39:28'),(3172,20,78,465,78,165,1,'2027','monthly','ພະແນກວິຊາການ','ພະແນກວິຊາການ',NULL,'{\"yearly_total\": 0}','{\"key\": \"monthly\", \"name\": \"ລາຍຈ່າຍປະຈຳເດືອນ\", \"fields_schema\": [{\"data_type\": \"text\", \"field_key\": \"item_name\", \"is_required\": true, \"default_label\": \"ລາຍການ\", \"default_value\": null, \"display_order\": 1, \"is_calculated\": false}, {\"data_type\": \"text\", \"field_key\": \"reference\", \"is_required\": false, \"default_label\": \"ອ້າງອີງ\", \"default_value\": null, \"display_order\": 2, \"is_calculated\": false}, {\"data_type\": \"number\", \"field_key\": \"amount_per_month\", \"is_required\": true, \"default_label\": \"ຕໍ່ເດືອນ\", \"default_value\": null, \"display_order\": 3, \"is_calculated\": false}, {\"data_type\": \"number\", \"field_key\": \"month_count\", \"is_required\": true, \"default_label\": \"ຈ/ນ\", \"default_value\": \"12\", \"display_order\": 4, \"is_calculated\": false}, {\"data_type\": \"number\", \"field_key\": \"yearly_total\", \"is_required\": false, \"default_label\": \"ໝົດປີ\", \"default_value\": null, \"display_order\": 5, \"is_calculated\": true}, {\"data_type\": \"text\", \"field_key\": \"note\", \"is_required\": false, \"default_label\": \"ໝາຍເຫດ\", \"default_value\": null, \"display_order\": 6, \"is_calculated\": false}], \"formula_schema\": {\"fields\": [\"amount_per_month\", \"month_count\"], \"operation\": \"multiply\"}}',2,2,'2026-06-19 05:17:26','2026-06-19 06:39:28'),(3173,20,78,465,79,165,1,'2027','monthly','ພະແນກຈັດຕັ້ງສັງລວມ','ພະແນກຈັດຕັ້ງສັງລວມ',NULL,'{\"yearly_total\": 0}','{\"key\": \"monthly\", \"name\": \"ລາຍຈ່າຍປະຈຳເດືອນ\", \"fields_schema\": [{\"data_type\": \"text\", \"field_key\": \"item_name\", \"is_required\": true, \"default_label\": \"ລາຍການ\", \"default_value\": null, \"display_order\": 1, \"is_calculated\": false}, {\"data_type\": \"text\", \"field_key\": \"reference\", \"is_required\": false, \"default_label\": \"ອ້າງອີງ\", \"default_value\": null, \"display_order\": 2, \"is_calculated\": false}, {\"data_type\": \"number\", \"field_key\": \"amount_per_month\", \"is_required\": true, \"default_label\": \"ຕໍ່ເດືອນ\", \"default_value\": null, \"display_order\": 3, \"is_calculated\": false}, {\"data_type\": \"number\", \"field_key\": \"month_count\", \"is_required\": true, \"default_label\": \"ຈ/ນ\", \"default_value\": \"12\", \"display_order\": 4, \"is_calculated\": false}, {\"data_type\": \"number\", \"field_key\": \"yearly_total\", \"is_required\": false, \"default_label\": \"ໝົດປີ\", \"default_value\": null, \"display_order\": 5, \"is_calculated\": true}, {\"data_type\": \"text\", \"field_key\": \"note\", \"is_required\": false, \"default_label\": \"ໝາຍເຫດ\", \"default_value\": null, \"display_order\": 6, \"is_calculated\": false}], \"formula_schema\": {\"fields\": [\"amount_per_month\", \"month_count\"], \"operation\": \"multiply\"}}',2,2,'2026-06-19 05:17:26','2026-06-19 06:39:28'),(3174,20,78,465,80,165,1,'2027','monthly','ພະແນກການເງິນ-ຊັບສິນ','ພະແນກການເງິນ-ຊັບສິນ',NULL,'{\"yearly_total\": 0}','{\"key\": \"monthly\", \"name\": \"ລາຍຈ່າຍປະຈຳເດືອນ\", \"fields_schema\": [{\"data_type\": \"text\", \"field_key\": \"item_name\", \"is_required\": true, \"default_label\": \"ລາຍການ\", \"default_value\": null, \"display_order\": 1, \"is_calculated\": false}, {\"data_type\": \"text\", \"field_key\": \"reference\", \"is_required\": false, \"default_label\": \"ອ້າງອີງ\", \"default_value\": null, \"display_order\": 2, \"is_calculated\": false}, {\"data_type\": \"number\", \"field_key\": \"amount_per_month\", \"is_required\": true, \"default_label\": \"ຕໍ່ເດືອນ\", \"default_value\": null, \"display_order\": 3, \"is_calculated\": false}, {\"data_type\": \"number\", \"field_key\": \"month_count\", \"is_required\": true, \"default_label\": \"ຈ/ນ\", \"default_value\": \"12\", \"display_order\": 4, \"is_calculated\": false}, {\"data_type\": \"number\", \"field_key\": \"yearly_total\", \"is_required\": false, \"default_label\": \"ໝົດປີ\", \"default_value\": null, \"display_order\": 5, \"is_calculated\": true}, {\"data_type\": \"text\", \"field_key\": \"note\", \"is_required\": false, \"default_label\": \"ໝາຍເຫດ\", \"default_value\": null, \"display_order\": 6, \"is_calculated\": false}], \"formula_schema\": {\"fields\": [\"amount_per_month\", \"month_count\"], \"operation\": \"multiply\"}}',2,2,'2026-06-19 05:17:26','2026-06-19 06:39:28'),(3175,20,78,465,81,165,1,'2027','monthly','ພະແນກຄຸ້ມຄອງນັກສຶກສາ','ພະແນກຄຸ້ມຄອງນັກສຶກສາ',NULL,'{\"yearly_total\": 0}','{\"key\": \"monthly\", \"name\": \"ລາຍຈ່າຍປະຈຳເດືອນ\", \"fields_schema\": [{\"data_type\": \"text\", \"field_key\": \"item_name\", \"is_required\": true, \"default_label\": \"ລາຍການ\", \"default_value\": null, \"display_order\": 1, \"is_calculated\": false}, {\"data_type\": \"text\", \"field_key\": \"reference\", \"is_required\": false, \"default_label\": \"ອ້າງອີງ\", \"default_value\": null, \"display_order\": 2, \"is_calculated\": false}, {\"data_type\": \"number\", \"field_key\": \"amount_per_month\", \"is_required\": true, \"default_label\": \"ຕໍ່ເດືອນ\", \"default_value\": null, \"display_order\": 3, \"is_calculated\": false}, {\"data_type\": \"number\", \"field_key\": \"month_count\", \"is_required\": true, \"default_label\": \"ຈ/ນ\", \"default_value\": \"12\", \"display_order\": 4, \"is_calculated\": false}, {\"data_type\": \"number\", \"field_key\": \"yearly_total\", \"is_required\": false, \"default_label\": \"ໝົດປີ\", \"default_value\": null, \"display_order\": 5, \"is_calculated\": true}, {\"data_type\": \"text\", \"field_key\": \"note\", \"is_required\": false, \"default_label\": \"ໝາຍເຫດ\", \"default_value\": null, \"display_order\": 6, \"is_calculated\": false}], \"formula_schema\": {\"fields\": [\"amount_per_month\", \"month_count\"], \"operation\": \"multiply\"}}',2,2,'2026-06-19 05:17:26','2026-06-19 06:39:28'),(3176,20,78,465,82,165,1,'2027','monthly','ພະແນກຄົ້ນຄົ້ວ ແລະ ບໍລິການວິຊາການ','ພະແນກຄົ້ນຄົ້ວ ແລະ ບໍລິການວິຊາການ',NULL,'{\"yearly_total\": 0}','{\"key\": \"monthly\", \"name\": \"ລາຍຈ່າຍປະຈຳເດືອນ\", \"fields_schema\": [{\"data_type\": \"text\", \"field_key\": \"item_name\", \"is_required\": true, \"default_label\": \"ລາຍການ\", \"default_value\": null, \"display_order\": 1, \"is_calculated\": false}, {\"data_type\": \"text\", \"field_key\": \"reference\", \"is_required\": false, \"default_label\": \"ອ້າງອີງ\", \"default_value\": null, \"display_order\": 2, \"is_calculated\": false}, {\"data_type\": \"number\", \"field_key\": \"amount_per_month\", \"is_required\": true, \"default_label\": \"ຕໍ່ເດືອນ\", \"default_value\": null, \"display_order\": 3, \"is_calculated\": false}, {\"data_type\": \"number\", \"field_key\": \"month_count\", \"is_required\": true, \"default_label\": \"ຈ/ນ\", \"default_value\": \"12\", \"display_order\": 4, \"is_calculated\": false}, {\"data_type\": \"number\", \"field_key\": \"yearly_total\", \"is_required\": false, \"default_label\": \"ໝົດປີ\", \"default_value\": null, \"display_order\": 5, \"is_calculated\": true}, {\"data_type\": \"text\", \"field_key\": \"note\", \"is_required\": false, \"default_label\": \"ໝາຍເຫດ\", \"default_value\": null, \"display_order\": 6, \"is_calculated\": false}], \"formula_schema\": {\"fields\": [\"amount_per_month\", \"month_count\"], \"operation\": \"multiply\"}}',2,2,'2026-06-19 05:17:26','2026-06-19 06:39:28'),(3177,20,78,465,83,165,1,'2027','monthly','ພະແນກຫຼັງປະລິນຍາຕີ','ພະແນກຫຼັງປະລິນຍາຕີ',NULL,'{\"yearly_total\": 0}','{\"key\": \"monthly\", \"name\": \"ລາຍຈ່າຍປະຈຳເດືອນ\", \"fields_schema\": [{\"data_type\": \"text\", \"field_key\": \"item_name\", \"is_required\": true, \"default_label\": \"ລາຍການ\", \"default_value\": null, \"display_order\": 1, \"is_calculated\": false}, {\"data_type\": \"text\", \"field_key\": \"reference\", \"is_required\": false, \"default_label\": \"ອ້າງອີງ\", \"default_value\": null, \"display_order\": 2, \"is_calculated\": false}, {\"data_type\": \"number\", \"field_key\": \"amount_per_month\", \"is_required\": true, \"default_label\": \"ຕໍ່ເດືອນ\", \"default_value\": null, \"display_order\": 3, \"is_calculated\": false}, {\"data_type\": \"number\", \"field_key\": \"month_count\", \"is_required\": true, \"default_label\": \"ຈ/ນ\", \"default_value\": \"12\", \"display_order\": 4, \"is_calculated\": false}, {\"data_type\": \"number\", \"field_key\": \"yearly_total\", \"is_required\": false, \"default_label\": \"ໝົດປີ\", \"default_value\": null, \"display_order\": 5, \"is_calculated\": true}, {\"data_type\": \"text\", \"field_key\": \"note\", \"is_required\": false, \"default_label\": \"ໝາຍເຫດ\", \"default_value\": null, \"display_order\": 6, \"is_calculated\": false}], \"formula_schema\": {\"fields\": [\"amount_per_month\", \"month_count\"], \"operation\": \"multiply\"}}',2,2,'2026-06-19 05:17:26','2026-06-19 06:39:28'),(3178,20,79,466,84,121,1,'2027','monthly','ອຸປະກອນການຮຽນ-ການສອນ','ອຸປະກອນການຮຽນ-ການສອນ',NULL,'{\"yearly_total\": 0}','{\"key\": \"monthly\", \"name\": \"ລາຍຈ່າຍປະຈຳເດືອນ\", \"fields_schema\": [{\"data_type\": \"text\", \"field_key\": \"item_name\", \"is_required\": true, \"default_label\": \"ລາຍການ\", \"default_value\": null, \"display_order\": 1, \"is_calculated\": false}, {\"data_type\": \"text\", \"field_key\": \"reference\", \"is_required\": false, \"default_label\": \"ອ້າງອີງ\", \"default_value\": null, \"display_order\": 2, \"is_calculated\": false}, {\"data_type\": \"number\", \"field_key\": \"amount_per_month\", \"is_required\": true, \"default_label\": \"ຕໍ່ເດືອນ\", \"default_value\": null, \"display_order\": 3, \"is_calculated\": false}, {\"data_type\": \"number\", \"field_key\": \"month_count\", \"is_required\": true, \"default_label\": \"ຈ/ນ\", \"default_value\": \"12\", \"display_order\": 4, \"is_calculated\": false}, {\"data_type\": \"number\", \"field_key\": \"yearly_total\", \"is_required\": false, \"default_label\": \"ໝົດປີ\", \"default_value\": null, \"display_order\": 5, \"is_calculated\": true}, {\"data_type\": \"text\", \"field_key\": \"note\", \"is_required\": false, \"default_label\": \"ໝາຍເຫດ\", \"default_value\": null, \"display_order\": 6, \"is_calculated\": false}], \"formula_schema\": {\"fields\": [\"amount_per_month\", \"month_count\"], \"operation\": \"multiply\"}}',2,2,'2026-06-19 05:17:26','2026-06-19 06:39:28'),(3179,20,79,466,85,121,1,'2027','monthly','ອຸປະກອນການສອບເສັງ','ອຸປະກອນການສອບເສັງ',NULL,'{\"yearly_total\": 0}','{\"key\": \"monthly\", \"name\": \"ລາຍຈ່າຍປະຈຳເດືອນ\", \"fields_schema\": [{\"data_type\": \"text\", \"field_key\": \"item_name\", \"is_required\": true, \"default_label\": \"ລາຍການ\", \"default_value\": null, \"display_order\": 1, \"is_calculated\": false}, {\"data_type\": \"text\", \"field_key\": \"reference\", \"is_required\": false, \"default_label\": \"ອ້າງອີງ\", \"default_value\": null, \"display_order\": 2, \"is_calculated\": false}, {\"data_type\": \"number\", \"field_key\": \"amount_per_month\", \"is_required\": true, \"default_label\": \"ຕໍ່ເດືອນ\", \"default_value\": null, \"display_order\": 3, \"is_calculated\": false}, {\"data_type\": \"number\", \"field_key\": \"month_count\", \"is_required\": true, \"default_label\": \"ຈ/ນ\", \"default_value\": \"12\", \"display_order\": 4, \"is_calculated\": false}, {\"data_type\": \"number\", \"field_key\": \"yearly_total\", \"is_required\": false, \"default_label\": \"ໝົດປີ\", \"default_value\": null, \"display_order\": 5, \"is_calculated\": true}, {\"data_type\": \"text\", \"field_key\": \"note\", \"is_required\": false, \"default_label\": \"ໝາຍເຫດ\", \"default_value\": null, \"display_order\": 6, \"is_calculated\": false}], \"formula_schema\": {\"fields\": [\"amount_per_month\", \"month_count\"], \"operation\": \"multiply\"}}',2,2,'2026-06-19 05:17:26','2026-06-19 06:39:28'),(3180,20,79,468,86,193,1,'2027','monthly','ພາກວິຊາຄະນິດສາດ','ພາກວິຊາຄະນິດສາດ',NULL,'[]','{\"key\": \"monthly\", \"name\": \"ລາຍຈ່າຍປະຈຳເດືອນ\", \"fields_schema\": [{\"data_type\": \"text\", \"field_key\": \"item_name\", \"is_required\": true, \"default_label\": \"ລາຍການ\", \"default_value\": null, \"display_order\": 1, \"is_calculated\": false}, {\"data_type\": \"text\", \"field_key\": \"reference\", \"is_required\": false, \"default_label\": \"ອ້າງອີງ\", \"default_value\": null, \"display_order\": 2, \"is_calculated\": false}, {\"data_type\": \"number\", \"field_key\": \"amount_per_month\", \"is_required\": true, \"default_label\": \"ຕໍ່ເດືອນ\", \"default_value\": null, \"display_order\": 3, \"is_calculated\": false}, {\"data_type\": \"number\", \"field_key\": \"month_count\", \"is_required\": true, \"default_label\": \"ຈ/ນ\", \"default_value\": \"12\", \"display_order\": 4, \"is_calculated\": false}, {\"data_type\": \"number\", \"field_key\": \"yearly_total\", \"is_required\": false, \"default_label\": \"ໝົດປີ\", \"default_value\": null, \"display_order\": 5, \"is_calculated\": true}, {\"data_type\": \"text\", \"field_key\": \"note\", \"is_required\": false, \"default_label\": \"ໝາຍເຫດ\", \"default_value\": null, \"display_order\": 6, \"is_calculated\": false}], \"formula_schema\": {\"fields\": [\"amount_per_month\", \"month_count\"], \"operation\": \"multiply\"}}',2,2,'2026-06-19 05:17:26','2026-06-19 06:39:28'),(3181,20,79,468,87,193,1,'2027','monthly','ພາກວິຊາຟີຊິກສາດ','ພາກວິຊາຟີຊິກສາດ',NULL,'[]','{\"key\": \"monthly\", \"name\": \"ລາຍຈ່າຍປະຈຳເດືອນ\", \"fields_schema\": [{\"data_type\": \"text\", \"field_key\": \"item_name\", \"is_required\": true, \"default_label\": \"ລາຍການ\", \"default_value\": null, \"display_order\": 1, \"is_calculated\": false}, {\"data_type\": \"text\", \"field_key\": \"reference\", \"is_required\": false, \"default_label\": \"ອ້າງອີງ\", \"default_value\": null, \"display_order\": 2, \"is_calculated\": false}, {\"data_type\": \"number\", \"field_key\": \"amount_per_month\", \"is_required\": true, \"default_label\": \"ຕໍ່ເດືອນ\", \"default_value\": null, \"display_order\": 3, \"is_calculated\": false}, {\"data_type\": \"number\", \"field_key\": \"month_count\", \"is_required\": true, \"default_label\": \"ຈ/ນ\", \"default_value\": \"12\", \"display_order\": 4, \"is_calculated\": false}, {\"data_type\": \"number\", \"field_key\": \"yearly_total\", \"is_required\": false, \"default_label\": \"ໝົດປີ\", \"default_value\": null, \"display_order\": 5, \"is_calculated\": true}, {\"data_type\": \"text\", \"field_key\": \"note\", \"is_required\": false, \"default_label\": \"ໝາຍເຫດ\", \"default_value\": null, \"display_order\": 6, \"is_calculated\": false}], \"formula_schema\": {\"fields\": [\"amount_per_month\", \"month_count\"], \"operation\": \"multiply\"}}',2,2,'2026-06-19 05:17:26','2026-06-19 06:39:28'),(3182,20,79,468,88,193,1,'2027','monthly','ພາກວິຊາເຄມີສາດ','ພາກວິຊາເຄມີສາດ',NULL,'[]','{\"key\": \"monthly\", \"name\": \"ລາຍຈ່າຍປະຈຳເດືອນ\", \"fields_schema\": [{\"data_type\": \"text\", \"field_key\": \"item_name\", \"is_required\": true, \"default_label\": \"ລາຍການ\", \"default_value\": null, \"display_order\": 1, \"is_calculated\": false}, {\"data_type\": \"text\", \"field_key\": \"reference\", \"is_required\": false, \"default_label\": \"ອ້າງອີງ\", \"default_value\": null, \"display_order\": 2, \"is_calculated\": false}, {\"data_type\": \"number\", \"field_key\": \"amount_per_month\", \"is_required\": true, \"default_label\": \"ຕໍ່ເດືອນ\", \"default_value\": null, \"display_order\": 3, \"is_calculated\": false}, {\"data_type\": \"number\", \"field_key\": \"month_count\", \"is_required\": true, \"default_label\": \"ຈ/ນ\", \"default_value\": \"12\", \"display_order\": 4, \"is_calculated\": false}, {\"data_type\": \"number\", \"field_key\": \"yearly_total\", \"is_required\": false, \"default_label\": \"ໝົດປີ\", \"default_value\": null, \"display_order\": 5, \"is_calculated\": true}, {\"data_type\": \"text\", \"field_key\": \"note\", \"is_required\": false, \"default_label\": \"ໝາຍເຫດ\", \"default_value\": null, \"display_order\": 6, \"is_calculated\": false}], \"formula_schema\": {\"fields\": [\"amount_per_month\", \"month_count\"], \"operation\": \"multiply\"}}',2,2,'2026-06-19 05:17:26','2026-06-19 06:39:28'),(3183,20,79,468,89,193,1,'2027','monthly','ພາກວິຊາຊີວະວິທະຍາ','ພາກວິຊາຊີວະວິທະຍາ',NULL,'[]','{\"key\": \"monthly\", \"name\": \"ລາຍຈ່າຍປະຈຳເດືອນ\", \"fields_schema\": [{\"data_type\": \"text\", \"field_key\": \"item_name\", \"is_required\": true, \"default_label\": \"ລາຍການ\", \"default_value\": null, \"display_order\": 1, \"is_calculated\": false}, {\"data_type\": \"text\", \"field_key\": \"reference\", \"is_required\": false, \"default_label\": \"ອ້າງອີງ\", \"default_value\": null, \"display_order\": 2, \"is_calculated\": false}, {\"data_type\": \"number\", \"field_key\": \"amount_per_month\", \"is_required\": true, \"default_label\": \"ຕໍ່ເດືອນ\", \"default_value\": null, \"display_order\": 3, \"is_calculated\": false}, {\"data_type\": \"number\", \"field_key\": \"month_count\", \"is_required\": true, \"default_label\": \"ຈ/ນ\", \"default_value\": \"12\", \"display_order\": 4, \"is_calculated\": false}, {\"data_type\": \"number\", \"field_key\": \"yearly_total\", \"is_required\": false, \"default_label\": \"ໝົດປີ\", \"default_value\": null, \"display_order\": 5, \"is_calculated\": true}, {\"data_type\": \"text\", \"field_key\": \"note\", \"is_required\": false, \"default_label\": \"ໝາຍເຫດ\", \"default_value\": null, \"display_order\": 6, \"is_calculated\": false}], \"formula_schema\": {\"fields\": [\"amount_per_month\", \"month_count\"], \"operation\": \"multiply\"}}',2,2,'2026-06-19 05:17:26','2026-06-19 06:39:28'),(3184,20,79,468,90,193,1,'2027','monthly','ພາກວິຊາວິທະຍາສາດຄອມພີວເຕີ','ພາກວິຊາວິທະຍາສາດຄອມພີວເຕີ',NULL,'[]','{\"key\": \"monthly\", \"name\": \"ລາຍຈ່າຍປະຈຳເດືອນ\", \"fields_schema\": [{\"data_type\": \"text\", \"field_key\": \"item_name\", \"is_required\": true, \"default_label\": \"ລາຍການ\", \"default_value\": null, \"display_order\": 1, \"is_calculated\": false}, {\"data_type\": \"text\", \"field_key\": \"reference\", \"is_required\": false, \"default_label\": \"ອ້າງອີງ\", \"default_value\": null, \"display_order\": 2, \"is_calculated\": false}, {\"data_type\": \"number\", \"field_key\": \"amount_per_month\", \"is_required\": true, \"default_label\": \"ຕໍ່ເດືອນ\", \"default_value\": null, \"display_order\": 3, \"is_calculated\": false}, {\"data_type\": \"number\", \"field_key\": \"month_count\", \"is_required\": true, \"default_label\": \"ຈ/ນ\", \"default_value\": \"12\", \"display_order\": 4, \"is_calculated\": false}, {\"data_type\": \"number\", \"field_key\": \"yearly_total\", \"is_required\": false, \"default_label\": \"ໝົດປີ\", \"default_value\": null, \"display_order\": 5, \"is_calculated\": true}, {\"data_type\": \"text\", \"field_key\": \"note\", \"is_required\": false, \"default_label\": \"ໝາຍເຫດ\", \"default_value\": null, \"display_order\": 6, \"is_calculated\": false}], \"formula_schema\": {\"fields\": [\"amount_per_month\", \"month_count\"], \"operation\": \"multiply\"}}',2,2,'2026-06-19 05:17:26','2026-06-19 06:39:28'),(3185,20,79,469,91,193,1,'2027','monthly','ພາກວິຊາຄະນິດສາດ','ພາກວິຊາຄະນິດສາດ',NULL,'[]','{\"key\": \"monthly\", \"name\": \"ລາຍຈ່າຍປະຈຳເດືອນ\", \"fields_schema\": [{\"data_type\": \"text\", \"field_key\": \"item_name\", \"is_required\": true, \"default_label\": \"ລາຍການ\", \"default_value\": null, \"display_order\": 1, \"is_calculated\": false}, {\"data_type\": \"text\", \"field_key\": \"reference\", \"is_required\": false, \"default_label\": \"ອ້າງອີງ\", \"default_value\": null, \"display_order\": 2, \"is_calculated\": false}, {\"data_type\": \"number\", \"field_key\": \"amount_per_month\", \"is_required\": true, \"default_label\": \"ຕໍ່ເດືອນ\", \"default_value\": null, \"display_order\": 3, \"is_calculated\": false}, {\"data_type\": \"number\", \"field_key\": \"month_count\", \"is_required\": true, \"default_label\": \"ຈ/ນ\", \"default_value\": \"12\", \"display_order\": 4, \"is_calculated\": false}, {\"data_type\": \"number\", \"field_key\": \"yearly_total\", \"is_required\": false, \"default_label\": \"ໝົດປີ\", \"default_value\": null, \"display_order\": 5, \"is_calculated\": true}, {\"data_type\": \"text\", \"field_key\": \"note\", \"is_required\": false, \"default_label\": \"ໝາຍເຫດ\", \"default_value\": null, \"display_order\": 6, \"is_calculated\": false}], \"formula_schema\": {\"fields\": [\"amount_per_month\", \"month_count\"], \"operation\": \"multiply\"}}',2,2,'2026-06-19 05:17:26','2026-06-19 06:39:28'),(3186,20,79,469,92,193,1,'2027','monthly','ພາກວິຊາຟີຊິກສາດ','ພາກວິຊາຟີຊິກສາດ',NULL,'[]','{\"key\": \"monthly\", \"name\": \"ລາຍຈ່າຍປະຈຳເດືອນ\", \"fields_schema\": [{\"data_type\": \"text\", \"field_key\": \"item_name\", \"is_required\": true, \"default_label\": \"ລາຍການ\", \"default_value\": null, \"display_order\": 1, \"is_calculated\": false}, {\"data_type\": \"text\", \"field_key\": \"reference\", \"is_required\": false, \"default_label\": \"ອ້າງອີງ\", \"default_value\": null, \"display_order\": 2, \"is_calculated\": false}, {\"data_type\": \"number\", \"field_key\": \"amount_per_month\", \"is_required\": true, \"default_label\": \"ຕໍ່ເດືອນ\", \"default_value\": null, \"display_order\": 3, \"is_calculated\": false}, {\"data_type\": \"number\", \"field_key\": \"month_count\", \"is_required\": true, \"default_label\": \"ຈ/ນ\", \"default_value\": \"12\", \"display_order\": 4, \"is_calculated\": false}, {\"data_type\": \"number\", \"field_key\": \"yearly_total\", \"is_required\": false, \"default_label\": \"ໝົດປີ\", \"default_value\": null, \"display_order\": 5, \"is_calculated\": true}, {\"data_type\": \"text\", \"field_key\": \"note\", \"is_required\": false, \"default_label\": \"ໝາຍເຫດ\", \"default_value\": null, \"display_order\": 6, \"is_calculated\": false}], \"formula_schema\": {\"fields\": [\"amount_per_month\", \"month_count\"], \"operation\": \"multiply\"}}',2,2,'2026-06-19 05:17:26','2026-06-19 06:39:28'),(3187,20,79,469,93,193,1,'2027','monthly','ພາກວິຊາເຄມີສາດ','ພາກວິຊາເຄມີສາດ',NULL,'[]','{\"key\": \"monthly\", \"name\": \"ລາຍຈ່າຍປະຈຳເດືອນ\", \"fields_schema\": [{\"data_type\": \"text\", \"field_key\": \"item_name\", \"is_required\": true, \"default_label\": \"ລາຍການ\", \"default_value\": null, \"display_order\": 1, \"is_calculated\": false}, {\"data_type\": \"text\", \"field_key\": \"reference\", \"is_required\": false, \"default_label\": \"ອ້າງອີງ\", \"default_value\": null, \"display_order\": 2, \"is_calculated\": false}, {\"data_type\": \"number\", \"field_key\": \"amount_per_month\", \"is_required\": true, \"default_label\": \"ຕໍ່ເດືອນ\", \"default_value\": null, \"display_order\": 3, \"is_calculated\": false}, {\"data_type\": \"number\", \"field_key\": \"month_count\", \"is_required\": true, \"default_label\": \"ຈ/ນ\", \"default_value\": \"12\", \"display_order\": 4, \"is_calculated\": false}, {\"data_type\": \"number\", \"field_key\": \"yearly_total\", \"is_required\": false, \"default_label\": \"ໝົດປີ\", \"default_value\": null, \"display_order\": 5, \"is_calculated\": true}, {\"data_type\": \"text\", \"field_key\": \"note\", \"is_required\": false, \"default_label\": \"ໝາຍເຫດ\", \"default_value\": null, \"display_order\": 6, \"is_calculated\": false}], \"formula_schema\": {\"fields\": [\"amount_per_month\", \"month_count\"], \"operation\": \"multiply\"}}',2,2,'2026-06-19 05:17:26','2026-06-19 06:39:28'),(3188,20,79,469,94,193,1,'2027','monthly','ພາກວິຊາຊີວະວິທະຍາ','ພາກວິຊາຊີວະວິທະຍາ',NULL,'[]','{\"key\": \"monthly\", \"name\": \"ລາຍຈ່າຍປະຈຳເດືອນ\", \"fields_schema\": [{\"data_type\": \"text\", \"field_key\": \"item_name\", \"is_required\": true, \"default_label\": \"ລາຍການ\", \"default_value\": null, \"display_order\": 1, \"is_calculated\": false}, {\"data_type\": \"text\", \"field_key\": \"reference\", \"is_required\": false, \"default_label\": \"ອ້າງອີງ\", \"default_value\": null, \"display_order\": 2, \"is_calculated\": false}, {\"data_type\": \"number\", \"field_key\": \"amount_per_month\", \"is_required\": true, \"default_label\": \"ຕໍ່ເດືອນ\", \"default_value\": null, \"display_order\": 3, \"is_calculated\": false}, {\"data_type\": \"number\", \"field_key\": \"month_count\", \"is_required\": true, \"default_label\": \"ຈ/ນ\", \"default_value\": \"12\", \"display_order\": 4, \"is_calculated\": false}, {\"data_type\": \"number\", \"field_key\": \"yearly_total\", \"is_required\": false, \"default_label\": \"ໝົດປີ\", \"default_value\": null, \"display_order\": 5, \"is_calculated\": true}, {\"data_type\": \"text\", \"field_key\": \"note\", \"is_required\": false, \"default_label\": \"ໝາຍເຫດ\", \"default_value\": null, \"display_order\": 6, \"is_calculated\": false}], \"formula_schema\": {\"fields\": [\"amount_per_month\", \"month_count\"], \"operation\": \"multiply\"}}',2,2,'2026-06-19 05:17:26','2026-06-19 06:39:28'),(3189,20,79,469,95,193,1,'2027','monthly','ພາກວິຊາວິທະຍາສາດຄອມພີວເຕີ','ພາກວິຊາວິທະຍາສາດຄອມພີວເຕີ',NULL,'[]','{\"key\": \"monthly\", \"name\": \"ລາຍຈ່າຍປະຈຳເດືອນ\", \"fields_schema\": [{\"data_type\": \"text\", \"field_key\": \"item_name\", \"is_required\": true, \"default_label\": \"ລາຍການ\", \"default_value\": null, \"display_order\": 1, \"is_calculated\": false}, {\"data_type\": \"text\", \"field_key\": \"reference\", \"is_required\": false, \"default_label\": \"ອ້າງອີງ\", \"default_value\": null, \"display_order\": 2, \"is_calculated\": false}, {\"data_type\": \"number\", \"field_key\": \"amount_per_month\", \"is_required\": true, \"default_label\": \"ຕໍ່ເດືອນ\", \"default_value\": null, \"display_order\": 3, \"is_calculated\": false}, {\"data_type\": \"number\", \"field_key\": \"month_count\", \"is_required\": true, \"default_label\": \"ຈ/ນ\", \"default_value\": \"12\", \"display_order\": 4, \"is_calculated\": false}, {\"data_type\": \"number\", \"field_key\": \"yearly_total\", \"is_required\": false, \"default_label\": \"ໝົດປີ\", \"default_value\": null, \"display_order\": 5, \"is_calculated\": true}, {\"data_type\": \"text\", \"field_key\": \"note\", \"is_required\": false, \"default_label\": \"ໝາຍເຫດ\", \"default_value\": null, \"display_order\": 6, \"is_calculated\": false}], \"formula_schema\": {\"fields\": [\"amount_per_month\", \"month_count\"], \"operation\": \"multiply\"}}',2,2,'2026-06-19 05:17:26','2026-06-19 06:39:28'),(3190,20,79,469,96,193,1,'2027','monthly','ປັບປຸງ ແລະ ພັດທະນາຫຼັກສູດ ປໍໂທ+ເອກ','ປັບປຸງ ແລະ ພັດທະນາຫຼັກສູດ ປໍໂທ+ເອກ',NULL,'[]','{\"key\": \"monthly\", \"name\": \"ລາຍຈ່າຍປະຈຳເດືອນ\", \"fields_schema\": [{\"data_type\": \"text\", \"field_key\": \"item_name\", \"is_required\": true, \"default_label\": \"ລາຍການ\", \"default_value\": null, \"display_order\": 1, \"is_calculated\": false}, {\"data_type\": \"text\", \"field_key\": \"reference\", \"is_required\": false, \"default_label\": \"ອ້າງອີງ\", \"default_value\": null, \"display_order\": 2, \"is_calculated\": false}, {\"data_type\": \"number\", \"field_key\": \"amount_per_month\", \"is_required\": true, \"default_label\": \"ຕໍ່ເດືອນ\", \"default_value\": null, \"display_order\": 3, \"is_calculated\": false}, {\"data_type\": \"number\", \"field_key\": \"month_count\", \"is_required\": true, \"default_label\": \"ຈ/ນ\", \"default_value\": \"12\", \"display_order\": 4, \"is_calculated\": false}, {\"data_type\": \"number\", \"field_key\": \"yearly_total\", \"is_required\": false, \"default_label\": \"ໝົດປີ\", \"default_value\": null, \"display_order\": 5, \"is_calculated\": true}, {\"data_type\": \"text\", \"field_key\": \"note\", \"is_required\": false, \"default_label\": \"ໝາຍເຫດ\", \"default_value\": null, \"display_order\": 6, \"is_calculated\": false}], \"formula_schema\": {\"fields\": [\"amount_per_month\", \"month_count\"], \"operation\": \"multiply\"}}',2,2,'2026-06-19 05:17:26','2026-06-19 06:39:28'),(3191,20,79,470,97,123,1,'2027','monthly','ພາກວິຊາຄະນິດສາດ','ພາກວິຊາຄະນິດສາດ',NULL,'{\"yearly_total\": 0}','{\"key\": \"monthly\", \"name\": \"ລາຍຈ່າຍປະຈຳເດືອນ\", \"fields_schema\": [{\"data_type\": \"text\", \"field_key\": \"item_name\", \"is_required\": true, \"default_label\": \"ລາຍການ\", \"default_value\": null, \"display_order\": 1, \"is_calculated\": false}, {\"data_type\": \"text\", \"field_key\": \"reference\", \"is_required\": false, \"default_label\": \"ອ້າງອີງ\", \"default_value\": null, \"display_order\": 2, \"is_calculated\": false}, {\"data_type\": \"number\", \"field_key\": \"amount_per_month\", \"is_required\": true, \"default_label\": \"ຕໍ່ເດືອນ\", \"default_value\": null, \"display_order\": 3, \"is_calculated\": false}, {\"data_type\": \"number\", \"field_key\": \"month_count\", \"is_required\": true, \"default_label\": \"ຈ/ນ\", \"default_value\": \"12\", \"display_order\": 4, \"is_calculated\": false}, {\"data_type\": \"number\", \"field_key\": \"yearly_total\", \"is_required\": false, \"default_label\": \"ໝົດປີ\", \"default_value\": null, \"display_order\": 5, \"is_calculated\": true}, {\"data_type\": \"text\", \"field_key\": \"note\", \"is_required\": false, \"default_label\": \"ໝາຍເຫດ\", \"default_value\": null, \"display_order\": 6, \"is_calculated\": false}], \"formula_schema\": {\"fields\": [\"amount_per_month\", \"month_count\"], \"operation\": \"multiply\"}}',2,2,'2026-06-19 05:17:26','2026-06-19 06:39:28'),(3192,20,79,470,98,123,1,'2027','monthly','ພາກວິຊາຟິຊິກສາດ','ພາກວິຊາຟິຊິກສາດ',NULL,'{\"yearly_total\": 0}','{\"key\": \"monthly\", \"name\": \"ລາຍຈ່າຍປະຈຳເດືອນ\", \"fields_schema\": [{\"data_type\": \"text\", \"field_key\": \"item_name\", \"is_required\": true, \"default_label\": \"ລາຍການ\", \"default_value\": null, \"display_order\": 1, \"is_calculated\": false}, {\"data_type\": \"text\", \"field_key\": \"reference\", \"is_required\": false, \"default_label\": \"ອ້າງອີງ\", \"default_value\": null, \"display_order\": 2, \"is_calculated\": false}, {\"data_type\": \"number\", \"field_key\": \"amount_per_month\", \"is_required\": true, \"default_label\": \"ຕໍ່ເດືອນ\", \"default_value\": null, \"display_order\": 3, \"is_calculated\": false}, {\"data_type\": \"number\", \"field_key\": \"month_count\", \"is_required\": true, \"default_label\": \"ຈ/ນ\", \"default_value\": \"12\", \"display_order\": 4, \"is_calculated\": false}, {\"data_type\": \"number\", \"field_key\": \"yearly_total\", \"is_required\": false, \"default_label\": \"ໝົດປີ\", \"default_value\": null, \"display_order\": 5, \"is_calculated\": true}, {\"data_type\": \"text\", \"field_key\": \"note\", \"is_required\": false, \"default_label\": \"ໝາຍເຫດ\", \"default_value\": null, \"display_order\": 6, \"is_calculated\": false}], \"formula_schema\": {\"fields\": [\"amount_per_month\", \"month_count\"], \"operation\": \"multiply\"}}',2,2,'2026-06-19 05:17:26','2026-06-19 06:39:28'),(3193,20,79,470,99,123,1,'2027','monthly','ພາກວິຊາເຄມີສາດ','ພາກວິຊາເຄມີສາດ',NULL,'{\"yearly_total\": 0}','{\"key\": \"monthly\", \"name\": \"ລາຍຈ່າຍປະຈຳເດືອນ\", \"fields_schema\": [{\"data_type\": \"text\", \"field_key\": \"item_name\", \"is_required\": true, \"default_label\": \"ລາຍການ\", \"default_value\": null, \"display_order\": 1, \"is_calculated\": false}, {\"data_type\": \"text\", \"field_key\": \"reference\", \"is_required\": false, \"default_label\": \"ອ້າງອີງ\", \"default_value\": null, \"display_order\": 2, \"is_calculated\": false}, {\"data_type\": \"number\", \"field_key\": \"amount_per_month\", \"is_required\": true, \"default_label\": \"ຕໍ່ເດືອນ\", \"default_value\": null, \"display_order\": 3, \"is_calculated\": false}, {\"data_type\": \"number\", \"field_key\": \"month_count\", \"is_required\": true, \"default_label\": \"ຈ/ນ\", \"default_value\": \"12\", \"display_order\": 4, \"is_calculated\": false}, {\"data_type\": \"number\", \"field_key\": \"yearly_total\", \"is_required\": false, \"default_label\": \"ໝົດປີ\", \"default_value\": null, \"display_order\": 5, \"is_calculated\": true}, {\"data_type\": \"text\", \"field_key\": \"note\", \"is_required\": false, \"default_label\": \"ໝາຍເຫດ\", \"default_value\": null, \"display_order\": 6, \"is_calculated\": false}], \"formula_schema\": {\"fields\": [\"amount_per_month\", \"month_count\"], \"operation\": \"multiply\"}}',2,2,'2026-06-19 05:17:26','2026-06-19 06:39:28'),(3194,20,79,470,100,123,1,'2027','monthly','ພາກວິຊາຊີວະວິທະຍາ','ພາກວິຊາຊີວະວິທະຍາ',NULL,'{\"yearly_total\": 0}','{\"key\": \"monthly\", \"name\": \"ລາຍຈ່າຍປະຈຳເດືອນ\", \"fields_schema\": [{\"data_type\": \"text\", \"field_key\": \"item_name\", \"is_required\": true, \"default_label\": \"ລາຍການ\", \"default_value\": null, \"display_order\": 1, \"is_calculated\": false}, {\"data_type\": \"text\", \"field_key\": \"reference\", \"is_required\": false, \"default_label\": \"ອ້າງອີງ\", \"default_value\": null, \"display_order\": 2, \"is_calculated\": false}, {\"data_type\": \"number\", \"field_key\": \"amount_per_month\", \"is_required\": true, \"default_label\": \"ຕໍ່ເດືອນ\", \"default_value\": null, \"display_order\": 3, \"is_calculated\": false}, {\"data_type\": \"number\", \"field_key\": \"month_count\", \"is_required\": true, \"default_label\": \"ຈ/ນ\", \"default_value\": \"12\", \"display_order\": 4, \"is_calculated\": false}, {\"data_type\": \"number\", \"field_key\": \"yearly_total\", \"is_required\": false, \"default_label\": \"ໝົດປີ\", \"default_value\": null, \"display_order\": 5, \"is_calculated\": true}, {\"data_type\": \"text\", \"field_key\": \"note\", \"is_required\": false, \"default_label\": \"ໝາຍເຫດ\", \"default_value\": null, \"display_order\": 6, \"is_calculated\": false}], \"formula_schema\": {\"fields\": [\"amount_per_month\", \"month_count\"], \"operation\": \"multiply\"}}',2,2,'2026-06-19 05:17:26','2026-06-19 06:39:28'),(3195,20,79,470,101,123,1,'2027','monthly','ພາກວິຊາວິທະຍາສາດຄອມພິວເຕີ','ພາກວິຊາວິທະຍາສາດຄອມພິວເຕີ',NULL,'{\"yearly_total\": 0}','{\"key\": \"monthly\", \"name\": \"ລາຍຈ່າຍປະຈຳເດືອນ\", \"fields_schema\": [{\"data_type\": \"text\", \"field_key\": \"item_name\", \"is_required\": true, \"default_label\": \"ລາຍການ\", \"default_value\": null, \"display_order\": 1, \"is_calculated\": false}, {\"data_type\": \"text\", \"field_key\": \"reference\", \"is_required\": false, \"default_label\": \"ອ້າງອີງ\", \"default_value\": null, \"display_order\": 2, \"is_calculated\": false}, {\"data_type\": \"number\", \"field_key\": \"amount_per_month\", \"is_required\": true, \"default_label\": \"ຕໍ່ເດືອນ\", \"default_value\": null, \"display_order\": 3, \"is_calculated\": false}, {\"data_type\": \"number\", \"field_key\": \"month_count\", \"is_required\": true, \"default_label\": \"ຈ/ນ\", \"default_value\": \"12\", \"display_order\": 4, \"is_calculated\": false}, {\"data_type\": \"number\", \"field_key\": \"yearly_total\", \"is_required\": false, \"default_label\": \"ໝົດປີ\", \"default_value\": null, \"display_order\": 5, \"is_calculated\": true}, {\"data_type\": \"text\", \"field_key\": \"note\", \"is_required\": false, \"default_label\": \"ໝາຍເຫດ\", \"default_value\": null, \"display_order\": 6, \"is_calculated\": false}], \"formula_schema\": {\"fields\": [\"amount_per_month\", \"month_count\"], \"operation\": \"multiply\"}}',2,2,'2026-06-19 05:17:26','2026-06-19 06:39:28'),(3196,20,79,470,102,123,1,'2027','monthly','ຊື້ອຸປະກອນທົດລອງ','ຊື້ອຸປະກອນທົດລອງ',NULL,'{\"yearly_total\": 0}','{\"key\": \"monthly\", \"name\": \"ລາຍຈ່າຍປະຈຳເດືອນ\", \"fields_schema\": [{\"data_type\": \"text\", \"field_key\": \"item_name\", \"is_required\": true, \"default_label\": \"ລາຍການ\", \"default_value\": null, \"display_order\": 1, \"is_calculated\": false}, {\"data_type\": \"text\", \"field_key\": \"reference\", \"is_required\": false, \"default_label\": \"ອ້າງອີງ\", \"default_value\": null, \"display_order\": 2, \"is_calculated\": false}, {\"data_type\": \"number\", \"field_key\": \"amount_per_month\", \"is_required\": true, \"default_label\": \"ຕໍ່ເດືອນ\", \"default_value\": null, \"display_order\": 3, \"is_calculated\": false}, {\"data_type\": \"number\", \"field_key\": \"month_count\", \"is_required\": true, \"default_label\": \"ຈ/ນ\", \"default_value\": \"12\", \"display_order\": 4, \"is_calculated\": false}, {\"data_type\": \"number\", \"field_key\": \"yearly_total\", \"is_required\": false, \"default_label\": \"ໝົດປີ\", \"default_value\": null, \"display_order\": 5, \"is_calculated\": true}, {\"data_type\": \"text\", \"field_key\": \"note\", \"is_required\": false, \"default_label\": \"ໝາຍເຫດ\", \"default_value\": null, \"display_order\": 6, \"is_calculated\": false}], \"formula_schema\": {\"fields\": [\"amount_per_month\", \"month_count\"], \"operation\": \"multiply\"}}',2,2,'2026-06-19 05:17:26','2026-06-19 06:39:28'),(3197,20,79,471,103,232,1,'2027','monthly','ອຸປະກອນທົດລອງຟິຊິກສາດ','ອຸປະກອນທົດລອງຟິຊິກສາດ',NULL,'{\"yearly_total\": 0}','{\"key\": \"monthly\", \"name\": \"ລາຍຈ່າຍປະຈຳເດືອນ\", \"fields_schema\": [{\"data_type\": \"text\", \"field_key\": \"item_name\", \"is_required\": true, \"default_label\": \"ລາຍການ\", \"default_value\": null, \"display_order\": 1, \"is_calculated\": false}, {\"data_type\": \"text\", \"field_key\": \"reference\", \"is_required\": false, \"default_label\": \"ອ້າງອີງ\", \"default_value\": null, \"display_order\": 2, \"is_calculated\": false}, {\"data_type\": \"number\", \"field_key\": \"amount_per_month\", \"is_required\": true, \"default_label\": \"ຕໍ່ເດືອນ\", \"default_value\": null, \"display_order\": 3, \"is_calculated\": false}, {\"data_type\": \"number\", \"field_key\": \"month_count\", \"is_required\": true, \"default_label\": \"ຈ/ນ\", \"default_value\": \"12\", \"display_order\": 4, \"is_calculated\": false}, {\"data_type\": \"number\", \"field_key\": \"yearly_total\", \"is_required\": false, \"default_label\": \"ໝົດປີ\", \"default_value\": null, \"display_order\": 5, \"is_calculated\": true}, {\"data_type\": \"text\", \"field_key\": \"note\", \"is_required\": false, \"default_label\": \"ໝາຍເຫດ\", \"default_value\": null, \"display_order\": 6, \"is_calculated\": false}], \"formula_schema\": {\"fields\": [\"amount_per_month\", \"month_count\"], \"operation\": \"multiply\"}}',2,2,'2026-06-19 05:17:26','2026-06-19 06:39:28'),(3198,20,79,471,104,232,1,'2027','monthly','ອຸປະກອນທົດລອງເຄມີສາດ','ອຸປະກອນທົດລອງເຄມີສາດ',NULL,'{\"yearly_total\": 0}','{\"key\": \"monthly\", \"name\": \"ລາຍຈ່າຍປະຈຳເດືອນ\", \"fields_schema\": [{\"data_type\": \"text\", \"field_key\": \"item_name\", \"is_required\": true, \"default_label\": \"ລາຍການ\", \"default_value\": null, \"display_order\": 1, \"is_calculated\": false}, {\"data_type\": \"text\", \"field_key\": \"reference\", \"is_required\": false, \"default_label\": \"ອ້າງອີງ\", \"default_value\": null, \"display_order\": 2, \"is_calculated\": false}, {\"data_type\": \"number\", \"field_key\": \"amount_per_month\", \"is_required\": true, \"default_label\": \"ຕໍ່ເດືອນ\", \"default_value\": null, \"display_order\": 3, \"is_calculated\": false}, {\"data_type\": \"number\", \"field_key\": \"month_count\", \"is_required\": true, \"default_label\": \"ຈ/ນ\", \"default_value\": \"12\", \"display_order\": 4, \"is_calculated\": false}, {\"data_type\": \"number\", \"field_key\": \"yearly_total\", \"is_required\": false, \"default_label\": \"ໝົດປີ\", \"default_value\": null, \"display_order\": 5, \"is_calculated\": true}, {\"data_type\": \"text\", \"field_key\": \"note\", \"is_required\": false, \"default_label\": \"ໝາຍເຫດ\", \"default_value\": null, \"display_order\": 6, \"is_calculated\": false}], \"formula_schema\": {\"fields\": [\"amount_per_month\", \"month_count\"], \"operation\": \"multiply\"}}',2,2,'2026-06-19 05:17:26','2026-06-19 06:39:28'),(3199,20,79,471,105,232,1,'2027','monthly','ອຸປະກອນທົດລອງຊີວະວິທະຍາ','ອຸປະກອນທົດລອງຊີວະວິທະຍາ',NULL,'{\"yearly_total\": 0}','{\"key\": \"monthly\", \"name\": \"ລາຍຈ່າຍປະຈຳເດືອນ\", \"fields_schema\": [{\"data_type\": \"text\", \"field_key\": \"item_name\", \"is_required\": true, \"default_label\": \"ລາຍການ\", \"default_value\": null, \"display_order\": 1, \"is_calculated\": false}, {\"data_type\": \"text\", \"field_key\": \"reference\", \"is_required\": false, \"default_label\": \"ອ້າງອີງ\", \"default_value\": null, \"display_order\": 2, \"is_calculated\": false}, {\"data_type\": \"number\", \"field_key\": \"amount_per_month\", \"is_required\": true, \"default_label\": \"ຕໍ່ເດືອນ\", \"default_value\": null, \"display_order\": 3, \"is_calculated\": false}, {\"data_type\": \"number\", \"field_key\": \"month_count\", \"is_required\": true, \"default_label\": \"ຈ/ນ\", \"default_value\": \"12\", \"display_order\": 4, \"is_calculated\": false}, {\"data_type\": \"number\", \"field_key\": \"yearly_total\", \"is_required\": false, \"default_label\": \"ໝົດປີ\", \"default_value\": null, \"display_order\": 5, \"is_calculated\": true}, {\"data_type\": \"text\", \"field_key\": \"note\", \"is_required\": false, \"default_label\": \"ໝາຍເຫດ\", \"default_value\": null, \"display_order\": 6, \"is_calculated\": false}], \"formula_schema\": {\"fields\": [\"amount_per_month\", \"month_count\"], \"operation\": \"multiply\"}}',2,2,'2026-06-19 05:17:26','2026-06-19 06:39:28'),(3200,20,79,471,106,232,1,'2027','monthly','ຄອມພິວເຕີຕັ້່ງໂຕະ (PC)','ຄອມພິວເຕີຕັ້່ງໂຕະ (PC)',NULL,'{\"yearly_total\": 0}','{\"key\": \"monthly\", \"name\": \"ລາຍຈ່າຍປະຈຳເດືອນ\", \"fields_schema\": [{\"data_type\": \"text\", \"field_key\": \"item_name\", \"is_required\": true, \"default_label\": \"ລາຍການ\", \"default_value\": null, \"display_order\": 1, \"is_calculated\": false}, {\"data_type\": \"text\", \"field_key\": \"reference\", \"is_required\": false, \"default_label\": \"ອ້າງອີງ\", \"default_value\": null, \"display_order\": 2, \"is_calculated\": false}, {\"data_type\": \"number\", \"field_key\": \"amount_per_month\", \"is_required\": true, \"default_label\": \"ຕໍ່ເດືອນ\", \"default_value\": null, \"display_order\": 3, \"is_calculated\": false}, {\"data_type\": \"number\", \"field_key\": \"month_count\", \"is_required\": true, \"default_label\": \"ຈ/ນ\", \"default_value\": \"12\", \"display_order\": 4, \"is_calculated\": false}, {\"data_type\": \"number\", \"field_key\": \"yearly_total\", \"is_required\": false, \"default_label\": \"ໝົດປີ\", \"default_value\": null, \"display_order\": 5, \"is_calculated\": true}, {\"data_type\": \"text\", \"field_key\": \"note\", \"is_required\": false, \"default_label\": \"ໝາຍເຫດ\", \"default_value\": null, \"display_order\": 6, \"is_calculated\": false}], \"formula_schema\": {\"fields\": [\"amount_per_month\", \"month_count\"], \"operation\": \"multiply\"}}',2,2,'2026-06-19 05:17:26','2026-06-19 06:39:28'),(3201,20,79,471,107,232,1,'2027','monthly','ໂປຣເຈັກເຕີໃສ່ຫ້ອງຮຽນ','ໂປຣເຈັກເຕີໃສ່ຫ້ອງຮຽນ',NULL,'{\"yearly_total\": 0}','{\"key\": \"monthly\", \"name\": \"ລາຍຈ່າຍປະຈຳເດືອນ\", \"fields_schema\": [{\"data_type\": \"text\", \"field_key\": \"item_name\", \"is_required\": true, \"default_label\": \"ລາຍການ\", \"default_value\": null, \"display_order\": 1, \"is_calculated\": false}, {\"data_type\": \"text\", \"field_key\": \"reference\", \"is_required\": false, \"default_label\": \"ອ້າງອີງ\", \"default_value\": null, \"display_order\": 2, \"is_calculated\": false}, {\"data_type\": \"number\", \"field_key\": \"amount_per_month\", \"is_required\": true, \"default_label\": \"ຕໍ່ເດືອນ\", \"default_value\": null, \"display_order\": 3, \"is_calculated\": false}, {\"data_type\": \"number\", \"field_key\": \"month_count\", \"is_required\": true, \"default_label\": \"ຈ/ນ\", \"default_value\": \"12\", \"display_order\": 4, \"is_calculated\": false}, {\"data_type\": \"number\", \"field_key\": \"yearly_total\", \"is_required\": false, \"default_label\": \"ໝົດປີ\", \"default_value\": null, \"display_order\": 5, \"is_calculated\": true}, {\"data_type\": \"text\", \"field_key\": \"note\", \"is_required\": false, \"default_label\": \"ໝາຍເຫດ\", \"default_value\": null, \"display_order\": 6, \"is_calculated\": false}], \"formula_schema\": {\"fields\": [\"amount_per_month\", \"month_count\"], \"operation\": \"multiply\"}}',2,2,'2026-06-19 05:17:26','2026-06-19 06:39:28'),(3202,20,79,472,108,163,1,'2027','monthly','ພິທີສະຫຼຸບຊຸດຮຽນ ແລະ ເປີດສົກຮຽນໃໝ່ ປໍໂທ','ພິທີສະຫຼຸບຊຸດຮຽນ ແລະ ເປີດສົກຮຽນໃໝ່ ປໍໂທ',NULL,'{\"yearly_total\": 0}','{\"key\": \"monthly\", \"name\": \"ລາຍຈ່າຍປະຈຳເດືອນ\", \"fields_schema\": [{\"data_type\": \"text\", \"field_key\": \"item_name\", \"is_required\": true, \"default_label\": \"ລາຍການ\", \"default_value\": null, \"display_order\": 1, \"is_calculated\": false}, {\"data_type\": \"text\", \"field_key\": \"reference\", \"is_required\": false, \"default_label\": \"ອ້າງອີງ\", \"default_value\": null, \"display_order\": 2, \"is_calculated\": false}, {\"data_type\": \"number\", \"field_key\": \"amount_per_month\", \"is_required\": true, \"default_label\": \"ຕໍ່ເດືອນ\", \"default_value\": null, \"display_order\": 3, \"is_calculated\": false}, {\"data_type\": \"number\", \"field_key\": \"month_count\", \"is_required\": true, \"default_label\": \"ຈ/ນ\", \"default_value\": \"12\", \"display_order\": 4, \"is_calculated\": false}, {\"data_type\": \"number\", \"field_key\": \"yearly_total\", \"is_required\": false, \"default_label\": \"ໝົດປີ\", \"default_value\": null, \"display_order\": 5, \"is_calculated\": true}, {\"data_type\": \"text\", \"field_key\": \"note\", \"is_required\": false, \"default_label\": \"ໝາຍເຫດ\", \"default_value\": null, \"display_order\": 6, \"is_calculated\": false}], \"formula_schema\": {\"fields\": [\"amount_per_month\", \"month_count\"], \"operation\": \"multiply\"}}',2,2,'2026-06-19 05:17:26','2026-06-19 06:39:28'),(3203,20,79,472,109,164,1,'2027','monthly','ກອງປະຊຸມສໍາມະນາວິຊາການ ປໍໂທ','ກອງປະຊຸມສໍາມະນາວິຊາການ ປໍໂທ',NULL,'{\"yearly_total\": 0}','{\"key\": \"monthly\", \"name\": \"ລາຍຈ່າຍປະຈຳເດືອນ\", \"fields_schema\": [{\"data_type\": \"text\", \"field_key\": \"item_name\", \"is_required\": true, \"default_label\": \"ລາຍການ\", \"default_value\": null, \"display_order\": 1, \"is_calculated\": false}, {\"data_type\": \"text\", \"field_key\": \"reference\", \"is_required\": false, \"default_label\": \"ອ້າງອີງ\", \"default_value\": null, \"display_order\": 2, \"is_calculated\": false}, {\"data_type\": \"number\", \"field_key\": \"amount_per_month\", \"is_required\": true, \"default_label\": \"ຕໍ່ເດືອນ\", \"default_value\": null, \"display_order\": 3, \"is_calculated\": false}, {\"data_type\": \"number\", \"field_key\": \"month_count\", \"is_required\": true, \"default_label\": \"ຈ/ນ\", \"default_value\": \"12\", \"display_order\": 4, \"is_calculated\": false}, {\"data_type\": \"number\", \"field_key\": \"yearly_total\", \"is_required\": false, \"default_label\": \"ໝົດປີ\", \"default_value\": null, \"display_order\": 5, \"is_calculated\": true}, {\"data_type\": \"text\", \"field_key\": \"note\", \"is_required\": false, \"default_label\": \"ໝາຍເຫດ\", \"default_value\": null, \"display_order\": 6, \"is_calculated\": false}], \"formula_schema\": {\"fields\": [\"amount_per_month\", \"month_count\"], \"operation\": \"multiply\"}}',2,2,'2026-06-19 05:17:26','2026-06-19 06:39:28'),(3204,20,79,472,110,163,1,'2027','monthly','ກອງປະຊຸມຜູ້ຊົງຄຸນວຸດທິ ປໍໂທ','ກອງປະຊຸມຜູ້ຊົງຄຸນວຸດທິ ປໍໂທ',NULL,'{\"yearly_total\": 0}','{\"key\": \"monthly\", \"name\": \"ລາຍຈ່າຍປະຈຳເດືອນ\", \"fields_schema\": [{\"data_type\": \"text\", \"field_key\": \"item_name\", \"is_required\": true, \"default_label\": \"ລາຍການ\", \"default_value\": null, \"display_order\": 1, \"is_calculated\": false}, {\"data_type\": \"text\", \"field_key\": \"reference\", \"is_required\": false, \"default_label\": \"ອ້າງອີງ\", \"default_value\": null, \"display_order\": 2, \"is_calculated\": false}, {\"data_type\": \"number\", \"field_key\": \"amount_per_month\", \"is_required\": true, \"default_label\": \"ຕໍ່ເດືອນ\", \"default_value\": null, \"display_order\": 3, \"is_calculated\": false}, {\"data_type\": \"number\", \"field_key\": \"month_count\", \"is_required\": true, \"default_label\": \"ຈ/ນ\", \"default_value\": \"12\", \"display_order\": 4, \"is_calculated\": false}, {\"data_type\": \"number\", \"field_key\": \"yearly_total\", \"is_required\": false, \"default_label\": \"ໝົດປີ\", \"default_value\": null, \"display_order\": 5, \"is_calculated\": true}, {\"data_type\": \"text\", \"field_key\": \"note\", \"is_required\": false, \"default_label\": \"ໝາຍເຫດ\", \"default_value\": null, \"display_order\": 6, \"is_calculated\": false}], \"formula_schema\": {\"fields\": [\"amount_per_month\", \"month_count\"], \"operation\": \"multiply\"}}',2,2,'2026-06-19 05:17:26','2026-06-19 06:39:28'),(3205,20,79,473,111,232,1,'2027','monthly','ຊື້ປື້ມໃສ່ຫ້ອງອ່ານ','ຊື້ປື້ມໃສ່ຫ້ອງອ່ານ',NULL,'{\"yearly_total\": 0}','{\"key\": \"monthly\", \"name\": \"ລາຍຈ່າຍປະຈຳເດືອນ\", \"fields_schema\": [{\"data_type\": \"text\", \"field_key\": \"item_name\", \"is_required\": true, \"default_label\": \"ລາຍການ\", \"default_value\": null, \"display_order\": 1, \"is_calculated\": false}, {\"data_type\": \"text\", \"field_key\": \"reference\", \"is_required\": false, \"default_label\": \"ອ້າງອີງ\", \"default_value\": null, \"display_order\": 2, \"is_calculated\": false}, {\"data_type\": \"number\", \"field_key\": \"amount_per_month\", \"is_required\": true, \"default_label\": \"ຕໍ່ເດືອນ\", \"default_value\": null, \"display_order\": 3, \"is_calculated\": false}, {\"data_type\": \"number\", \"field_key\": \"month_count\", \"is_required\": true, \"default_label\": \"ຈ/ນ\", \"default_value\": \"12\", \"display_order\": 4, \"is_calculated\": false}, {\"data_type\": \"number\", \"field_key\": \"yearly_total\", \"is_required\": false, \"default_label\": \"ໝົດປີ\", \"default_value\": null, \"display_order\": 5, \"is_calculated\": true}, {\"data_type\": \"text\", \"field_key\": \"note\", \"is_required\": false, \"default_label\": \"ໝາຍເຫດ\", \"default_value\": null, \"display_order\": 6, \"is_calculated\": false}], \"formula_schema\": {\"fields\": [\"amount_per_month\", \"month_count\"], \"operation\": \"multiply\"}}',2,2,'2026-06-19 05:17:26','2026-06-19 06:39:28'),(3206,20,79,473,112,232,1,'2027','monthly','ຊື້ຮ້ານປື້ມໃສ່ຫ້ອງອ່ານ','ຊື້ຮ້ານປື້ມໃສ່ຫ້ອງອ່ານ',NULL,'{\"yearly_total\": 0}','{\"key\": \"monthly\", \"name\": \"ລາຍຈ່າຍປະຈຳເດືອນ\", \"fields_schema\": [{\"data_type\": \"text\", \"field_key\": \"item_name\", \"is_required\": true, \"default_label\": \"ລາຍການ\", \"default_value\": null, \"display_order\": 1, \"is_calculated\": false}, {\"data_type\": \"text\", \"field_key\": \"reference\", \"is_required\": false, \"default_label\": \"ອ້າງອີງ\", \"default_value\": null, \"display_order\": 2, \"is_calculated\": false}, {\"data_type\": \"number\", \"field_key\": \"amount_per_month\", \"is_required\": true, \"default_label\": \"ຕໍ່ເດືອນ\", \"default_value\": null, \"display_order\": 3, \"is_calculated\": false}, {\"data_type\": \"number\", \"field_key\": \"month_count\", \"is_required\": true, \"default_label\": \"ຈ/ນ\", \"default_value\": \"12\", \"display_order\": 4, \"is_calculated\": false}, {\"data_type\": \"number\", \"field_key\": \"yearly_total\", \"is_required\": false, \"default_label\": \"ໝົດປີ\", \"default_value\": null, \"display_order\": 5, \"is_calculated\": true}, {\"data_type\": \"text\", \"field_key\": \"note\", \"is_required\": false, \"default_label\": \"ໝາຍເຫດ\", \"default_value\": null, \"display_order\": 6, \"is_calculated\": false}], \"formula_schema\": {\"fields\": [\"amount_per_month\", \"month_count\"], \"operation\": \"multiply\"}}',2,2,'2026-06-19 05:17:26','2026-06-19 06:39:28'),(3207,20,79,474,113,165,1,'2027','monthly','ສົ່ງພະນັກງານໄປຍົກລະດັບໄລຍະຍາວ','ສົ່ງພະນັກງານໄປຍົກລະດັບໄລຍະຍາວ',NULL,'{\"yearly_total\": 0}','{\"key\": \"monthly\", \"name\": \"ລາຍຈ່າຍປະຈຳເດືອນ\", \"fields_schema\": [{\"data_type\": \"text\", \"field_key\": \"item_name\", \"is_required\": true, \"default_label\": \"ລາຍການ\", \"default_value\": null, \"display_order\": 1, \"is_calculated\": false}, {\"data_type\": \"text\", \"field_key\": \"reference\", \"is_required\": false, \"default_label\": \"ອ້າງອີງ\", \"default_value\": null, \"display_order\": 2, \"is_calculated\": false}, {\"data_type\": \"number\", \"field_key\": \"amount_per_month\", \"is_required\": true, \"default_label\": \"ຕໍ່ເດືອນ\", \"default_value\": null, \"display_order\": 3, \"is_calculated\": false}, {\"data_type\": \"number\", \"field_key\": \"month_count\", \"is_required\": true, \"default_label\": \"ຈ/ນ\", \"default_value\": \"12\", \"display_order\": 4, \"is_calculated\": false}, {\"data_type\": \"number\", \"field_key\": \"yearly_total\", \"is_required\": false, \"default_label\": \"ໝົດປີ\", \"default_value\": null, \"display_order\": 5, \"is_calculated\": true}, {\"data_type\": \"text\", \"field_key\": \"note\", \"is_required\": false, \"default_label\": \"ໝາຍເຫດ\", \"default_value\": null, \"display_order\": 6, \"is_calculated\": false}], \"formula_schema\": {\"fields\": [\"amount_per_month\", \"month_count\"], \"operation\": \"multiply\"}}',2,2,'2026-06-19 05:17:26','2026-06-19 06:39:28'),(3208,20,79,475,114,160,1,'2027','monthly','ງົບປະມານຕິດຕາມຫຼັກສູດ ປໍໂທ','ງົບປະມານຕິດຕາມຫຼັກສູດ ປໍໂທ',NULL,'{\"yearly_total\": 0}','{\"key\": \"monthly\", \"name\": \"ລາຍຈ່າຍປະຈຳເດືອນ\", \"fields_schema\": [{\"data_type\": \"text\", \"field_key\": \"item_name\", \"is_required\": true, \"default_label\": \"ລາຍການ\", \"default_value\": null, \"display_order\": 1, \"is_calculated\": false}, {\"data_type\": \"text\", \"field_key\": \"reference\", \"is_required\": false, \"default_label\": \"ອ້າງອີງ\", \"default_value\": null, \"display_order\": 2, \"is_calculated\": false}, {\"data_type\": \"number\", \"field_key\": \"amount_per_month\", \"is_required\": true, \"default_label\": \"ຕໍ່ເດືອນ\", \"default_value\": null, \"display_order\": 3, \"is_calculated\": false}, {\"data_type\": \"number\", \"field_key\": \"month_count\", \"is_required\": true, \"default_label\": \"ຈ/ນ\", \"default_value\": \"12\", \"display_order\": 4, \"is_calculated\": false}, {\"data_type\": \"number\", \"field_key\": \"yearly_total\", \"is_required\": false, \"default_label\": \"ໝົດປີ\", \"default_value\": null, \"display_order\": 5, \"is_calculated\": true}, {\"data_type\": \"text\", \"field_key\": \"note\", \"is_required\": false, \"default_label\": \"ໝາຍເຫດ\", \"default_value\": null, \"display_order\": 6, \"is_calculated\": false}], \"formula_schema\": {\"fields\": [\"amount_per_month\", \"month_count\"], \"operation\": \"multiply\"}}',2,2,'2026-06-19 05:17:26','2026-06-19 06:39:28'),(3209,20,80,476,115,193,1,'2027','monthly','ສົ່ງເສີມວິຊາການສ່ວນກາງ','ສົ່ງເສີມວິຊາການສ່ວນກາງ',NULL,'{\"yearly_total\": 0}','{\"key\": \"monthly\", \"name\": \"ລາຍຈ່າຍປະຈຳເດືອນ\", \"fields_schema\": [{\"data_type\": \"text\", \"field_key\": \"item_name\", \"is_required\": true, \"default_label\": \"ລາຍການ\", \"default_value\": null, \"display_order\": 1, \"is_calculated\": false}, {\"data_type\": \"text\", \"field_key\": \"reference\", \"is_required\": false, \"default_label\": \"ອ້າງອີງ\", \"default_value\": null, \"display_order\": 2, \"is_calculated\": false}, {\"data_type\": \"number\", \"field_key\": \"amount_per_month\", \"is_required\": true, \"default_label\": \"ຕໍ່ເດືອນ\", \"default_value\": null, \"display_order\": 3, \"is_calculated\": false}, {\"data_type\": \"number\", \"field_key\": \"month_count\", \"is_required\": true, \"default_label\": \"ຈ/ນ\", \"default_value\": \"12\", \"display_order\": 4, \"is_calculated\": false}, {\"data_type\": \"number\", \"field_key\": \"yearly_total\", \"is_required\": false, \"default_label\": \"ໝົດປີ\", \"default_value\": null, \"display_order\": 5, \"is_calculated\": true}, {\"data_type\": \"text\", \"field_key\": \"note\", \"is_required\": false, \"default_label\": \"ໝາຍເຫດ\", \"default_value\": null, \"display_order\": 6, \"is_calculated\": false}], \"formula_schema\": {\"fields\": [\"amount_per_month\", \"month_count\"], \"operation\": \"multiply\"}}',2,2,'2026-06-19 05:17:26','2026-06-19 06:39:28'),(3210,20,80,476,116,193,1,'2027','monthly','ກອງປະຊຸມສຳມະນາການເງິນ (ພະແນກການເງິນ )','ກອງປະຊຸມສຳມະນາການເງິນ (ພະແນກການເງິນ )',NULL,'{\"yearly_total\": 0}','{\"key\": \"monthly\", \"name\": \"ລາຍຈ່າຍປະຈຳເດືອນ\", \"fields_schema\": [{\"data_type\": \"text\", \"field_key\": \"item_name\", \"is_required\": true, \"default_label\": \"ລາຍການ\", \"default_value\": null, \"display_order\": 1, \"is_calculated\": false}, {\"data_type\": \"text\", \"field_key\": \"reference\", \"is_required\": false, \"default_label\": \"ອ້າງອີງ\", \"default_value\": null, \"display_order\": 2, \"is_calculated\": false}, {\"data_type\": \"number\", \"field_key\": \"amount_per_month\", \"is_required\": true, \"default_label\": \"ຕໍ່ເດືອນ\", \"default_value\": null, \"display_order\": 3, \"is_calculated\": false}, {\"data_type\": \"number\", \"field_key\": \"month_count\", \"is_required\": true, \"default_label\": \"ຈ/ນ\", \"default_value\": \"12\", \"display_order\": 4, \"is_calculated\": false}, {\"data_type\": \"number\", \"field_key\": \"yearly_total\", \"is_required\": false, \"default_label\": \"ໝົດປີ\", \"default_value\": null, \"display_order\": 5, \"is_calculated\": true}, {\"data_type\": \"text\", \"field_key\": \"note\", \"is_required\": false, \"default_label\": \"ໝາຍເຫດ\", \"default_value\": null, \"display_order\": 6, \"is_calculated\": false}], \"formula_schema\": {\"fields\": [\"amount_per_month\", \"month_count\"], \"operation\": \"multiply\"}}',2,2,'2026-06-19 05:17:26','2026-06-19 06:39:28'),(3211,20,80,476,117,193,1,'2027','monthly','ພະແນກບໍລິຫານສັງລວມ','ພະແນກບໍລິຫານສັງລວມ',NULL,'{\"yearly_total\": 0}','{\"key\": \"monthly\", \"name\": \"ລາຍຈ່າຍປະຈຳເດືອນ\", \"fields_schema\": [{\"data_type\": \"text\", \"field_key\": \"item_name\", \"is_required\": true, \"default_label\": \"ລາຍການ\", \"default_value\": null, \"display_order\": 1, \"is_calculated\": false}, {\"data_type\": \"text\", \"field_key\": \"reference\", \"is_required\": false, \"default_label\": \"ອ້າງອີງ\", \"default_value\": null, \"display_order\": 2, \"is_calculated\": false}, {\"data_type\": \"number\", \"field_key\": \"amount_per_month\", \"is_required\": true, \"default_label\": \"ຕໍ່ເດືອນ\", \"default_value\": null, \"display_order\": 3, \"is_calculated\": false}, {\"data_type\": \"number\", \"field_key\": \"month_count\", \"is_required\": true, \"default_label\": \"ຈ/ນ\", \"default_value\": \"12\", \"display_order\": 4, \"is_calculated\": false}, {\"data_type\": \"number\", \"field_key\": \"yearly_total\", \"is_required\": false, \"default_label\": \"ໝົດປີ\", \"default_value\": null, \"display_order\": 5, \"is_calculated\": true}, {\"data_type\": \"text\", \"field_key\": \"note\", \"is_required\": false, \"default_label\": \"ໝາຍເຫດ\", \"default_value\": null, \"display_order\": 6, \"is_calculated\": false}], \"formula_schema\": {\"fields\": [\"amount_per_month\", \"month_count\"], \"operation\": \"multiply\"}}',2,2,'2026-06-19 05:17:26','2026-06-19 06:39:28'),(3212,20,80,476,118,193,1,'2027','monthly','ໜ່ວຍງານ ICT','ໜ່ວຍງານ ICT',NULL,'{\"yearly_total\": 0}','{\"key\": \"monthly\", \"name\": \"ລາຍຈ່າຍປະຈຳເດືອນ\", \"fields_schema\": [{\"data_type\": \"text\", \"field_key\": \"item_name\", \"is_required\": true, \"default_label\": \"ລາຍການ\", \"default_value\": null, \"display_order\": 1, \"is_calculated\": false}, {\"data_type\": \"text\", \"field_key\": \"reference\", \"is_required\": false, \"default_label\": \"ອ້າງອີງ\", \"default_value\": null, \"display_order\": 2, \"is_calculated\": false}, {\"data_type\": \"number\", \"field_key\": \"amount_per_month\", \"is_required\": true, \"default_label\": \"ຕໍ່ເດືອນ\", \"default_value\": null, \"display_order\": 3, \"is_calculated\": false}, {\"data_type\": \"number\", \"field_key\": \"month_count\", \"is_required\": true, \"default_label\": \"ຈ/ນ\", \"default_value\": \"12\", \"display_order\": 4, \"is_calculated\": false}, {\"data_type\": \"number\", \"field_key\": \"yearly_total\", \"is_required\": false, \"default_label\": \"ໝົດປີ\", \"default_value\": null, \"display_order\": 5, \"is_calculated\": true}, {\"data_type\": \"text\", \"field_key\": \"note\", \"is_required\": false, \"default_label\": \"ໝາຍເຫດ\", \"default_value\": null, \"display_order\": 6, \"is_calculated\": false}], \"formula_schema\": {\"fields\": [\"amount_per_month\", \"month_count\"], \"operation\": \"multiply\"}}',2,2,'2026-06-19 05:17:26','2026-06-19 06:39:28'),(3213,20,80,476,119,193,1,'2027','monthly','ຫຼັງປະລິນຍາຕີ','ຫຼັງປະລິນຍາຕີ',NULL,'{\"yearly_total\": 0}','{\"key\": \"monthly\", \"name\": \"ລາຍຈ່າຍປະຈຳເດືອນ\", \"fields_schema\": [{\"data_type\": \"text\", \"field_key\": \"item_name\", \"is_required\": true, \"default_label\": \"ລາຍການ\", \"default_value\": null, \"display_order\": 1, \"is_calculated\": false}, {\"data_type\": \"text\", \"field_key\": \"reference\", \"is_required\": false, \"default_label\": \"ອ້າງອີງ\", \"default_value\": null, \"display_order\": 2, \"is_calculated\": false}, {\"data_type\": \"number\", \"field_key\": \"amount_per_month\", \"is_required\": true, \"default_label\": \"ຕໍ່ເດືອນ\", \"default_value\": null, \"display_order\": 3, \"is_calculated\": false}, {\"data_type\": \"number\", \"field_key\": \"month_count\", \"is_required\": true, \"default_label\": \"ຈ/ນ\", \"default_value\": \"12\", \"display_order\": 4, \"is_calculated\": false}, {\"data_type\": \"number\", \"field_key\": \"yearly_total\", \"is_required\": false, \"default_label\": \"ໝົດປີ\", \"default_value\": null, \"display_order\": 5, \"is_calculated\": true}, {\"data_type\": \"text\", \"field_key\": \"note\", \"is_required\": false, \"default_label\": \"ໝາຍເຫດ\", \"default_value\": null, \"display_order\": 6, \"is_calculated\": false}], \"formula_schema\": {\"fields\": [\"amount_per_month\", \"month_count\"], \"operation\": \"multiply\"}}',2,2,'2026-06-19 05:17:26','2026-06-19 06:39:28'),(3214,20,80,476,120,193,1,'2027','monthly','ຄົ້ນຄ້ວາ ແລະ ບໍລິການວິຊາການ','ຄົ້ນຄ້ວາ ແລະ ບໍລິການວິຊາການ',NULL,'{\"yearly_total\": 0}','{\"key\": \"monthly\", \"name\": \"ລາຍຈ່າຍປະຈຳເດືອນ\", \"fields_schema\": [{\"data_type\": \"text\", \"field_key\": \"item_name\", \"is_required\": true, \"default_label\": \"ລາຍການ\", \"default_value\": null, \"display_order\": 1, \"is_calculated\": false}, {\"data_type\": \"text\", \"field_key\": \"reference\", \"is_required\": false, \"default_label\": \"ອ້າງອີງ\", \"default_value\": null, \"display_order\": 2, \"is_calculated\": false}, {\"data_type\": \"number\", \"field_key\": \"amount_per_month\", \"is_required\": true, \"default_label\": \"ຕໍ່ເດືອນ\", \"default_value\": null, \"display_order\": 3, \"is_calculated\": false}, {\"data_type\": \"number\", \"field_key\": \"month_count\", \"is_required\": true, \"default_label\": \"ຈ/ນ\", \"default_value\": \"12\", \"display_order\": 4, \"is_calculated\": false}, {\"data_type\": \"number\", \"field_key\": \"yearly_total\", \"is_required\": false, \"default_label\": \"ໝົດປີ\", \"default_value\": null, \"display_order\": 5, \"is_calculated\": true}, {\"data_type\": \"text\", \"field_key\": \"note\", \"is_required\": false, \"default_label\": \"ໝາຍເຫດ\", \"default_value\": null, \"display_order\": 6, \"is_calculated\": false}], \"formula_schema\": {\"fields\": [\"amount_per_month\", \"month_count\"], \"operation\": \"multiply\"}}',2,2,'2026-06-19 05:17:26','2026-06-19 06:39:28'),(3215,20,80,476,121,193,1,'2027','monthly','ພັດທະນາຫຸ່ນຍົນ (Robot)','ພັດທະນາຫຸ່ນຍົນ (Robot)',NULL,'{\"yearly_total\": 0}','{\"key\": \"monthly\", \"name\": \"ລາຍຈ່າຍປະຈຳເດືອນ\", \"fields_schema\": [{\"data_type\": \"text\", \"field_key\": \"item_name\", \"is_required\": true, \"default_label\": \"ລາຍການ\", \"default_value\": null, \"display_order\": 1, \"is_calculated\": false}, {\"data_type\": \"text\", \"field_key\": \"reference\", \"is_required\": false, \"default_label\": \"ອ້າງອີງ\", \"default_value\": null, \"display_order\": 2, \"is_calculated\": false}, {\"data_type\": \"number\", \"field_key\": \"amount_per_month\", \"is_required\": true, \"default_label\": \"ຕໍ່ເດືອນ\", \"default_value\": null, \"display_order\": 3, \"is_calculated\": false}, {\"data_type\": \"number\", \"field_key\": \"month_count\", \"is_required\": true, \"default_label\": \"ຈ/ນ\", \"default_value\": \"12\", \"display_order\": 4, \"is_calculated\": false}, {\"data_type\": \"number\", \"field_key\": \"yearly_total\", \"is_required\": false, \"default_label\": \"ໝົດປີ\", \"default_value\": null, \"display_order\": 5, \"is_calculated\": true}, {\"data_type\": \"text\", \"field_key\": \"note\", \"is_required\": false, \"default_label\": \"ໝາຍເຫດ\", \"default_value\": null, \"display_order\": 6, \"is_calculated\": false}], \"formula_schema\": {\"fields\": [\"amount_per_month\", \"month_count\"], \"operation\": \"multiply\"}}',2,2,'2026-06-19 05:17:26','2026-06-19 06:39:28'),(3216,20,80,476,122,193,1,'2027','monthly','ພະແນກວິຊາການ','ພະແນກວິຊາການ',NULL,'{\"yearly_total\": 0}','{\"key\": \"monthly\", \"name\": \"ລາຍຈ່າຍປະຈຳເດືອນ\", \"fields_schema\": [{\"data_type\": \"text\", \"field_key\": \"item_name\", \"is_required\": true, \"default_label\": \"ລາຍການ\", \"default_value\": null, \"display_order\": 1, \"is_calculated\": false}, {\"data_type\": \"text\", \"field_key\": \"reference\", \"is_required\": false, \"default_label\": \"ອ້າງອີງ\", \"default_value\": null, \"display_order\": 2, \"is_calculated\": false}, {\"data_type\": \"number\", \"field_key\": \"amount_per_month\", \"is_required\": true, \"default_label\": \"ຕໍ່ເດືອນ\", \"default_value\": null, \"display_order\": 3, \"is_calculated\": false}, {\"data_type\": \"number\", \"field_key\": \"month_count\", \"is_required\": true, \"default_label\": \"ຈ/ນ\", \"default_value\": \"12\", \"display_order\": 4, \"is_calculated\": false}, {\"data_type\": \"number\", \"field_key\": \"yearly_total\", \"is_required\": false, \"default_label\": \"ໝົດປີ\", \"default_value\": null, \"display_order\": 5, \"is_calculated\": true}, {\"data_type\": \"text\", \"field_key\": \"note\", \"is_required\": false, \"default_label\": \"ໝາຍເຫດ\", \"default_value\": null, \"display_order\": 6, \"is_calculated\": false}], \"formula_schema\": {\"fields\": [\"amount_per_month\", \"month_count\"], \"operation\": \"multiply\"}}',2,2,'2026-06-19 05:17:26','2026-06-19 06:39:28'),(3217,20,80,476,123,193,1,'2027','monthly','ພະແນກຄຸ້ມຄອງນັກສຶກສາ','ພະແນກຄຸ້ມຄອງນັກສຶກສາ',NULL,'{\"yearly_total\": 0}','{\"key\": \"monthly\", \"name\": \"ລາຍຈ່າຍປະຈຳເດືອນ\", \"fields_schema\": [{\"data_type\": \"text\", \"field_key\": \"item_name\", \"is_required\": true, \"default_label\": \"ລາຍການ\", \"default_value\": null, \"display_order\": 1, \"is_calculated\": false}, {\"data_type\": \"text\", \"field_key\": \"reference\", \"is_required\": false, \"default_label\": \"ອ້າງອີງ\", \"default_value\": null, \"display_order\": 2, \"is_calculated\": false}, {\"data_type\": \"number\", \"field_key\": \"amount_per_month\", \"is_required\": true, \"default_label\": \"ຕໍ່ເດືອນ\", \"default_value\": null, \"display_order\": 3, \"is_calculated\": false}, {\"data_type\": \"number\", \"field_key\": \"month_count\", \"is_required\": true, \"default_label\": \"ຈ/ນ\", \"default_value\": \"12\", \"display_order\": 4, \"is_calculated\": false}, {\"data_type\": \"number\", \"field_key\": \"yearly_total\", \"is_required\": false, \"default_label\": \"ໝົດປີ\", \"default_value\": null, \"display_order\": 5, \"is_calculated\": true}, {\"data_type\": \"text\", \"field_key\": \"note\", \"is_required\": false, \"default_label\": \"ໝາຍເຫດ\", \"default_value\": null, \"display_order\": 6, \"is_calculated\": false}], \"formula_schema\": {\"fields\": [\"amount_per_month\", \"month_count\"], \"operation\": \"multiply\"}}',2,2,'2026-06-19 05:17:26','2026-06-19 06:39:28'),(3218,20,80,476,124,193,1,'2027','monthly','ພາກວິຊາຄະນິດສາດ','ພາກວິຊາຄະນິດສາດ',NULL,'{\"yearly_total\": 0}','{\"key\": \"monthly\", \"name\": \"ລາຍຈ່າຍປະຈຳເດືອນ\", \"fields_schema\": [{\"data_type\": \"text\", \"field_key\": \"item_name\", \"is_required\": true, \"default_label\": \"ລາຍການ\", \"default_value\": null, \"display_order\": 1, \"is_calculated\": false}, {\"data_type\": \"text\", \"field_key\": \"reference\", \"is_required\": false, \"default_label\": \"ອ້າງອີງ\", \"default_value\": null, \"display_order\": 2, \"is_calculated\": false}, {\"data_type\": \"number\", \"field_key\": \"amount_per_month\", \"is_required\": true, \"default_label\": \"ຕໍ່ເດືອນ\", \"default_value\": null, \"display_order\": 3, \"is_calculated\": false}, {\"data_type\": \"number\", \"field_key\": \"month_count\", \"is_required\": true, \"default_label\": \"ຈ/ນ\", \"default_value\": \"12\", \"display_order\": 4, \"is_calculated\": false}, {\"data_type\": \"number\", \"field_key\": \"yearly_total\", \"is_required\": false, \"default_label\": \"ໝົດປີ\", \"default_value\": null, \"display_order\": 5, \"is_calculated\": true}, {\"data_type\": \"text\", \"field_key\": \"note\", \"is_required\": false, \"default_label\": \"ໝາຍເຫດ\", \"default_value\": null, \"display_order\": 6, \"is_calculated\": false}], \"formula_schema\": {\"fields\": [\"amount_per_month\", \"month_count\"], \"operation\": \"multiply\"}}',2,2,'2026-06-19 05:17:26','2026-06-19 06:39:28'),(3219,20,80,476,125,193,1,'2027','monthly','ພາກວິຊາຟີຊິກສາດ','ພາກວິຊາຟີຊິກສາດ',NULL,'{\"yearly_total\": 0}','{\"key\": \"monthly\", \"name\": \"ລາຍຈ່າຍປະຈຳເດືອນ\", \"fields_schema\": [{\"data_type\": \"text\", \"field_key\": \"item_name\", \"is_required\": true, \"default_label\": \"ລາຍການ\", \"default_value\": null, \"display_order\": 1, \"is_calculated\": false}, {\"data_type\": \"text\", \"field_key\": \"reference\", \"is_required\": false, \"default_label\": \"ອ້າງອີງ\", \"default_value\": null, \"display_order\": 2, \"is_calculated\": false}, {\"data_type\": \"number\", \"field_key\": \"amount_per_month\", \"is_required\": true, \"default_label\": \"ຕໍ່ເດືອນ\", \"default_value\": null, \"display_order\": 3, \"is_calculated\": false}, {\"data_type\": \"number\", \"field_key\": \"month_count\", \"is_required\": true, \"default_label\": \"ຈ/ນ\", \"default_value\": \"12\", \"display_order\": 4, \"is_calculated\": false}, {\"data_type\": \"number\", \"field_key\": \"yearly_total\", \"is_required\": false, \"default_label\": \"ໝົດປີ\", \"default_value\": null, \"display_order\": 5, \"is_calculated\": true}, {\"data_type\": \"text\", \"field_key\": \"note\", \"is_required\": false, \"default_label\": \"ໝາຍເຫດ\", \"default_value\": null, \"display_order\": 6, \"is_calculated\": false}], \"formula_schema\": {\"fields\": [\"amount_per_month\", \"month_count\"], \"operation\": \"multiply\"}}',2,2,'2026-06-19 05:17:26','2026-06-19 06:39:28'),(3220,20,80,476,126,193,1,'2027','monthly','ພາກວິຊາເຄມີສາດ','ພາກວິຊາເຄມີສາດ',NULL,'{\"yearly_total\": 0}','{\"key\": \"monthly\", \"name\": \"ລາຍຈ່າຍປະຈຳເດືອນ\", \"fields_schema\": [{\"data_type\": \"text\", \"field_key\": \"item_name\", \"is_required\": true, \"default_label\": \"ລາຍການ\", \"default_value\": null, \"display_order\": 1, \"is_calculated\": false}, {\"data_type\": \"text\", \"field_key\": \"reference\", \"is_required\": false, \"default_label\": \"ອ້າງອີງ\", \"default_value\": null, \"display_order\": 2, \"is_calculated\": false}, {\"data_type\": \"number\", \"field_key\": \"amount_per_month\", \"is_required\": true, \"default_label\": \"ຕໍ່ເດືອນ\", \"default_value\": null, \"display_order\": 3, \"is_calculated\": false}, {\"data_type\": \"number\", \"field_key\": \"month_count\", \"is_required\": true, \"default_label\": \"ຈ/ນ\", \"default_value\": \"12\", \"display_order\": 4, \"is_calculated\": false}, {\"data_type\": \"number\", \"field_key\": \"yearly_total\", \"is_required\": false, \"default_label\": \"ໝົດປີ\", \"default_value\": null, \"display_order\": 5, \"is_calculated\": true}, {\"data_type\": \"text\", \"field_key\": \"note\", \"is_required\": false, \"default_label\": \"ໝາຍເຫດ\", \"default_value\": null, \"display_order\": 6, \"is_calculated\": false}], \"formula_schema\": {\"fields\": [\"amount_per_month\", \"month_count\"], \"operation\": \"multiply\"}}',2,2,'2026-06-19 05:17:26','2026-06-19 06:39:28'),(3221,20,80,476,127,193,1,'2027','monthly','ພາກວິຊາຊີວະວິທະຍາ','ພາກວິຊາຊີວະວິທະຍາ',NULL,'{\"yearly_total\": 0}','{\"key\": \"monthly\", \"name\": \"ລາຍຈ່າຍປະຈຳເດືອນ\", \"fields_schema\": [{\"data_type\": \"text\", \"field_key\": \"item_name\", \"is_required\": true, \"default_label\": \"ລາຍການ\", \"default_value\": null, \"display_order\": 1, \"is_calculated\": false}, {\"data_type\": \"text\", \"field_key\": \"reference\", \"is_required\": false, \"default_label\": \"ອ້າງອີງ\", \"default_value\": null, \"display_order\": 2, \"is_calculated\": false}, {\"data_type\": \"number\", \"field_key\": \"amount_per_month\", \"is_required\": true, \"default_label\": \"ຕໍ່ເດືອນ\", \"default_value\": null, \"display_order\": 3, \"is_calculated\": false}, {\"data_type\": \"number\", \"field_key\": \"month_count\", \"is_required\": true, \"default_label\": \"ຈ/ນ\", \"default_value\": \"12\", \"display_order\": 4, \"is_calculated\": false}, {\"data_type\": \"number\", \"field_key\": \"yearly_total\", \"is_required\": false, \"default_label\": \"ໝົດປີ\", \"default_value\": null, \"display_order\": 5, \"is_calculated\": true}, {\"data_type\": \"text\", \"field_key\": \"note\", \"is_required\": false, \"default_label\": \"ໝາຍເຫດ\", \"default_value\": null, \"display_order\": 6, \"is_calculated\": false}], \"formula_schema\": {\"fields\": [\"amount_per_month\", \"month_count\"], \"operation\": \"multiply\"}}',2,2,'2026-06-19 05:17:26','2026-06-19 06:39:28'),(3222,20,80,476,128,193,1,'2027','monthly','ພາກວິຊາວິທະຍາສາດຄອມພີວເຕີ','ພາກວິຊາວິທະຍາສາດຄອມພີວເຕີ',NULL,'{\"yearly_total\": 0}','{\"key\": \"monthly\", \"name\": \"ລາຍຈ່າຍປະຈຳເດືອນ\", \"fields_schema\": [{\"data_type\": \"text\", \"field_key\": \"item_name\", \"is_required\": true, \"default_label\": \"ລາຍການ\", \"default_value\": null, \"display_order\": 1, \"is_calculated\": false}, {\"data_type\": \"text\", \"field_key\": \"reference\", \"is_required\": false, \"default_label\": \"ອ້າງອີງ\", \"default_value\": null, \"display_order\": 2, \"is_calculated\": false}, {\"data_type\": \"number\", \"field_key\": \"amount_per_month\", \"is_required\": true, \"default_label\": \"ຕໍ່ເດືອນ\", \"default_value\": null, \"display_order\": 3, \"is_calculated\": false}, {\"data_type\": \"number\", \"field_key\": \"month_count\", \"is_required\": true, \"default_label\": \"ຈ/ນ\", \"default_value\": \"12\", \"display_order\": 4, \"is_calculated\": false}, {\"data_type\": \"number\", \"field_key\": \"yearly_total\", \"is_required\": false, \"default_label\": \"ໝົດປີ\", \"default_value\": null, \"display_order\": 5, \"is_calculated\": true}, {\"data_type\": \"text\", \"field_key\": \"note\", \"is_required\": false, \"default_label\": \"ໝາຍເຫດ\", \"default_value\": null, \"display_order\": 6, \"is_calculated\": false}], \"formula_schema\": {\"fields\": [\"amount_per_month\", \"month_count\"], \"operation\": \"multiply\"}}',2,2,'2026-06-19 05:17:26','2026-06-19 06:39:28'),(3223,20,80,476,129,193,1,'2027','monthly','ສາມອົງການຈັດຕັ້ງມະຫາຊົນ','ສາມອົງການຈັດຕັ້ງມະຫາຊົນ',NULL,'{\"yearly_total\": 0}','{\"key\": \"monthly\", \"name\": \"ລາຍຈ່າຍປະຈຳເດືອນ\", \"fields_schema\": [{\"data_type\": \"text\", \"field_key\": \"item_name\", \"is_required\": true, \"default_label\": \"ລາຍການ\", \"default_value\": null, \"display_order\": 1, \"is_calculated\": false}, {\"data_type\": \"text\", \"field_key\": \"reference\", \"is_required\": false, \"default_label\": \"ອ້າງອີງ\", \"default_value\": null, \"display_order\": 2, \"is_calculated\": false}, {\"data_type\": \"number\", \"field_key\": \"amount_per_month\", \"is_required\": true, \"default_label\": \"ຕໍ່ເດືອນ\", \"default_value\": null, \"display_order\": 3, \"is_calculated\": false}, {\"data_type\": \"number\", \"field_key\": \"month_count\", \"is_required\": true, \"default_label\": \"ຈ/ນ\", \"default_value\": \"12\", \"display_order\": 4, \"is_calculated\": false}, {\"data_type\": \"number\", \"field_key\": \"yearly_total\", \"is_required\": false, \"default_label\": \"ໝົດປີ\", \"default_value\": null, \"display_order\": 5, \"is_calculated\": true}, {\"data_type\": \"text\", \"field_key\": \"note\", \"is_required\": false, \"default_label\": \"ໝາຍເຫດ\", \"default_value\": null, \"display_order\": 6, \"is_calculated\": false}], \"formula_schema\": {\"fields\": [\"amount_per_month\", \"month_count\"], \"operation\": \"multiply\"}}',2,2,'2026-06-19 05:17:26','2026-06-19 06:39:28'),(3224,20,80,476,130,193,1,'2027','monthly','ເຄື່ອນໄຫວວຽກວິຊາການອື່ນໆ','ເຄື່ອນໄຫວວຽກວິຊາການອື່ນໆ',NULL,'{\"yearly_total\": 0}','{\"key\": \"monthly\", \"name\": \"ລາຍຈ່າຍປະຈຳເດືອນ\", \"fields_schema\": [{\"data_type\": \"text\", \"field_key\": \"item_name\", \"is_required\": true, \"default_label\": \"ລາຍການ\", \"default_value\": null, \"display_order\": 1, \"is_calculated\": false}, {\"data_type\": \"text\", \"field_key\": \"reference\", \"is_required\": false, \"default_label\": \"ອ້າງອີງ\", \"default_value\": null, \"display_order\": 2, \"is_calculated\": false}, {\"data_type\": \"number\", \"field_key\": \"amount_per_month\", \"is_required\": true, \"default_label\": \"ຕໍ່ເດືອນ\", \"default_value\": null, \"display_order\": 3, \"is_calculated\": false}, {\"data_type\": \"number\", \"field_key\": \"month_count\", \"is_required\": true, \"default_label\": \"ຈ/ນ\", \"default_value\": \"12\", \"display_order\": 4, \"is_calculated\": false}, {\"data_type\": \"number\", \"field_key\": \"yearly_total\", \"is_required\": false, \"default_label\": \"ໝົດປີ\", \"default_value\": null, \"display_order\": 5, \"is_calculated\": true}, {\"data_type\": \"text\", \"field_key\": \"note\", \"is_required\": false, \"default_label\": \"ໝາຍເຫດ\", \"default_value\": null, \"display_order\": 6, \"is_calculated\": false}], \"formula_schema\": {\"fields\": [\"amount_per_month\", \"month_count\"], \"operation\": \"multiply\"}}',2,2,'2026-06-19 05:17:26','2026-06-19 06:39:28'),(3225,20,80,477,131,198,1,'2027','monthly','ສຳນັກຄະນະບໍດີ','ສຳນັກຄະນະບໍດີ',NULL,'{\"yearly_total\": 0}','{\"key\": \"monthly\", \"name\": \"ລາຍຈ່າຍປະຈຳເດືອນ\", \"fields_schema\": [{\"data_type\": \"text\", \"field_key\": \"item_name\", \"is_required\": true, \"default_label\": \"ລາຍການ\", \"default_value\": null, \"display_order\": 1, \"is_calculated\": false}, {\"data_type\": \"text\", \"field_key\": \"reference\", \"is_required\": false, \"default_label\": \"ອ້າງອີງ\", \"default_value\": null, \"display_order\": 2, \"is_calculated\": false}, {\"data_type\": \"number\", \"field_key\": \"amount_per_month\", \"is_required\": true, \"default_label\": \"ຕໍ່ເດືອນ\", \"default_value\": null, \"display_order\": 3, \"is_calculated\": false}, {\"data_type\": \"number\", \"field_key\": \"month_count\", \"is_required\": true, \"default_label\": \"ຈ/ນ\", \"default_value\": \"12\", \"display_order\": 4, \"is_calculated\": false}, {\"data_type\": \"number\", \"field_key\": \"yearly_total\", \"is_required\": false, \"default_label\": \"ໝົດປີ\", \"default_value\": null, \"display_order\": 5, \"is_calculated\": true}, {\"data_type\": \"text\", \"field_key\": \"note\", \"is_required\": false, \"default_label\": \"ໝາຍເຫດ\", \"default_value\": null, \"display_order\": 6, \"is_calculated\": false}], \"formula_schema\": {\"fields\": [\"amount_per_month\", \"month_count\"], \"operation\": \"multiply\"}}',2,2,'2026-06-19 05:17:26','2026-06-19 06:39:28'),(3226,20,80,477,132,198,1,'2027','monthly','ພາກວິຊາຄະນິດສາດ','ພາກວິຊາຄະນິດສາດ',NULL,'{\"yearly_total\": 0}','{\"key\": \"monthly\", \"name\": \"ລາຍຈ່າຍປະຈຳເດືອນ\", \"fields_schema\": [{\"data_type\": \"text\", \"field_key\": \"item_name\", \"is_required\": true, \"default_label\": \"ລາຍການ\", \"default_value\": null, \"display_order\": 1, \"is_calculated\": false}, {\"data_type\": \"text\", \"field_key\": \"reference\", \"is_required\": false, \"default_label\": \"ອ້າງອີງ\", \"default_value\": null, \"display_order\": 2, \"is_calculated\": false}, {\"data_type\": \"number\", \"field_key\": \"amount_per_month\", \"is_required\": true, \"default_label\": \"ຕໍ່ເດືອນ\", \"default_value\": null, \"display_order\": 3, \"is_calculated\": false}, {\"data_type\": \"number\", \"field_key\": \"month_count\", \"is_required\": true, \"default_label\": \"ຈ/ນ\", \"default_value\": \"12\", \"display_order\": 4, \"is_calculated\": false}, {\"data_type\": \"number\", \"field_key\": \"yearly_total\", \"is_required\": false, \"default_label\": \"ໝົດປີ\", \"default_value\": null, \"display_order\": 5, \"is_calculated\": true}, {\"data_type\": \"text\", \"field_key\": \"note\", \"is_required\": false, \"default_label\": \"ໝາຍເຫດ\", \"default_value\": null, \"display_order\": 6, \"is_calculated\": false}], \"formula_schema\": {\"fields\": [\"amount_per_month\", \"month_count\"], \"operation\": \"multiply\"}}',2,2,'2026-06-19 05:17:26','2026-06-19 06:39:28'),(3227,20,80,477,133,198,1,'2027','monthly','ພາກວິຊາຟິຊິກສາດ','ພາກວິຊາຟິຊິກສາດ',NULL,'{\"yearly_total\": 0}','{\"key\": \"monthly\", \"name\": \"ລາຍຈ່າຍປະຈຳເດືອນ\", \"fields_schema\": [{\"data_type\": \"text\", \"field_key\": \"item_name\", \"is_required\": true, \"default_label\": \"ລາຍການ\", \"default_value\": null, \"display_order\": 1, \"is_calculated\": false}, {\"data_type\": \"text\", \"field_key\": \"reference\", \"is_required\": false, \"default_label\": \"ອ້າງອີງ\", \"default_value\": null, \"display_order\": 2, \"is_calculated\": false}, {\"data_type\": \"number\", \"field_key\": \"amount_per_month\", \"is_required\": true, \"default_label\": \"ຕໍ່ເດືອນ\", \"default_value\": null, \"display_order\": 3, \"is_calculated\": false}, {\"data_type\": \"number\", \"field_key\": \"month_count\", \"is_required\": true, \"default_label\": \"ຈ/ນ\", \"default_value\": \"12\", \"display_order\": 4, \"is_calculated\": false}, {\"data_type\": \"number\", \"field_key\": \"yearly_total\", \"is_required\": false, \"default_label\": \"ໝົດປີ\", \"default_value\": null, \"display_order\": 5, \"is_calculated\": true}, {\"data_type\": \"text\", \"field_key\": \"note\", \"is_required\": false, \"default_label\": \"ໝາຍເຫດ\", \"default_value\": null, \"display_order\": 6, \"is_calculated\": false}], \"formula_schema\": {\"fields\": [\"amount_per_month\", \"month_count\"], \"operation\": \"multiply\"}}',2,2,'2026-06-19 05:17:26','2026-06-19 06:39:28'),(3228,20,80,477,134,198,1,'2027','monthly','ພາກວິຊາເຄມີສາດ','ພາກວິຊາເຄມີສາດ',NULL,'{\"yearly_total\": 0}','{\"key\": \"monthly\", \"name\": \"ລາຍຈ່າຍປະຈຳເດືອນ\", \"fields_schema\": [{\"data_type\": \"text\", \"field_key\": \"item_name\", \"is_required\": true, \"default_label\": \"ລາຍການ\", \"default_value\": null, \"display_order\": 1, \"is_calculated\": false}, {\"data_type\": \"text\", \"field_key\": \"reference\", \"is_required\": false, \"default_label\": \"ອ້າງອີງ\", \"default_value\": null, \"display_order\": 2, \"is_calculated\": false}, {\"data_type\": \"number\", \"field_key\": \"amount_per_month\", \"is_required\": true, \"default_label\": \"ຕໍ່ເດືອນ\", \"default_value\": null, \"display_order\": 3, \"is_calculated\": false}, {\"data_type\": \"number\", \"field_key\": \"month_count\", \"is_required\": true, \"default_label\": \"ຈ/ນ\", \"default_value\": \"12\", \"display_order\": 4, \"is_calculated\": false}, {\"data_type\": \"number\", \"field_key\": \"yearly_total\", \"is_required\": false, \"default_label\": \"ໝົດປີ\", \"default_value\": null, \"display_order\": 5, \"is_calculated\": true}, {\"data_type\": \"text\", \"field_key\": \"note\", \"is_required\": false, \"default_label\": \"ໝາຍເຫດ\", \"default_value\": null, \"display_order\": 6, \"is_calculated\": false}], \"formula_schema\": {\"fields\": [\"amount_per_month\", \"month_count\"], \"operation\": \"multiply\"}}',2,2,'2026-06-19 05:17:26','2026-06-19 06:39:28'),(3229,20,80,477,135,198,1,'2027','monthly','ພາກວິຊາຊີວະວິທະຍາ','ພາກວິຊາຊີວະວິທະຍາ',NULL,'{\"yearly_total\": 0}','{\"key\": \"monthly\", \"name\": \"ລາຍຈ່າຍປະຈຳເດືອນ\", \"fields_schema\": [{\"data_type\": \"text\", \"field_key\": \"item_name\", \"is_required\": true, \"default_label\": \"ລາຍການ\", \"default_value\": null, \"display_order\": 1, \"is_calculated\": false}, {\"data_type\": \"text\", \"field_key\": \"reference\", \"is_required\": false, \"default_label\": \"ອ້າງອີງ\", \"default_value\": null, \"display_order\": 2, \"is_calculated\": false}, {\"data_type\": \"number\", \"field_key\": \"amount_per_month\", \"is_required\": true, \"default_label\": \"ຕໍ່ເດືອນ\", \"default_value\": null, \"display_order\": 3, \"is_calculated\": false}, {\"data_type\": \"number\", \"field_key\": \"month_count\", \"is_required\": true, \"default_label\": \"ຈ/ນ\", \"default_value\": \"12\", \"display_order\": 4, \"is_calculated\": false}, {\"data_type\": \"number\", \"field_key\": \"yearly_total\", \"is_required\": false, \"default_label\": \"ໝົດປີ\", \"default_value\": null, \"display_order\": 5, \"is_calculated\": true}, {\"data_type\": \"text\", \"field_key\": \"note\", \"is_required\": false, \"default_label\": \"ໝາຍເຫດ\", \"default_value\": null, \"display_order\": 6, \"is_calculated\": false}], \"formula_schema\": {\"fields\": [\"amount_per_month\", \"month_count\"], \"operation\": \"multiply\"}}',2,2,'2026-06-19 05:17:26','2026-06-19 06:39:28'),(3230,20,80,477,136,198,1,'2027','monthly','ພາກວິຊາວິທະຍາສາດຄອມພິວເຕີ','ພາກວິຊາວິທະຍາສາດຄອມພິວເຕີ',NULL,'{\"yearly_total\": 0}','{\"key\": \"monthly\", \"name\": \"ລາຍຈ່າຍປະຈຳເດືອນ\", \"fields_schema\": [{\"data_type\": \"text\", \"field_key\": \"item_name\", \"is_required\": true, \"default_label\": \"ລາຍການ\", \"default_value\": null, \"display_order\": 1, \"is_calculated\": false}, {\"data_type\": \"text\", \"field_key\": \"reference\", \"is_required\": false, \"default_label\": \"ອ້າງອີງ\", \"default_value\": null, \"display_order\": 2, \"is_calculated\": false}, {\"data_type\": \"number\", \"field_key\": \"amount_per_month\", \"is_required\": true, \"default_label\": \"ຕໍ່ເດືອນ\", \"default_value\": null, \"display_order\": 3, \"is_calculated\": false}, {\"data_type\": \"number\", \"field_key\": \"month_count\", \"is_required\": true, \"default_label\": \"ຈ/ນ\", \"default_value\": \"12\", \"display_order\": 4, \"is_calculated\": false}, {\"data_type\": \"number\", \"field_key\": \"yearly_total\", \"is_required\": false, \"default_label\": \"ໝົດປີ\", \"default_value\": null, \"display_order\": 5, \"is_calculated\": true}, {\"data_type\": \"text\", \"field_key\": \"note\", \"is_required\": false, \"default_label\": \"ໝາຍເຫດ\", \"default_value\": null, \"display_order\": 6, \"is_calculated\": false}], \"formula_schema\": {\"fields\": [\"amount_per_month\", \"month_count\"], \"operation\": \"multiply\"}}',2,2,'2026-06-19 05:17:26','2026-06-19 06:39:28'),(3231,20,80,478,137,160,1,'2027','monthly','ສຳນັກຄະນະບໍດີ','ສຳນັກຄະນະບໍດີ',NULL,'{\"yearly_total\": 0}','{\"key\": \"monthly\", \"name\": \"ລາຍຈ່າຍປະຈຳເດືອນ\", \"fields_schema\": [{\"data_type\": \"text\", \"field_key\": \"item_name\", \"is_required\": true, \"default_label\": \"ລາຍການ\", \"default_value\": null, \"display_order\": 1, \"is_calculated\": false}, {\"data_type\": \"text\", \"field_key\": \"reference\", \"is_required\": false, \"default_label\": \"ອ້າງອີງ\", \"default_value\": null, \"display_order\": 2, \"is_calculated\": false}, {\"data_type\": \"number\", \"field_key\": \"amount_per_month\", \"is_required\": true, \"default_label\": \"ຕໍ່ເດືອນ\", \"default_value\": null, \"display_order\": 3, \"is_calculated\": false}, {\"data_type\": \"number\", \"field_key\": \"month_count\", \"is_required\": true, \"default_label\": \"ຈ/ນ\", \"default_value\": \"12\", \"display_order\": 4, \"is_calculated\": false}, {\"data_type\": \"number\", \"field_key\": \"yearly_total\", \"is_required\": false, \"default_label\": \"ໝົດປີ\", \"default_value\": null, \"display_order\": 5, \"is_calculated\": true}, {\"data_type\": \"text\", \"field_key\": \"note\", \"is_required\": false, \"default_label\": \"ໝາຍເຫດ\", \"default_value\": null, \"display_order\": 6, \"is_calculated\": false}], \"formula_schema\": {\"fields\": [\"amount_per_month\", \"month_count\"], \"operation\": \"multiply\"}}',2,2,'2026-06-19 05:17:26','2026-06-19 06:39:28'),(3232,20,80,478,138,160,1,'2027','monthly','ພາກວິຊາຄະນິດສາດ','ພາກວິຊາຄະນິດສາດ',NULL,'{\"yearly_total\": 0}','{\"key\": \"monthly\", \"name\": \"ລາຍຈ່າຍປະຈຳເດືອນ\", \"fields_schema\": [{\"data_type\": \"text\", \"field_key\": \"item_name\", \"is_required\": true, \"default_label\": \"ລາຍການ\", \"default_value\": null, \"display_order\": 1, \"is_calculated\": false}, {\"data_type\": \"text\", \"field_key\": \"reference\", \"is_required\": false, \"default_label\": \"ອ້າງອີງ\", \"default_value\": null, \"display_order\": 2, \"is_calculated\": false}, {\"data_type\": \"number\", \"field_key\": \"amount_per_month\", \"is_required\": true, \"default_label\": \"ຕໍ່ເດືອນ\", \"default_value\": null, \"display_order\": 3, \"is_calculated\": false}, {\"data_type\": \"number\", \"field_key\": \"month_count\", \"is_required\": true, \"default_label\": \"ຈ/ນ\", \"default_value\": \"12\", \"display_order\": 4, \"is_calculated\": false}, {\"data_type\": \"number\", \"field_key\": \"yearly_total\", \"is_required\": false, \"default_label\": \"ໝົດປີ\", \"default_value\": null, \"display_order\": 5, \"is_calculated\": true}, {\"data_type\": \"text\", \"field_key\": \"note\", \"is_required\": false, \"default_label\": \"ໝາຍເຫດ\", \"default_value\": null, \"display_order\": 6, \"is_calculated\": false}], \"formula_schema\": {\"fields\": [\"amount_per_month\", \"month_count\"], \"operation\": \"multiply\"}}',2,2,'2026-06-19 05:17:26','2026-06-19 06:39:28'),(3233,20,80,478,139,160,1,'2027','monthly','ພາກວິຊາຟິຊິກສາດ','ພາກວິຊາຟິຊິກສາດ',NULL,'{\"yearly_total\": 0}','{\"key\": \"monthly\", \"name\": \"ລາຍຈ່າຍປະຈຳເດືອນ\", \"fields_schema\": [{\"data_type\": \"text\", \"field_key\": \"item_name\", \"is_required\": true, \"default_label\": \"ລາຍການ\", \"default_value\": null, \"display_order\": 1, \"is_calculated\": false}, {\"data_type\": \"text\", \"field_key\": \"reference\", \"is_required\": false, \"default_label\": \"ອ້າງອີງ\", \"default_value\": null, \"display_order\": 2, \"is_calculated\": false}, {\"data_type\": \"number\", \"field_key\": \"amount_per_month\", \"is_required\": true, \"default_label\": \"ຕໍ່ເດືອນ\", \"default_value\": null, \"display_order\": 3, \"is_calculated\": false}, {\"data_type\": \"number\", \"field_key\": \"month_count\", \"is_required\": true, \"default_label\": \"ຈ/ນ\", \"default_value\": \"12\", \"display_order\": 4, \"is_calculated\": false}, {\"data_type\": \"number\", \"field_key\": \"yearly_total\", \"is_required\": false, \"default_label\": \"ໝົດປີ\", \"default_value\": null, \"display_order\": 5, \"is_calculated\": true}, {\"data_type\": \"text\", \"field_key\": \"note\", \"is_required\": false, \"default_label\": \"ໝາຍເຫດ\", \"default_value\": null, \"display_order\": 6, \"is_calculated\": false}], \"formula_schema\": {\"fields\": [\"amount_per_month\", \"month_count\"], \"operation\": \"multiply\"}}',2,2,'2026-06-19 05:17:26','2026-06-19 06:39:28'),(3234,20,80,478,140,160,1,'2027','monthly','ພາກວິຊາເຄມີສາດ','ພາກວິຊາເຄມີສາດ',NULL,'{\"yearly_total\": 0}','{\"key\": \"monthly\", \"name\": \"ລາຍຈ່າຍປະຈຳເດືອນ\", \"fields_schema\": [{\"data_type\": \"text\", \"field_key\": \"item_name\", \"is_required\": true, \"default_label\": \"ລາຍການ\", \"default_value\": null, \"display_order\": 1, \"is_calculated\": false}, {\"data_type\": \"text\", \"field_key\": \"reference\", \"is_required\": false, \"default_label\": \"ອ້າງອີງ\", \"default_value\": null, \"display_order\": 2, \"is_calculated\": false}, {\"data_type\": \"number\", \"field_key\": \"amount_per_month\", \"is_required\": true, \"default_label\": \"ຕໍ່ເດືອນ\", \"default_value\": null, \"display_order\": 3, \"is_calculated\": false}, {\"data_type\": \"number\", \"field_key\": \"month_count\", \"is_required\": true, \"default_label\": \"ຈ/ນ\", \"default_value\": \"12\", \"display_order\": 4, \"is_calculated\": false}, {\"data_type\": \"number\", \"field_key\": \"yearly_total\", \"is_required\": false, \"default_label\": \"ໝົດປີ\", \"default_value\": null, \"display_order\": 5, \"is_calculated\": true}, {\"data_type\": \"text\", \"field_key\": \"note\", \"is_required\": false, \"default_label\": \"ໝາຍເຫດ\", \"default_value\": null, \"display_order\": 6, \"is_calculated\": false}], \"formula_schema\": {\"fields\": [\"amount_per_month\", \"month_count\"], \"operation\": \"multiply\"}}',2,2,'2026-06-19 05:17:26','2026-06-19 06:39:28'),(3235,20,80,478,141,160,1,'2027','monthly','ພາກວິຊາຊີວະວິທະຍາ','ພາກວິຊາຊີວະວິທະຍາ',NULL,'{\"yearly_total\": 0}','{\"key\": \"monthly\", \"name\": \"ລາຍຈ່າຍປະຈຳເດືອນ\", \"fields_schema\": [{\"data_type\": \"text\", \"field_key\": \"item_name\", \"is_required\": true, \"default_label\": \"ລາຍການ\", \"default_value\": null, \"display_order\": 1, \"is_calculated\": false}, {\"data_type\": \"text\", \"field_key\": \"reference\", \"is_required\": false, \"default_label\": \"ອ້າງອີງ\", \"default_value\": null, \"display_order\": 2, \"is_calculated\": false}, {\"data_type\": \"number\", \"field_key\": \"amount_per_month\", \"is_required\": true, \"default_label\": \"ຕໍ່ເດືອນ\", \"default_value\": null, \"display_order\": 3, \"is_calculated\": false}, {\"data_type\": \"number\", \"field_key\": \"month_count\", \"is_required\": true, \"default_label\": \"ຈ/ນ\", \"default_value\": \"12\", \"display_order\": 4, \"is_calculated\": false}, {\"data_type\": \"number\", \"field_key\": \"yearly_total\", \"is_required\": false, \"default_label\": \"ໝົດປີ\", \"default_value\": null, \"display_order\": 5, \"is_calculated\": true}, {\"data_type\": \"text\", \"field_key\": \"note\", \"is_required\": false, \"default_label\": \"ໝາຍເຫດ\", \"default_value\": null, \"display_order\": 6, \"is_calculated\": false}], \"formula_schema\": {\"fields\": [\"amount_per_month\", \"month_count\"], \"operation\": \"multiply\"}}',2,2,'2026-06-19 05:17:26','2026-06-19 06:39:28'),(3236,20,80,478,142,160,1,'2027','monthly','ພາກວິຊາວິທະຍາສາດຄອມພິວເຕີ','ພາກວິຊາວິທະຍາສາດຄອມພິວເຕີ',NULL,'{\"yearly_total\": 0}','{\"key\": \"monthly\", \"name\": \"ລາຍຈ່າຍປະຈຳເດືອນ\", \"fields_schema\": [{\"data_type\": \"text\", \"field_key\": \"item_name\", \"is_required\": true, \"default_label\": \"ລາຍການ\", \"default_value\": null, \"display_order\": 1, \"is_calculated\": false}, {\"data_type\": \"text\", \"field_key\": \"reference\", \"is_required\": false, \"default_label\": \"ອ້າງອີງ\", \"default_value\": null, \"display_order\": 2, \"is_calculated\": false}, {\"data_type\": \"number\", \"field_key\": \"amount_per_month\", \"is_required\": true, \"default_label\": \"ຕໍ່ເດືອນ\", \"default_value\": null, \"display_order\": 3, \"is_calculated\": false}, {\"data_type\": \"number\", \"field_key\": \"month_count\", \"is_required\": true, \"default_label\": \"ຈ/ນ\", \"default_value\": \"12\", \"display_order\": 4, \"is_calculated\": false}, {\"data_type\": \"number\", \"field_key\": \"yearly_total\", \"is_required\": false, \"default_label\": \"ໝົດປີ\", \"default_value\": null, \"display_order\": 5, \"is_calculated\": true}, {\"data_type\": \"text\", \"field_key\": \"note\", \"is_required\": false, \"default_label\": \"ໝາຍເຫດ\", \"default_value\": null, \"display_order\": 6, \"is_calculated\": false}], \"formula_schema\": {\"fields\": [\"amount_per_month\", \"month_count\"], \"operation\": \"multiply\"}}',2,2,'2026-06-19 05:17:26','2026-06-19 06:39:28'),(3237,20,81,479,143,43,1,'2027','monthly','ຄະນະບໍດີ','ຄະນະບໍດີ',NULL,'{\"month_count\": 1, \"yearly_total\": 0, \"amount_per_month\": 0}','{\"key\": \"monthly\", \"name\": \"ລາຍຈ່າຍປະຈຳເດືອນ\", \"fields_schema\": [{\"data_type\": \"text\", \"field_key\": \"item_name\", \"is_required\": true, \"default_label\": \"ລາຍການ\", \"default_value\": null, \"display_order\": 1, \"is_calculated\": false}, {\"data_type\": \"text\", \"field_key\": \"reference\", \"is_required\": false, \"default_label\": \"ອ້າງອີງ\", \"default_value\": null, \"display_order\": 2, \"is_calculated\": false}, {\"data_type\": \"number\", \"field_key\": \"amount_per_month\", \"is_required\": true, \"default_label\": \"ຕໍ່ເດືອນ\", \"default_value\": null, \"display_order\": 3, \"is_calculated\": false}, {\"data_type\": \"number\", \"field_key\": \"month_count\", \"is_required\": true, \"default_label\": \"ຈ/ນ\", \"default_value\": \"12\", \"display_order\": 4, \"is_calculated\": false}, {\"data_type\": \"number\", \"field_key\": \"yearly_total\", \"is_required\": false, \"default_label\": \"ໝົດປີ\", \"default_value\": null, \"display_order\": 5, \"is_calculated\": true}, {\"data_type\": \"text\", \"field_key\": \"note\", \"is_required\": false, \"default_label\": \"ໝາຍເຫດ\", \"default_value\": null, \"display_order\": 6, \"is_calculated\": false}], \"formula_schema\": {\"fields\": [\"amount_per_month\", \"month_count\"], \"operation\": \"multiply\"}}',2,2,'2026-06-19 05:17:26','2026-06-19 06:39:28'),(3238,20,81,479,144,43,1,'2027','monthly','ຮອງຄະນະບໍດີ','ຮອງຄະນະບໍດີ',NULL,'{\"month_count\": 1, \"yearly_total\": 0, \"amount_per_month\": 0}','{\"key\": \"monthly\", \"name\": \"ລາຍຈ່າຍປະຈຳເດືອນ\", \"fields_schema\": [{\"data_type\": \"text\", \"field_key\": \"item_name\", \"is_required\": true, \"default_label\": \"ລາຍການ\", \"default_value\": null, \"display_order\": 1, \"is_calculated\": false}, {\"data_type\": \"text\", \"field_key\": \"reference\", \"is_required\": false, \"default_label\": \"ອ້າງອີງ\", \"default_value\": null, \"display_order\": 2, \"is_calculated\": false}, {\"data_type\": \"number\", \"field_key\": \"amount_per_month\", \"is_required\": true, \"default_label\": \"ຕໍ່ເດືອນ\", \"default_value\": null, \"display_order\": 3, \"is_calculated\": false}, {\"data_type\": \"number\", \"field_key\": \"month_count\", \"is_required\": true, \"default_label\": \"ຈ/ນ\", \"default_value\": \"12\", \"display_order\": 4, \"is_calculated\": false}, {\"data_type\": \"number\", \"field_key\": \"yearly_total\", \"is_required\": false, \"default_label\": \"ໝົດປີ\", \"default_value\": null, \"display_order\": 5, \"is_calculated\": true}, {\"data_type\": \"text\", \"field_key\": \"note\", \"is_required\": false, \"default_label\": \"ໝາຍເຫດ\", \"default_value\": null, \"display_order\": 6, \"is_calculated\": false}], \"formula_schema\": {\"fields\": [\"amount_per_month\", \"month_count\"], \"operation\": \"multiply\"}}',2,2,'2026-06-19 05:17:26','2026-06-19 06:39:28'),(3239,20,81,479,145,43,1,'2027','monthly','ຫົວໜ້າພາກວິຊາ','ຫົວໜ້າພາກວິຊາ',NULL,'{\"month_count\": 1, \"yearly_total\": 0, \"amount_per_month\": 0}','{\"key\": \"monthly\", \"name\": \"ລາຍຈ່າຍປະຈຳເດືອນ\", \"fields_schema\": [{\"data_type\": \"text\", \"field_key\": \"item_name\", \"is_required\": true, \"default_label\": \"ລາຍການ\", \"default_value\": null, \"display_order\": 1, \"is_calculated\": false}, {\"data_type\": \"text\", \"field_key\": \"reference\", \"is_required\": false, \"default_label\": \"ອ້າງອີງ\", \"default_value\": null, \"display_order\": 2, \"is_calculated\": false}, {\"data_type\": \"number\", \"field_key\": \"amount_per_month\", \"is_required\": true, \"default_label\": \"ຕໍ່ເດືອນ\", \"default_value\": null, \"display_order\": 3, \"is_calculated\": false}, {\"data_type\": \"number\", \"field_key\": \"month_count\", \"is_required\": true, \"default_label\": \"ຈ/ນ\", \"default_value\": \"12\", \"display_order\": 4, \"is_calculated\": false}, {\"data_type\": \"number\", \"field_key\": \"yearly_total\", \"is_required\": false, \"default_label\": \"ໝົດປີ\", \"default_value\": null, \"display_order\": 5, \"is_calculated\": true}, {\"data_type\": \"text\", \"field_key\": \"note\", \"is_required\": false, \"default_label\": \"ໝາຍເຫດ\", \"default_value\": null, \"display_order\": 6, \"is_calculated\": false}], \"formula_schema\": {\"fields\": [\"amount_per_month\", \"month_count\"], \"operation\": \"multiply\"}}',2,2,'2026-06-19 05:17:26','2026-06-19 06:39:28'),(3240,20,81,479,146,43,1,'2027','monthly','ຫົວໜ້າພະແນກ','ຫົວໜ້າພະແນກ',NULL,'{\"month_count\": 1, \"yearly_total\": 0, \"amount_per_month\": 0}','{\"key\": \"monthly\", \"name\": \"ລາຍຈ່າຍປະຈຳເດືອນ\", \"fields_schema\": [{\"data_type\": \"text\", \"field_key\": \"item_name\", \"is_required\": true, \"default_label\": \"ລາຍການ\", \"default_value\": null, \"display_order\": 1, \"is_calculated\": false}, {\"data_type\": \"text\", \"field_key\": \"reference\", \"is_required\": false, \"default_label\": \"ອ້າງອີງ\", \"default_value\": null, \"display_order\": 2, \"is_calculated\": false}, {\"data_type\": \"number\", \"field_key\": \"amount_per_month\", \"is_required\": true, \"default_label\": \"ຕໍ່ເດືອນ\", \"default_value\": null, \"display_order\": 3, \"is_calculated\": false}, {\"data_type\": \"number\", \"field_key\": \"month_count\", \"is_required\": true, \"default_label\": \"ຈ/ນ\", \"default_value\": \"12\", \"display_order\": 4, \"is_calculated\": false}, {\"data_type\": \"number\", \"field_key\": \"yearly_total\", \"is_required\": false, \"default_label\": \"ໝົດປີ\", \"default_value\": null, \"display_order\": 5, \"is_calculated\": true}, {\"data_type\": \"text\", \"field_key\": \"note\", \"is_required\": false, \"default_label\": \"ໝາຍເຫດ\", \"default_value\": null, \"display_order\": 6, \"is_calculated\": false}], \"formula_schema\": {\"fields\": [\"amount_per_month\", \"month_count\"], \"operation\": \"multiply\"}}',2,2,'2026-06-19 05:17:26','2026-06-19 06:39:28'),(3241,20,81,479,147,43,1,'2027','monthly','ຮອງຫົວໜ້າພາກວິຊາ','ຮອງຫົວໜ້າພາກວິຊາ',NULL,'{\"month_count\": 1, \"yearly_total\": 0, \"amount_per_month\": 0}','{\"key\": \"monthly\", \"name\": \"ລາຍຈ່າຍປະຈຳເດືອນ\", \"fields_schema\": [{\"data_type\": \"text\", \"field_key\": \"item_name\", \"is_required\": true, \"default_label\": \"ລາຍການ\", \"default_value\": null, \"display_order\": 1, \"is_calculated\": false}, {\"data_type\": \"text\", \"field_key\": \"reference\", \"is_required\": false, \"default_label\": \"ອ້າງອີງ\", \"default_value\": null, \"display_order\": 2, \"is_calculated\": false}, {\"data_type\": \"number\", \"field_key\": \"amount_per_month\", \"is_required\": true, \"default_label\": \"ຕໍ່ເດືອນ\", \"default_value\": null, \"display_order\": 3, \"is_calculated\": false}, {\"data_type\": \"number\", \"field_key\": \"month_count\", \"is_required\": true, \"default_label\": \"ຈ/ນ\", \"default_value\": \"12\", \"display_order\": 4, \"is_calculated\": false}, {\"data_type\": \"number\", \"field_key\": \"yearly_total\", \"is_required\": false, \"default_label\": \"ໝົດປີ\", \"default_value\": null, \"display_order\": 5, \"is_calculated\": true}, {\"data_type\": \"text\", \"field_key\": \"note\", \"is_required\": false, \"default_label\": \"ໝາຍເຫດ\", \"default_value\": null, \"display_order\": 6, \"is_calculated\": false}], \"formula_schema\": {\"fields\": [\"amount_per_month\", \"month_count\"], \"operation\": \"multiply\"}}',2,2,'2026-06-19 05:17:26','2026-06-19 06:39:28'),(3242,20,81,479,148,43,1,'2027','monthly','ຮອງຫົວໜ້າພະແນກ','ຮອງຫົວໜ້າພະແນກ',NULL,'{\"month_count\": 1, \"yearly_total\": 0, \"amount_per_month\": 0}','{\"key\": \"monthly\", \"name\": \"ລາຍຈ່າຍປະຈຳເດືອນ\", \"fields_schema\": [{\"data_type\": \"text\", \"field_key\": \"item_name\", \"is_required\": true, \"default_label\": \"ລາຍການ\", \"default_value\": null, \"display_order\": 1, \"is_calculated\": false}, {\"data_type\": \"text\", \"field_key\": \"reference\", \"is_required\": false, \"default_label\": \"ອ້າງອີງ\", \"default_value\": null, \"display_order\": 2, \"is_calculated\": false}, {\"data_type\": \"number\", \"field_key\": \"amount_per_month\", \"is_required\": true, \"default_label\": \"ຕໍ່ເດືອນ\", \"default_value\": null, \"display_order\": 3, \"is_calculated\": false}, {\"data_type\": \"number\", \"field_key\": \"month_count\", \"is_required\": true, \"default_label\": \"ຈ/ນ\", \"default_value\": \"12\", \"display_order\": 4, \"is_calculated\": false}, {\"data_type\": \"number\", \"field_key\": \"yearly_total\", \"is_required\": false, \"default_label\": \"ໝົດປີ\", \"default_value\": null, \"display_order\": 5, \"is_calculated\": true}, {\"data_type\": \"text\", \"field_key\": \"note\", \"is_required\": false, \"default_label\": \"ໝາຍເຫດ\", \"default_value\": null, \"display_order\": 6, \"is_calculated\": false}], \"formula_schema\": {\"fields\": [\"amount_per_month\", \"month_count\"], \"operation\": \"multiply\"}}',2,2,'2026-06-19 05:17:26','2026-06-19 06:39:28'),(3243,20,81,479,149,43,1,'2027','monthly','ຫົວໜ້າໜ່ວຍງານ, ເລຂາ','ຫົວໜ້າໜ່ວຍງານ, ເລຂາ',NULL,'{\"month_count\": 1, \"yearly_total\": 0, \"amount_per_month\": 0}','{\"key\": \"monthly\", \"name\": \"ລາຍຈ່າຍປະຈຳເດືອນ\", \"fields_schema\": [{\"data_type\": \"text\", \"field_key\": \"item_name\", \"is_required\": true, \"default_label\": \"ລາຍການ\", \"default_value\": null, \"display_order\": 1, \"is_calculated\": false}, {\"data_type\": \"text\", \"field_key\": \"reference\", \"is_required\": false, \"default_label\": \"ອ້າງອີງ\", \"default_value\": null, \"display_order\": 2, \"is_calculated\": false}, {\"data_type\": \"number\", \"field_key\": \"amount_per_month\", \"is_required\": true, \"default_label\": \"ຕໍ່ເດືອນ\", \"default_value\": null, \"display_order\": 3, \"is_calculated\": false}, {\"data_type\": \"number\", \"field_key\": \"month_count\", \"is_required\": true, \"default_label\": \"ຈ/ນ\", \"default_value\": \"12\", \"display_order\": 4, \"is_calculated\": false}, {\"data_type\": \"number\", \"field_key\": \"yearly_total\", \"is_required\": false, \"default_label\": \"ໝົດປີ\", \"default_value\": null, \"display_order\": 5, \"is_calculated\": true}, {\"data_type\": \"text\", \"field_key\": \"note\", \"is_required\": false, \"default_label\": \"ໝາຍເຫດ\", \"default_value\": null, \"display_order\": 6, \"is_calculated\": false}], \"formula_schema\": {\"fields\": [\"amount_per_month\", \"month_count\"], \"operation\": \"multiply\"}}',2,2,'2026-06-19 05:17:26','2026-06-19 06:39:28'),(3244,20,81,479,150,43,1,'2027','monthly','ຫົວໜ້າໜ່ວຍວິຊາ','ຫົວໜ້າໜ່ວຍວິຊາ',NULL,'{\"month_count\": 1, \"yearly_total\": 0, \"amount_per_month\": 0}','{\"key\": \"monthly\", \"name\": \"ລາຍຈ່າຍປະຈຳເດືອນ\", \"fields_schema\": [{\"data_type\": \"text\", \"field_key\": \"item_name\", \"is_required\": true, \"default_label\": \"ລາຍການ\", \"default_value\": null, \"display_order\": 1, \"is_calculated\": false}, {\"data_type\": \"text\", \"field_key\": \"reference\", \"is_required\": false, \"default_label\": \"ອ້າງອີງ\", \"default_value\": null, \"display_order\": 2, \"is_calculated\": false}, {\"data_type\": \"number\", \"field_key\": \"amount_per_month\", \"is_required\": true, \"default_label\": \"ຕໍ່ເດືອນ\", \"default_value\": null, \"display_order\": 3, \"is_calculated\": false}, {\"data_type\": \"number\", \"field_key\": \"month_count\", \"is_required\": true, \"default_label\": \"ຈ/ນ\", \"default_value\": \"12\", \"display_order\": 4, \"is_calculated\": false}, {\"data_type\": \"number\", \"field_key\": \"yearly_total\", \"is_required\": false, \"default_label\": \"ໝົດປີ\", \"default_value\": null, \"display_order\": 5, \"is_calculated\": true}, {\"data_type\": \"text\", \"field_key\": \"note\", \"is_required\": false, \"default_label\": \"ໝາຍເຫດ\", \"default_value\": null, \"display_order\": 6, \"is_calculated\": false}], \"formula_schema\": {\"fields\": [\"amount_per_month\", \"month_count\"], \"operation\": \"multiply\"}}',2,2,'2026-06-19 05:17:26','2026-06-19 06:39:28'),(3245,20,81,479,151,43,1,'2027','monthly','ໜ່ວຍງານ, ສາມອົງການຈັດຕັ້ງ','ໜ່ວຍງານ, ສາມອົງການຈັດຕັ້ງ',NULL,'{\"month_count\": 1, \"yearly_total\": 0, \"amount_per_month\": 0}','{\"key\": \"monthly\", \"name\": \"ລາຍຈ່າຍປະຈຳເດືອນ\", \"fields_schema\": [{\"data_type\": \"text\", \"field_key\": \"item_name\", \"is_required\": true, \"default_label\": \"ລາຍການ\", \"default_value\": null, \"display_order\": 1, \"is_calculated\": false}, {\"data_type\": \"text\", \"field_key\": \"reference\", \"is_required\": false, \"default_label\": \"ອ້າງອີງ\", \"default_value\": null, \"display_order\": 2, \"is_calculated\": false}, {\"data_type\": \"number\", \"field_key\": \"amount_per_month\", \"is_required\": true, \"default_label\": \"ຕໍ່ເດືອນ\", \"default_value\": null, \"display_order\": 3, \"is_calculated\": false}, {\"data_type\": \"number\", \"field_key\": \"month_count\", \"is_required\": true, \"default_label\": \"ຈ/ນ\", \"default_value\": \"12\", \"display_order\": 4, \"is_calculated\": false}, {\"data_type\": \"number\", \"field_key\": \"yearly_total\", \"is_required\": false, \"default_label\": \"ໝົດປີ\", \"default_value\": null, \"display_order\": 5, \"is_calculated\": true}, {\"data_type\": \"text\", \"field_key\": \"note\", \"is_required\": false, \"default_label\": \"ໝາຍເຫດ\", \"default_value\": null, \"display_order\": 6, \"is_calculated\": false}], \"formula_schema\": {\"fields\": [\"amount_per_month\", \"month_count\"], \"operation\": \"multiply\"}}',2,2,'2026-06-19 05:17:26','2026-06-19 06:39:28'),(3246,20,81,479,152,43,1,'2027','monthly','ສາມອົງການຈັດຕັ້ງມະຫາຊົນ','ສາມອົງການຈັດຕັ້ງມະຫາຊົນ',NULL,'{\"month_count\": 1, \"yearly_total\": 0, \"amount_per_month\": 0}','{\"key\": \"monthly\", \"name\": \"ລາຍຈ່າຍປະຈຳເດືອນ\", \"fields_schema\": [{\"data_type\": \"text\", \"field_key\": \"item_name\", \"is_required\": true, \"default_label\": \"ລາຍການ\", \"default_value\": null, \"display_order\": 1, \"is_calculated\": false}, {\"data_type\": \"text\", \"field_key\": \"reference\", \"is_required\": false, \"default_label\": \"ອ້າງອີງ\", \"default_value\": null, \"display_order\": 2, \"is_calculated\": false}, {\"data_type\": \"number\", \"field_key\": \"amount_per_month\", \"is_required\": true, \"default_label\": \"ຕໍ່ເດືອນ\", \"default_value\": null, \"display_order\": 3, \"is_calculated\": false}, {\"data_type\": \"number\", \"field_key\": \"month_count\", \"is_required\": true, \"default_label\": \"ຈ/ນ\", \"default_value\": \"12\", \"display_order\": 4, \"is_calculated\": false}, {\"data_type\": \"number\", \"field_key\": \"yearly_total\", \"is_required\": false, \"default_label\": \"ໝົດປີ\", \"default_value\": null, \"display_order\": 5, \"is_calculated\": true}, {\"data_type\": \"text\", \"field_key\": \"note\", \"is_required\": false, \"default_label\": \"ໝາຍເຫດ\", \"default_value\": null, \"display_order\": 6, \"is_calculated\": false}], \"formula_schema\": {\"fields\": [\"amount_per_month\", \"month_count\"], \"operation\": \"multiply\"}}',2,2,'2026-06-19 05:17:26','2026-06-19 06:39:28'),(3247,20,81,480,153,114,1,'2027','monthly','ຄະນະບໍດີ','ຄະນະບໍດີ',NULL,'{\"month_count\": 1, \"yearly_total\": 0, \"amount_per_month\": 0}','{\"key\": \"monthly\", \"name\": \"ລາຍຈ່າຍປະຈຳເດືອນ\", \"fields_schema\": [{\"data_type\": \"text\", \"field_key\": \"item_name\", \"is_required\": true, \"default_label\": \"ລາຍການ\", \"default_value\": null, \"display_order\": 1, \"is_calculated\": false}, {\"data_type\": \"text\", \"field_key\": \"reference\", \"is_required\": false, \"default_label\": \"ອ້າງອີງ\", \"default_value\": null, \"display_order\": 2, \"is_calculated\": false}, {\"data_type\": \"number\", \"field_key\": \"amount_per_month\", \"is_required\": true, \"default_label\": \"ຕໍ່ເດືອນ\", \"default_value\": null, \"display_order\": 3, \"is_calculated\": false}, {\"data_type\": \"number\", \"field_key\": \"month_count\", \"is_required\": true, \"default_label\": \"ຈ/ນ\", \"default_value\": \"12\", \"display_order\": 4, \"is_calculated\": false}, {\"data_type\": \"number\", \"field_key\": \"yearly_total\", \"is_required\": false, \"default_label\": \"ໝົດປີ\", \"default_value\": null, \"display_order\": 5, \"is_calculated\": true}, {\"data_type\": \"text\", \"field_key\": \"note\", \"is_required\": false, \"default_label\": \"ໝາຍເຫດ\", \"default_value\": null, \"display_order\": 6, \"is_calculated\": false}], \"formula_schema\": {\"fields\": [\"amount_per_month\", \"month_count\"], \"operation\": \"multiply\"}}',2,2,'2026-06-19 05:17:26','2026-06-19 06:39:28'),(3248,20,81,480,154,114,1,'2027','monthly','ຮອງຄະນະບໍດີ, ຫົວໜ້າພາກວິຊາ','ຮອງຄະນະບໍດີ, ຫົວໜ້າພາກວິຊາ',NULL,'{\"month_count\": 1, \"yearly_total\": 0, \"amount_per_month\": 0}','{\"key\": \"monthly\", \"name\": \"ລາຍຈ່າຍປະຈຳເດືອນ\", \"fields_schema\": [{\"data_type\": \"text\", \"field_key\": \"item_name\", \"is_required\": true, \"default_label\": \"ລາຍການ\", \"default_value\": null, \"display_order\": 1, \"is_calculated\": false}, {\"data_type\": \"text\", \"field_key\": \"reference\", \"is_required\": false, \"default_label\": \"ອ້າງອີງ\", \"default_value\": null, \"display_order\": 2, \"is_calculated\": false}, {\"data_type\": \"number\", \"field_key\": \"amount_per_month\", \"is_required\": true, \"default_label\": \"ຕໍ່ເດືອນ\", \"default_value\": null, \"display_order\": 3, \"is_calculated\": false}, {\"data_type\": \"number\", \"field_key\": \"month_count\", \"is_required\": true, \"default_label\": \"ຈ/ນ\", \"default_value\": \"12\", \"display_order\": 4, \"is_calculated\": false}, {\"data_type\": \"number\", \"field_key\": \"yearly_total\", \"is_required\": false, \"default_label\": \"ໝົດປີ\", \"default_value\": null, \"display_order\": 5, \"is_calculated\": true}, {\"data_type\": \"text\", \"field_key\": \"note\", \"is_required\": false, \"default_label\": \"ໝາຍເຫດ\", \"default_value\": null, \"display_order\": 6, \"is_calculated\": false}], \"formula_schema\": {\"fields\": [\"amount_per_month\", \"month_count\"], \"operation\": \"multiply\"}}',2,2,'2026-06-19 05:17:26','2026-06-19 06:39:28'),(3249,20,81,480,155,114,1,'2027','monthly','ຫົວໜ້າພະແນກ, ຮອງພາກວິຊາ','ຫົວໜ້າພະແນກ, ຮອງພາກວິຊາ',NULL,'{\"month_count\": 1, \"yearly_total\": 0, \"amount_per_month\": 0}','{\"key\": \"monthly\", \"name\": \"ລາຍຈ່າຍປະຈຳເດືອນ\", \"fields_schema\": [{\"data_type\": \"text\", \"field_key\": \"item_name\", \"is_required\": true, \"default_label\": \"ລາຍການ\", \"default_value\": null, \"display_order\": 1, \"is_calculated\": false}, {\"data_type\": \"text\", \"field_key\": \"reference\", \"is_required\": false, \"default_label\": \"ອ້າງອີງ\", \"default_value\": null, \"display_order\": 2, \"is_calculated\": false}, {\"data_type\": \"number\", \"field_key\": \"amount_per_month\", \"is_required\": true, \"default_label\": \"ຕໍ່ເດືອນ\", \"default_value\": null, \"display_order\": 3, \"is_calculated\": false}, {\"data_type\": \"number\", \"field_key\": \"month_count\", \"is_required\": true, \"default_label\": \"ຈ/ນ\", \"default_value\": \"12\", \"display_order\": 4, \"is_calculated\": false}, {\"data_type\": \"number\", \"field_key\": \"yearly_total\", \"is_required\": false, \"default_label\": \"ໝົດປີ\", \"default_value\": null, \"display_order\": 5, \"is_calculated\": true}, {\"data_type\": \"text\", \"field_key\": \"note\", \"is_required\": false, \"default_label\": \"ໝາຍເຫດ\", \"default_value\": null, \"display_order\": 6, \"is_calculated\": false}], \"formula_schema\": {\"fields\": [\"amount_per_month\", \"month_count\"], \"operation\": \"multiply\"}}',2,2,'2026-06-19 05:17:26','2026-06-19 06:39:28'),(3250,20,81,480,156,114,1,'2027','monthly','ຮອງຫົວໜ້າພະແນກ, ຮສ ແລະ ຫົວໜ້າໜ່ວຍວິຊາ','ຮອງຫົວໜ້າພະແນກ, ຮສ ແລະ ຫົວໜ້າໜ່ວຍວິຊາ',NULL,'{\"month_count\": 1, \"yearly_total\": 0, \"amount_per_month\": 0}','{\"key\": \"monthly\", \"name\": \"ລາຍຈ່າຍປະຈຳເດືອນ\", \"fields_schema\": [{\"data_type\": \"text\", \"field_key\": \"item_name\", \"is_required\": true, \"default_label\": \"ລາຍການ\", \"default_value\": null, \"display_order\": 1, \"is_calculated\": false}, {\"data_type\": \"text\", \"field_key\": \"reference\", \"is_required\": false, \"default_label\": \"ອ້າງອີງ\", \"default_value\": null, \"display_order\": 2, \"is_calculated\": false}, {\"data_type\": \"number\", \"field_key\": \"amount_per_month\", \"is_required\": true, \"default_label\": \"ຕໍ່ເດືອນ\", \"default_value\": null, \"display_order\": 3, \"is_calculated\": false}, {\"data_type\": \"number\", \"field_key\": \"month_count\", \"is_required\": true, \"default_label\": \"ຈ/ນ\", \"default_value\": \"12\", \"display_order\": 4, \"is_calculated\": false}, {\"data_type\": \"number\", \"field_key\": \"yearly_total\", \"is_required\": false, \"default_label\": \"ໝົດປີ\", \"default_value\": null, \"display_order\": 5, \"is_calculated\": true}, {\"data_type\": \"text\", \"field_key\": \"note\", \"is_required\": false, \"default_label\": \"ໝາຍເຫດ\", \"default_value\": null, \"display_order\": 6, \"is_calculated\": false}], \"formula_schema\": {\"fields\": [\"amount_per_month\", \"month_count\"], \"operation\": \"multiply\"}}',2,2,'2026-06-19 05:17:26','2026-06-19 06:39:28'),(3251,20,81,480,157,114,1,'2027','monthly','ຮອງຫົວໜ້າໜ່ວຍວິຊາ, ຫົວໜ້າໜ່ວຍງານ','ຮອງຫົວໜ້າໜ່ວຍວິຊາ, ຫົວໜ້າໜ່ວຍງານ',NULL,'{\"month_count\": 1, \"yearly_total\": 0, \"amount_per_month\": 0}','{\"key\": \"monthly\", \"name\": \"ລາຍຈ່າຍປະຈຳເດືອນ\", \"fields_schema\": [{\"data_type\": \"text\", \"field_key\": \"item_name\", \"is_required\": true, \"default_label\": \"ລາຍການ\", \"default_value\": null, \"display_order\": 1, \"is_calculated\": false}, {\"data_type\": \"text\", \"field_key\": \"reference\", \"is_required\": false, \"default_label\": \"ອ້າງອີງ\", \"default_value\": null, \"display_order\": 2, \"is_calculated\": false}, {\"data_type\": \"number\", \"field_key\": \"amount_per_month\", \"is_required\": true, \"default_label\": \"ຕໍ່ເດືອນ\", \"default_value\": null, \"display_order\": 3, \"is_calculated\": false}, {\"data_type\": \"number\", \"field_key\": \"month_count\", \"is_required\": true, \"default_label\": \"ຈ/ນ\", \"default_value\": \"12\", \"display_order\": 4, \"is_calculated\": false}, {\"data_type\": \"number\", \"field_key\": \"yearly_total\", \"is_required\": false, \"default_label\": \"ໝົດປີ\", \"default_value\": null, \"display_order\": 5, \"is_calculated\": true}, {\"data_type\": \"text\", \"field_key\": \"note\", \"is_required\": false, \"default_label\": \"ໝາຍເຫດ\", \"default_value\": null, \"display_order\": 6, \"is_calculated\": false}], \"formula_schema\": {\"fields\": [\"amount_per_month\", \"month_count\"], \"operation\": \"multiply\"}}',2,2,'2026-06-19 05:17:26','2026-06-19 06:39:28'),(3252,20,81,480,158,114,1,'2027','monthly','ຮອງຫົວໜ້າໜ່ວຍງານ','ຮອງຫົວໜ້າໜ່ວຍງານ',NULL,'{\"month_count\": 1, \"yearly_total\": 0, \"amount_per_month\": 0}','{\"key\": \"monthly\", \"name\": \"ລາຍຈ່າຍປະຈຳເດືອນ\", \"fields_schema\": [{\"data_type\": \"text\", \"field_key\": \"item_name\", \"is_required\": true, \"default_label\": \"ລາຍການ\", \"default_value\": null, \"display_order\": 1, \"is_calculated\": false}, {\"data_type\": \"text\", \"field_key\": \"reference\", \"is_required\": false, \"default_label\": \"ອ້າງອີງ\", \"default_value\": null, \"display_order\": 2, \"is_calculated\": false}, {\"data_type\": \"number\", \"field_key\": \"amount_per_month\", \"is_required\": true, \"default_label\": \"ຕໍ່ເດືອນ\", \"default_value\": null, \"display_order\": 3, \"is_calculated\": false}, {\"data_type\": \"number\", \"field_key\": \"month_count\", \"is_required\": true, \"default_label\": \"ຈ/ນ\", \"default_value\": \"12\", \"display_order\": 4, \"is_calculated\": false}, {\"data_type\": \"number\", \"field_key\": \"yearly_total\", \"is_required\": false, \"default_label\": \"ໝົດປີ\", \"default_value\": null, \"display_order\": 5, \"is_calculated\": true}, {\"data_type\": \"text\", \"field_key\": \"note\", \"is_required\": false, \"default_label\": \"ໝາຍເຫດ\", \"default_value\": null, \"display_order\": 6, \"is_calculated\": false}], \"formula_schema\": {\"fields\": [\"amount_per_month\", \"month_count\"], \"operation\": \"multiply\"}}',2,2,'2026-06-19 05:17:26','2026-06-19 06:39:28'),(3253,20,81,480,159,114,1,'2027','monthly','ອາຈານ ແລະ ພະນັກງານທົ່ວໄປ','ອາຈານ ແລະ ພະນັກງານທົ່ວໄປ',NULL,'{\"month_count\": 1, \"yearly_total\": 0, \"amount_per_month\": 0}','{\"key\": \"monthly\", \"name\": \"ລາຍຈ່າຍປະຈຳເດືອນ\", \"fields_schema\": [{\"data_type\": \"text\", \"field_key\": \"item_name\", \"is_required\": true, \"default_label\": \"ລາຍການ\", \"default_value\": null, \"display_order\": 1, \"is_calculated\": false}, {\"data_type\": \"text\", \"field_key\": \"reference\", \"is_required\": false, \"default_label\": \"ອ້າງອີງ\", \"default_value\": null, \"display_order\": 2, \"is_calculated\": false}, {\"data_type\": \"number\", \"field_key\": \"amount_per_month\", \"is_required\": true, \"default_label\": \"ຕໍ່ເດືອນ\", \"default_value\": null, \"display_order\": 3, \"is_calculated\": false}, {\"data_type\": \"number\", \"field_key\": \"month_count\", \"is_required\": true, \"default_label\": \"ຈ/ນ\", \"default_value\": \"12\", \"display_order\": 4, \"is_calculated\": false}, {\"data_type\": \"number\", \"field_key\": \"yearly_total\", \"is_required\": false, \"default_label\": \"ໝົດປີ\", \"default_value\": null, \"display_order\": 5, \"is_calculated\": true}, {\"data_type\": \"text\", \"field_key\": \"note\", \"is_required\": false, \"default_label\": \"ໝາຍເຫດ\", \"default_value\": null, \"display_order\": 6, \"is_calculated\": false}], \"formula_schema\": {\"fields\": [\"amount_per_month\", \"month_count\"], \"operation\": \"multiply\"}}',2,2,'2026-06-19 05:17:26','2026-06-19 06:39:28'),(3254,20,81,481,160,41,1,'2027','monthly','ຄ່າແຮງງານພະນັກງານສັນຍາຈ້າງສຳນັກ','ຄ່າແຮງງານພະນັກງານສັນຍາຈ້າງສຳນັກ',NULL,'{\"month_count\": 1, \"yearly_total\": 0, \"amount_per_month\": 0}','{\"key\": \"monthly\", \"name\": \"ລາຍຈ່າຍປະຈຳເດືອນ\", \"fields_schema\": [{\"data_type\": \"text\", \"field_key\": \"item_name\", \"is_required\": true, \"default_label\": \"ລາຍການ\", \"default_value\": null, \"display_order\": 1, \"is_calculated\": false}, {\"data_type\": \"text\", \"field_key\": \"reference\", \"is_required\": false, \"default_label\": \"ອ້າງອີງ\", \"default_value\": null, \"display_order\": 2, \"is_calculated\": false}, {\"data_type\": \"number\", \"field_key\": \"amount_per_month\", \"is_required\": true, \"default_label\": \"ຕໍ່ເດືອນ\", \"default_value\": null, \"display_order\": 3, \"is_calculated\": false}, {\"data_type\": \"number\", \"field_key\": \"month_count\", \"is_required\": true, \"default_label\": \"ຈ/ນ\", \"default_value\": \"12\", \"display_order\": 4, \"is_calculated\": false}, {\"data_type\": \"number\", \"field_key\": \"yearly_total\", \"is_required\": false, \"default_label\": \"ໝົດປີ\", \"default_value\": null, \"display_order\": 5, \"is_calculated\": true}, {\"data_type\": \"text\", \"field_key\": \"note\", \"is_required\": false, \"default_label\": \"ໝາຍເຫດ\", \"default_value\": null, \"display_order\": 6, \"is_calculated\": false}], \"formula_schema\": {\"fields\": [\"amount_per_month\", \"month_count\"], \"operation\": \"multiply\"}}',2,2,'2026-06-19 05:17:26','2026-06-19 06:39:28'),(3255,20,81,481,161,41,1,'2027','monthly','ຄ່າແຮງງານພະນັກງານສັນຍາຈ້າງຂັບລົດ','ຄ່າແຮງງານພະນັກງານສັນຍາຈ້າງຂັບລົດ',NULL,'{\"month_count\": 1, \"yearly_total\": 0, \"amount_per_month\": 0}','{\"key\": \"monthly\", \"name\": \"ລາຍຈ່າຍປະຈຳເດືອນ\", \"fields_schema\": [{\"data_type\": \"text\", \"field_key\": \"item_name\", \"is_required\": true, \"default_label\": \"ລາຍການ\", \"default_value\": null, \"display_order\": 1, \"is_calculated\": false}, {\"data_type\": \"text\", \"field_key\": \"reference\", \"is_required\": false, \"default_label\": \"ອ້າງອີງ\", \"default_value\": null, \"display_order\": 2, \"is_calculated\": false}, {\"data_type\": \"number\", \"field_key\": \"amount_per_month\", \"is_required\": true, \"default_label\": \"ຕໍ່ເດືອນ\", \"default_value\": null, \"display_order\": 3, \"is_calculated\": false}, {\"data_type\": \"number\", \"field_key\": \"month_count\", \"is_required\": true, \"default_label\": \"ຈ/ນ\", \"default_value\": \"12\", \"display_order\": 4, \"is_calculated\": false}, {\"data_type\": \"number\", \"field_key\": \"yearly_total\", \"is_required\": false, \"default_label\": \"ໝົດປີ\", \"default_value\": null, \"display_order\": 5, \"is_calculated\": true}, {\"data_type\": \"text\", \"field_key\": \"note\", \"is_required\": false, \"default_label\": \"ໝາຍເຫດ\", \"default_value\": null, \"display_order\": 6, \"is_calculated\": false}], \"formula_schema\": {\"fields\": [\"amount_per_month\", \"month_count\"], \"operation\": \"multiply\"}}',2,2,'2026-06-19 05:17:26','2026-06-19 06:39:28'),(3256,20,81,481,162,41,1,'2027','monthly','ສັນຍາຈ້າງບຳລູງຮັກສາລະບົບຂໍ້ມູນຂ່າວສານ (ICT)','ສັນຍາຈ້າງບຳລູງຮັກສາລະບົບຂໍ້ມູນຂ່າວສານ (ICT)',NULL,'{\"month_count\": 1, \"yearly_total\": 0, \"amount_per_month\": 0}','{\"key\": \"monthly\", \"name\": \"ລາຍຈ່າຍປະຈຳເດືອນ\", \"fields_schema\": [{\"data_type\": \"text\", \"field_key\": \"item_name\", \"is_required\": true, \"default_label\": \"ລາຍການ\", \"default_value\": null, \"display_order\": 1, \"is_calculated\": false}, {\"data_type\": \"text\", \"field_key\": \"reference\", \"is_required\": false, \"default_label\": \"ອ້າງອີງ\", \"default_value\": null, \"display_order\": 2, \"is_calculated\": false}, {\"data_type\": \"number\", \"field_key\": \"amount_per_month\", \"is_required\": true, \"default_label\": \"ຕໍ່ເດືອນ\", \"default_value\": null, \"display_order\": 3, \"is_calculated\": false}, {\"data_type\": \"number\", \"field_key\": \"month_count\", \"is_required\": true, \"default_label\": \"ຈ/ນ\", \"default_value\": \"12\", \"display_order\": 4, \"is_calculated\": false}, {\"data_type\": \"number\", \"field_key\": \"yearly_total\", \"is_required\": false, \"default_label\": \"ໝົດປີ\", \"default_value\": null, \"display_order\": 5, \"is_calculated\": true}, {\"data_type\": \"text\", \"field_key\": \"note\", \"is_required\": false, \"default_label\": \"ໝາຍເຫດ\", \"default_value\": null, \"display_order\": 6, \"is_calculated\": false}], \"formula_schema\": {\"fields\": [\"amount_per_month\", \"month_count\"], \"operation\": \"multiply\"}}',2,2,'2026-06-19 05:17:26','2026-06-19 06:39:28'),(3257,20,81,482,163,75,1,'2027','monthly','ອຸດໜູນພະນັກງານລົງທະບຽນ','ອຸດໜູນພະນັກງານລົງທະບຽນ',NULL,'{\"month_count\": 1, \"yearly_total\": 0, \"amount_per_month\": 0}','{\"key\": \"monthly\", \"name\": \"ລາຍຈ່າຍປະຈຳເດືອນ\", \"fields_schema\": [{\"data_type\": \"text\", \"field_key\": \"item_name\", \"is_required\": true, \"default_label\": \"ລາຍການ\", \"default_value\": null, \"display_order\": 1, \"is_calculated\": false}, {\"data_type\": \"text\", \"field_key\": \"reference\", \"is_required\": false, \"default_label\": \"ອ້າງອີງ\", \"default_value\": null, \"display_order\": 2, \"is_calculated\": false}, {\"data_type\": \"number\", \"field_key\": \"amount_per_month\", \"is_required\": true, \"default_label\": \"ຕໍ່ເດືອນ\", \"default_value\": null, \"display_order\": 3, \"is_calculated\": false}, {\"data_type\": \"number\", \"field_key\": \"month_count\", \"is_required\": true, \"default_label\": \"ຈ/ນ\", \"default_value\": \"12\", \"display_order\": 4, \"is_calculated\": false}, {\"data_type\": \"number\", \"field_key\": \"yearly_total\", \"is_required\": false, \"default_label\": \"ໝົດປີ\", \"default_value\": null, \"display_order\": 5, \"is_calculated\": true}, {\"data_type\": \"text\", \"field_key\": \"note\", \"is_required\": false, \"default_label\": \"ໝາຍເຫດ\", \"default_value\": null, \"display_order\": 6, \"is_calculated\": false}], \"formula_schema\": {\"fields\": [\"amount_per_month\", \"month_count\"], \"operation\": \"multiply\"}}',2,2,'2026-06-19 05:17:26','2026-06-19 06:39:28'),(3258,20,81,482,164,75,1,'2027','monthly','ອຸໜູນການສອບເສັງ','ອຸໜູນການສອບເສັງ',NULL,'{\"month_count\": 1, \"yearly_total\": 0, \"amount_per_month\": 0}','{\"key\": \"monthly\", \"name\": \"ລາຍຈ່າຍປະຈຳເດືອນ\", \"fields_schema\": [{\"data_type\": \"text\", \"field_key\": \"item_name\", \"is_required\": true, \"default_label\": \"ລາຍການ\", \"default_value\": null, \"display_order\": 1, \"is_calculated\": false}, {\"data_type\": \"text\", \"field_key\": \"reference\", \"is_required\": false, \"default_label\": \"ອ້າງອີງ\", \"default_value\": null, \"display_order\": 2, \"is_calculated\": false}, {\"data_type\": \"number\", \"field_key\": \"amount_per_month\", \"is_required\": true, \"default_label\": \"ຕໍ່ເດືອນ\", \"default_value\": null, \"display_order\": 3, \"is_calculated\": false}, {\"data_type\": \"number\", \"field_key\": \"month_count\", \"is_required\": true, \"default_label\": \"ຈ/ນ\", \"default_value\": \"12\", \"display_order\": 4, \"is_calculated\": false}, {\"data_type\": \"number\", \"field_key\": \"yearly_total\", \"is_required\": false, \"default_label\": \"ໝົດປີ\", \"default_value\": null, \"display_order\": 5, \"is_calculated\": true}, {\"data_type\": \"text\", \"field_key\": \"note\", \"is_required\": false, \"default_label\": \"ໝາຍເຫດ\", \"default_value\": null, \"display_order\": 6, \"is_calculated\": false}], \"formula_schema\": {\"fields\": [\"amount_per_month\", \"month_count\"], \"operation\": \"multiply\"}}',2,2,'2026-06-19 05:17:26','2026-06-19 06:39:28'),(3259,20,81,482,165,75,1,'2027','monthly','ອຸດໜູນການກວດສອບງົບປະມານ','ອຸດໜູນການກວດສອບງົບປະມານ',NULL,'{\"month_count\": 1, \"yearly_total\": 0, \"amount_per_month\": 0}','{\"key\": \"monthly\", \"name\": \"ລາຍຈ່າຍປະຈຳເດືອນ\", \"fields_schema\": [{\"data_type\": \"text\", \"field_key\": \"item_name\", \"is_required\": true, \"default_label\": \"ລາຍການ\", \"default_value\": null, \"display_order\": 1, \"is_calculated\": false}, {\"data_type\": \"text\", \"field_key\": \"reference\", \"is_required\": false, \"default_label\": \"ອ້າງອີງ\", \"default_value\": null, \"display_order\": 2, \"is_calculated\": false}, {\"data_type\": \"number\", \"field_key\": \"amount_per_month\", \"is_required\": true, \"default_label\": \"ຕໍ່ເດືອນ\", \"default_value\": null, \"display_order\": 3, \"is_calculated\": false}, {\"data_type\": \"number\", \"field_key\": \"month_count\", \"is_required\": true, \"default_label\": \"ຈ/ນ\", \"default_value\": \"12\", \"display_order\": 4, \"is_calculated\": false}, {\"data_type\": \"number\", \"field_key\": \"yearly_total\", \"is_required\": false, \"default_label\": \"ໝົດປີ\", \"default_value\": null, \"display_order\": 5, \"is_calculated\": true}, {\"data_type\": \"text\", \"field_key\": \"note\", \"is_required\": false, \"default_label\": \"ໝາຍເຫດ\", \"default_value\": null, \"display_order\": 6, \"is_calculated\": false}], \"formula_schema\": {\"fields\": [\"amount_per_month\", \"month_count\"], \"operation\": \"multiply\"}}',2,2,'2026-06-19 05:17:26','2026-06-19 06:39:28'),(3260,20,81,482,166,75,1,'2027','monthly','ອຸດໜູນການເຮັດວຽກຕາມຂໍ້ຕົກລົງຕ່າງໆ','ອຸດໜູນການເຮັດວຽກຕາມຂໍ້ຕົກລົງຕ່າງໆ',NULL,'{\"month_count\": 1, \"yearly_total\": 0, \"amount_per_month\": 0}','{\"key\": \"monthly\", \"name\": \"ລາຍຈ່າຍປະຈຳເດືອນ\", \"fields_schema\": [{\"data_type\": \"text\", \"field_key\": \"item_name\", \"is_required\": true, \"default_label\": \"ລາຍການ\", \"default_value\": null, \"display_order\": 1, \"is_calculated\": false}, {\"data_type\": \"text\", \"field_key\": \"reference\", \"is_required\": false, \"default_label\": \"ອ້າງອີງ\", \"default_value\": null, \"display_order\": 2, \"is_calculated\": false}, {\"data_type\": \"number\", \"field_key\": \"amount_per_month\", \"is_required\": true, \"default_label\": \"ຕໍ່ເດືອນ\", \"default_value\": null, \"display_order\": 3, \"is_calculated\": false}, {\"data_type\": \"number\", \"field_key\": \"month_count\", \"is_required\": true, \"default_label\": \"ຈ/ນ\", \"default_value\": \"12\", \"display_order\": 4, \"is_calculated\": false}, {\"data_type\": \"number\", \"field_key\": \"yearly_total\", \"is_required\": false, \"default_label\": \"ໝົດປີ\", \"default_value\": null, \"display_order\": 5, \"is_calculated\": true}, {\"data_type\": \"text\", \"field_key\": \"note\", \"is_required\": false, \"default_label\": \"ໝາຍເຫດ\", \"default_value\": null, \"display_order\": 6, \"is_calculated\": false}], \"formula_schema\": {\"fields\": [\"amount_per_month\", \"month_count\"], \"operation\": \"multiply\"}}',2,2,'2026-06-19 05:17:26','2026-06-19 06:39:28'),(3261,20,81,482,167,75,1,'2027','monthly','ອຸດໜູນການບໍລິຫານເທີມສາມ','ອຸດໜູນການບໍລິຫານເທີມສາມ',NULL,'{\"month_count\": 1, \"yearly_total\": 0, \"amount_per_month\": 0}','{\"key\": \"monthly\", \"name\": \"ລາຍຈ່າຍປະຈຳເດືອນ\", \"fields_schema\": [{\"data_type\": \"text\", \"field_key\": \"item_name\", \"is_required\": true, \"default_label\": \"ລາຍການ\", \"default_value\": null, \"display_order\": 1, \"is_calculated\": false}, {\"data_type\": \"text\", \"field_key\": \"reference\", \"is_required\": false, \"default_label\": \"ອ້າງອີງ\", \"default_value\": null, \"display_order\": 2, \"is_calculated\": false}, {\"data_type\": \"number\", \"field_key\": \"amount_per_month\", \"is_required\": true, \"default_label\": \"ຕໍ່ເດືອນ\", \"default_value\": null, \"display_order\": 3, \"is_calculated\": false}, {\"data_type\": \"number\", \"field_key\": \"month_count\", \"is_required\": true, \"default_label\": \"ຈ/ນ\", \"default_value\": \"12\", \"display_order\": 4, \"is_calculated\": false}, {\"data_type\": \"number\", \"field_key\": \"yearly_total\", \"is_required\": false, \"default_label\": \"ໝົດປີ\", \"default_value\": null, \"display_order\": 5, \"is_calculated\": true}, {\"data_type\": \"text\", \"field_key\": \"note\", \"is_required\": false, \"default_label\": \"ໝາຍເຫດ\", \"default_value\": null, \"display_order\": 6, \"is_calculated\": false}], \"formula_schema\": {\"fields\": [\"amount_per_month\", \"month_count\"], \"operation\": \"multiply\"}}',2,2,'2026-06-19 05:17:26','2026-06-19 06:39:28'),(3262,20,81,482,168,75,1,'2027','monthly','ອຸດໜູນກະກຽມສະຫລຸບການເງິນ','ອຸດໜູນກະກຽມສະຫລຸບການເງິນ',NULL,'{\"month_count\": 1, \"yearly_total\": 0, \"amount_per_month\": 0}','{\"key\": \"monthly\", \"name\": \"ລາຍຈ່າຍປະຈຳເດືອນ\", \"fields_schema\": [{\"data_type\": \"text\", \"field_key\": \"item_name\", \"is_required\": true, \"default_label\": \"ລາຍການ\", \"default_value\": null, \"display_order\": 1, \"is_calculated\": false}, {\"data_type\": \"text\", \"field_key\": \"reference\", \"is_required\": false, \"default_label\": \"ອ້າງອີງ\", \"default_value\": null, \"display_order\": 2, \"is_calculated\": false}, {\"data_type\": \"number\", \"field_key\": \"amount_per_month\", \"is_required\": true, \"default_label\": \"ຕໍ່ເດືອນ\", \"default_value\": null, \"display_order\": 3, \"is_calculated\": false}, {\"data_type\": \"number\", \"field_key\": \"month_count\", \"is_required\": true, \"default_label\": \"ຈ/ນ\", \"default_value\": \"12\", \"display_order\": 4, \"is_calculated\": false}, {\"data_type\": \"number\", \"field_key\": \"yearly_total\", \"is_required\": false, \"default_label\": \"ໝົດປີ\", \"default_value\": null, \"display_order\": 5, \"is_calculated\": true}, {\"data_type\": \"text\", \"field_key\": \"note\", \"is_required\": false, \"default_label\": \"ໝາຍເຫດ\", \"default_value\": null, \"display_order\": 6, \"is_calculated\": false}], \"formula_schema\": {\"fields\": [\"amount_per_month\", \"month_count\"], \"operation\": \"multiply\"}}',2,2,'2026-06-19 05:17:26','2026-06-19 06:39:28'),(3263,20,81,482,169,75,1,'2027','monthly','ອຸດໜູນການບໍລິຫານ ປໍ ໂທ','ອຸດໜູນການບໍລິຫານ ປໍ ໂທ',NULL,'{\"month_count\": 1, \"yearly_total\": 0, \"amount_per_month\": 0}','{\"key\": \"monthly\", \"name\": \"ລາຍຈ່າຍປະຈຳເດືອນ\", \"fields_schema\": [{\"data_type\": \"text\", \"field_key\": \"item_name\", \"is_required\": true, \"default_label\": \"ລາຍການ\", \"default_value\": null, \"display_order\": 1, \"is_calculated\": false}, {\"data_type\": \"text\", \"field_key\": \"reference\", \"is_required\": false, \"default_label\": \"ອ້າງອີງ\", \"default_value\": null, \"display_order\": 2, \"is_calculated\": false}, {\"data_type\": \"number\", \"field_key\": \"amount_per_month\", \"is_required\": true, \"default_label\": \"ຕໍ່ເດືອນ\", \"default_value\": null, \"display_order\": 3, \"is_calculated\": false}, {\"data_type\": \"number\", \"field_key\": \"month_count\", \"is_required\": true, \"default_label\": \"ຈ/ນ\", \"default_value\": \"12\", \"display_order\": 4, \"is_calculated\": false}, {\"data_type\": \"number\", \"field_key\": \"yearly_total\", \"is_required\": false, \"default_label\": \"ໝົດປີ\", \"default_value\": null, \"display_order\": 5, \"is_calculated\": true}, {\"data_type\": \"text\", \"field_key\": \"note\", \"is_required\": false, \"default_label\": \"ໝາຍເຫດ\", \"default_value\": null, \"display_order\": 6, \"is_calculated\": false}], \"formula_schema\": {\"fields\": [\"amount_per_month\", \"month_count\"], \"operation\": \"multiply\"}}',2,2,'2026-06-19 05:17:26','2026-06-19 06:39:28'),(3264,20,81,482,170,75,1,'2027','monthly','ອຸດໜູນການນໍາພາບົດວິທະຍານິພົນ','ອຸດໜູນການນໍາພາບົດວິທະຍານິພົນ',NULL,'{\"month_count\": 1, \"yearly_total\": 0, \"amount_per_month\": 0}','{\"key\": \"monthly\", \"name\": \"ລາຍຈ່າຍປະຈຳເດືອນ\", \"fields_schema\": [{\"data_type\": \"text\", \"field_key\": \"item_name\", \"is_required\": true, \"default_label\": \"ລາຍການ\", \"default_value\": null, \"display_order\": 1, \"is_calculated\": false}, {\"data_type\": \"text\", \"field_key\": \"reference\", \"is_required\": false, \"default_label\": \"ອ້າງອີງ\", \"default_value\": null, \"display_order\": 2, \"is_calculated\": false}, {\"data_type\": \"number\", \"field_key\": \"amount_per_month\", \"is_required\": true, \"default_label\": \"ຕໍ່ເດືອນ\", \"default_value\": null, \"display_order\": 3, \"is_calculated\": false}, {\"data_type\": \"number\", \"field_key\": \"month_count\", \"is_required\": true, \"default_label\": \"ຈ/ນ\", \"default_value\": \"12\", \"display_order\": 4, \"is_calculated\": false}, {\"data_type\": \"number\", \"field_key\": \"yearly_total\", \"is_required\": false, \"default_label\": \"ໝົດປີ\", \"default_value\": null, \"display_order\": 5, \"is_calculated\": true}, {\"data_type\": \"text\", \"field_key\": \"note\", \"is_required\": false, \"default_label\": \"ໝາຍເຫດ\", \"default_value\": null, \"display_order\": 6, \"is_calculated\": false}], \"formula_schema\": {\"fields\": [\"amount_per_month\", \"month_count\"], \"operation\": \"multiply\"}}',2,2,'2026-06-19 05:17:26','2026-06-19 06:39:28'),(3265,20,82,483,171,79,1,'2027','monthly','ຄ່າຊົ່ວໂມງສອນພາກພິເສດ','ຄ່າຊົ່ວໂມງສອນພາກພິເສດ',NULL,'{\"yearly_total\": 0}','{\"key\": \"monthly\", \"name\": \"ລາຍຈ່າຍປະຈຳເດືອນ\", \"fields_schema\": [{\"data_type\": \"text\", \"field_key\": \"item_name\", \"is_required\": true, \"default_label\": \"ລາຍການ\", \"default_value\": null, \"display_order\": 1, \"is_calculated\": false}, {\"data_type\": \"text\", \"field_key\": \"reference\", \"is_required\": false, \"default_label\": \"ອ້າງອີງ\", \"default_value\": null, \"display_order\": 2, \"is_calculated\": false}, {\"data_type\": \"number\", \"field_key\": \"amount_per_month\", \"is_required\": true, \"default_label\": \"ຕໍ່ເດືອນ\", \"default_value\": null, \"display_order\": 3, \"is_calculated\": false}, {\"data_type\": \"number\", \"field_key\": \"month_count\", \"is_required\": true, \"default_label\": \"ຈ/ນ\", \"default_value\": \"12\", \"display_order\": 4, \"is_calculated\": false}, {\"data_type\": \"number\", \"field_key\": \"yearly_total\", \"is_required\": false, \"default_label\": \"ໝົດປີ\", \"default_value\": null, \"display_order\": 5, \"is_calculated\": true}, {\"data_type\": \"text\", \"field_key\": \"note\", \"is_required\": false, \"default_label\": \"ໝາຍເຫດ\", \"default_value\": null, \"display_order\": 6, \"is_calculated\": false}], \"formula_schema\": {\"fields\": [\"amount_per_month\", \"month_count\"], \"operation\": \"multiply\"}}',2,2,'2026-06-19 05:17:26','2026-06-19 06:39:28'),(3266,20,82,483,172,79,1,'2027','monthly','ຄ່າຊົ່ວໂມງສອນເທີມສາມ','ຄ່າຊົ່ວໂມງສອນເທີມສາມ',NULL,'{\"yearly_total\": 0}','{\"key\": \"monthly\", \"name\": \"ລາຍຈ່າຍປະຈຳເດືອນ\", \"fields_schema\": [{\"data_type\": \"text\", \"field_key\": \"item_name\", \"is_required\": true, \"default_label\": \"ລາຍການ\", \"default_value\": null, \"display_order\": 1, \"is_calculated\": false}, {\"data_type\": \"text\", \"field_key\": \"reference\", \"is_required\": false, \"default_label\": \"ອ້າງອີງ\", \"default_value\": null, \"display_order\": 2, \"is_calculated\": false}, {\"data_type\": \"number\", \"field_key\": \"amount_per_month\", \"is_required\": true, \"default_label\": \"ຕໍ່ເດືອນ\", \"default_value\": null, \"display_order\": 3, \"is_calculated\": false}, {\"data_type\": \"number\", \"field_key\": \"month_count\", \"is_required\": true, \"default_label\": \"ຈ/ນ\", \"default_value\": \"12\", \"display_order\": 4, \"is_calculated\": false}, {\"data_type\": \"number\", \"field_key\": \"yearly_total\", \"is_required\": false, \"default_label\": \"ໝົດປີ\", \"default_value\": null, \"display_order\": 5, \"is_calculated\": true}, {\"data_type\": \"text\", \"field_key\": \"note\", \"is_required\": false, \"default_label\": \"ໝາຍເຫດ\", \"default_value\": null, \"display_order\": 6, \"is_calculated\": false}], \"formula_schema\": {\"fields\": [\"amount_per_month\", \"month_count\"], \"operation\": \"multiply\"}}',2,2,'2026-06-19 05:17:26','2026-06-19 06:39:28'),(3267,20,82,483,173,79,1,'2027','monthly','ຄ່າຊົ່ວໂມງສອນປະລິນຍາໂທ','ຄ່າຊົ່ວໂມງສອນປະລິນຍາໂທ',NULL,'{\"yearly_total\": 0}','{\"key\": \"monthly\", \"name\": \"ລາຍຈ່າຍປະຈຳເດືອນ\", \"fields_schema\": [{\"data_type\": \"text\", \"field_key\": \"item_name\", \"is_required\": true, \"default_label\": \"ລາຍການ\", \"default_value\": null, \"display_order\": 1, \"is_calculated\": false}, {\"data_type\": \"text\", \"field_key\": \"reference\", \"is_required\": false, \"default_label\": \"ອ້າງອີງ\", \"default_value\": null, \"display_order\": 2, \"is_calculated\": false}, {\"data_type\": \"number\", \"field_key\": \"amount_per_month\", \"is_required\": true, \"default_label\": \"ຕໍ່ເດືອນ\", \"default_value\": null, \"display_order\": 3, \"is_calculated\": false}, {\"data_type\": \"number\", \"field_key\": \"month_count\", \"is_required\": true, \"default_label\": \"ຈ/ນ\", \"default_value\": \"12\", \"display_order\": 4, \"is_calculated\": false}, {\"data_type\": \"number\", \"field_key\": \"yearly_total\", \"is_required\": false, \"default_label\": \"ໝົດປີ\", \"default_value\": null, \"display_order\": 5, \"is_calculated\": true}, {\"data_type\": \"text\", \"field_key\": \"note\", \"is_required\": false, \"default_label\": \"ໝາຍເຫດ\", \"default_value\": null, \"display_order\": 6, \"is_calculated\": false}], \"formula_schema\": {\"fields\": [\"amount_per_month\", \"month_count\"], \"operation\": \"multiply\"}}',2,2,'2026-06-19 05:17:26','2026-06-19 06:39:28'),(3268,20,82,484,174,75,1,'2027','monthly','ຄ່າກຳມະການສອບເສັງຈົບຊັ້ນ','ຄ່າກຳມະການສອບເສັງຈົບຊັ້ນ',NULL,'{\"yearly_total\": 0}','{\"key\": \"monthly\", \"name\": \"ລາຍຈ່າຍປະຈຳເດືອນ\", \"fields_schema\": [{\"data_type\": \"text\", \"field_key\": \"item_name\", \"is_required\": true, \"default_label\": \"ລາຍການ\", \"default_value\": null, \"display_order\": 1, \"is_calculated\": false}, {\"data_type\": \"text\", \"field_key\": \"reference\", \"is_required\": false, \"default_label\": \"ອ້າງອີງ\", \"default_value\": null, \"display_order\": 2, \"is_calculated\": false}, {\"data_type\": \"number\", \"field_key\": \"amount_per_month\", \"is_required\": true, \"default_label\": \"ຕໍ່ເດືອນ\", \"default_value\": null, \"display_order\": 3, \"is_calculated\": false}, {\"data_type\": \"number\", \"field_key\": \"month_count\", \"is_required\": true, \"default_label\": \"ຈ/ນ\", \"default_value\": \"12\", \"display_order\": 4, \"is_calculated\": false}, {\"data_type\": \"number\", \"field_key\": \"yearly_total\", \"is_required\": false, \"default_label\": \"ໝົດປີ\", \"default_value\": null, \"display_order\": 5, \"is_calculated\": true}, {\"data_type\": \"text\", \"field_key\": \"note\", \"is_required\": false, \"default_label\": \"ໝາຍເຫດ\", \"default_value\": null, \"display_order\": 6, \"is_calculated\": false}], \"formula_schema\": {\"fields\": [\"amount_per_month\", \"month_count\"], \"operation\": \"multiply\"}}',2,2,'2026-06-19 05:17:26','2026-06-19 06:39:28'),(3269,20,82,484,175,75,1,'2027','monthly','ຄ່າຍາມຫ້ອງເສັງ','ຄ່າຍາມຫ້ອງເສັງ',NULL,'{\"yearly_total\": 0}','{\"key\": \"monthly\", \"name\": \"ລາຍຈ່າຍປະຈຳເດືອນ\", \"fields_schema\": [{\"data_type\": \"text\", \"field_key\": \"item_name\", \"is_required\": true, \"default_label\": \"ລາຍການ\", \"default_value\": null, \"display_order\": 1, \"is_calculated\": false}, {\"data_type\": \"text\", \"field_key\": \"reference\", \"is_required\": false, \"default_label\": \"ອ້າງອີງ\", \"default_value\": null, \"display_order\": 2, \"is_calculated\": false}, {\"data_type\": \"number\", \"field_key\": \"amount_per_month\", \"is_required\": true, \"default_label\": \"ຕໍ່ເດືອນ\", \"default_value\": null, \"display_order\": 3, \"is_calculated\": false}, {\"data_type\": \"number\", \"field_key\": \"month_count\", \"is_required\": true, \"default_label\": \"ຈ/ນ\", \"default_value\": \"12\", \"display_order\": 4, \"is_calculated\": false}, {\"data_type\": \"number\", \"field_key\": \"yearly_total\", \"is_required\": false, \"default_label\": \"ໝົດປີ\", \"default_value\": null, \"display_order\": 5, \"is_calculated\": true}, {\"data_type\": \"text\", \"field_key\": \"note\", \"is_required\": false, \"default_label\": \"ໝາຍເຫດ\", \"default_value\": null, \"display_order\": 6, \"is_calculated\": false}], \"formula_schema\": {\"fields\": [\"amount_per_month\", \"month_count\"], \"operation\": \"multiply\"}}',2,2,'2026-06-19 05:17:26','2026-06-19 06:39:28'),(3270,20,82,484,176,75,1,'2027','monthly','ຄ່າອອກຫົວບົດ ແລະ ກວດບົດ','ຄ່າອອກຫົວບົດ ແລະ ກວດບົດ',NULL,'{\"yearly_total\": 0}','{\"key\": \"monthly\", \"name\": \"ລາຍຈ່າຍປະຈຳເດືອນ\", \"fields_schema\": [{\"data_type\": \"text\", \"field_key\": \"item_name\", \"is_required\": true, \"default_label\": \"ລາຍການ\", \"default_value\": null, \"display_order\": 1, \"is_calculated\": false}, {\"data_type\": \"text\", \"field_key\": \"reference\", \"is_required\": false, \"default_label\": \"ອ້າງອີງ\", \"default_value\": null, \"display_order\": 2, \"is_calculated\": false}, {\"data_type\": \"number\", \"field_key\": \"amount_per_month\", \"is_required\": true, \"default_label\": \"ຕໍ່ເດືອນ\", \"default_value\": null, \"display_order\": 3, \"is_calculated\": false}, {\"data_type\": \"number\", \"field_key\": \"month_count\", \"is_required\": true, \"default_label\": \"ຈ/ນ\", \"default_value\": \"12\", \"display_order\": 4, \"is_calculated\": false}, {\"data_type\": \"number\", \"field_key\": \"yearly_total\", \"is_required\": false, \"default_label\": \"ໝົດປີ\", \"default_value\": null, \"display_order\": 5, \"is_calculated\": true}, {\"data_type\": \"text\", \"field_key\": \"note\", \"is_required\": false, \"default_label\": \"ໝາຍເຫດ\", \"default_value\": null, \"display_order\": 6, \"is_calculated\": false}], \"formula_schema\": {\"fields\": [\"amount_per_month\", \"month_count\"], \"operation\": \"multiply\"}}',2,2,'2026-06-19 05:17:26','2026-06-19 06:39:28'),(3271,20,82,484,177,75,1,'2027','monthly','ຄ່າບໍລິການສອບເສັງປະລິນຍາໂທ','ຄ່າບໍລິການສອບເສັງປະລິນຍາໂທ',NULL,'{\"yearly_total\": 0}','{\"key\": \"monthly\", \"name\": \"ລາຍຈ່າຍປະຈຳເດືອນ\", \"fields_schema\": [{\"data_type\": \"text\", \"field_key\": \"item_name\", \"is_required\": true, \"default_label\": \"ລາຍການ\", \"default_value\": null, \"display_order\": 1, \"is_calculated\": false}, {\"data_type\": \"text\", \"field_key\": \"reference\", \"is_required\": false, \"default_label\": \"ອ້າງອີງ\", \"default_value\": null, \"display_order\": 2, \"is_calculated\": false}, {\"data_type\": \"number\", \"field_key\": \"amount_per_month\", \"is_required\": true, \"default_label\": \"ຕໍ່ເດືອນ\", \"default_value\": null, \"display_order\": 3, \"is_calculated\": false}, {\"data_type\": \"number\", \"field_key\": \"month_count\", \"is_required\": true, \"default_label\": \"ຈ/ນ\", \"default_value\": \"12\", \"display_order\": 4, \"is_calculated\": false}, {\"data_type\": \"number\", \"field_key\": \"yearly_total\", \"is_required\": false, \"default_label\": \"ໝົດປີ\", \"default_value\": null, \"display_order\": 5, \"is_calculated\": true}, {\"data_type\": \"text\", \"field_key\": \"note\", \"is_required\": false, \"default_label\": \"ໝາຍເຫດ\", \"default_value\": null, \"display_order\": 6, \"is_calculated\": false}], \"formula_schema\": {\"fields\": [\"amount_per_month\", \"month_count\"], \"operation\": \"multiply\"}}',2,2,'2026-06-19 05:17:26','2026-06-19 06:39:28'),(3272,20,82,485,178,77,1,'2027','monthly','ຄ່າຊີ້ນຳບົດໂຄງການຈົບຊັ້ນ','ຄ່າຊີ້ນຳບົດໂຄງການຈົບຊັ້ນ',NULL,'{\"yearly_total\": 0}','{\"key\": \"monthly\", \"name\": \"ລາຍຈ່າຍປະຈຳເດືອນ\", \"fields_schema\": [{\"data_type\": \"text\", \"field_key\": \"item_name\", \"is_required\": true, \"default_label\": \"ລາຍການ\", \"default_value\": null, \"display_order\": 1, \"is_calculated\": false}, {\"data_type\": \"text\", \"field_key\": \"reference\", \"is_required\": false, \"default_label\": \"ອ້າງອີງ\", \"default_value\": null, \"display_order\": 2, \"is_calculated\": false}, {\"data_type\": \"number\", \"field_key\": \"amount_per_month\", \"is_required\": true, \"default_label\": \"ຕໍ່ເດືອນ\", \"default_value\": null, \"display_order\": 3, \"is_calculated\": false}, {\"data_type\": \"number\", \"field_key\": \"month_count\", \"is_required\": true, \"default_label\": \"ຈ/ນ\", \"default_value\": \"12\", \"display_order\": 4, \"is_calculated\": false}, {\"data_type\": \"number\", \"field_key\": \"yearly_total\", \"is_required\": false, \"default_label\": \"ໝົດປີ\", \"default_value\": null, \"display_order\": 5, \"is_calculated\": true}, {\"data_type\": \"text\", \"field_key\": \"note\", \"is_required\": false, \"default_label\": \"ໝາຍເຫດ\", \"default_value\": null, \"display_order\": 6, \"is_calculated\": false}], \"formula_schema\": {\"fields\": [\"amount_per_month\", \"month_count\"], \"operation\": \"multiply\"}}',2,2,'2026-06-19 05:17:26','2026-06-19 06:39:28'),(3273,20,82,485,179,77,1,'2027','monthly','ຄ່າກຳມະການປ້ອງກັນບົດຈົບຊັ້ນ','ຄ່າກຳມະການປ້ອງກັນບົດຈົບຊັ້ນ',NULL,'{\"yearly_total\": 0}','{\"key\": \"monthly\", \"name\": \"ລາຍຈ່າຍປະຈຳເດືອນ\", \"fields_schema\": [{\"data_type\": \"text\", \"field_key\": \"item_name\", \"is_required\": true, \"default_label\": \"ລາຍການ\", \"default_value\": null, \"display_order\": 1, \"is_calculated\": false}, {\"data_type\": \"text\", \"field_key\": \"reference\", \"is_required\": false, \"default_label\": \"ອ້າງອີງ\", \"default_value\": null, \"display_order\": 2, \"is_calculated\": false}, {\"data_type\": \"number\", \"field_key\": \"amount_per_month\", \"is_required\": true, \"default_label\": \"ຕໍ່ເດືອນ\", \"default_value\": null, \"display_order\": 3, \"is_calculated\": false}, {\"data_type\": \"number\", \"field_key\": \"month_count\", \"is_required\": true, \"default_label\": \"ຈ/ນ\", \"default_value\": \"12\", \"display_order\": 4, \"is_calculated\": false}, {\"data_type\": \"number\", \"field_key\": \"yearly_total\", \"is_required\": false, \"default_label\": \"ໝົດປີ\", \"default_value\": null, \"display_order\": 5, \"is_calculated\": true}, {\"data_type\": \"text\", \"field_key\": \"note\", \"is_required\": false, \"default_label\": \"ໝາຍເຫດ\", \"default_value\": null, \"display_order\": 6, \"is_calculated\": false}], \"formula_schema\": {\"fields\": [\"amount_per_month\", \"month_count\"], \"operation\": \"multiply\"}}',2,2,'2026-06-19 05:17:26','2026-06-19 06:39:28'),(3274,20,82,485,180,78,1,'2027','monthly','ຄ່າດຳເນີນບົດໂຄງການຈົບຊັ້ນປະລິນຍາໂທ','ຄ່າດຳເນີນບົດໂຄງການຈົບຊັ້ນປະລິນຍາໂທ',NULL,'{\"yearly_total\": 0}','{\"key\": \"monthly\", \"name\": \"ລາຍຈ່າຍປະຈຳເດືອນ\", \"fields_schema\": [{\"data_type\": \"text\", \"field_key\": \"item_name\", \"is_required\": true, \"default_label\": \"ລາຍການ\", \"default_value\": null, \"display_order\": 1, \"is_calculated\": false}, {\"data_type\": \"text\", \"field_key\": \"reference\", \"is_required\": false, \"default_label\": \"ອ້າງອີງ\", \"default_value\": null, \"display_order\": 2, \"is_calculated\": false}, {\"data_type\": \"number\", \"field_key\": \"amount_per_month\", \"is_required\": true, \"default_label\": \"ຕໍ່ເດືອນ\", \"default_value\": null, \"display_order\": 3, \"is_calculated\": false}, {\"data_type\": \"number\", \"field_key\": \"month_count\", \"is_required\": true, \"default_label\": \"ຈ/ນ\", \"default_value\": \"12\", \"display_order\": 4, \"is_calculated\": false}, {\"data_type\": \"number\", \"field_key\": \"yearly_total\", \"is_required\": false, \"default_label\": \"ໝົດປີ\", \"default_value\": null, \"display_order\": 5, \"is_calculated\": true}, {\"data_type\": \"text\", \"field_key\": \"note\", \"is_required\": false, \"default_label\": \"ໝາຍເຫດ\", \"default_value\": null, \"display_order\": 6, \"is_calculated\": false}], \"formula_schema\": {\"fields\": [\"amount_per_month\", \"month_count\"], \"operation\": \"multiply\"}}',2,2,'2026-06-19 05:17:26','2026-06-19 06:39:28'),(3275,20,83,486,181,108,1,'2027','monthly','ບໍລິຈາກເລືອດຄັ້ງທີ I','ບໍລິຈາກເລືອດຄັ້ງທີ I',NULL,'{\"yearly_total\": 0}','{\"key\": \"monthly\", \"name\": \"ລາຍຈ່າຍປະຈຳເດືອນ\", \"fields_schema\": [{\"data_type\": \"text\", \"field_key\": \"item_name\", \"is_required\": true, \"default_label\": \"ລາຍການ\", \"default_value\": null, \"display_order\": 1, \"is_calculated\": false}, {\"data_type\": \"text\", \"field_key\": \"reference\", \"is_required\": false, \"default_label\": \"ອ້າງອີງ\", \"default_value\": null, \"display_order\": 2, \"is_calculated\": false}, {\"data_type\": \"number\", \"field_key\": \"amount_per_month\", \"is_required\": true, \"default_label\": \"ຕໍ່ເດືອນ\", \"default_value\": null, \"display_order\": 3, \"is_calculated\": false}, {\"data_type\": \"number\", \"field_key\": \"month_count\", \"is_required\": true, \"default_label\": \"ຈ/ນ\", \"default_value\": \"12\", \"display_order\": 4, \"is_calculated\": false}, {\"data_type\": \"number\", \"field_key\": \"yearly_total\", \"is_required\": false, \"default_label\": \"ໝົດປີ\", \"default_value\": null, \"display_order\": 5, \"is_calculated\": true}, {\"data_type\": \"text\", \"field_key\": \"note\", \"is_required\": false, \"default_label\": \"ໝາຍເຫດ\", \"default_value\": null, \"display_order\": 6, \"is_calculated\": false}], \"formula_schema\": {\"fields\": [\"amount_per_month\", \"month_count\"], \"operation\": \"multiply\"}}',2,2,'2026-06-19 05:17:26','2026-06-19 06:39:28'),(3276,20,83,486,182,108,1,'2027','monthly','ບໍລິຈາກເລືອດຄັ້ງທີ II','ບໍລິຈາກເລືອດຄັ້ງທີ II',NULL,'{\"yearly_total\": 0}','{\"key\": \"monthly\", \"name\": \"ລາຍຈ່າຍປະຈຳເດືອນ\", \"fields_schema\": [{\"data_type\": \"text\", \"field_key\": \"item_name\", \"is_required\": true, \"default_label\": \"ລາຍການ\", \"default_value\": null, \"display_order\": 1, \"is_calculated\": false}, {\"data_type\": \"text\", \"field_key\": \"reference\", \"is_required\": false, \"default_label\": \"ອ້າງອີງ\", \"default_value\": null, \"display_order\": 2, \"is_calculated\": false}, {\"data_type\": \"number\", \"field_key\": \"amount_per_month\", \"is_required\": true, \"default_label\": \"ຕໍ່ເດືອນ\", \"default_value\": null, \"display_order\": 3, \"is_calculated\": false}, {\"data_type\": \"number\", \"field_key\": \"month_count\", \"is_required\": true, \"default_label\": \"ຈ/ນ\", \"default_value\": \"12\", \"display_order\": 4, \"is_calculated\": false}, {\"data_type\": \"number\", \"field_key\": \"yearly_total\", \"is_required\": false, \"default_label\": \"ໝົດປີ\", \"default_value\": null, \"display_order\": 5, \"is_calculated\": true}, {\"data_type\": \"text\", \"field_key\": \"note\", \"is_required\": false, \"default_label\": \"ໝາຍເຫດ\", \"default_value\": null, \"display_order\": 6, \"is_calculated\": false}], \"formula_schema\": {\"fields\": [\"amount_per_month\", \"month_count\"], \"operation\": \"multiply\"}}',2,2,'2026-06-19 05:17:26','2026-06-19 06:39:28'),(3277,20,83,487,183,193,1,'2027','monthly','ການແຂ່ງຂັນກິລາຊາວໜຸ່ມ','ການແຂ່ງຂັນກິລາຊາວໜຸ່ມ',NULL,'[]','{\"key\": \"monthly\", \"name\": \"ລາຍຈ່າຍປະຈຳເດືອນ\", \"fields_schema\": [{\"data_type\": \"text\", \"field_key\": \"item_name\", \"is_required\": true, \"default_label\": \"ລາຍການ\", \"default_value\": null, \"display_order\": 1, \"is_calculated\": false}, {\"data_type\": \"text\", \"field_key\": \"reference\", \"is_required\": false, \"default_label\": \"ອ້າງອີງ\", \"default_value\": null, \"display_order\": 2, \"is_calculated\": false}, {\"data_type\": \"number\", \"field_key\": \"amount_per_month\", \"is_required\": true, \"default_label\": \"ຕໍ່ເດືອນ\", \"default_value\": null, \"display_order\": 3, \"is_calculated\": false}, {\"data_type\": \"number\", \"field_key\": \"month_count\", \"is_required\": true, \"default_label\": \"ຈ/ນ\", \"default_value\": \"12\", \"display_order\": 4, \"is_calculated\": false}, {\"data_type\": \"number\", \"field_key\": \"yearly_total\", \"is_required\": false, \"default_label\": \"ໝົດປີ\", \"default_value\": null, \"display_order\": 5, \"is_calculated\": true}, {\"data_type\": \"text\", \"field_key\": \"note\", \"is_required\": false, \"default_label\": \"ໝາຍເຫດ\", \"default_value\": null, \"display_order\": 6, \"is_calculated\": false}], \"formula_schema\": {\"fields\": [\"amount_per_month\", \"month_count\"], \"operation\": \"multiply\"}}',2,2,'2026-06-19 05:17:26','2026-06-19 06:39:28'),(3278,20,83,487,184,193,1,'2027','monthly','ການເຄື່ອງໄຫວກິລາພາຍໃນ','ການເຄື່ອງໄຫວກິລາພາຍໃນ',NULL,'[]','{\"key\": \"monthly\", \"name\": \"ລາຍຈ່າຍປະຈຳເດືອນ\", \"fields_schema\": [{\"data_type\": \"text\", \"field_key\": \"item_name\", \"is_required\": true, \"default_label\": \"ລາຍການ\", \"default_value\": null, \"display_order\": 1, \"is_calculated\": false}, {\"data_type\": \"text\", \"field_key\": \"reference\", \"is_required\": false, \"default_label\": \"ອ້າງອີງ\", \"default_value\": null, \"display_order\": 2, \"is_calculated\": false}, {\"data_type\": \"number\", \"field_key\": \"amount_per_month\", \"is_required\": true, \"default_label\": \"ຕໍ່ເດືອນ\", \"default_value\": null, \"display_order\": 3, \"is_calculated\": false}, {\"data_type\": \"number\", \"field_key\": \"month_count\", \"is_required\": true, \"default_label\": \"ຈ/ນ\", \"default_value\": \"12\", \"display_order\": 4, \"is_calculated\": false}, {\"data_type\": \"number\", \"field_key\": \"yearly_total\", \"is_required\": false, \"default_label\": \"ໝົດປີ\", \"default_value\": null, \"display_order\": 5, \"is_calculated\": true}, {\"data_type\": \"text\", \"field_key\": \"note\", \"is_required\": false, \"default_label\": \"ໝາຍເຫດ\", \"default_value\": null, \"display_order\": 6, \"is_calculated\": false}], \"formula_schema\": {\"fields\": [\"amount_per_month\", \"month_count\"], \"operation\": \"multiply\"}}',2,2,'2026-06-19 05:17:26','2026-06-19 06:39:28'),(3279,20,83,487,185,193,1,'2027','monthly','ການເຄື່ອນໄຫວກິລາກັບທາງນອກ','ການເຄື່ອນໄຫວກິລາກັບທາງນອກ',NULL,'[]','{\"key\": \"monthly\", \"name\": \"ລາຍຈ່າຍປະຈຳເດືອນ\", \"fields_schema\": [{\"data_type\": \"text\", \"field_key\": \"item_name\", \"is_required\": true, \"default_label\": \"ລາຍການ\", \"default_value\": null, \"display_order\": 1, \"is_calculated\": false}, {\"data_type\": \"text\", \"field_key\": \"reference\", \"is_required\": false, \"default_label\": \"ອ້າງອີງ\", \"default_value\": null, \"display_order\": 2, \"is_calculated\": false}, {\"data_type\": \"number\", \"field_key\": \"amount_per_month\", \"is_required\": true, \"default_label\": \"ຕໍ່ເດືອນ\", \"default_value\": null, \"display_order\": 3, \"is_calculated\": false}, {\"data_type\": \"number\", \"field_key\": \"month_count\", \"is_required\": true, \"default_label\": \"ຈ/ນ\", \"default_value\": \"12\", \"display_order\": 4, \"is_calculated\": false}, {\"data_type\": \"number\", \"field_key\": \"yearly_total\", \"is_required\": false, \"default_label\": \"ໝົດປີ\", \"default_value\": null, \"display_order\": 5, \"is_calculated\": true}, {\"data_type\": \"text\", \"field_key\": \"note\", \"is_required\": false, \"default_label\": \"ໝາຍເຫດ\", \"default_value\": null, \"display_order\": 6, \"is_calculated\": false}], \"formula_schema\": {\"fields\": [\"amount_per_month\", \"month_count\"], \"operation\": \"multiply\"}}',2,2,'2026-06-19 05:17:26','2026-06-19 06:39:28'),(3280,20,83,487,186,193,1,'2027','monthly','ການເຄື່ອນໄຫວສິນລະປະກຳຂອງນັກສຶກສາ','ການເຄື່ອນໄຫວສິນລະປະກຳຂອງນັກສຶກສາ',NULL,'[]','{\"key\": \"monthly\", \"name\": \"ລາຍຈ່າຍປະຈຳເດືອນ\", \"fields_schema\": [{\"data_type\": \"text\", \"field_key\": \"item_name\", \"is_required\": true, \"default_label\": \"ລາຍການ\", \"default_value\": null, \"display_order\": 1, \"is_calculated\": false}, {\"data_type\": \"text\", \"field_key\": \"reference\", \"is_required\": false, \"default_label\": \"ອ້າງອີງ\", \"default_value\": null, \"display_order\": 2, \"is_calculated\": false}, {\"data_type\": \"number\", \"field_key\": \"amount_per_month\", \"is_required\": true, \"default_label\": \"ຕໍ່ເດືອນ\", \"default_value\": null, \"display_order\": 3, \"is_calculated\": false}, {\"data_type\": \"number\", \"field_key\": \"month_count\", \"is_required\": true, \"default_label\": \"ຈ/ນ\", \"default_value\": \"12\", \"display_order\": 4, \"is_calculated\": false}, {\"data_type\": \"number\", \"field_key\": \"yearly_total\", \"is_required\": false, \"default_label\": \"ໝົດປີ\", \"default_value\": null, \"display_order\": 5, \"is_calculated\": true}, {\"data_type\": \"text\", \"field_key\": \"note\", \"is_required\": false, \"default_label\": \"ໝາຍເຫດ\", \"default_value\": null, \"display_order\": 6, \"is_calculated\": false}], \"formula_schema\": {\"fields\": [\"amount_per_month\", \"month_count\"], \"operation\": \"multiply\"}}',2,2,'2026-06-19 05:17:26','2026-06-19 06:39:28'),(3281,20,83,487,187,193,1,'2027','monthly','ການຝຶກຊ້ອມສິນລະປະວັນນະຄະດີ','ການຝຶກຊ້ອມສິນລະປະວັນນະຄະດີ',NULL,'[]','{\"key\": \"monthly\", \"name\": \"ລາຍຈ່າຍປະຈຳເດືອນ\", \"fields_schema\": [{\"data_type\": \"text\", \"field_key\": \"item_name\", \"is_required\": true, \"default_label\": \"ລາຍການ\", \"default_value\": null, \"display_order\": 1, \"is_calculated\": false}, {\"data_type\": \"text\", \"field_key\": \"reference\", \"is_required\": false, \"default_label\": \"ອ້າງອີງ\", \"default_value\": null, \"display_order\": 2, \"is_calculated\": false}, {\"data_type\": \"number\", \"field_key\": \"amount_per_month\", \"is_required\": true, \"default_label\": \"ຕໍ່ເດືອນ\", \"default_value\": null, \"display_order\": 3, \"is_calculated\": false}, {\"data_type\": \"number\", \"field_key\": \"month_count\", \"is_required\": true, \"default_label\": \"ຈ/ນ\", \"default_value\": \"12\", \"display_order\": 4, \"is_calculated\": false}, {\"data_type\": \"number\", \"field_key\": \"yearly_total\", \"is_required\": false, \"default_label\": \"ໝົດປີ\", \"default_value\": null, \"display_order\": 5, \"is_calculated\": true}, {\"data_type\": \"text\", \"field_key\": \"note\", \"is_required\": false, \"default_label\": \"ໝາຍເຫດ\", \"default_value\": null, \"display_order\": 6, \"is_calculated\": false}], \"formula_schema\": {\"fields\": [\"amount_per_month\", \"month_count\"], \"operation\": \"multiply\"}}',2,2,'2026-06-19 05:17:26','2026-06-19 06:39:28'),(3282,20,83,488,188,136,1,'2027','monthly','ອານາໄມຫ້ອງຮຽນ, ຫ້ອງການ','ອານາໄມຫ້ອງຮຽນ, ຫ້ອງການ',NULL,'[]','{\"key\": \"monthly\", \"name\": \"ລາຍຈ່າຍປະຈຳເດືອນ\", \"fields_schema\": [{\"data_type\": \"text\", \"field_key\": \"item_name\", \"is_required\": true, \"default_label\": \"ລາຍການ\", \"default_value\": null, \"display_order\": 1, \"is_calculated\": false}, {\"data_type\": \"text\", \"field_key\": \"reference\", \"is_required\": false, \"default_label\": \"ອ້າງອີງ\", \"default_value\": null, \"display_order\": 2, \"is_calculated\": false}, {\"data_type\": \"number\", \"field_key\": \"amount_per_month\", \"is_required\": true, \"default_label\": \"ຕໍ່ເດືອນ\", \"default_value\": null, \"display_order\": 3, \"is_calculated\": false}, {\"data_type\": \"number\", \"field_key\": \"month_count\", \"is_required\": true, \"default_label\": \"ຈ/ນ\", \"default_value\": \"12\", \"display_order\": 4, \"is_calculated\": false}, {\"data_type\": \"number\", \"field_key\": \"yearly_total\", \"is_required\": false, \"default_label\": \"ໝົດປີ\", \"default_value\": null, \"display_order\": 5, \"is_calculated\": true}, {\"data_type\": \"text\", \"field_key\": \"note\", \"is_required\": false, \"default_label\": \"ໝາຍເຫດ\", \"default_value\": null, \"display_order\": 6, \"is_calculated\": false}], \"formula_schema\": {\"fields\": [\"amount_per_month\", \"month_count\"], \"operation\": \"multiply\"}}',2,2,'2026-06-19 05:17:26','2026-06-19 06:39:28'),(3283,20,83,488,189,136,1,'2027','monthly','ອານາໄມສະຖານທີ່ຮັບຜິດຊອບ','ອານາໄມສະຖານທີ່ຮັບຜິດຊອບ',NULL,'[]','{\"key\": \"monthly\", \"name\": \"ລາຍຈ່າຍປະຈຳເດືອນ\", \"fields_schema\": [{\"data_type\": \"text\", \"field_key\": \"item_name\", \"is_required\": true, \"default_label\": \"ລາຍການ\", \"default_value\": null, \"display_order\": 1, \"is_calculated\": false}, {\"data_type\": \"text\", \"field_key\": \"reference\", \"is_required\": false, \"default_label\": \"ອ້າງອີງ\", \"default_value\": null, \"display_order\": 2, \"is_calculated\": false}, {\"data_type\": \"number\", \"field_key\": \"amount_per_month\", \"is_required\": true, \"default_label\": \"ຕໍ່ເດືອນ\", \"default_value\": null, \"display_order\": 3, \"is_calculated\": false}, {\"data_type\": \"number\", \"field_key\": \"month_count\", \"is_required\": true, \"default_label\": \"ຈ/ນ\", \"default_value\": \"12\", \"display_order\": 4, \"is_calculated\": false}, {\"data_type\": \"number\", \"field_key\": \"yearly_total\", \"is_required\": false, \"default_label\": \"ໝົດປີ\", \"default_value\": null, \"display_order\": 5, \"is_calculated\": true}, {\"data_type\": \"text\", \"field_key\": \"note\", \"is_required\": false, \"default_label\": \"ໝາຍເຫດ\", \"default_value\": null, \"display_order\": 6, \"is_calculated\": false}], \"formula_schema\": {\"fields\": [\"amount_per_month\", \"month_count\"], \"operation\": \"multiply\"}}',2,2,'2026-06-19 05:17:26','2026-06-19 06:39:28'),(3284,20,83,488,190,136,1,'2027','monthly','ປຸກຕົ້ນໄມ້','ປຸກຕົ້ນໄມ້',NULL,'[]','{\"key\": \"monthly\", \"name\": \"ລາຍຈ່າຍປະຈຳເດືອນ\", \"fields_schema\": [{\"data_type\": \"text\", \"field_key\": \"item_name\", \"is_required\": true, \"default_label\": \"ລາຍການ\", \"default_value\": null, \"display_order\": 1, \"is_calculated\": false}, {\"data_type\": \"text\", \"field_key\": \"reference\", \"is_required\": false, \"default_label\": \"ອ້າງອີງ\", \"default_value\": null, \"display_order\": 2, \"is_calculated\": false}, {\"data_type\": \"number\", \"field_key\": \"amount_per_month\", \"is_required\": true, \"default_label\": \"ຕໍ່ເດືອນ\", \"default_value\": null, \"display_order\": 3, \"is_calculated\": false}, {\"data_type\": \"number\", \"field_key\": \"month_count\", \"is_required\": true, \"default_label\": \"ຈ/ນ\", \"default_value\": \"12\", \"display_order\": 4, \"is_calculated\": false}, {\"data_type\": \"number\", \"field_key\": \"yearly_total\", \"is_required\": false, \"default_label\": \"ໝົດປີ\", \"default_value\": null, \"display_order\": 5, \"is_calculated\": true}, {\"data_type\": \"text\", \"field_key\": \"note\", \"is_required\": false, \"default_label\": \"ໝາຍເຫດ\", \"default_value\": null, \"display_order\": 6, \"is_calculated\": false}], \"formula_schema\": {\"fields\": [\"amount_per_month\", \"month_count\"], \"operation\": \"multiply\"}}',2,2,'2026-06-19 05:17:26','2026-06-19 06:39:28'),(3285,20,83,489,191,163,1,'2027','monthly','ຄ່າເຊົ່າຫ້ອງປະຊຸມ 1 ວັນ','ຄ່າເຊົ່າຫ້ອງປະຊຸມ 1 ວັນ',NULL,'[]','{\"key\": \"monthly\", \"name\": \"ລາຍຈ່າຍປະຈຳເດືອນ\", \"fields_schema\": [{\"data_type\": \"text\", \"field_key\": \"item_name\", \"is_required\": true, \"default_label\": \"ລາຍການ\", \"default_value\": null, \"display_order\": 1, \"is_calculated\": false}, {\"data_type\": \"text\", \"field_key\": \"reference\", \"is_required\": false, \"default_label\": \"ອ້າງອີງ\", \"default_value\": null, \"display_order\": 2, \"is_calculated\": false}, {\"data_type\": \"number\", \"field_key\": \"amount_per_month\", \"is_required\": true, \"default_label\": \"ຕໍ່ເດືອນ\", \"default_value\": null, \"display_order\": 3, \"is_calculated\": false}, {\"data_type\": \"number\", \"field_key\": \"month_count\", \"is_required\": true, \"default_label\": \"ຈ/ນ\", \"default_value\": \"12\", \"display_order\": 4, \"is_calculated\": false}, {\"data_type\": \"number\", \"field_key\": \"yearly_total\", \"is_required\": false, \"default_label\": \"ໝົດປີ\", \"default_value\": null, \"display_order\": 5, \"is_calculated\": true}, {\"data_type\": \"text\", \"field_key\": \"note\", \"is_required\": false, \"default_label\": \"ໝາຍເຫດ\", \"default_value\": null, \"display_order\": 6, \"is_calculated\": false}], \"formula_schema\": {\"fields\": [\"amount_per_month\", \"month_count\"], \"operation\": \"multiply\"}}',2,2,'2026-06-19 05:17:26','2026-06-19 06:39:28'),(3286,20,83,489,192,163,1,'2027','monthly','ຄ່ານ້ຳດື່ມມື້ຈັດງານ','ຄ່ານ້ຳດື່ມມື້ຈັດງານ',NULL,'[]','{\"key\": \"monthly\", \"name\": \"ລາຍຈ່າຍປະຈຳເດືອນ\", \"fields_schema\": [{\"data_type\": \"text\", \"field_key\": \"item_name\", \"is_required\": true, \"default_label\": \"ລາຍການ\", \"default_value\": null, \"display_order\": 1, \"is_calculated\": false}, {\"data_type\": \"text\", \"field_key\": \"reference\", \"is_required\": false, \"default_label\": \"ອ້າງອີງ\", \"default_value\": null, \"display_order\": 2, \"is_calculated\": false}, {\"data_type\": \"number\", \"field_key\": \"amount_per_month\", \"is_required\": true, \"default_label\": \"ຕໍ່ເດືອນ\", \"default_value\": null, \"display_order\": 3, \"is_calculated\": false}, {\"data_type\": \"number\", \"field_key\": \"month_count\", \"is_required\": true, \"default_label\": \"ຈ/ນ\", \"default_value\": \"12\", \"display_order\": 4, \"is_calculated\": false}, {\"data_type\": \"number\", \"field_key\": \"yearly_total\", \"is_required\": false, \"default_label\": \"ໝົດປີ\", \"default_value\": null, \"display_order\": 5, \"is_calculated\": true}, {\"data_type\": \"text\", \"field_key\": \"note\", \"is_required\": false, \"default_label\": \"ໝາຍເຫດ\", \"default_value\": null, \"display_order\": 6, \"is_calculated\": false}], \"formula_schema\": {\"fields\": [\"amount_per_month\", \"month_count\"], \"operation\": \"multiply\"}}',2,2,'2026-06-19 05:17:26','2026-06-19 06:39:28'),(3287,20,83,489,193,163,1,'2027','monthly','ຄ່າຂັນລາງວັນ','ຄ່າຂັນລາງວັນ',NULL,'[]','{\"key\": \"monthly\", \"name\": \"ລາຍຈ່າຍປະຈຳເດືອນ\", \"fields_schema\": [{\"data_type\": \"text\", \"field_key\": \"item_name\", \"is_required\": true, \"default_label\": \"ລາຍການ\", \"default_value\": null, \"display_order\": 1, \"is_calculated\": false}, {\"data_type\": \"text\", \"field_key\": \"reference\", \"is_required\": false, \"default_label\": \"ອ້າງອີງ\", \"default_value\": null, \"display_order\": 2, \"is_calculated\": false}, {\"data_type\": \"number\", \"field_key\": \"amount_per_month\", \"is_required\": true, \"default_label\": \"ຕໍ່ເດືອນ\", \"default_value\": null, \"display_order\": 3, \"is_calculated\": false}, {\"data_type\": \"number\", \"field_key\": \"month_count\", \"is_required\": true, \"default_label\": \"ຈ/ນ\", \"default_value\": \"12\", \"display_order\": 4, \"is_calculated\": false}, {\"data_type\": \"number\", \"field_key\": \"yearly_total\", \"is_required\": false, \"default_label\": \"ໝົດປີ\", \"default_value\": null, \"display_order\": 5, \"is_calculated\": true}, {\"data_type\": \"text\", \"field_key\": \"note\", \"is_required\": false, \"default_label\": \"ໝາຍເຫດ\", \"default_value\": null, \"display_order\": 6, \"is_calculated\": false}], \"formula_schema\": {\"fields\": [\"amount_per_month\", \"month_count\"], \"operation\": \"multiply\"}}',2,2,'2026-06-19 05:17:26','2026-06-19 06:39:28'),(3288,20,83,489,194,163,1,'2027','monthly','ຄ່າອອກຄຳຖາມ','ຄ່າອອກຄຳຖາມ',NULL,'[]','{\"key\": \"monthly\", \"name\": \"ລາຍຈ່າຍປະຈຳເດືອນ\", \"fields_schema\": [{\"data_type\": \"text\", \"field_key\": \"item_name\", \"is_required\": true, \"default_label\": \"ລາຍການ\", \"default_value\": null, \"display_order\": 1, \"is_calculated\": false}, {\"data_type\": \"text\", \"field_key\": \"reference\", \"is_required\": false, \"default_label\": \"ອ້າງອີງ\", \"default_value\": null, \"display_order\": 2, \"is_calculated\": false}, {\"data_type\": \"number\", \"field_key\": \"amount_per_month\", \"is_required\": true, \"default_label\": \"ຕໍ່ເດືອນ\", \"default_value\": null, \"display_order\": 3, \"is_calculated\": false}, {\"data_type\": \"number\", \"field_key\": \"month_count\", \"is_required\": true, \"default_label\": \"ຈ/ນ\", \"default_value\": \"12\", \"display_order\": 4, \"is_calculated\": false}, {\"data_type\": \"number\", \"field_key\": \"yearly_total\", \"is_required\": false, \"default_label\": \"ໝົດປີ\", \"default_value\": null, \"display_order\": 5, \"is_calculated\": true}, {\"data_type\": \"text\", \"field_key\": \"note\", \"is_required\": false, \"default_label\": \"ໝາຍເຫດ\", \"default_value\": null, \"display_order\": 6, \"is_calculated\": false}], \"formula_schema\": {\"fields\": [\"amount_per_month\", \"month_count\"], \"operation\": \"multiply\"}}',2,2,'2026-06-19 05:17:26','2026-06-19 06:39:28'),(3289,20,84,490,195,230,1,'2027','monthly','123','123',NULL,'[]','{\"key\": \"monthly\", \"name\": \"ລາຍຈ່າຍປະຈຳເດືອນ\", \"fields_schema\": [{\"data_type\": \"text\", \"field_key\": \"item_name\", \"is_required\": true, \"default_label\": \"ລາຍການ\", \"default_value\": null, \"display_order\": 1, \"is_calculated\": false}, {\"data_type\": \"text\", \"field_key\": \"reference\", \"is_required\": false, \"default_label\": \"ອ້າງອີງ\", \"default_value\": null, \"display_order\": 2, \"is_calculated\": false}, {\"data_type\": \"number\", \"field_key\": \"amount_per_month\", \"is_required\": true, \"default_label\": \"ຕໍ່ເດືອນ\", \"default_value\": null, \"display_order\": 3, \"is_calculated\": false}, {\"data_type\": \"number\", \"field_key\": \"month_count\", \"is_required\": true, \"default_label\": \"ຈ/ນ\", \"default_value\": \"12\", \"display_order\": 4, \"is_calculated\": false}, {\"data_type\": \"number\", \"field_key\": \"yearly_total\", \"is_required\": false, \"default_label\": \"ໝົດປີ\", \"default_value\": null, \"display_order\": 5, \"is_calculated\": true}, {\"data_type\": \"text\", \"field_key\": \"note\", \"is_required\": false, \"default_label\": \"ໝາຍເຫດ\", \"default_value\": null, \"display_order\": 6, \"is_calculated\": false}], \"formula_schema\": {\"fields\": [\"amount_per_month\", \"month_count\"], \"operation\": \"multiply\"}}',2,2,'2026-06-19 05:17:26','2026-06-19 06:39:28');
/*!40000 ALTER TABLE `expense_plans` ENABLE KEYS */;
UNLOCK TABLES;

--
-- Table structure for table `expense_sections`
--

DROP TABLE IF EXISTS `expense_sections`;
/*!40101 SET @saved_cs_client     = @@character_set_client */;
/*!50503 SET character_set_client = utf8mb4 */;
CREATE TABLE `expense_sections` (
  `id` bigint unsigned NOT NULL AUTO_INCREMENT,
  `planning_year_id` bigint unsigned DEFAULT NULL,
  `code` varchar(20) CHARACTER SET utf8mb4 COLLATE utf8mb4_unicode_ci NOT NULL,
  `name` varchar(255) CHARACTER SET utf8mb4 COLLATE utf8mb4_unicode_ci NOT NULL,
  `description` text CHARACTER SET utf8mb4 COLLATE utf8mb4_unicode_ci,
  `display_order` int unsigned NOT NULL DEFAULT '0',
  `summary_period_count` decimal(10,2) NOT NULL DEFAULT '12.00',
  `is_active` tinyint(1) NOT NULL DEFAULT '1',
  `created_at` timestamp NULL DEFAULT NULL,
  `updated_at` timestamp NULL DEFAULT NULL,
  PRIMARY KEY (`id`),
  KEY `expense_sections_planning_year_id_index` (`planning_year_id`)
) ENGINE=InnoDB AUTO_INCREMENT=85 DEFAULT CHARSET=utf8mb4 COLLATE=utf8mb4_unicode_ci;
/*!40101 SET character_set_client = @saved_cs_client */;

--
-- Dumping data for table `expense_sections`
--

LOCK TABLES `expense_sections` WRITE;
/*!40000 ALTER TABLE `expense_sections` DISABLE KEYS */;
INSERT INTO `expense_sections` VALUES (78,20,'2.1','ແຜນງົບປະມານລາຍຈ່າຍບໍລິຫານປົກກະຕິຂອງ ຄວທ',NULL,1,12.00,1,'2026-06-19 05:16:37','2026-06-19 05:16:37'),(79,20,'2.2','ແຜນງົບປະມານລາຍຈ່າຍປັບປຸງ ແລະ ສົ່ງເສີມວິຊາການຂອງ ຄວທ',NULL,2,12.00,1,'2026-06-19 05:16:37','2026-06-19 05:16:37'),(80,20,'2.3','ແຜນງົບປະມານລາຍຈ່າຍດັດສົມ, ສົ່ງເສີມ ແລະ ບຳລຸງຮັກສາຂອງ ຄວທ',NULL,3,12.00,1,'2026-06-19 05:16:37','2026-06-19 05:16:37'),(81,20,'2.4','ແຜນງົບປະມານລາຍຈ່າຍບໍລິຫານອຸດໜູນກົງຈັກ',NULL,4,12.00,1,'2026-06-19 05:16:37','2026-06-19 05:16:37'),(82,20,'2.5','ແຜນງົບປະມານລາຍຈ່າຍຄ່າສິດສອນ ແລະ ການປະເມີນ',NULL,5,12.00,1,'2026-06-19 05:16:37','2026-06-19 05:16:37'),(83,20,'2.6','ແຜນລາຍຈ່າຍເຄື່ອນໄຫວນອກຫຼັກສູດ',NULL,6,12.00,1,'2026-06-19 05:16:37','2026-06-19 05:16:37'),(84,20,'2.7','ກຸ່ມລາຍຈ່າຍ 2.7',NULL,7,12.00,1,'2026-06-19 05:16:37','2026-06-19 05:16:37');
/*!40000 ALTER TABLE `expense_sections` ENABLE KEYS */;
UNLOCK TABLES;

--
-- Table structure for table `expense_subsections`
--

DROP TABLE IF EXISTS `expense_subsections`;
/*!40101 SET @saved_cs_client     = @@character_set_client */;
/*!50503 SET character_set_client = utf8mb4 */;
CREATE TABLE `expense_subsections` (
  `id` bigint unsigned NOT NULL AUTO_INCREMENT,
  `section_id` bigint unsigned NOT NULL,
  `code` varchar(20) CHARACTER SET utf8mb4 COLLATE utf8mb4_unicode_ci NOT NULL,
  `name` varchar(255) CHARACTER SET utf8mb4 COLLATE utf8mb4_unicode_ci NOT NULL,
  `description` text CHARACTER SET utf8mb4 COLLATE utf8mb4_unicode_ci,
  `default_pattern_id` bigint unsigned DEFAULT NULL,
  `summary_period_count` decimal(10,2) NOT NULL DEFAULT '12.00',
  `display_order` int unsigned NOT NULL DEFAULT '0',
  `is_active` tinyint(1) NOT NULL DEFAULT '1',
  `created_at` timestamp NULL DEFAULT NULL,
  `updated_at` timestamp NULL DEFAULT NULL,
  `parent_id` bigint unsigned DEFAULT NULL,
  PRIMARY KEY (`id`),
  UNIQUE KEY `expense_subsections_section_code_unique` (`section_id`,`code`),
  KEY `expense_subsections_default_pattern_id_foreign` (`default_pattern_id`),
  CONSTRAINT `expense_subsections_default_pattern_id_foreign` FOREIGN KEY (`default_pattern_id`) REFERENCES `expense_patterns` (`id`) ON DELETE SET NULL,
  CONSTRAINT `expense_subsections_section_id_foreign` FOREIGN KEY (`section_id`) REFERENCES `expense_sections` (`id`) ON DELETE CASCADE
) ENGINE=InnoDB AUTO_INCREMENT=491 DEFAULT CHARSET=utf8mb4 COLLATE=utf8mb4_unicode_ci;
/*!40101 SET character_set_client = @saved_cs_client */;

--
-- Dumping data for table `expense_subsections`
--

LOCK TABLES `expense_subsections` WRITE;
/*!40000 ALTER TABLE `expense_subsections` DISABLE KEYS */;
INSERT INTO `expense_subsections` VALUES (453,78,'2.1.1','ບໍລິຫານສັງລວມ',NULL,1,12.00,1,1,'2026-06-19 05:16:37','2026-06-19 05:16:37',NULL),(454,78,'2.1.2','ບຳລຸງຮັກສາ, ສ້ອມແປງ ແລະ ຕິດຕັ້ງ',NULL,1,12.00,2,1,'2026-06-19 05:16:37','2026-06-19 05:16:37',NULL),(455,78,'2.1.3','ສ້ອມແປງ ແລະ ປັບປຸງອາຄານຫ້ອງຮຽນ',NULL,1,12.00,3,1,'2026-06-19 05:16:37','2026-06-19 05:16:37',NULL),(456,78,'2.1.4','ສ້ອມແປງພາຫານະ',NULL,1,12.00,4,1,'2026-06-19 05:16:37','2026-06-19 05:16:37',NULL),(457,78,'2.1.5','ຊື້ເຄື່ອງຈັກ, ວັດຖຸອຸປະກອນ',NULL,1,12.00,5,1,'2026-06-19 05:16:37','2026-06-19 05:16:37',NULL),(458,78,'2.1.6','ຄ່າປະກັນໄພພາຫະນະ',NULL,1,12.00,6,1,'2026-06-19 05:16:37','2026-06-19 05:16:37',NULL),(459,78,'2.1.7','ລາຍຈ່າຍໄປວຽກທາງການ',NULL,1,12.00,7,1,'2026-06-19 05:16:37','2026-06-19 05:16:37',NULL),(460,78,'2.1.8','ປົກປັກຮັກສາ ແລະ ອານາໄມອາຄານ, ສະຖານທີ່',NULL,1,12.00,8,1,'2026-06-19 05:16:37','2026-06-19 05:16:37',NULL),(461,78,'2.1.9','ວຽກງານກິດຈະກຳນັກສຶກສາ',NULL,1,12.00,9,1,'2026-06-19 05:16:37','2026-06-19 05:16:37',NULL),(462,78,'2.1.10','ລາຍຈ່າຍກອງປະຊຸມ, ສຳມະນາ ແລະ ຝຶກອົບຮົມ',NULL,1,12.00,10,1,'2026-06-19 05:16:37','2026-06-19 05:16:37',NULL),(463,78,'2.1.10.1','ລາຍຈ່າຍກອງປະຊຸມ',NULL,1,12.00,11,1,'2026-06-19 05:16:37','2026-06-19 05:16:37',462),(464,78,'2.1.10.2','ລາຍຈ່າຍສຳມະນາ',NULL,1,12.00,12,1,'2026-06-19 05:16:37','2026-06-19 05:16:37',462),(465,78,'2.1.10.3','ລາຍຈ່າຍຝຶກອົບຮົມ',NULL,1,12.00,13,1,'2026-06-19 05:16:37','2026-06-19 05:16:37',462),(466,79,'2.2.1','ຊື້ວັດຖຸ, ອຸປະກອນການຮຽນ ແລະ ການສິດສອນ',NULL,1,12.00,14,1,'2026-06-19 05:16:37','2026-06-19 05:16:37',NULL),(467,79,'2.2.2','ປັບປຸງແລະພັດທະນາການສຶກສາ (ປັບປຸງຫຼັກສູດ, ພິມປື້ມ)',NULL,1,12.00,15,1,'2026-06-19 05:16:37','2026-06-19 05:16:37',NULL),(468,79,'2.2.2.1','ງົບປະມານໃນການສ້າງຕຳລາຮຽນ (ພິມປື້ມ)',NULL,1,12.00,16,1,'2026-06-19 05:16:37','2026-06-19 05:16:37',467),(469,79,'2.2.2.2','ງົບປະມານໃນການພັດທະນາ ແລະ ປັບປຸງຫຼັກສູດ',NULL,1,12.00,17,1,'2026-06-19 05:16:37','2026-06-19 05:16:37',467),(470,79,'2.2.3','ບຳລຸງຫ້ອງທົດລອງ',NULL,1,12.00,18,1,'2026-06-19 05:16:37','2026-06-19 05:16:37',NULL),(471,79,'2.2.4','ຊື້ອຸປະກອນທົດລອງ',NULL,1,12.00,19,1,'2026-06-19 05:16:37','2026-06-19 05:16:37',NULL),(472,79,'2.2.5','ລາຍຈ່າຍກອງປະຊຸມວິຊາການ',NULL,1,12.00,20,1,'2026-06-19 05:16:37','2026-06-19 05:16:37',NULL),(473,79,'2.2.6','ບຳລຸງຫ້ອງອ່ານ',NULL,1,12.00,21,1,'2026-06-19 05:16:37','2026-06-19 05:16:37',NULL),(474,79,'2.2.7','ການຍົກລະດັບໄລຍະຍາວ',NULL,1,12.00,22,1,'2026-06-19 05:16:37','2026-06-19 05:16:37',NULL),(475,79,'2.2.8','ລາຍຈ່າຍຕິດຕາມການປະຕິບັດຫຼັກສູດ',NULL,1,12.00,23,1,'2026-06-19 05:16:37','2026-06-19 05:16:37',NULL),(476,80,'2.3.1','ບໍລິຫານວິຊາການ',NULL,1,12.00,24,1,'2026-06-19 05:16:37','2026-06-19 05:16:37',NULL),(477,80,'2.3.2','ບູລະນະ ແລະ ປົກປັກຮັກສາວັດທະນະທຳ',NULL,1,12.00,25,1,'2026-06-19 05:16:37','2026-06-19 05:16:37',NULL),(478,80,'2.3.3','ໄປທັດສະນະສຶກສາ',NULL,1,12.00,26,1,'2026-06-19 05:16:37','2026-06-19 05:16:37',NULL),(479,81,'2.4.1','ອຸດໜູນຄ່າບັດໂທລະສັບປະຈຳຕຳແໜ່ງ',NULL,1,12.00,27,1,'2026-06-19 05:16:37','2026-06-19 05:16:37',NULL),(480,81,'2.4.2','ອຸດໜູນຄ່ານ້ຳມັນປະຈຳຕຳແໜ່ງ',NULL,1,12.00,28,1,'2026-06-19 05:16:37','2026-06-19 05:16:37',NULL),(481,81,'2.4.3','ເງິນເດືອນສັນຍາຈ້າງ ແລະ ຄ່າແຮງງານ',NULL,1,12.00,29,1,'2026-06-19 05:16:37','2026-06-19 05:16:37',NULL),(482,81,'2.4.4','ອຸດໜູນການເຮັດວຽກເພີ່ມ',NULL,1,12.00,30,1,'2026-06-19 05:16:37','2026-06-19 05:16:37',NULL),(483,82,'2.5.1','ຄ່າສອນລະບົບພິເສດ',NULL,1,12.00,31,1,'2026-06-19 05:16:37','2026-06-19 05:16:37',NULL),(484,82,'2.5.2','ຄ່າບໍລິການສອບເສັງ',NULL,1,12.00,32,1,'2026-06-19 05:16:37','2026-06-19 05:16:37',NULL),(485,82,'2.5.3','ບົດໂຄງການຈົບຊັ້ນ',NULL,1,12.00,33,1,'2026-06-19 05:16:37','2026-06-19 05:16:37',NULL),(486,83,'2.6.1','ບໍລິຈາກເລືອດໃຫ້ອົງການກາແດງລາວ',NULL,1,12.00,34,1,'2026-06-19 05:16:37','2026-06-19 05:16:37',NULL),(487,83,'2.6.2','ເຄື່ອນໄຫວກິລາ ແລະ ສິນລະປະ',NULL,1,12.00,35,1,'2026-06-19 05:16:37','2026-06-19 05:16:37',NULL),(488,83,'2.6.3','ອອກແຮງງານລວມ',NULL,1,12.00,36,1,'2026-06-19 05:16:37','2026-06-19 05:16:37',NULL),(489,83,'2.6.4','ຈັດການແຂ່ງຂັນຖາມ-ຕອບວິທະຍາສາດ',NULL,1,12.00,37,1,'2026-06-19 05:16:37','2026-06-19 05:16:37',NULL),(490,84,'2.7.1','ລາຍການ 2.7.1',NULL,1,12.00,38,1,'2026-06-19 05:16:37','2026-06-19 05:16:37',NULL);
/*!40000 ALTER TABLE `expense_subsections` ENABLE KEYS */;
UNLOCK TABLES;

--
-- Table structure for table `income_rate_settings`
--

DROP TABLE IF EXISTS `income_rate_settings`;
/*!40101 SET @saved_cs_client     = @@character_set_client */;
/*!50503 SET character_set_client = utf8mb4 */;
CREATE TABLE `income_rate_settings` (
  `id` bigint unsigned NOT NULL AUTO_INCREMENT,
  `key` varchar(50) CHARACTER SET utf8mb4 COLLATE utf8mb4_unicode_ci NOT NULL,
  `label` varchar(255) CHARACTER SET utf8mb4 COLLATE utf8mb4_unicode_ci NOT NULL,
  `rate` decimal(15,2) NOT NULL DEFAULT '0.00',
  `created_at` timestamp NULL DEFAULT NULL,
  `updated_at` timestamp NULL DEFAULT NULL,
  PRIMARY KEY (`id`),
  UNIQUE KEY `income_rate_settings_key_unique` (`key`)
) ENGINE=InnoDB AUTO_INCREMENT=5 DEFAULT CHARSET=utf8mb4 COLLATE=utf8mb4_unicode_ci;
/*!40101 SET character_set_client = @saved_cs_client */;

--
-- Dumping data for table `income_rate_settings`
--

LOCK TABLES `income_rate_settings` WRITE;
/*!40000 ALTER TABLE `income_rate_settings` DISABLE KEYS */;
INSERT INTO `income_rate_settings` VALUES (1,'item3_rate','ຄ່າລົງທະບຽນເທີມສາມ',90000.00,'2026-05-18 20:31:56','2026-06-15 14:35:37'),(2,'item4_rate','ຄ່າບູລະນະຫ້ອງທົດລອງຄອມພິວເຕີ',50000.00,'2026-05-18 20:31:56','2026-06-15 14:35:37'),(3,'item5_rate','ຄ່າບຳລຸງອຸປະກອນຫ້ອງທົດລອງ',20000.00,'2026-05-18 20:31:56','2026-06-15 14:35:37'),(4,'item6_rate','ຄ່າ​ບໍລິການວິຊາການ ແລະ ຄ່າບໍລິການ​ອື່ນໆ',0.00,'2026-05-18 20:31:56','2026-06-15 14:35:37');
/*!40000 ALTER TABLE `income_rate_settings` ENABLE KEYS */;
UNLOCK TABLES;

--
-- Table structure for table `migrations`
--

DROP TABLE IF EXISTS `migrations`;
/*!40101 SET @saved_cs_client     = @@character_set_client */;
/*!50503 SET character_set_client = utf8mb4 */;
CREATE TABLE `migrations` (
  `id` int unsigned NOT NULL AUTO_INCREMENT,
  `migration` varchar(255) CHARACTER SET utf8mb4 COLLATE utf8mb4_unicode_ci NOT NULL,
  `batch` int NOT NULL,
  PRIMARY KEY (`id`)
) ENGINE=InnoDB AUTO_INCREMENT=123 DEFAULT CHARSET=utf8mb4 COLLATE=utf8mb4_unicode_ci;
/*!40101 SET character_set_client = @saved_cs_client */;

--
-- Dumping data for table `migrations`
--

LOCK TABLES `migrations` WRITE;
/*!40000 ALTER TABLE `migrations` DISABLE KEYS */;
INSERT INTO `migrations` VALUES (4,'2026_05_17_133150_create_degree_programs_table',1),(5,'2026_05_17_133151_create_course_credit_settings_table',1),(6,'2026_05_17_133151_create_credit_unit_price_settings_table',1),(7,'2026_05_17_133154_create_academic_income_plans_table',2),(9,'2026_05_17_133154_create_registration_fee_settings_table',2),(10,'2026_05_17_133155_create_academic_income_items_table',3),(11,'2026_05_17_152605_modify_credit_course_settings_use_level',4),(12,'2026_05_17_153113_remove_masters_phd_level',5),(13,'2026_05_17_160545_redesign_registration_fee_settings_to_itemized',6),(14,'2026_05_17_165401_change_course_credit_settings_to_per_program',7),(15,'2026_05_18_000001_create_degree_programs_table',8),(16,'2026_05_18_000002_create_course_credit_settings_table',8),(17,'2026_05_18_000003_create_credit_unit_price_settings_table',8),(18,'2026_05_18_000004_create_registration_fee_settings_table',8),(19,'2026_05_18_000005_create_registration_fee_items_table',8),(23,'2026_05_18_000009_add_study_year_to_degree_programs',9),(24,'2026_05_18_000010_change_nuol_pct_to_level_based',10),(25,'2026_05_18_000011_create_nuol_pct_settings_table',11),(26,'2026_05_18_000012_create_expense_plans_table',12),(27,'2026_05_18_000013_create_expense_categories_table',13),(28,'2026_05_18_000013_create_expense_categories_table',13),(29,'2026_05_18_000014_create_expense_items_table',13),(30,'2026_05_18_000015_add_year1_rate_to_course_credit_settings',14),(31,'2026_05_18_000016_replace_year1_rate_with_year1_credit_unit',15),(32,'2026_05_18_194752_create_income_rate_settings_table',16),(33,'2026_05_19_000017_create_income_rate_settings_table',17),(34,'2026_05_19_000018_fix_income_rate_settings_table',18),(35,'2026_05_19_000001_add_formula_fields_to_expense_tables',19),(39,'2026_05_20_000002_create_salary_plans_table',20),(40,'2026_05_20_000003_create_salary_entries_table',20),(42,'2026_05_25_000002_drop_academic_income_tables',22),(44,'2026_05_18_000006_create_academic_income_plans_table',23),(45,'2026_05_18_000007_create_academic_income_items_table',23),(46,'2026_05_18_000008_fix_academic_income_items_schema',23),(47,'2026_05_25_000001_drop_status_from_academic_income_plans_table',24),(48,'2026_05_25_000003_split_nuol_pct_master_phd',25),(49,'2026_05_25_123803_alter_registration_fee_settings_section_type_to_string',26),(50,'2026_05_21_000001_fix_expense_items_chart_of_account_fk',27),(53,'2026_05_28_000002_create_expense_ref_codes_table',28),(54,'2026_05_28_000003_drop_expense_categories_and_items_tables',29),(55,'2026_05_28_000001_create_expense_entries_table',30),(56,'2026_05_28_000004_add_parent_id_to_expense_ref_codes',31),(57,'2026_05_28_000005_add_ref_code_id_to_expense_entries',32),(58,'2026_05_28_000004_add_account_code_to_expense_ref_codes',33),(59,'2026_05_28_000005_add_category_codes_to_expense_entries',34),(60,'2026_05_28_000006_drop_entry_date_from_expense_entries',35),(61,'2026_05_28_000007_drop_account_code_from_expense_ref_codes',36),(73,'2026_05_30_170001_create_budget_plans_table',37),(74,'2026_05_30_170002_create_budget_plan_transitions_table',37),(75,'2026_05_30_170003_create_budget_plan_comments_table',37),(76,'2026_05_30_170004_add_budget_plan_id_to_sub_plans',37),(77,'2026_05_30_170005_drop_status_from_sub_plans',37),(79,'2026_05_31_000002_add_flat_fields_to_expense_entries',38),(80,'2026_06_08_000001_link_income_and_salary_plans_to_planning_years',39),(81,'2026_06_08_000002_create_expense_subsection_default_rows_table',40),(82,'2026_06_11_000001_create_expense_subsection_field_settings_table',41),(84,'2026_06_11_000002_add_summary_period_count_to_expense_tables',42),(86,'2026_06_11_000003_add_chart_account_to_expense_subsection_default_rows',43),(87,'2026_06_11_122915_create_sessions_table',44),(88,'2026_06_14_232216_make_expense_structure_global',45),(89,'2026_06_15_000001_drop_note_from_expense_subsection_default_rows_table',46),(90,'2026_06_15_000002_remove_note_from_expense_subsection_default_row_values',47),(91,'2026_06_15_000003_drop_reference_from_expense_subsection_default_rows_table',48),(92,'2026_06_15_000004_drop_expense_subsection_field_settings_table',49),(93,'2026_06_11_130000_merge_salary_entry_amount_columns',50),(94,'2026_06_15_000005_drop_remark_from_salary_entries_table',51),(95,'2026_06_15_131053_create_cache_table',52),(96,'2026_06_15_000006_prevent_duplicate_salary_entries',53),(97,'2026_06_16_000001_link_academic_income_items_to_setting_sets',54),(98,'2026_06_16_000002_relink_academic_income_items_to_populated_setting_sets',55),(99,'2026_06_16_000003_remove_academic_income_item_setting_snapshots',56),(100,'2026_06_16_000004_delete_zero_academic_income_items',57),(102,'2026_06_16_000005_drop_payment_amounts_from_academic_income_items',58),(104,'2026_06_17_000001_add_review_workflow_to_planning_years',59),(105,'2026_06_18_000001_create_period_plan_overrides_table',60),(106,'2026_06_01_000001_normalize_schema',61),(107,'2026_06_18_000002_use_chart_account_id_for_period_plan_overrides',62),(108,'2026_06_18_000003_make_period_override_account_code_nullable',63),(109,'2026_06_18_000004_drop_period_override_account_code',64),(110,'2026_06_18_000005_make_period_override_chart_account_required',65),(111,'2026_06_19_000001_add_period_one_two_saved_at_to_planning_years',66),(112,'2026_06_19_000002_add_period_three_four_fields',67),(113,'2026_06_19_000003_add_average_adjustment_fields_to_period_plan_overrides',68),(114,'2026_06_19_000004_drop_unused_expense_rule_tables',69),(115,'2026_06_19_000005_clear_unused_legacy_columns',70),(116,'2026_06_19_000006_move_academic_income_settings_to_item_snapshots',71),(118,'2026_06_19_000007_create_course_credit_split_settings_and_drop_year1_credit_unit',72),(119,'2026_06_19_000008_collapse_expense_plan_values_to_single_value_column',73),(120,'2026_06_19_000009_delete_empty_expense_plan_values',74),(121,'2026_06_19_000010_simplify_expense_patterns_and_plans',75),(122,'2026_06_19_143559_collapse_review_participant_tables',76);
/*!40000 ALTER TABLE `migrations` ENABLE KEYS */;
UNLOCK TABLES;

--
-- Table structure for table `nuol_pct_settings`
--

DROP TABLE IF EXISTS `nuol_pct_settings`;
/*!40101 SET @saved_cs_client     = @@character_set_client */;
/*!50503 SET character_set_client = utf8mb4 */;
CREATE TABLE `nuol_pct_settings` (
  `id` bigint unsigned NOT NULL AUTO_INCREMENT,
  `level` enum('bachelor','master','phd') CHARACTER SET utf8mb4 COLLATE utf8mb4_unicode_ci NOT NULL,
  `percentage` decimal(5,4) NOT NULL,
  `gov_doc_id` varchar(255) CHARACTER SET utf8mb4 COLLATE utf8mb4_unicode_ci DEFAULT NULL,
  `start_year` smallint unsigned NOT NULL,
  `created_at` timestamp NULL DEFAULT NULL,
  `updated_at` timestamp NULL DEFAULT NULL,
  PRIMARY KEY (`id`)
) ENGINE=InnoDB AUTO_INCREMENT=5 DEFAULT CHARSET=utf8mb4 COLLATE=utf8mb4_unicode_ci;
/*!40101 SET character_set_client = @saved_cs_client */;

--
-- Dumping data for table `nuol_pct_settings`
--

LOCK TABLES `nuol_pct_settings` WRITE;
/*!40000 ALTER TABLE `nuol_pct_settings` DISABLE KEYS */;
INSERT INTO `nuol_pct_settings` VALUES (2,'bachelor',0.1700,NULL,2026,'2026-05-18 05:32:31','2026-06-19 04:20:28'),(3,'master',0.1000,NULL,2026,'2026-05-18 05:32:49','2026-05-25 11:52:20'),(4,'phd',0.1000,NULL,2026,'2026-05-25 11:52:20','2026-05-25 11:52:20');
/*!40000 ALTER TABLE `nuol_pct_settings` ENABLE KEYS */;
UNLOCK TABLES;

--
-- Table structure for table `period_plan_overrides`
--

DROP TABLE IF EXISTS `period_plan_overrides`;
/*!40101 SET @saved_cs_client     = @@character_set_client */;
/*!50503 SET character_set_client = utf8mb4 */;
CREATE TABLE `period_plan_overrides` (
  `id` bigint unsigned NOT NULL AUTO_INCREMENT,
  `planning_year_id` bigint unsigned NOT NULL,
  `chart_of_account_id` int unsigned NOT NULL,
  `period_1_amount` decimal(18,2) NOT NULL DEFAULT '0.00',
  `period_2_amount` decimal(18,2) NOT NULL DEFAULT '0.00',
  `average_increase_amount` decimal(18,2) NOT NULL DEFAULT '0.00',
  `average_decrease_amount` decimal(18,2) NOT NULL DEFAULT '0.00',
  `requested_decrease_amount` decimal(18,2) NOT NULL DEFAULT '0.00',
  `requested_increase_amount` decimal(18,2) NOT NULL DEFAULT '0.00',
  `period_3_amount` decimal(18,2) NOT NULL DEFAULT '0.00',
  `period_4_amount` decimal(18,2) NOT NULL DEFAULT '0.00',
  `created_by` int DEFAULT NULL,
  `updated_by` int DEFAULT NULL,
  `created_at` timestamp NULL DEFAULT NULL,
  `updated_at` timestamp NULL DEFAULT NULL,
  PRIMARY KEY (`id`),
  UNIQUE KEY `period_plan_overrides_year_chart_account_unique` (`planning_year_id`,`chart_of_account_id`),
  KEY `period_plan_overrides_created_by_foreign` (`created_by`),
  KEY `period_plan_overrides_updated_by_foreign` (`updated_by`),
  KEY `period_plan_overrides_chart_account_fk` (`chart_of_account_id`),
  CONSTRAINT `period_plan_overrides_chart_account_fk` FOREIGN KEY (`chart_of_account_id`) REFERENCES `chart_of_accounts` (`id`) ON DELETE CASCADE,
  CONSTRAINT `period_plan_overrides_created_by_foreign` FOREIGN KEY (`created_by`) REFERENCES `users` (`id`) ON DELETE SET NULL,
  CONSTRAINT `period_plan_overrides_planning_year_id_foreign` FOREIGN KEY (`planning_year_id`) REFERENCES `planning_years` (`id`) ON DELETE CASCADE,
  CONSTRAINT `period_plan_overrides_updated_by_foreign` FOREIGN KEY (`updated_by`) REFERENCES `users` (`id`) ON DELETE SET NULL
) ENGINE=InnoDB AUTO_INCREMENT=19 DEFAULT CHARSET=utf8mb4 COLLATE=utf8mb4_unicode_ci;
/*!40101 SET character_set_client = @saved_cs_client */;

--
-- Dumping data for table `period_plan_overrides`
--

LOCK TABLES `period_plan_overrides` WRITE;
/*!40000 ALTER TABLE `period_plan_overrides` DISABLE KEYS */;
/*!40000 ALTER TABLE `period_plan_overrides` ENABLE KEYS */;
UNLOCK TABLES;

--
-- Table structure for table `planning_year_review_comments`
--

DROP TABLE IF EXISTS `planning_year_review_comments`;
/*!40101 SET @saved_cs_client     = @@character_set_client */;
/*!50503 SET character_set_client = utf8mb4 */;
CREATE TABLE `planning_year_review_comments` (
  `id` bigint unsigned NOT NULL AUTO_INCREMENT,
  `planning_year_review_round_id` bigint unsigned NOT NULL,
  `planning_year_id` bigint unsigned NOT NULL,
  `user_id` int NOT NULL,
  `comment` text COLLATE utf8mb4_unicode_ci NOT NULL,
  `agreement_user_ids` json DEFAULT NULL,
  `created_at` timestamp NULL DEFAULT NULL,
  `updated_at` timestamp NULL DEFAULT NULL,
  PRIMARY KEY (`id`),
  KEY `py_review_comments_year_fk` (`planning_year_id`),
  KEY `planning_year_review_comments_user_id_foreign` (`user_id`),
  KEY `planning_year_review_comments_round_created_index` (`planning_year_review_round_id`,`created_at`),
  CONSTRAINT `planning_year_review_comments_user_id_foreign` FOREIGN KEY (`user_id`) REFERENCES `users` (`id`) ON DELETE CASCADE,
  CONSTRAINT `py_review_comments_round_fk` FOREIGN KEY (`planning_year_review_round_id`) REFERENCES `planning_year_review_rounds` (`id`) ON DELETE CASCADE,
  CONSTRAINT `py_review_comments_year_fk` FOREIGN KEY (`planning_year_id`) REFERENCES `planning_years` (`id`) ON DELETE CASCADE
) ENGINE=InnoDB AUTO_INCREMENT=5 DEFAULT CHARSET=utf8mb4 COLLATE=utf8mb4_unicode_ci;
/*!40101 SET character_set_client = @saved_cs_client */;

--
-- Dumping data for table `planning_year_review_comments`
--

LOCK TABLES `planning_year_review_comments` WRITE;
/*!40000 ALTER TABLE `planning_year_review_comments` DISABLE KEYS */;
INSERT INTO `planning_year_review_comments` VALUES (3,8,20,6,'ไม่ดี',NULL,'2026-06-19 07:43:28','2026-06-19 07:43:28'),(4,10,20,8,'test1','[6]','2026-06-19 07:47:45','2026-06-19 07:47:53');
/*!40000 ALTER TABLE `planning_year_review_comments` ENABLE KEYS */;
UNLOCK TABLES;

--
-- Table structure for table `planning_year_review_rounds`
--

DROP TABLE IF EXISTS `planning_year_review_rounds`;
/*!40101 SET @saved_cs_client     = @@character_set_client */;
/*!50503 SET character_set_client = utf8mb4 */;
CREATE TABLE `planning_year_review_rounds` (
  `id` bigint unsigned NOT NULL AUTO_INCREMENT,
  `planning_year_id` bigint unsigned NOT NULL,
  `requested_by` int NOT NULL,
  `closed_by` int DEFAULT NULL,
  `round_number` int unsigned NOT NULL,
  `note` text COLLATE utf8mb4_unicode_ci,
  `reviewer_user_ids` json DEFAULT NULL,
  `requested_at` timestamp NOT NULL DEFAULT CURRENT_TIMESTAMP,
  `closed_at` timestamp NULL DEFAULT NULL,
  `created_at` timestamp NULL DEFAULT NULL,
  `updated_at` timestamp NULL DEFAULT NULL,
  PRIMARY KEY (`id`),
  UNIQUE KEY `planning_year_review_rounds_planning_year_id_round_number_unique` (`planning_year_id`,`round_number`),
  KEY `planning_year_review_rounds_requested_by_foreign` (`requested_by`),
  KEY `planning_year_review_rounds_closed_by_foreign` (`closed_by`),
  CONSTRAINT `planning_year_review_rounds_closed_by_foreign` FOREIGN KEY (`closed_by`) REFERENCES `users` (`id`) ON DELETE SET NULL,
  CONSTRAINT `planning_year_review_rounds_planning_year_id_foreign` FOREIGN KEY (`planning_year_id`) REFERENCES `planning_years` (`id`) ON DELETE CASCADE,
  CONSTRAINT `planning_year_review_rounds_requested_by_foreign` FOREIGN KEY (`requested_by`) REFERENCES `users` (`id`) ON DELETE CASCADE
) ENGINE=InnoDB AUTO_INCREMENT=11 DEFAULT CHARSET=utf8mb4 COLLATE=utf8mb4_unicode_ci;
/*!40101 SET character_set_client = @saved_cs_client */;

--
-- Dumping data for table `planning_year_review_rounds`
--

LOCK TABLES `planning_year_review_rounds` WRITE;
/*!40000 ALTER TABLE `planning_year_review_rounds` DISABLE KEYS */;
INSERT INTO `planning_year_review_rounds` VALUES (8,20,2,2,1,NULL,'[6]','2026-06-19 07:30:40','2026-06-19 07:44:54','2026-06-19 07:30:40','2026-06-19 07:44:54'),(9,20,2,2,2,'test 2','[6]','2026-06-19 07:46:58','2026-06-19 07:47:06','2026-06-19 07:46:58','2026-06-19 07:47:06'),(10,20,2,2,3,NULL,'[6, 8]','2026-06-19 07:47:12','2026-06-19 08:14:58','2026-06-19 07:47:12','2026-06-19 08:14:58');
/*!40000 ALTER TABLE `planning_year_review_rounds` ENABLE KEYS */;
UNLOCK TABLES;

--
-- Table structure for table `planning_years`
--

DROP TABLE IF EXISTS `planning_years`;
/*!40101 SET @saved_cs_client     = @@character_set_client */;
/*!50503 SET character_set_client = utf8mb4 */;
CREATE TABLE `planning_years` (
  `id` bigint unsigned NOT NULL AUTO_INCREMENT,
  `year` smallint unsigned NOT NULL,
  `name` varchar(255) CHARACTER SET utf8mb4 COLLATE utf8mb4_unicode_ci NOT NULL,
  `description` text CHARACTER SET utf8mb4 COLLATE utf8mb4_unicode_ci,
  `is_active` tinyint(1) NOT NULL DEFAULT '1',
  `status` varchar(30) COLLATE utf8mb4_unicode_ci NOT NULL DEFAULT 'DRAFT',
  `current_review_round_id` bigint unsigned DEFAULT NULL,
  `review_requested_at` timestamp NULL DEFAULT NULL,
  `review_closed_at` timestamp NULL DEFAULT NULL,
  `period_1_2_saved_at` timestamp NULL DEFAULT NULL,
  `period_3_4_saved_at` timestamp NULL DEFAULT NULL,
  `created_at` timestamp NULL DEFAULT NULL,
  `updated_at` timestamp NULL DEFAULT NULL,
  PRIMARY KEY (`id`),
  UNIQUE KEY `planning_years_year_unique` (`year`),
  KEY `planning_years_status_index` (`status`),
  KEY `planning_years_current_review_round_id_index` (`current_review_round_id`),
  CONSTRAINT `planning_years_current_review_round_id_foreign` FOREIGN KEY (`current_review_round_id`) REFERENCES `planning_year_review_rounds` (`id`) ON DELETE SET NULL
) ENGINE=InnoDB AUTO_INCREMENT=21 DEFAULT CHARSET=utf8mb4 COLLATE=utf8mb4_unicode_ci;
/*!40101 SET character_set_client = @saved_cs_client */;

--
-- Dumping data for table `planning_years`
--

LOCK TABLES `planning_years` WRITE;
/*!40000 ALTER TABLE `planning_years` DISABLE KEYS */;
INSERT INTO `planning_years` VALUES (20,2027,'Planning 2027',NULL,1,'MODIFYING',10,'2026-06-19 07:47:12','2026-06-19 08:14:58',NULL,NULL,'2026-06-19 05:16:37','2026-06-19 08:14:58');
/*!40000 ALTER TABLE `planning_years` ENABLE KEYS */;
UNLOCK TABLES;

--
-- Table structure for table `registration_fee_items`
--

DROP TABLE IF EXISTS `registration_fee_items`;
/*!40101 SET @saved_cs_client     = @@character_set_client */;
/*!50503 SET character_set_client = utf8mb4 */;
CREATE TABLE `registration_fee_items` (
  `id` bigint unsigned NOT NULL AUTO_INCREMENT,
  `fee_setting_id` bigint unsigned NOT NULL,
  `sort_order` tinyint unsigned NOT NULL DEFAULT '0',
  `name` varchar(255) CHARACTER SET utf8mb4 COLLATE utf8mb4_unicode_ci NOT NULL,
  `amount` decimal(15,2) NOT NULL,
  `nuol_pct` decimal(5,4) NOT NULL DEFAULT '0.0000',
  `created_at` timestamp NULL DEFAULT NULL,
  `updated_at` timestamp NULL DEFAULT NULL,
  PRIMARY KEY (`id`),
  KEY `registration_fee_items_fee_setting_id_foreign` (`fee_setting_id`),
  CONSTRAINT `registration_fee_items_fee_setting_id_foreign` FOREIGN KEY (`fee_setting_id`) REFERENCES `registration_fee_settings` (`id`) ON DELETE CASCADE
) ENGINE=InnoDB AUTO_INCREMENT=47 DEFAULT CHARSET=utf8mb4 COLLATE=utf8mb4_unicode_ci;
/*!40101 SET character_set_client = @saved_cs_client */;

--
-- Dumping data for table `registration_fee_items`
--

LOCK TABLES `registration_fee_items` WRITE;
/*!40000 ALTER TABLE `registration_fee_items` DISABLE KEYS */;
INSERT INTO `registration_fee_items` VALUES (11,27,1,'ຄ່າທຳນຽມລົງທະບຽນປະຈໍາປີ',15000.00,1.0000,'2026-05-17 16:09:40','2026-05-17 16:09:40'),(12,27,2,'ຄ່າຊຸດເອກະສານລົງທະບຽນ ນ/ສ ໃໝ່',15000.00,1.0000,'2026-05-17 16:09:40','2026-05-17 16:09:40'),(13,27,3,'ຄ່າອະນາໄມຫ້ອງຮຽນ',25000.00,0.0000,'2026-05-17 16:09:40','2026-05-17 16:09:40'),(14,27,4,'ບຳລຸງອຸປະກອນການຮຽນ-ການສອນ',20000.00,0.0000,'2026-05-17 16:09:40','2026-05-17 16:09:40'),(15,27,5,'ບຳລຸງກິດຈະກຳນັກສຶກສາ',30000.00,0.3000,'2026-05-17 16:09:40','2026-05-17 16:09:40'),(16,27,6,'ບຳລຸງວິທະຍາເຂດ',30000.00,0.4000,'2026-05-17 16:09:40','2026-05-17 16:09:40'),(17,27,7,'ອຸດໜູນວຽກປ້ອງກັນ',20000.00,0.0000,'2026-05-17 16:09:40','2026-05-17 16:09:40'),(18,27,8,'ບຳລຸງຫ້ອງອ່ານ',10000.00,0.0000,'2026-05-17 16:09:40','2026-05-17 16:09:40'),(19,27,9,'ບຳລຸງຫ້ອງທົດລອງ',15000.00,0.0000,'2026-05-17 16:09:40','2026-05-17 16:09:40'),(20,27,10,'ບໍລິການສອບເສັງ',25000.00,0.0000,'2026-05-17 16:09:40','2026-05-17 16:09:40'),(21,27,11,'ບໍລິການການລົງທະບຽນລາຍວິຊາ',5000.00,0.0000,'2026-05-17 16:09:40','2026-05-17 16:09:40'),(37,26,0,'ຄ່າທຳນຽມນັກສຶກສາລົງທະບຽນ',10000.00,0.2500,'2026-05-25 12:51:51','2026-05-25 12:51:51'),(38,26,1,'ຄ່າອະນາໄມຫ້ອງຮຽນ',25000.00,0.0000,'2026-05-25 12:51:51','2026-05-25 12:51:51'),(39,26,2,'ບຳລຸງອຸປະກອນການຮຽນ-ການສອນ',20000.00,0.0000,'2026-05-25 12:51:51','2026-05-25 12:51:51'),(40,26,3,'ບຳລຸງກິດຈະກຳນັກສຶກສາ',30000.00,0.3000,'2026-05-25 12:51:51','2026-05-25 12:51:51'),(41,26,4,'ບຳລຸງວິທະຍາເຂດ',30000.00,0.4000,'2026-05-25 12:51:51','2026-05-25 12:51:51'),(42,26,5,'ອຸດໜູນວຽກປ້ອງກັນ',20000.00,0.0000,'2026-05-25 12:51:51','2026-05-25 12:51:51'),(43,26,6,'ບຳລຸງຫ້ອງອ່ານ',30000.00,0.0000,'2026-05-25 12:51:51','2026-05-25 12:51:51'),(44,26,7,'ບຳລຸງຫ້ອງທົດລອງ',15000.00,0.0000,'2026-05-25 12:51:51','2026-05-25 12:51:51'),(45,26,8,'ບໍລິການສອບເສັງ',25000.00,0.0000,'2026-05-25 12:51:51','2026-05-25 12:51:51'),(46,26,9,'ບໍລິການການລົງທະບຽນລາຍວິຊາ',5000.00,0.0000,'2026-05-25 12:51:51','2026-05-25 12:51:51');
/*!40000 ALTER TABLE `registration_fee_items` ENABLE KEYS */;
UNLOCK TABLES;

--
-- Table structure for table `registration_fee_settings`
--

DROP TABLE IF EXISTS `registration_fee_settings`;
/*!40101 SET @saved_cs_client     = @@character_set_client */;
/*!50503 SET character_set_client = utf8mb4 */;
CREATE TABLE `registration_fee_settings` (
  `id` bigint unsigned NOT NULL AUTO_INCREMENT,
  `section_type` varchar(255) CHARACTER SET utf8mb4 COLLATE utf8mb4_unicode_ci NOT NULL,
  `gov_doc_id` varchar(255) CHARACTER SET utf8mb4 COLLATE utf8mb4_unicode_ci DEFAULT NULL,
  `start_year` smallint unsigned NOT NULL,
  `created_at` timestamp NULL DEFAULT NULL,
  `updated_at` timestamp NULL DEFAULT NULL,
  PRIMARY KEY (`id`)
) ENGINE=InnoDB AUTO_INCREMENT=34 DEFAULT CHARSET=utf8mb4 COLLATE=utf8mb4_unicode_ci;
/*!40101 SET character_set_client = @saved_cs_client */;

--
-- Dumping data for table `registration_fee_settings`
--

LOCK TABLES `registration_fee_settings` WRITE;
/*!40000 ALTER TABLE `registration_fee_settings` DISABLE KEYS */;
INSERT INTO `registration_fee_settings` VALUES (26,'year2_4',NULL,2026,'2026-05-17 16:09:40','2026-05-17 16:09:40'),(27,'year1',NULL,2026,'2026-05-17 16:09:40','2026-05-17 16:09:40');
/*!40000 ALTER TABLE `registration_fee_settings` ENABLE KEYS */;
UNLOCK TABLES;

--
-- Table structure for table `roles`
--

DROP TABLE IF EXISTS `roles`;
/*!40101 SET @saved_cs_client     = @@character_set_client */;
/*!50503 SET character_set_client = utf8mb4 */;
CREATE TABLE `roles` (
  `id` int NOT NULL AUTO_INCREMENT,
  `role_name` varchar(50) CHARACTER SET utf8mb4 COLLATE utf8mb4_unicode_ci NOT NULL,
  PRIMARY KEY (`id`),
  UNIQUE KEY `role_name` (`role_name`)
) ENGINE=InnoDB AUTO_INCREMENT=12 DEFAULT CHARSET=utf8mb4 COLLATE=utf8mb4_unicode_ci;
/*!40101 SET character_set_client = @saved_cs_client */;

--
-- Dumping data for table `roles`
--

LOCK TABLES `roles` WRITE;
/*!40000 ALTER TABLE `roles` DISABLE KEYS */;
INSERT INTO `roles` VALUES (3,'accountant'),(1,'admin'),(7,'cashier'),(4,'deputy_head_of_faculty'),(5,'head_of_faculty'),(2,'head_of_finance'),(6,'requester'),(8,'revenue_officer'),(9,'treasurer'),(10,'treasury_reconciliation_officer');
/*!40000 ALTER TABLE `roles` ENABLE KEYS */;
UNLOCK TABLES;

--
-- Table structure for table `salary_entries`
--

DROP TABLE IF EXISTS `salary_entries`;
/*!40101 SET @saved_cs_client     = @@character_set_client */;
/*!50503 SET character_set_client = utf8mb4 */;
CREATE TABLE `salary_entries` (
  `id` bigint unsigned NOT NULL AUTO_INCREMENT,
  `plan_id` bigint unsigned NOT NULL,
  `chart_of_account_id` int unsigned NOT NULL,
  `person_count` int unsigned NOT NULL DEFAULT '0',
  `payment_type` varchar(20) COLLATE utf8mb4_unicode_ci NOT NULL DEFAULT 'transfer',
  `amount` decimal(15,2) NOT NULL DEFAULT '0.00',
  `monthly_total` decimal(15,2) NOT NULL DEFAULT '0.00',
  `annual_amount` decimal(15,2) NOT NULL DEFAULT '0.00',
  `created_at` timestamp NULL DEFAULT NULL,
  `updated_at` timestamp NULL DEFAULT NULL,
  PRIMARY KEY (`id`),
  UNIQUE KEY `salary_entries_plan_account_unique` (`plan_id`,`chart_of_account_id`),
  KEY `salary_entries_plan_id_index` (`plan_id`),
  KEY `salary_entries_chart_of_account_id_index` (`chart_of_account_id`),
  CONSTRAINT `salary_entries_chart_of_account_id_foreign` FOREIGN KEY (`chart_of_account_id`) REFERENCES `chart_of_accounts` (`id`) ON DELETE RESTRICT,
  CONSTRAINT `salary_entries_plan_id_foreign` FOREIGN KEY (`plan_id`) REFERENCES `salary_plans` (`id`) ON DELETE CASCADE
) ENGINE=InnoDB AUTO_INCREMENT=36 DEFAULT CHARSET=utf8mb4 COLLATE=utf8mb4_unicode_ci;
/*!40101 SET character_set_client = @saved_cs_client */;

--
-- Dumping data for table `salary_entries`
--

LOCK TABLES `salary_entries` WRITE;
/*!40000 ALTER TABLE `salary_entries` DISABLE KEYS */;
/*!40000 ALTER TABLE `salary_entries` ENABLE KEYS */;
UNLOCK TABLES;

--
-- Table structure for table `salary_plans`
--

DROP TABLE IF EXISTS `salary_plans`;
/*!40101 SET @saved_cs_client     = @@character_set_client */;
/*!50503 SET character_set_client = utf8mb4 */;
CREATE TABLE `salary_plans` (
  `id` bigint unsigned NOT NULL AUTO_INCREMENT,
  `planning_year_id` bigint unsigned DEFAULT NULL,
  `fiscal_year` smallint unsigned NOT NULL,
  `month` tinyint unsigned NOT NULL,
  `notes` text CHARACTER SET utf8mb4 COLLATE utf8mb4_unicode_ci,
  `created_by` int NOT NULL,
  `created_at` timestamp NULL DEFAULT NULL,
  `updated_at` timestamp NULL DEFAULT NULL,
  PRIMARY KEY (`id`),
  UNIQUE KEY `salary_plans_fiscal_year_month_unique` (`fiscal_year`,`month`),
  KEY `salary_plans_created_by_foreign` (`created_by`),
  KEY `salary_plans_fiscal_year_index` (`fiscal_year`),
  KEY `salary_plans_planning_year_id_foreign` (`planning_year_id`),
  CONSTRAINT `salary_plans_created_by_foreign` FOREIGN KEY (`created_by`) REFERENCES `users` (`id`) ON DELETE CASCADE,
  CONSTRAINT `salary_plans_planning_year_id_foreign` FOREIGN KEY (`planning_year_id`) REFERENCES `planning_years` (`id`) ON DELETE SET NULL
) ENGINE=InnoDB AUTO_INCREMENT=22 DEFAULT CHARSET=utf8mb4 COLLATE=utf8mb4_unicode_ci;
/*!40101 SET character_set_client = @saved_cs_client */;

--
-- Dumping data for table `salary_plans`
--

LOCK TABLES `salary_plans` WRITE;
/*!40000 ALTER TABLE `salary_plans` DISABLE KEYS */;
INSERT INTO `salary_plans` VALUES (21,20,2027,1,NULL,2,'2026-06-19 05:16:37','2026-06-19 05:16:37');
/*!40000 ALTER TABLE `salary_plans` ENABLE KEYS */;
UNLOCK TABLES;

--
-- Table structure for table `sessions`
--

DROP TABLE IF EXISTS `sessions`;
/*!40101 SET @saved_cs_client     = @@character_set_client */;
/*!50503 SET character_set_client = utf8mb4 */;
CREATE TABLE `sessions` (
  `id` varchar(255) COLLATE utf8mb4_unicode_ci NOT NULL,
  `user_id` bigint unsigned DEFAULT NULL,
  `ip_address` varchar(45) COLLATE utf8mb4_unicode_ci DEFAULT NULL,
  `user_agent` text COLLATE utf8mb4_unicode_ci,
  `payload` longtext COLLATE utf8mb4_unicode_ci NOT NULL,
  `last_activity` int NOT NULL,
  PRIMARY KEY (`id`),
  KEY `sessions_user_id_index` (`user_id`),
  KEY `sessions_last_activity_index` (`last_activity`)
) ENGINE=InnoDB DEFAULT CHARSET=utf8mb4 COLLATE=utf8mb4_unicode_ci;
/*!40101 SET character_set_client = @saved_cs_client */;

--
-- Dumping data for table `sessions`
--

LOCK TABLES `sessions` WRITE;
/*!40000 ALTER TABLE `sessions` DISABLE KEYS */;
INSERT INTO `sessions` VALUES ('3keYSjSNMjUv3iVCw0686jk6oZSlFZ9hWTChH5o3',NULL,'127.0.0.1','Mozilla/5.0 (Windows NT 10.0; Win64; x64) AppleWebKit/537.36 (KHTML, like Gecko) Code/1.125.0 Chrome/148.0.7778.97 Electron/42.2.0 Safari/537.36','YTozOntzOjY6Il90b2tlbiI7czo0MDoiUmlFS2MydUZlaGVMZ3lrWTdDd2JpTVZiaFRFUktHVXVvWk91cUd3YyI7czo5OiJfcHJldmlvdXMiO2E6Mjp7czozOiJ1cmwiO3M6Mjc6Imh0dHA6Ly8xMjcuMC4wLjE6ODAwMC9sb2dpbiI7czo1OiJyb3V0ZSI7czo1OiJsb2dpbiI7fXM6NjoiX2ZsYXNoIjthOjI6e3M6Mzoib2xkIjthOjA6e31zOjM6Im5ldyI7YTowOnt9fX0=',1781882082),('c3gZQH3hWVYhxqFl1LuE48FPVSK3iJqF8rgMVZmB',2,'127.0.0.1','Mozilla/5.0 (Windows NT 10.0; Win64; x64) AppleWebKit/537.36 (KHTML, like Gecko) Chrome/149.0.0.0 Safari/537.36','YTo0OntzOjY6Il90b2tlbiI7czo0MDoiQkJ3TU9Xa1NrdzA3anFtbU52dW5OWTV3UHBSYVVITFdKd0dzS0xGUSI7czo5OiJfcHJldmlvdXMiO2E6Mjp7czozOiJ1cmwiO3M6NjM6Imh0dHA6Ly9sb2NhbGhvc3Q6ODAwMC9oZWFkLW9mLWZpbmFuY2Uvc2V0dGluZ3MvZXhwZW5zZS1wYXR0ZXJucyI7czo1OiJyb3V0ZSI7czo0NzoiaGVhZF9vZl9maW5hbmNlLnNldHRpbmdzLmV4cGVuc2UtcGF0dGVybnMuaW5kZXgiO31zOjY6Il9mbGFzaCI7YToyOntzOjM6Im9sZCI7YTowOnt9czozOiJuZXciO2E6MDp7fX1zOjUwOiJsb2dpbl93ZWJfNTliYTM2YWRkYzJiMmY5NDAxNTgwZjAxNGM3ZjU4ZWE0ZTMwOTg5ZCI7aToyO30=',1781884773),('lNWcEq4Zxs6zVh1xpepF5fBh5U6FOYTuQQRrm2Iq',8,'127.0.0.1','Mozilla/5.0 (Windows NT 10.0; Win64; x64) AppleWebKit/537.36 (KHTML, like Gecko) Chrome/149.0.0.0 Safari/537.36','YTo0OntzOjY6Il90b2tlbiI7czo0MDoiOTJDVTM2eWVQSmZsTFFlYTJZSjZIdm5HbWJUTXhOZkRycGdrZVE3RSI7czo2OiJfZmxhc2giO2E6Mjp7czozOiJvbGQiO2E6MDp7fXM6MzoibmV3IjthOjA6e319czo5OiJfcHJldmlvdXMiO2E6Mjp7czozOiJ1cmwiO3M6NDc6Imh0dHA6Ly9sb2NhbGhvc3Q6ODAwMC9yZXZpZXdzL3BsYW5uaW5nLXllYXJzLzIwIjtzOjU6InJvdXRlIjtzOjI3OiJyZXZpZXdzLnBsYW5uaW5nLXllYXJzLnNob3ciO31zOjUwOiJsb2dpbl93ZWJfNTliYTM2YWRkYzJiMmY5NDAxNTgwZjAxNGM3ZjU4ZWE0ZTMwOTg5ZCI7aTo4O30=',1781880466),('WEgJ4KfhMUR8rPv0DOFL9WnDmMCAiu9gbbkpfcBs',6,'127.0.0.1','Mozilla/5.0 (Windows NT 10.0; Win64; x64) AppleWebKit/537.36 (KHTML, like Gecko) Code/1.125.0 Chrome/148.0.7778.97 Electron/42.2.0 Safari/537.36','YTo0OntzOjY6Il90b2tlbiI7czo0MDoiVDJEb29ia3Y3dHR1ZVB1QW1NNUl5ekJHOUt3WlRsNnNxNk1GTGs5TSI7czo5OiJfcHJldmlvdXMiO2E6Mjp7czozOiJ1cmwiO3M6NDc6Imh0dHA6Ly8xMjcuMC4wLjE6ODAwMC9yZXZpZXdzL3BsYW5uaW5nLXllYXJzLzIwIjtzOjU6InJvdXRlIjtzOjI3OiJyZXZpZXdzLnBsYW5uaW5nLXllYXJzLnNob3ciO31zOjY6Il9mbGFzaCI7YToyOntzOjM6Im9sZCI7YTowOnt9czozOiJuZXciO2E6MDp7fX1zOjUwOiJsb2dpbl93ZWJfNTliYTM2YWRkYzJiMmY5NDAxNTgwZjAxNGM3ZjU4ZWE0ZTMwOTg5ZCI7aTo2O30=',1781880474);
/*!40000 ALTER TABLE `sessions` ENABLE KEYS */;
UNLOCK TABLES;

--
-- Table structure for table `users`
--

DROP TABLE IF EXISTS `users`;
/*!40101 SET @saved_cs_client     = @@character_set_client */;
/*!50503 SET character_set_client = utf8mb4 */;
CREATE TABLE `users` (
  `id` int NOT NULL AUTO_INCREMENT,
  `username` varchar(50) CHARACTER SET utf8mb4 COLLATE utf8mb4_unicode_ci NOT NULL,
  `password` varchar(255) CHARACTER SET utf8mb4 COLLATE utf8mb4_unicode_ci NOT NULL,
  `full_name` varchar(100) CHARACTER SET utf8mb4 COLLATE utf8mb4_unicode_ci NOT NULL,
  `role_id` int NOT NULL,
  `department_id` int DEFAULT NULL,
  `is_active` tinyint(1) NOT NULL DEFAULT '1',
  `remember_token` varchar(100) CHARACTER SET utf8mb4 COLLATE utf8mb4_unicode_ci DEFAULT NULL,
  PRIMARY KEY (`id`),
  UNIQUE KEY `username` (`username`),
  KEY `role_id` (`role_id`),
  KEY `department_id` (`department_id`),
  CONSTRAINT `users_ibfk_1` FOREIGN KEY (`role_id`) REFERENCES `roles` (`id`),
  CONSTRAINT `users_ibfk_2` FOREIGN KEY (`department_id`) REFERENCES `departments` (`id`) ON DELETE SET NULL
) ENGINE=InnoDB AUTO_INCREMENT=26 DEFAULT CHARSET=utf8mb4 COLLATE=utf8mb4_unicode_ci;
/*!40101 SET character_set_client = @saved_cs_client */;

--
-- Dumping data for table `users`
--

LOCK TABLES `users` WRITE;
/*!40000 ALTER TABLE `users` DISABLE KEYS */;
INSERT INTO `users` VALUES (1,'admin01','$2y$12$Cy73vWzkYGAjnpybpWpphuYXJH1nF/rM8cJS6QWOOb232Reeto6qe','admin',1,1,1,'59LMu3bRcZKwIojNwXoYV8s3HUHIT3hNXco2oxv5cFcj513s7cpq9JLCEbKt'),(2,'aj_boasod','$2y$12$Cy73vWzkYGAjnpybpWpphuYXJH1nF/rM8cJS6QWOOb232Reeto6qe','aj_boasod',2,1,1,'clZTZIbvpMQ8fQWCF8fduIaRpI3HwZy0OnIiCJAb1Gmr2e6c48AbiWUTEOaF'),(3,'accountant01','$2y$12$Cy73vWzkYGAjnpybpWpphuYXJH1nF/rM8cJS6QWOOb232Reeto6qe','accountant',3,1,1,NULL),(4,'accountant02','$2y$12$Cy73vWzkYGAjnpybpWpphuYXJH1nF/rM8cJS6QWOOb232Reeto6qe','accountantnaja',3,1,0,NULL),(5,'hong_head_fac','$2y$12$Cy73vWzkYGAjnpybpWpphuYXJH1nF/rM8cJS6QWOOb232Reeto6qe','hong_head_fac',4,1,1,'s2OWp2O22m6kmwMsjA784B3H6o5Q1chIaT3TUvQwHF04IAajJCKIZMk0cHkk'),(6,'head_fac','$2y$12$Cy73vWzkYGAjnpybpWpphuYXJH1nF/rM8cJS6QWOOb232Reeto6qe','head_fac',5,1,1,'JwpV0l3y9AoFNuMLc4TjxYvFINxzOhUrvbIf7JYW53JNHBaFQyb5I908pjEE'),(8,'Teng1122','$2y$12$f.9G6sZ1eamcuQuEO3UFQukIWHtjCg0SnpVaHZl1WHSVed3tsuX7K','Teng',4,1,1,'8oMwAJGx6PLtz3K68AmnoZmODXYI78RA8OvOMTkU0Nf9XKRGdWfhiigyAbJr'),(9,'valenthaiymany@gmail.com','$2y$12$UsTnHcVp3x7FH3e9sED34eg0MiP3wWg5oI37YMnhdI6tfl9QbPHr.','Valenthaiy Many',6,1,1,NULL),(10,'luminusxdd981@gmail.com','$2y$12$W0b4/PaL.421XOksvS/hn.lEaawX4smoMI5KKuOkUHL3XjszEMojK','Valenthaiy Many',8,1,1,'vRz0XT159zFdVjX02fDArGUyLbTwMIjcfWcpQ4fUDjLQ5kT4MQ1wKUnksaiT'),(11,'beekhnlor','$2y$12$1/yzOvXFvq18Qu4FhmVBtu2XO5xLxfu0O78jFx4D3JjRecGJJVAIy','beekingword',1,1,1,NULL),(12,'beesosad','$2y$12$4BlQSk8TmK/piOLzpkgtsuKXVbn7/O61F8DQDD3dQHzN18EfqdX7i','bee',6,1,1,NULL),(24,'beesocute','$2y$12$aXoryApvOR7VSStZ4I6REeKi0gKIYpF16xzY9tA1HW3OxejRBtjxW','khonesavanh',6,1,1,'oW82H4h53NMgRXhJmWGHZSzmQa66fNNJixnTTxPJihFDkMQnLI76G1PCwDyQ'),(25,'var@gmail.com','$2y$12$3JNHxpMaYRamRKo2QPdUuOAw2at9jpZSfXZG.3dOSkdEh.wiHdDt2','Valenthaiy Many',3,1,1,NULL);
/*!40000 ALTER TABLE `users` ENABLE KEYS */;
UNLOCK TABLES;

--
-- Dumping routines for database 'fns_1'
--
SET @@SESSION.SQL_LOG_BIN = @MYSQLDUMP_TEMP_LOG_BIN;
/*!40103 SET TIME_ZONE=@OLD_TIME_ZONE */;

/*!40101 SET SQL_MODE=@OLD_SQL_MODE */;
/*!40014 SET FOREIGN_KEY_CHECKS=@OLD_FOREIGN_KEY_CHECKS */;
/*!40014 SET UNIQUE_CHECKS=@OLD_UNIQUE_CHECKS */;
/*!40101 SET CHARACTER_SET_CLIENT=@OLD_CHARACTER_SET_CLIENT */;
/*!40101 SET CHARACTER_SET_RESULTS=@OLD_CHARACTER_SET_RESULTS */;
/*!40101 SET COLLATION_CONNECTION=@OLD_COLLATION_CONNECTION */;
/*!40111 SET SQL_NOTES=@OLD_SQL_NOTES */;

-- Dump completed on 2026-06-19 22:59:56
