-- MySQL dump 10.13  Distrib 9.7.0, for Linux (x86_64)
--
-- Host: localhost    Database: fns_1
-- ------------------------------------------------------
-- Server version	9.7.0

/*!40101 SET @OLD_CHARACTER_SET_CLIENT=@@CHARACTER_SET_CLIENT */;
/*!40101 SET @OLD_CHARACTER_SET_RESULTS=@@CHARACTER_SET_RESULTS */;
/*!40101 SET @OLD_COLLATION_CONNECTION=@@COLLATION_CONNECTION */;
/*!50503 SET NAMES utf8mb4 */;
/*!40103 SET @OLD_TIME_ZONE=@@TIME_ZONE */;
/*!40103 SET TIME_ZONE='+00:00' */;
/*!40014 SET @OLD_UNIQUE_CHECKS=@@UNIQUE_CHECKS, UNIQUE_CHECKS=0 */;
/*!40014 SET @OLD_FOREIGN_KEY_CHECKS=@@FOREIGN_KEY_CHECKS, FOREIGN_KEY_CHECKS=0 */;
/*!40101 SET @OLD_SQL_MODE=@@SQL_MODE, SQL_MODE='NO_AUTO_VALUE_ON_ZERO' */;
/*!40111 SET @OLD_SQL_NOTES=@@SQL_NOTES, SQL_NOTES=0 */;
SET @MYSQLDUMP_TEMP_LOG_BIN = @@SESSION.SQL_LOG_BIN;
SET @@SESSION.SQL_LOG_BIN= 0;

--
-- GTID state at the beginning of the backup 
--

SET @@GLOBAL.GTID_PURGED=/*!80000 '+'*/ 'ac88fdf5-452d-11f1-8feb-f2b49d41cb40:1-3869';

--
-- Current Database: `fns_1`
--

CREATE DATABASE /*!32312 IF NOT EXISTS*/ `fns_1` /*!40100 DEFAULT CHARACTER SET utf8mb4 COLLATE utf8mb4_0900_ai_ci */ /*!80016 DEFAULT ENCRYPTION='N' */;

USE `fns_1`;

--
-- Table structure for table `academic_income_items`
--

DROP TABLE IF EXISTS `academic_income_items`;
/*!40101 SET @saved_cs_client     = @@character_set_client */;
/*!50503 SET character_set_client = utf8mb4 */;
CREATE TABLE `academic_income_items` (
  `id` bigint unsigned NOT NULL AUTO_INCREMENT,
  `plan_id` bigint unsigned NOT NULL,
  `section_code` varchar(5) COLLATE utf8mb4_unicode_ci NOT NULL,
  `degree_program_id` bigint unsigned DEFAULT NULL,
  `student_count` int unsigned NOT NULL DEFAULT '0',
  `snap_credit_unit_price` decimal(15,2) DEFAULT NULL,
  `snap_course_credit_unit` smallint unsigned DEFAULT NULL,
  `snap_registration_fee_rate` decimal(15,2) DEFAULT NULL,
  `snap_nuol_pct` decimal(5,4) DEFAULT NULL,
  `snap_first_payment_pct` decimal(5,2) DEFAULT NULL,
  `snap_second_payment_pct` decimal(5,2) DEFAULT NULL,
  `total_income` decimal(18,2) NOT NULL DEFAULT '0.00',
  `first_payment_amount` decimal(18,2) NOT NULL DEFAULT '0.00',
  `second_payment_amount` decimal(18,2) NOT NULL DEFAULT '0.00',
  `created_at` timestamp NULL DEFAULT NULL,
  `updated_at` timestamp NULL DEFAULT NULL,
  PRIMARY KEY (`id`),
  UNIQUE KEY `aii_plan_section_program_unique` (`plan_id`,`section_code`,`degree_program_id`),
  KEY `academic_income_items_degree_program_id_foreign` (`degree_program_id`),
  CONSTRAINT `academic_income_items_degree_program_id_foreign` FOREIGN KEY (`degree_program_id`) REFERENCES `degree_programs` (`id`) ON DELETE CASCADE,
  CONSTRAINT `academic_income_items_plan_id_foreign` FOREIGN KEY (`plan_id`) REFERENCES `academic_income_plans` (`id`) ON DELETE CASCADE
) ENGINE=InnoDB AUTO_INCREMENT=421 DEFAULT CHARSET=utf8mb4 COLLATE=utf8mb4_unicode_ci;
/*!40101 SET character_set_client = @saved_cs_client */;

--
-- Dumping data for table `academic_income_items`
--

LOCK TABLES `academic_income_items` WRITE;
/*!40000 ALTER TABLE `academic_income_items` DISABLE KEYS */;
INSERT INTO `academic_income_items` VALUES (335,8,'1.1',1,60,35000.00,37,NULL,0.1700,NULL,NULL,64491000.00,38694600.00,25796400.00,'2026-05-18 17:56:24','2026-05-18 19:23:57'),(336,8,'1.1',2,70,35000.00,37,NULL,0.1700,NULL,NULL,75239500.00,45143700.00,30095800.00,'2026-05-18 17:56:24','2026-05-18 19:23:57'),(337,8,'1.1',3,60,35000.00,37,NULL,0.1700,NULL,NULL,64491000.00,38694600.00,25796400.00,'2026-05-18 17:56:24','2026-05-18 19:23:57'),(338,8,'1.1',4,8,35000.00,27,NULL,0.1700,NULL,NULL,6274800.00,3764880.00,2509920.00,'2026-05-18 17:56:24','2026-05-18 19:23:57'),(339,8,'1.1',5,0,35000.00,37,NULL,0.1700,NULL,NULL,0.00,0.00,0.00,'2026-05-18 17:56:24','2026-05-18 19:23:57'),(340,8,'1.1',6,6,35000.00,37,NULL,0.1700,NULL,NULL,6449100.00,3869460.00,2579640.00,'2026-05-18 17:56:24','2026-05-18 19:23:57'),(341,8,'1.1',7,0,35000.00,37,NULL,0.1700,NULL,NULL,0.00,0.00,0.00,'2026-05-18 17:56:24','2026-05-18 19:23:57'),(342,8,'1.1',8,0,35000.00,31,NULL,0.1700,NULL,NULL,0.00,0.00,0.00,'2026-05-18 17:56:24','2026-05-18 19:23:57'),(343,8,'1.1',9,0,35000.00,31,NULL,0.1700,NULL,NULL,0.00,0.00,0.00,'2026-05-18 17:56:24','2026-05-18 19:23:57'),(344,8,'1.1',10,7,35000.00,35,NULL,0.1700,NULL,NULL,7117250.00,4270350.00,2846900.00,'2026-05-18 17:56:24','2026-05-18 19:23:57'),(345,8,'1.1',11,6,35000.00,35,NULL,0.1700,NULL,NULL,6100500.00,3660300.00,2440200.00,'2026-05-18 17:56:24','2026-05-18 19:23:57'),(346,8,'1.1',12,0,35000.00,36,NULL,0.1700,NULL,NULL,0.00,0.00,0.00,'2026-05-18 17:56:24','2026-05-18 19:23:57'),(347,8,'1.1',13,0,35000.00,36,NULL,0.1700,NULL,NULL,0.00,0.00,0.00,'2026-05-18 17:56:24','2026-05-18 19:23:57'),(348,8,'1.1',14,0,35000.00,37,NULL,0.1700,NULL,NULL,0.00,0.00,0.00,'2026-05-18 17:56:24','2026-05-18 19:23:57'),(349,8,'1.1',15,0,35000.00,36,NULL,0.1700,NULL,NULL,0.00,0.00,0.00,'2026-05-18 17:56:24','2026-05-18 19:23:57'),(350,8,'1.1',16,60,35000.00,33,NULL,0.1700,NULL,NULL,57519000.00,34511400.00,23007600.00,'2026-05-18 17:56:24','2026-05-18 19:23:57'),(351,8,'1.1',17,35,35000.00,38,NULL,0.1700,NULL,NULL,38636500.00,23181900.00,15454600.00,'2026-05-18 17:56:24','2026-05-18 19:23:57'),(352,8,'1.1',18,45,35000.00,42,NULL,0.1700,NULL,NULL,54904500.00,32942700.00,21961800.00,'2026-05-18 17:56:24','2026-05-18 19:23:57'),(353,8,'1.1',19,1,35000.00,39,NULL,0.1700,NULL,NULL,1132950.00,679770.00,453180.00,'2026-05-18 17:56:24','2026-05-18 19:23:57'),(354,8,'1.1',20,12,35000.00,39,NULL,0.1700,NULL,NULL,13595400.00,8157240.00,5438160.00,'2026-05-18 17:56:24','2026-05-18 19:23:57'),(355,8,'1.1',21,0,35000.00,37,NULL,0.1700,NULL,NULL,0.00,0.00,0.00,'2026-05-18 17:56:24','2026-05-18 19:23:57'),(356,8,'1.1',22,1,35000.00,36,NULL,0.1700,NULL,NULL,1045800.00,627480.00,418320.00,'2026-05-18 17:56:24','2026-05-18 19:23:57'),(357,8,'1.1',23,0,35000.00,33,NULL,0.1700,NULL,NULL,0.00,0.00,0.00,'2026-05-18 17:56:24','2026-05-18 19:23:57'),(358,8,'1.1',24,5,35000.00,35,NULL,0.1700,NULL,NULL,5083750.00,3050250.00,2033500.00,'2026-05-18 17:56:24','2026-05-18 19:23:57'),(359,8,'1.1',25,3,35000.00,36,NULL,0.1700,NULL,NULL,3137400.00,1882440.00,1254960.00,'2026-05-18 17:56:24','2026-05-18 19:23:57'),(360,8,'1.1',26,0,35000.00,34,NULL,0.1700,NULL,NULL,0.00,0.00,0.00,'2026-05-18 17:56:24','2026-05-18 19:23:57'),(361,8,'1.1',27,0,35000.00,36,NULL,0.1700,NULL,NULL,0.00,0.00,0.00,'2026-05-18 17:56:24','2026-05-18 19:23:57'),(362,8,'1.1',28,0,35000.00,36,NULL,0.1700,NULL,NULL,0.00,0.00,0.00,'2026-05-18 17:56:24','2026-05-18 19:23:57'),(363,8,'1.1',29,0,35000.00,36,NULL,0.1700,NULL,NULL,0.00,0.00,0.00,'2026-05-18 17:56:24','2026-05-18 19:23:57'),(364,8,'1.1',30,55,35000.00,27,NULL,0.1700,NULL,NULL,43139250.00,25883550.00,17255700.00,'2026-05-18 17:56:24','2026-05-18 19:23:57'),(365,8,'1.1',31,30,35000.00,30,NULL,0.1700,NULL,NULL,26145000.00,15687000.00,10458000.00,'2026-05-18 17:56:24','2026-05-18 19:23:57'),(366,8,'1.1',32,40,35000.00,27,NULL,0.1700,NULL,NULL,31374000.00,18824400.00,12549600.00,'2026-05-18 17:56:24','2026-05-18 19:23:57'),(367,8,'1.1',33,2,35000.00,24,NULL,0.1700,NULL,NULL,1394400.00,836640.00,557760.00,'2026-05-18 17:56:24','2026-05-18 19:23:57'),(368,8,'1.1',34,21,35000.00,27,NULL,0.1700,NULL,NULL,16471350.00,9882810.00,6588540.00,'2026-05-18 17:56:24','2026-05-18 19:23:57'),(369,8,'1.1',35,11,35000.00,27,NULL,0.1700,NULL,NULL,8627850.00,5176710.00,3451140.00,'2026-05-18 17:56:24','2026-05-18 19:23:57'),(370,8,'1.1',36,3,35000.00,25,NULL,0.1700,NULL,NULL,2178750.00,1307250.00,871500.00,'2026-05-18 17:56:24','2026-05-18 19:23:57'),(371,8,'1.1',37,3,35000.00,23,NULL,0.1700,NULL,NULL,2004450.00,1202670.00,801780.00,'2026-05-18 17:56:24','2026-05-18 19:23:57'),(372,8,'1.1',38,16,35000.00,23,NULL,0.1700,NULL,NULL,10690400.00,6414240.00,4276160.00,'2026-05-18 17:56:24','2026-05-18 19:23:57'),(373,8,'1.1',39,5,35000.00,22,NULL,0.1700,NULL,NULL,3195500.00,1917300.00,1278200.00,'2026-05-18 17:56:24','2026-05-18 19:23:57'),(374,8,'1.1',40,2,35000.00,27,NULL,0.1700,NULL,NULL,1568700.00,941220.00,627480.00,'2026-05-18 17:56:24','2026-05-18 19:23:57'),(375,8,'1.1',41,0,35000.00,30,NULL,0.1700,NULL,NULL,0.00,0.00,0.00,'2026-05-18 17:56:24','2026-05-18 19:23:57'),(376,8,'1.1',42,0,35000.00,27,NULL,0.1700,NULL,NULL,0.00,0.00,0.00,'2026-05-18 17:56:24','2026-05-18 19:23:57'),(377,8,'1.1',43,1,35000.00,28,NULL,0.1700,NULL,NULL,813400.00,488040.00,325360.00,'2026-05-18 17:56:24','2026-05-18 19:23:57'),(378,8,'1.1',44,0,240000.00,45,NULL,0.1000,NULL,NULL,0.00,0.00,0.00,'2026-05-18 17:56:24','2026-05-18 19:23:57'),(379,8,'1.1',45,0,240000.00,46,NULL,0.1000,NULL,NULL,0.00,0.00,0.00,'2026-05-18 17:56:24','2026-05-18 19:23:57'),(380,8,'1.1',46,0,240000.00,41,NULL,0.1000,NULL,NULL,0.00,0.00,0.00,'2026-05-18 17:56:24','2026-05-18 19:23:57'),(381,8,'1.1',47,0,240000.00,46,NULL,0.1000,NULL,NULL,0.00,0.00,0.00,'2026-05-18 17:56:24','2026-05-18 19:23:57'),(382,8,'1.1',48,3,240000.00,46,NULL,0.1000,NULL,NULL,29808000.00,17884800.00,11923200.00,'2026-05-18 17:56:24','2026-05-18 19:23:57'),(383,8,'1.1',49,3,240000.00,46,NULL,0.1000,NULL,NULL,29808000.00,17884800.00,11923200.00,'2026-05-18 17:56:24','2026-05-18 19:23:57'),(384,8,'1.1',50,7,240000.00,46,NULL,0.1000,NULL,NULL,69552000.00,41731200.00,27820800.00,'2026-05-18 17:56:24','2026-05-18 19:23:57'),(385,8,'1.1',51,3,240000.00,46,NULL,0.1000,NULL,NULL,29808000.00,17884800.00,11923200.00,'2026-05-18 17:56:24','2026-05-18 19:23:57'),(386,8,'1.1',52,0,600000.00,38,NULL,0.1000,NULL,NULL,0.00,0.00,0.00,'2026-05-18 17:56:24','2026-05-18 19:23:57'),(387,8,'1.1',53,0,600000.00,40,NULL,0.1000,NULL,NULL,0.00,0.00,0.00,'2026-05-18 17:56:24','2026-05-18 19:23:57'),(388,8,'1.2',NULL,705,NULL,NULL,210000.00,0.1700,NULL,NULL,122881500.00,0.00,0.00,'2026-05-18 17:56:24','2026-05-18 19:30:28'),(389,8,'1.3',55,60,35000.00,37,NULL,0.1700,NULL,NULL,64491000.00,38694600.00,0.00,'2026-05-18 17:56:24','2026-05-18 19:23:57'),(390,8,'1.3',56,60,35000.00,38,NULL,0.1700,NULL,NULL,66234000.00,39740400.00,0.00,'2026-05-18 17:56:24','2026-05-18 19:23:57'),(391,8,'1.3',57,60,35000.00,38,NULL,0.1700,NULL,NULL,66234000.00,39740400.00,0.00,'2026-05-18 17:56:24','2026-05-18 19:23:57'),(392,8,'1.3',58,10,35000.00,37,NULL,0.1700,NULL,NULL,10748500.00,6449100.00,0.00,'2026-05-18 17:56:24','2026-05-18 19:23:57'),(393,8,'1.3',59,10,35000.00,37,NULL,0.1700,NULL,NULL,10748500.00,6449100.00,0.00,'2026-05-18 17:56:24','2026-05-18 19:23:57'),(394,8,'1.3',60,20,35000.00,36,NULL,0.1700,NULL,NULL,20916000.00,12549600.00,0.00,'2026-05-18 17:56:24','2026-05-18 19:23:57'),(395,8,'1.3',61,0,35000.00,36,NULL,0.1700,NULL,NULL,0.00,0.00,0.00,'2026-05-18 17:56:24','2026-05-18 19:23:57'),(396,8,'1.3',62,5,35000.00,37,NULL,0.1700,NULL,NULL,5374250.00,3224550.00,0.00,'2026-05-18 17:56:24','2026-05-18 19:23:57'),(397,8,'1.3',63,5,35000.00,37,NULL,0.1700,NULL,NULL,5374250.00,3224550.00,0.00,'2026-05-18 17:56:24','2026-05-18 19:23:57'),(398,8,'1.3',64,10,35000.00,39,NULL,0.1700,NULL,NULL,11329500.00,6797700.00,0.00,'2026-05-18 17:56:24','2026-05-18 19:23:57'),(399,8,'1.3',65,10,35000.00,39,NULL,0.1700,NULL,NULL,11329500.00,6797700.00,0.00,'2026-05-18 17:56:24','2026-05-18 19:23:57'),(400,8,'1.3',66,1,35000.00,35,NULL,0.1700,NULL,NULL,1016750.00,610050.00,0.00,'2026-05-18 17:56:24','2026-05-18 19:23:57'),(401,8,'1.3',67,1,35000.00,35,NULL,0.1700,NULL,NULL,1016750.00,610050.00,0.00,'2026-05-18 17:56:24','2026-05-18 19:23:57'),(402,8,'1.3',68,1,35000.00,35,NULL,0.1700,NULL,NULL,1016750.00,610050.00,0.00,'2026-05-18 17:56:24','2026-05-18 19:23:57'),(403,8,'1.3',69,1,35000.00,35,NULL,0.1700,NULL,NULL,1016750.00,610050.00,0.00,'2026-05-18 17:56:24','2026-05-18 19:23:57'),(404,8,'1.3',44,4,240000.00,66,NULL,0.1000,NULL,NULL,57024000.00,34214400.00,0.00,'2026-05-18 17:56:24','2026-05-20 07:50:14'),(405,8,'1.3',45,4,240000.00,69,NULL,0.1000,NULL,NULL,59616000.00,35769600.00,0.00,'2026-05-18 17:56:24','2026-05-20 07:50:14'),(406,8,'1.3',46,0,240000.00,62,NULL,0.1000,NULL,NULL,0.00,0.00,0.00,'2026-05-18 17:56:24','2026-05-20 07:50:14'),(407,8,'1.3',47,0,240000.00,69,NULL,0.1000,NULL,NULL,0.00,0.00,0.00,'2026-05-18 17:56:24','2026-05-20 07:50:14'),(408,8,'1.3',48,5,240000.00,69,NULL,0.1000,NULL,NULL,74520000.00,44712000.00,0.00,'2026-05-18 17:56:24','2026-05-20 07:50:14'),(409,8,'1.3',49,4,240000.00,69,NULL,0.1000,NULL,NULL,59616000.00,35769600.00,0.00,'2026-05-18 17:56:24','2026-05-20 07:50:14'),(410,8,'1.3',50,5,240000.00,69,NULL,0.1000,NULL,NULL,74520000.00,44712000.00,0.00,'2026-05-18 17:56:24','2026-05-20 07:50:14'),(411,8,'1.3',51,4,240000.00,69,NULL,0.1000,NULL,NULL,59616000.00,35769600.00,0.00,'2026-05-18 17:56:24','2026-05-20 07:50:14'),(412,8,'1.3',52,0,600000.00,57,NULL,0.1000,NULL,NULL,0.00,0.00,0.00,'2026-05-18 17:56:24','2026-05-20 07:50:14'),(413,8,'1.3',53,0,600000.00,60,NULL,0.1000,NULL,NULL,0.00,0.00,0.00,'2026-05-18 17:56:24','2026-05-20 07:50:14'),(414,8,'1.4',NULL,324,NULL,NULL,210000.00,0.1700,NULL,NULL,56473200.00,0.00,0.00,'2026-05-18 17:56:24','2026-05-18 19:23:57'),(415,8,'4',NULL,1029,NULL,NULL,50000.00,NULL,NULL,NULL,51450000.00,51450000.00,0.00,'2026-05-18 17:56:24','2026-05-18 17:56:24'),(416,8,'5',NULL,1029,NULL,NULL,20000.00,NULL,NULL,NULL,20580000.00,20580000.00,0.00,'2026-05-18 17:56:24','2026-05-18 17:56:24'),(417,8,'2.1',NULL,0,2000.00,NULL,NULL,0.0000,NULL,NULL,0.00,0.00,0.00,'2026-05-19 03:24:12','2026-05-20 07:49:56'),(418,8,'2.2',NULL,1029,NULL,NULL,50000.00,0.0000,NULL,NULL,51450000.00,0.00,0.00,'2026-05-19 03:24:12','2026-05-19 03:24:12'),(419,8,'2.3',NULL,1029,NULL,NULL,20000.00,0.0000,NULL,NULL,20580000.00,0.00,0.00,'2026-05-19 03:24:12','2026-05-19 03:24:12'),(420,8,'2.4',NULL,0,0.00,NULL,NULL,0.0000,NULL,NULL,0.00,0.00,0.00,'2026-05-19 03:24:12','2026-05-19 03:24:12');
/*!40000 ALTER TABLE `academic_income_items` ENABLE KEYS */;
UNLOCK TABLES;

--
-- Table structure for table `academic_income_plans`
--

DROP TABLE IF EXISTS `academic_income_plans`;
/*!40101 SET @saved_cs_client     = @@character_set_client */;
/*!50503 SET character_set_client = utf8mb4 */;
CREATE TABLE `academic_income_plans` (
  `id` bigint unsigned NOT NULL AUTO_INCREMENT,
  `fiscal_year` smallint unsigned NOT NULL,
  `status` enum('DRAFT','APPROVED') COLLATE utf8mb4_unicode_ci NOT NULL DEFAULT 'DRAFT',
  `notes` text COLLATE utf8mb4_unicode_ci,
  `created_by` int NOT NULL,
  `created_at` timestamp NULL DEFAULT NULL,
  `updated_at` timestamp NULL DEFAULT NULL,
  PRIMARY KEY (`id`),
  UNIQUE KEY `academic_income_plans_fiscal_year_unique` (`fiscal_year`),
  KEY `academic_income_plans_created_by_foreign` (`created_by`),
  CONSTRAINT `academic_income_plans_created_by_foreign` FOREIGN KEY (`created_by`) REFERENCES `users` (`id`)
) ENGINE=InnoDB AUTO_INCREMENT=10 DEFAULT CHARSET=utf8mb4 COLLATE=utf8mb4_unicode_ci;
/*!40101 SET character_set_client = @saved_cs_client */;

--
-- Dumping data for table `academic_income_plans`
--

LOCK TABLES `academic_income_plans` WRITE;
/*!40000 ALTER TABLE `academic_income_plans` DISABLE KEYS */;
INSERT INTO `academic_income_plans` VALUES (8,2026,'DRAFT','ຂໍ້ມູນຈາກ Planning 2026.xls',1,'2026-05-18 17:56:24','2026-05-18 17:56:24');
/*!40000 ALTER TABLE `academic_income_plans` ENABLE KEYS */;
UNLOCK TABLES;

--
-- Table structure for table `chart_of_accounts`
--

DROP TABLE IF EXISTS `chart_of_accounts`;
/*!40101 SET @saved_cs_client     = @@character_set_client */;
/*!50503 SET character_set_client = utf8mb4 */;
CREATE TABLE `chart_of_accounts` (
  `id` int NOT NULL AUTO_INCREMENT,
  `account_code` varchar(20) CHARACTER SET utf8mb4 COLLATE utf8mb4_unicode_ci NOT NULL,
  `account_name` varchar(255) CHARACTER SET utf8mb4 COLLATE utf8mb4_unicode_ci NOT NULL,
  `parent_id` int DEFAULT NULL,
  PRIMARY KEY (`id`),
  UNIQUE KEY `account_code` (`account_code`),
  KEY `parent_id` (`parent_id`),
  CONSTRAINT `chart_of_accounts_ibfk_1` FOREIGN KEY (`parent_id`) REFERENCES `chart_of_accounts` (`id`) ON DELETE SET NULL
) ENGINE=InnoDB AUTO_INCREMENT=313 DEFAULT CHARSET=utf8mb4 COLLATE=utf8mb4_unicode_ci;
/*!40101 SET character_set_client = @saved_cs_client */;

--
-- Dumping data for table `chart_of_accounts`
--

LOCK TABLES `chart_of_accounts` WRITE;
/*!40000 ALTER TABLE `chart_of_accounts` DISABLE KEYS */;
INSERT INTO `chart_of_accounts` VALUES (32,'60000000','ເງິນ-ເດືອນ ແລະ ເງິນອຸດໜູນ ຂອງພະນັກງານ-ລັດຖະກອນ',NULL),(33,'60100000','ເງິນເດືອນພືນຖານ',32),(34,'60100100','ພະນັກງານ ພວມປະຕິບັດງານ',33),(35,'60100101','ພະນັກງານ ສົມບູນ',34),(36,'60100102','ພະນັກງານ ຝຶກງານ',34),(37,'60100200','ພະນັກງານ ເພື່ອການເລື່ອນຊັ້ນ ແລະ ເລື່ອນຂັ້ນ',33),(38,'60100300','ພະນັກງານ ເຂົາການໃໝ່',33),(39,'60100400','ພະນັກງານ ຮຽນຢູ່ພາຍໃນປະເທດ',33),(40,'60100500','ພະນັກງານ ຮຽນຢູ່ຕ່າງປະເທດ',33),(41,'60100600','ພະນັກງານ ຕາມສັນຍາ',33),(42,'60200000','ເງິນອຸດໜູນ ປົກກະຕິ',32),(43,'60200100','ອຸດໜູນ ຕຳແໜ່ງງານ',42),(44,'60200200','ອຸດໜູນ ວິຊາຊີບ',42),(45,'60200201','ອຸດໜູນ ວິຊາຊີບຄູ  ( ເພີ່ມໃໝ່ )',44),(46,'60200202','ອຸດໜູນ ວິຊາຊີບສາທາ  ( ເພີ່ມໃໝ່ )',44),(47,'60200203','ອຸດໜູນ ສະມາຊິກສະພາ   ( ເພີ່ມໃໝ່ )',44),(48,'60200204','ອຸດໜູນ ວິຊາຊີບອື່ນ ( ເພີ່ມໃໝ່ )',44),(49,'60200300','ອຸດໜູນ ອາຍຸການ',42),(50,'60200400','ອຸດໜູນ ວຽກໜັກ ແລະ ທາດເບື່ອ',42),(51,'60200500','ອຸດໜູນ ເຂດຫຍຸ້ງຍາກ ແລະ ທຸລະກັນດານ',42),(52,'60200600','ອຸດໜູນ ຄູສອນຫ້ອງຄວບ',42),(53,'60200700','ອຸດໜູນ ຄ່າຄອງຊີບ',42),(54,'60200701','ອຸດໜູນ ຄ່າຄອງຊີບການນຳ ( ເພີ່ມໃໝ່)',53),(55,'60200702','ອຸດໜູນ ຄ່າຄອງຊີບພະນັກງານ-ລັດຖະກອນ ( ເພີ່ມໃໝ່ )',53),(56,'60200703','ອຸດໜູນ ຄ່າຄອງຊີບການທູດຢູ່ຕ່າງປະເທດ ( ເພີ່ມໃໝ່ )',53),(57,'60200800','ອຸດໜູນວິຊາການຄູ ( ເພີ່ມໃໝ່ )',42),(58,'60300000','ເງິນປະກັນສັງຄົມ ( ລັດຈ່າຍເພີ່ມ )',32),(59,'61000000','ເງິນນະໂຍບາຍ ແລະ ເງິນຊ່ວຍໜູນ ຕ່າງໆ',NULL),(60,'61100000','ເງິນນະໂຍບາຍຕ່າງໆ',59),(61,'61100200','ຮອງເລຂາຄະນະພັກກຸ່ມບ້ານ ຫລື ບ້ານໃຫຍ່',59),(62,'61100300','ເລຂາໜ່ວຍພັກ ທັງເປັນນາຍບ້ານ',59),(63,'61100400','ກຳມະການຄະນະພັກກຸ່ມບ້ານ, ຮອງເລຂາໜ່ວຍພັກ ທັງເປັນນາຍບ້ານ',59),(64,'61100500','ເລຂາໜ່ວຍພັກບ້ານ, ກຳມະການໜ່ວຍພັກ ທັງເປັນນາຍບ້ານ',59),(65,'61100600','ນາຍບ້ານ, ຮອງເລຂາໜ່ວຍພັກບ້ານ, ກຳມະການໜ່ວຍພັກ',59),(66,'61100700','ກຳມະການໜ່ວຍພັກ, ຮອງນາຍບ້ານ',59),(67,'61100800','ເງິນນະໂຍບາຍ ອາສາສະໝັກ',59),(68,'61100900','ເງິນນະໂຍບາຍ ພະສົງ',59),(69,'61101000','ເງິນນະໂຍບາຍ ໃຫ້ພະນັກງານໄປຄົນຄ້ວາຢູ່ຕ່າງປະເທດ',59),(70,'61200000','ເງິນນະໂຍບາຍ ຄອບຄົວ',59),(71,'61200100','ລູກພະນັກງານ',70),(72,'61200200','ເມຍພະນັກງານ',70),(73,'61300000','ກ່ອນຮັບບຳນານ',59),(74,'61400000','ເງິນອຸດໜູນເຮັດວຽກເພີ່ມ',59),(75,'61400100','ເຮັດວຽກນອກໂມງລັດຖະການ',74),(76,'61400200','ແປພາສາ',74),(77,'61400300','ຄົນຄ້ວາ ແລະ ວິໄຈ',74),(78,'61400400','ຂຽນບົດ ແລະ ຮຽບຮຽງ',74),(79,'61400500','ສອນພິເສດ',74),(80,'61400600','ເວນຍາມ',74),(81,'61500000','ເງິນເບັ້ຍລ້ຽງຕ່າງໆ',59),(82,'61500100','ເບ້ຍລ້ຽງນັກຮຽນພາຍໃນປະເທດ',81),(83,'61500101','ນັກຮຽນສາມັນ',82),(84,'61500102','ຊັ້ນຕົນ',82),(85,'61500103','ຊັ້ນກາງ',82),(86,'61500104','ຊັ້ນສູງ, ປະລິນຍາຕີ ແລະ ເໜືອມະຫາວິທະຍາໄລ',82),(87,'61500105','ເດັກກຳພ້າ, ເດັກຊົນເຜົາ ແລະ ເດັກເສຍອົງຄະ',82),(88,'61500200','ເບ້ຍລ້ຽງນັກຮຽນຕ່າງປະເທດຢູ່ລາວ',81),(89,'61500201','ອັດຕາກິນ',88),(90,'61500202','ຄ່າເດີນທາງ',88),(91,'61500300','ເບ້ຍລ້ຽງນັກຮຽນພາຍໃນໄປຝຶກງານ',81),(92,'61500301','ອັດຕາກິນ',91),(93,'61500302','ຄ່າເດີນທາງ',91),(94,'61500400','ເບ້ຍລ້ຽງນັກຮຽນຕ່າງປະເທດຝຶກງານຢູ່ລາວ',81),(95,'61500401','ອັດຕາກິນ',94),(96,'61500402','ຄ່າເດີນທາງ',94),(97,'61500500','ເບ້ຍລ້ຽງພະນັກງານໄປຄົນຄ້ວາ ຢູ່ພາຍໃນ ແລະ ຕ່າງປະເທດ',81),(98,'61500501','ອັດຕາກິນ',97),(99,'61500502','ຄ່າເດີນທາງ',97),(100,'61500600','ຄ່າຂົນສົງນັກຮຽນ ແລະ ນັກສຶກສາ',81),(101,'61600000','ເງິນປີນປົວ ພະນັກງານການນຳ',59),(102,'61700000','ເງິນຊ່ວຍໜູນດ້ານສັງຄົມ',59),(103,'61700100','ເງິນນະໂຍບາຍ ໃຫ້ພະນັກງານບຳນານຄືນ',102),(104,'61700200','ເງິນນະໂຍບາຍ ລູກພະນັກງານບຳນານ',102),(105,'61700300','ເງິນນະໂຍບາຍ ພະນັກງານເສັຍອົງຄະ',102),(106,'61700400','ເງິນນະໂຍບາຍ ຜູ້ດູແລຜູ້ເສຍອົງຄະພິເສດ',102),(107,'61700500','ເງິນນະໂຍບາຍ ເສຍຊີວິດ',102),(108,'61700600','ເງິນນະໂຍບາຍ ປີນປົວພະຍາດ',102),(109,'61700700','ອັດຕາກິນນັກໂທດ',102),(110,'61700701','ນັກໂທດພາຍໃນ',109),(111,'61700702','ນັກໂທດຕ່າງປະເທດ',109),(112,'62000000','ລາຍຈ່າຍ ບໍລິຫານປົກກະຕິ',NULL),(113,'62100000','ການຊື ແລະ ການຊົມໃຊ້',112),(114,'62100100','ຊືນ້ຳມັນເຊືອໄຟ ແລະ ນ້ຳມັນລໍ່ລືນ',113),(115,'62100200','ຊືເຄື່ອງໃຊ້ຫ້ອງການ ແລະ ແບບພິມ',113),(116,'62100201','ຊືເຄື່ອງໃຊ້ຫ້ອງການ',115),(117,'62100202','ຊືແບບພິມ',115),(118,'62100203','ຊືວາລະສານ ແລະ ໜັງສືພິມ',115),(119,'62100300','ຊືເຄື່ອງແບບ',113),(120,'62100400','ຊືວັດຖຸ, ອຸປະກອນຕ່າງໆ',113),(121,'62100401','ຊືວັດຖຸ, ອຸປະກອນ ການສິດສອນ ແລະ ການຮຽນ',120),(122,'62100402','ຊືວັດຖຸ, ອຸປະກອນ ດ້ານການແພດ',120),(123,'62100403','ຊືວັດຖຸ, ອຸປະກອນ ຮັບໃຊ້ວິຊາສະເພາະ',120),(124,'62100404','ຊືຢາປົວພະຍາດໃຫ້ໂຮງໝໍ',120),(125,'62100500','ຄ່ານ້ຳປະປາ, ຄ່າໄຟຟ້າ',113),(126,'62100501','ຄ່ານ້ຳປະປາ',125),(127,'62100502','ຄ່າໄຟຟ້າ',125),(128,'62200000','ລາຍຈ່າຍການບໍລິການ ຈາກທາງນອກ',112),(129,'62200100','ຄ່າເຊົາຕ່າງໆ',128),(130,'62200101','ຄ່າເຊົາຕຶກ ເຄຫາສະຖານ',129),(131,'62200102','ຄ່າເຊົາພາຫະນະ',129),(132,'62200103','ຄ່າເຊົາລະບົບການສື່ສານ',129),(133,'62200104','ຄ່າເຊົາເຄື່ອງຈັກ ແລະ ວັດຖຸອຸປະກອນ',129),(134,'62200105','ຄ່າເຊົາອື່ນໆ',129),(135,'62200200','ຄ່າບຳລຸງຮັກສາ, ສ້ອມແປງປົກກະຕິ ແລະ ຕິດຕັ້ງ',128),(136,'62200201','ສຳນັກງານ ແລະ ສີ່ງປຸກສ້າງ',135),(137,'62200202','ພາຫະນະ',135),(138,'62200203','ເຄື່ອງຈັກ ແລະ ວັດຖຸອຸປະກອນ',135),(139,'62200204','ສວນສາທາລະນະ, ສະຖານທີວັດທະນະທຳ',135),(140,'62200205','ຂົວ ແລະທາງ',135),(141,'62200206','ຕໍານເຈື່ອນ',135),(142,'62200207','ສະໜາມບິນ, ສະໜາມກິລາ',135),(143,'62200208','ຊົນລະປະທານ',135),(144,'62200209','ອື່ນໆ',135),(145,'62200300','ຄ່າປະກັນໄພ',128),(146,'62200301','ສຳນັກງານ',145),(147,'62200302','ພາຫະນະ',145),(148,'62200303','ອື່ນໆ',145),(149,'62200400','ຄ່າໄປສະນີ ແລະ ຄ່າໂທລະຄົມມະນາຄົມ',128),(150,'62200401','ຄ່າໄປສະນີ',149),(151,'62200402','ຄ່າໂທລະຄົມມະນາຄົມ',149),(152,'62200500','ຄ່າຂົນສົງວັດຖຸອຸປະກອນ',128),(153,'62200600','ຄ່າບໍລິການ ທະນາຄານ',128),(154,'62200700','ຄ່າບໍລິການ ແປພາສາ',128),(155,'62200800','ຄ່າບໍລິການ ເວນຍາມສຳນັກງານ',128),(156,'62200900','ຄ່າທີປຶກສາພາຍໃນ',128),(157,'62201000','ຄ່າທີປຶກສາຕ່າງປະເທດ',128),(158,'62201100','ຄ່າບໍລິການອື່ນໆ',128),(159,'62300000','ລາຍຈ່າຍໄປວຽກທາງການ',112),(160,'62300100','ພາຍໃນປະເທດ',159),(161,'62300200','ຕ່າງປະເທດ',159),(162,'62400000','ລາຍຈ່າຍກອງປະຊຸມ , ສຳມະນາ ແລະ ຝຶກອົບëົມ',112),(163,'62400100','ກອງປະຊຸມ',162),(164,'62400200','ສຳມະນາ',162),(165,'62400300','ຝຶກອົບຮົມ',162),(166,'62500000','ລາຍຈ່າຍຮັບແຂກ',112),(167,'62500100','ພາຍໃນປະເທດ',166),(168,'62500200','ຕ່າງປະເທດ',166),(169,'62600000','ລາຍຈ່າຍຊືຂອງຂວັນ ແລະ ຂອງຕ້ອນ',112),(170,'62700000','ລາຍຈ່າຍ ວັນບຸນລະດັບຊາດ',112),(171,'62800000','ລາຍຈ່າຍ ຄ່າພາສີ, ສ່ວຍສາອາກອນ ແລະ ຄ່າທຳນຽມ ຕ່າງໆ',112),(172,'62800100','ຄ່າພາສີ',171),(173,'62800200','ຄ່າອາກອນ',171),(174,'62800300','ຄ່າທຳນຽມ ແລະ ຄ່າສະແຕມ',171),(175,'62900000','ລາຍຈ່າຍບໍລິຫານປົກກະຕິ ອໍນໆ',112),(176,'63000000','ລາຍຈ່າຍດັດສົມ, ສົ່ງເສີມ ແລະ ເງິນບຳລຸງ',NULL),(177,'63100000','ດັດສົມ ສົງເສີມ ດ້ານການເມືອງ',176),(178,'63100100','ການເລືອກຕັ້ງສະພາແຫ່ງຊາດ',177),(179,'63100200','ກອງປະຊຸມພັກ',177),(180,'63100300','ກອງປະຊຸມ ອົງການຈັດຕັ້ງມະຫາຊົນ',177),(181,'63100400','ກໍ່ສ້າງຮາກຖານ ການເມືອງ',177),(182,'63100500','ການເຄ່ືອນໄຫວພິເສດ',177),(183,'63100600','ການເຄ່ືອນໄຫວລັດຖະກິດ',177),(184,'63100700','ການຍ້ອງຍໍ ( ໃບຍ້ອງຍໍ, ຫລຽນກາ, ຫລຽນໄຊ ແລະ ອື່ນໆ )',177),(185,'63200000','ດັດສົມ ສົ່ງເສີມ ດ້ານເສດຖະກິດ',176),(186,'63200100','ຖົມຂຸມລາຄາ',185),(187,'63200200','ຖົມຂຸມດອກເບັ້ຍ',185),(188,'63200300','ຊຸກຍູ້ສົງເສີມການຜະລິດ',185),(189,'63200400','ເງິນບຳເນັດເກັບລາຍຮັບຢູ່ຂັ້ນບ້ານ',185),(190,'63200500','ເງິນຈ່າຍຊືອາຫານສັດ(ໝາວິຊາສະເພາະຕຳຫລວດ)( ເພີ່ມໃໝ່ )',185),(191,'63200800','ອື່ນໆ',185),(192,'63300000','ດັດສົມ ສົງເສີມ ດ້ານວັດທະນາທຳ - ສັງຄົມ',176),(193,'63300100','ປັບປຸງ ແລະ ພັດທະນາ ຄຸນນະພາບ ການສຶກສາ ທຸກຂັ້ນ',192),(194,'63300200','ປ້ອງກັນ, ປີ່ນປົວ, ຟືນຟູ ແລະ ສົງເສີມສຸຂະພາບ',192),(195,'63300300','ຄຸ້ມຄອງ ຜູ້ບໍລິໂພກ ແລະ ຜູ້ສະໜອງອາຫານ  ຢາ',192),(196,'63300400','ຄົນຄ້ວາວິທະຍາສາດ ການແພດ',192),(197,'63300500','ປັບປຸງວຽກງານຖະແຫລ່ງຂ່າວ ແລະ ສື່ມວນຊົນ',192),(198,'63300600','ບູລະນະ ແລະ ປົກປັກຮັກສາ ວັດທະນາທຳ',192),(199,'63300700','ພິມໜັງສືພິມ ແລະ ວາລະສານ',192),(200,'63400000','ດັດສົມ ສົງເສີມ ວຽກງານອື່ນໆ',176),(201,'63500000','ເງິນບຳລຸງ ແລະ ເງິນປະກອບສ່ວນເຂົາໃນອົງການຈັດຕັ້ງສາກົນ',176),(202,'63500100','ເງິນບຳລຸງອົງການຈັດຕັ້ງສາກົນ',201),(203,'63500200','ເງິນປະກອບສ່ວນເຂົາໃນອົງການຈັດຕັ້ງສາກົນ',201),(204,'63500300','ເງິນປະກອບສ່ວນເຂົາໃນກອງປະຊຸມ',201),(205,'63600000','ເງິນຊ່ວຍໜູນ',176),(206,'63600100','ເງິນສົງເຄາະປະຊາຊົນ ປະສົບໄພທຳມະຊາດ',205),(207,'63600200','ເງິນນະໂຍບາຍຜູ້ມີຜົນງານຕໍ່ການປະຕິວັດ',205),(208,'64000000','ລາຍຈ່າຍ ການເງິນ',NULL),(209,'64100000','ລາຍຈ່າຍດອກເບັ້ຍ',208),(210,'64100100','ດອກເບັ້ຍ ເງິນກູ້ຢືມພາຍໃນ',209),(211,'64100101','ດອກເບັ້ຍ ພັນທະບັດຄັງເງິນແຫ່ງຊາດ',210),(212,'64100102','ດອກເບັ້ຍ ຮຸ້ນກູໍລັດຖະບານ',210),(213,'64100103','ດອກເບັ້ຍ ເງິນກູ້ຢືມຮູບການອື່ນໆ',210),(214,'64100200','ດອກເບັ້ຍ ເງິນກູ້ຢືມຈາກຕ່າງປະເທດ',209),(215,'64100201','ດອກເບັ້ຍ ເງິນກູ້ຢືມດັດແກ້ມະຫາພາກ',214),(216,'64100202','ດອກເບັ້ຍ ເງິນກູ້ຢືມເປັນໂຄງການ',214),(217,'64100300','ດອກເບັ້ຍ ພັນທະບັດຕ່າງປະເທດ',209),(218,'64200000','ລາຍຈ່າຍ ເງິນຄ້ຳປະກັນ',208),(219,'64300000','ລາຍຈ່າຍ ຜິດດ່ຽງຈາກການແລກປ່ຽນເງິນຕາຕ່າງປະເທດ (ສ່ວນເສຍ)',208),(220,'64400000','ລາຍຈ່າຍ ສົງຄືນອາກອນມູນຄ່າເພີ່ມ ( ເພີ່ມໃໝ່ )',208),(221,'6500000','ລາຍຈ່າຍ ອື່ນໆ',NULL),(222,'65100000','ຫັກເງິນເຂົາຄັງສະສົມແຫ່ງລັດ',NULL),(223,'65200000','ລາຍຈ່າຍ ຄ່າປັບໃໝ',NULL),(224,'65300000','ລາຍຈ່າຍ ເງິນແຮ',NULL),(225,'65300100','ລາຍຈ່າຍ ເງິນແຮລັດຖະບານ',224),(226,'65300200','ລາຍຈ່າຍ ເງິນແຮທ້ອງຖີນ',224),(227,'65400000','ລາຍຈ່າຍ ເງິນບຳເນັດ ເກັບລາຍຮັບເກີນແຜນ',NULL),(228,'65500000','ອໍນໆ',NULL),(229,'66000000','ຊືຊັບສົມບັດ ຮັບໃຊ້ບໍລິຫານ',NULL),(230,'66100000','ຊືພະຫານະ ຮັບໃຊ້ກົງຈັກ ບໍລິຫານ',229),(231,'66200000','ຊືເຄື່ອງຈັກ ແລະ ວັດຖຸອຸປະກອນ',229),(232,'66300000','ຊືຊັບສົມບັດຄົງທີ ອື່ນໆ',229),(233,'6700000','ລາຍຈ່າຍລົງທຶນຂອງລັດ',NULL),(234,'67100000','ຄ່າບຸກເບີກທີດິນ',NULL),(235,'67200000','ຄ່າເວນຄືນທີດິນ',NULL),(236,'67300000','ຄ່າສຳÍວດພືນຖານ ແລະ ສົງເສີມວິຊາການ',NULL),(237,'67400000','ຄ່າອອກແບບ',NULL),(238,'67500000','ລາຍຈ່າຍ ຄຸ້ມຄອງໂຄງການ',NULL),(239,'67500100','ຄ່າຈ້າງຊ່ຽວຊານ ຕ່າງປະເທດ',238),(240,'67500200','ຄ່າຈ້າງຊ່ຽວຊານ ພາຍໃນ',238),(241,'67500300','ລາຍຈ່າຍໃຫ້ພະນັກງານລົງຕິດຕາມໂຄງການ',238),(242,'67500400','ລາຍຈ່າຍບໍລິຫານອື່ນໆ',238),(243,'67600000','ໂປëແກມຄອມພິວເຕີ',NULL),(244,'67700000','ລິຂະສິດດ້ານຊັບສິນທາງປັນຍາ',NULL),(245,'67800000','ການກໍ່ສ້າງ',NULL),(246,'67800100','ຕຶກ ເຄຫາສະຖານ ( ການກໍ່ສ້າງ )',245),(247,'67800200','ຂົວ',245),(248,'67800300','ເສັ້ນທາງ( ທາງດິນແດງ, ທາງຢາງ, ທາງຄອນກëີດ )',245),(249,'67800400','ທາງລົດໄຟ',245),(250,'67800500','ປັກແລວນ້ຳ',245),(251,'67800600','ຕາຟັງເຈື່ອນ',245),(252,'67800700','ໂຄງສ້າງນ້ຳປະປາ ( ອ່າງ, ທໍ່ນ້ຳປະປາ,....)',245),(253,'67800800','ໂຄງສ້າງໄຟຟ້າ ( ຕາຄ່າຍໄຟຟ້າ, ເຂື່ອນໄຟຟ້າ,... )',245),(254,'67800900','ໂຄງສ້າງການສື່ສານ',245),(255,'67801000','ສະໜາມກິລາ, ສະໜາມບິນ',245),(256,'67801100','ຊົນລະປະທານ',245),(257,'67801200','ການກໍ່ສ້າງໂຄງລ່າງອໍນໆ',245),(258,'67900000','ການຊື',NULL),(259,'67900100','ຕຶກ ເຄຫາສະຖານ ( ການຊື )',258),(260,'67900200','ຊືເຄື່ອງມື  ແລະ ວັດຖຸອຸປະກອນ ( ລົງທຶນ )',258),(261,'67900300','ຊືເຄື່ອງກົນຈັກ ( ລົດຈົກ, ລົດດຸດ ) ( ລົງທຶນ )',258),(262,'67900400','ຊືພະຫານະ   ( ລົງທຶນ )',258),(263,'67900500','ຊືແນວພັນພືດແນວພັນສັດ',258),(264,'67900600','ຊືຊັບສົມບັດຄົງທີ ອື່ນໆ  ( ລົງທຶນ )',258),(265,'67900700','ການສ້ອມແປງໃຫຍ່',258),(266,'67900701','ຕຶກ ເຄຫາສະຖານ',265),(267,'67900702','ຂົວ',265),(268,'67900703','ເສັ້ນທາງ ( ທາງດິນແດງ, ທາງຢາງ, ທາງຄອນກëີດ )',265),(269,'67900704','ທາງລົດໄຟ',265),(270,'67900705','ປັກແລວນ້ຳ',265),(271,'67900706','ຕາຟັງເຈື່ອນ',265),(272,'67900707','ໂຄງສ້າງ ນ້ຳປະປາ ( ອ່າງ, ທໍ່ນ້ຳປະປາ,..)',265),(273,'67900708','ໂຄງສ້າງໄຟຟ້າ ( ຕາຄ່າຍໄຟຟ້າ, ເຂື່ອນໄຟຟ້າ,... )',265),(274,'67900709','ໂຄງສ້າງການສື່ສານ',265),(275,'67900710','ສະໜາມກິລາ, ສະໜາມບິນ',265),(276,'67900711','ຊົນລະປະທານ',265),(277,'67900712','ພາຫະນະ',265),(278,'67900713','ເຄື່ອງກົນຈັກ ( ລົດຈົກ, ລົດດຸດ, ...)',265),(279,'67900714','ເຄື່ອງມື  ແລະ ວັດຖຸອຸປະກອນ',265),(280,'67900715','ໂຄງລ່າງ ແລະຊັບສົມບັດຄົງທີ ອື່ນໆ',265),(281,'68000000','ລາຍຈ່າຍຮ່ວມປະກອບທຶນ, ຊ່ວຍເຫຼືອລ້າ, ກູ້ຢືມ ແລະ ໃຫ້ກູ້ຢືມ',NULL),(282,'68100000','ລາຍຈ່າຍຮ່ວມປະກອບທຶນ',281),(283,'68100100','ໃບຢັ້ງຢືນຮ່ວມປະກອບທຶນຂອງລັດ',282),(284,'68100200','ທຶນປະກອບ',282),(285,'68200000','ລາຍຈ່າຍ ຊ່ວຍເຫຼືອລ້າ',281),(286,'68200100','ເງິນຊ່ວຍເຫລືອລ້າໃຫ້ລັດຖະບານຕ່າງປະເທດ',285),(287,'68200200','ເງິນຊ່ວຍເຫລືອລ້າໃຫ້ອົງການຈັດຕັ້ງສາກົນ',285),(288,'68300000','ລາຍຈ່າຍເງິນກູ້ຢືມດັດແກ້ມະພາກ ເງິນກູ້ຢືມເປັນໂຄງການ',281),(289,'68300100','ຕົນທຶນເງິນກູ້ຢືມ ດັດແກ້ມະຫາພາກ',288),(290,'68300200','ຕົນທຶນເງິນກູ້ຢືມ ທີເປັນໂຄງການ',288),(291,'68400000','ລາຍຈ່າຍເງິນໃຫ້ກໍູຢືມ',281),(292,'68400100','ເງິນໃຫ້ກູ້ຢືມ ແກ່ລັດວິສາຫະກິດ',291),(293,'68400200','ເງິນໃຫ້ກູ້ຢືມ ແກ່ວິສາຫະກິດອື່ນໆ',291),(294,'68400300','ເງິນໃຫ້ກູ້ຢືມ ແກ່ຕ່າງປະເທດ',291),(295,'69000000','ລາຍຈ່າຍ ຊຳລະໜšສິນປີເກົາ',NULL),(296,'69100000','ໜš ລາຍຈ່າຍ ບໍລິຫານປົກກະຕິ',295),(297,'69100100','ຄ່າກະແສໄຟຟ້າ',296),(298,'69100200','ຄ່ານ້ຳປະປາ',296),(299,'69100300','ຄ່າໂທລະສັບ',296),(300,'69200000','ລາຍຈ່າຍດັດສົມ ແລະ ສົງເສີມ',295),(301,'69300000','ລາຍຈ່າຍລົງທຶນຂອງລັດ',295);
/*!40000 ALTER TABLE `chart_of_accounts` ENABLE KEYS */;
UNLOCK TABLES;

--
-- Table structure for table `course_credit_settings`
--

DROP TABLE IF EXISTS `course_credit_settings`;
/*!40101 SET @saved_cs_client     = @@character_set_client */;
/*!50503 SET character_set_client = utf8mb4 */;
CREATE TABLE `course_credit_settings` (
  `id` bigint unsigned NOT NULL AUTO_INCREMENT,
  `degree_program_id` bigint unsigned NOT NULL,
  `course_credit_unit` smallint unsigned NOT NULL,
  `year1_credit_unit` decimal(8,2) DEFAULT NULL,
  `gov_doc_id` varchar(255) COLLATE utf8mb4_unicode_ci DEFAULT NULL,
  `start_year` smallint unsigned NOT NULL,
  `created_at` timestamp NULL DEFAULT NULL,
  `updated_at` timestamp NULL DEFAULT NULL,
  PRIMARY KEY (`id`),
  KEY `course_credit_settings_degree_program_id_foreign` (`degree_program_id`),
  CONSTRAINT `course_credit_settings_degree_program_id_foreign` FOREIGN KEY (`degree_program_id`) REFERENCES `degree_programs` (`id`) ON DELETE CASCADE
) ENGINE=InnoDB AUTO_INCREMENT=96 DEFAULT CHARSET=utf8mb4 COLLATE=utf8mb4_unicode_ci;
/*!40101 SET character_set_client = @saved_cs_client */;

--
-- Dumping data for table `course_credit_settings`
--

LOCK TABLES `course_credit_settings` WRITE;
/*!40000 ALTER TABLE `course_credit_settings` DISABLE KEYS */;
INSERT INTO `course_credit_settings` VALUES (28,55,37,NULL,NULL,2026,'2026-05-18 06:27:35','2026-05-18 18:05:06'),(29,56,38,NULL,NULL,2026,'2026-05-18 06:27:35','2026-05-18 18:05:06'),(30,57,38,NULL,NULL,2026,'2026-05-18 06:27:35','2026-05-18 18:05:06'),(31,58,37,NULL,NULL,2026,'2026-05-18 06:27:35','2026-05-18 18:05:06'),(32,59,37,NULL,NULL,2026,'2026-05-18 06:27:35','2026-05-18 18:05:06'),(33,60,36,NULL,NULL,2026,'2026-05-18 06:27:35','2026-05-18 18:05:06'),(34,61,36,NULL,NULL,2026,'2026-05-18 06:27:35','2026-05-18 18:05:06'),(35,62,37,NULL,NULL,2026,'2026-05-18 06:27:35','2026-05-18 18:05:06'),(36,63,37,NULL,NULL,2026,'2026-05-18 06:27:35','2026-05-18 18:05:06'),(37,64,39,NULL,NULL,2026,'2026-05-18 06:27:35','2026-05-18 18:05:06'),(38,65,39,NULL,NULL,2026,'2026-05-18 06:27:35','2026-05-18 18:05:06'),(39,66,35,NULL,NULL,2026,'2026-05-18 06:27:35','2026-05-18 18:05:06'),(40,67,35,NULL,NULL,2026,'2026-05-18 06:27:35','2026-05-18 18:05:06'),(41,68,35,NULL,NULL,2026,'2026-05-18 06:27:35','2026-05-18 18:05:06'),(42,69,35,NULL,NULL,2026,'2026-05-18 06:27:35','2026-05-18 18:05:06'),(43,1,37,NULL,NULL,2026,'2026-05-18 06:27:35','2026-05-18 18:05:06'),(44,2,37,NULL,NULL,2026,'2026-05-18 06:27:35','2026-05-18 18:05:06'),(45,3,37,NULL,NULL,2026,'2026-05-18 06:27:35','2026-05-18 18:05:06'),(46,4,27,NULL,NULL,2026,'2026-05-18 06:27:35','2026-05-18 18:05:06'),(47,5,37,NULL,NULL,2026,'2026-05-18 06:27:35','2026-05-18 18:05:06'),(48,6,37,NULL,NULL,2026,'2026-05-18 06:27:35','2026-05-18 18:05:06'),(49,7,37,NULL,NULL,2026,'2026-05-18 06:27:35','2026-05-18 18:05:06'),(50,8,31,NULL,NULL,2026,'2026-05-18 06:27:35','2026-05-18 18:05:06'),(51,9,31,NULL,NULL,2026,'2026-05-18 06:27:35','2026-05-18 18:05:06'),(52,10,35,NULL,NULL,2026,'2026-05-18 06:27:35','2026-05-18 18:05:06'),(53,11,35,NULL,NULL,2026,'2026-05-18 06:27:35','2026-05-18 18:05:06'),(54,12,36,NULL,NULL,2026,'2026-05-18 06:27:35','2026-05-18 18:05:06'),(55,13,36,NULL,NULL,2026,'2026-05-18 06:27:35','2026-05-18 18:05:06'),(56,14,37,NULL,NULL,2026,'2026-05-18 06:27:35','2026-05-18 18:05:06'),(57,15,36,NULL,NULL,2026,'2026-05-18 06:27:35','2026-05-18 18:05:06'),(58,16,33,NULL,NULL,2026,'2026-05-18 06:27:35','2026-05-18 18:05:06'),(59,17,38,NULL,NULL,2026,'2026-05-18 06:27:35','2026-05-18 18:05:06'),(60,18,42,NULL,NULL,2026,'2026-05-18 06:27:35','2026-05-18 18:05:06'),(61,19,39,NULL,NULL,2026,'2026-05-18 06:27:35','2026-05-18 18:05:06'),(62,20,39,NULL,NULL,2026,'2026-05-18 06:27:35','2026-05-18 18:05:06'),(63,21,37,NULL,NULL,2026,'2026-05-18 06:27:35','2026-05-18 18:05:06'),(64,22,36,NULL,NULL,2026,'2026-05-18 06:27:35','2026-05-18 18:05:06'),(65,23,33,NULL,NULL,2026,'2026-05-18 06:27:35','2026-05-18 18:05:06'),(66,24,35,NULL,NULL,2026,'2026-05-18 06:27:35','2026-05-18 18:05:06'),(67,25,36,NULL,NULL,2026,'2026-05-18 06:27:35','2026-05-18 18:05:06'),(68,26,34,NULL,NULL,2026,'2026-05-18 06:27:35','2026-05-18 18:05:06'),(69,27,36,NULL,NULL,2026,'2026-05-18 06:27:35','2026-05-18 18:05:06'),(70,28,36,NULL,NULL,2026,'2026-05-18 06:27:35','2026-05-18 18:05:06'),(71,29,36,NULL,NULL,2026,'2026-05-18 06:27:35','2026-05-18 18:05:06'),(72,30,27,NULL,NULL,2026,'2026-05-18 06:27:35','2026-05-18 18:05:06'),(73,31,30,NULL,NULL,2026,'2026-05-18 06:27:35','2026-05-18 18:05:06'),(74,32,27,NULL,NULL,2026,'2026-05-18 06:27:35','2026-05-18 18:05:06'),(75,33,24,NULL,NULL,2026,'2026-05-18 06:27:35','2026-05-18 18:05:06'),(76,34,27,NULL,NULL,2026,'2026-05-18 06:27:35','2026-05-18 18:05:06'),(77,35,27,NULL,NULL,2026,'2026-05-18 06:27:35','2026-05-18 18:05:06'),(78,36,25,NULL,NULL,2026,'2026-05-18 06:27:35','2026-05-18 18:05:06'),(79,37,23,NULL,NULL,2026,'2026-05-18 06:27:35','2026-05-18 18:05:06'),(80,38,23,NULL,NULL,2026,'2026-05-18 06:27:35','2026-05-18 18:05:06'),(81,39,22,NULL,NULL,2026,'2026-05-18 06:27:35','2026-05-18 18:05:06'),(82,40,27,NULL,NULL,2026,'2026-05-18 06:27:35','2026-05-18 18:05:06'),(83,41,30,NULL,NULL,2026,'2026-05-18 06:27:35','2026-05-18 18:05:06'),(84,42,27,NULL,NULL,2026,'2026-05-18 06:27:35','2026-05-18 18:05:06'),(85,43,28,NULL,NULL,2026,'2026-05-18 06:27:35','2026-05-18 18:05:06'),(86,44,45,66.00,NULL,2026,'2026-05-18 06:27:35','2026-05-18 18:05:06'),(87,45,46,69.00,NULL,2026,'2026-05-18 06:27:35','2026-05-18 18:05:06'),(88,46,41,62.00,NULL,2026,'2026-05-18 06:27:35','2026-05-18 18:55:21'),(89,47,46,69.00,NULL,2026,'2026-05-18 06:27:35','2026-05-18 18:05:06'),(90,48,46,69.00,NULL,2026,'2026-05-18 06:27:35','2026-05-18 18:05:06'),(91,49,46,69.00,NULL,2026,'2026-05-18 06:27:35','2026-05-18 18:05:06'),(92,50,46,69.00,NULL,2026,'2026-05-18 06:27:35','2026-05-18 18:05:06'),(93,51,46,69.00,NULL,2026,'2026-05-18 06:27:35','2026-05-18 18:05:06'),(94,52,38,57.00,NULL,2026,'2026-05-18 06:27:35','2026-05-18 18:05:06'),(95,53,40,60.00,NULL,2026,'2026-05-18 06:27:35','2026-05-18 18:40:46');
/*!40000 ALTER TABLE `course_credit_settings` ENABLE KEYS */;
UNLOCK TABLES;

--
-- Table structure for table `credit_unit_price_settings`
--

DROP TABLE IF EXISTS `credit_unit_price_settings`;
/*!40101 SET @saved_cs_client     = @@character_set_client */;
/*!50503 SET character_set_client = utf8mb4 */;
CREATE TABLE `credit_unit_price_settings` (
  `id` bigint unsigned NOT NULL AUTO_INCREMENT,
  `level` enum('bachelor','master','phd') COLLATE utf8mb4_unicode_ci NOT NULL,
  `credit_unit_price` decimal(15,2) NOT NULL,
  `gov_doc_id` varchar(255) COLLATE utf8mb4_unicode_ci DEFAULT NULL,
  `start_year` smallint unsigned NOT NULL,
  `created_at` timestamp NULL DEFAULT NULL,
  `updated_at` timestamp NULL DEFAULT NULL,
  PRIMARY KEY (`id`)
) ENGINE=InnoDB AUTO_INCREMENT=31 DEFAULT CHARSET=utf8mb4 COLLATE=utf8mb4_unicode_ci;
/*!40101 SET character_set_client = @saved_cs_client */;

--
-- Dumping data for table `credit_unit_price_settings`
--

LOCK TABLES `credit_unit_price_settings` WRITE;
/*!40000 ALTER TABLE `credit_unit_price_settings` DISABLE KEYS */;
INSERT INTO `credit_unit_price_settings` VALUES (28,'bachelor',35000.00,'TG-555',2026,'2026-05-17 15:35:43','2026-05-17 15:35:43'),(29,'master',240000.00,'TG-23',2026,'2026-05-17 15:36:07','2026-05-18 18:05:06'),(30,'phd',600000.00,'TG-24',2026,'2026-05-17 15:36:24','2026-05-18 18:05:06');
/*!40000 ALTER TABLE `credit_unit_price_settings` ENABLE KEYS */;
UNLOCK TABLES;

--
-- Table structure for table `degree_programs`
--

DROP TABLE IF EXISTS `degree_programs`;
/*!40101 SET @saved_cs_client     = @@character_set_client */;
/*!50503 SET character_set_client = utf8mb4 */;
CREATE TABLE `degree_programs` (
  `id` bigint unsigned NOT NULL AUTO_INCREMENT,
  `code` varchar(50) COLLATE utf8mb4_unicode_ci NOT NULL,
  `name` varchar(255) COLLATE utf8mb4_unicode_ci NOT NULL,
  `level` enum('bachelor','master','phd') COLLATE utf8mb4_unicode_ci NOT NULL,
  `study_year` smallint unsigned DEFAULT NULL,
  `is_active` tinyint(1) NOT NULL DEFAULT '1',
  `created_at` timestamp NULL DEFAULT NULL,
  `updated_at` timestamp NULL DEFAULT NULL,
  PRIMARY KEY (`id`),
  UNIQUE KEY `degree_programs_code_unique` (`code`)
) ENGINE=InnoDB AUTO_INCREMENT=70 DEFAULT CHARSET=utf8mb4 COLLATE=utf8mb4_unicode_ci;
/*!40101 SET character_set_client = @saved_cs_client */;

--
-- Dumping data for table `degree_programs`
--

LOCK TABLES `degree_programs` WRITE;
/*!40000 ALTER TABLE `degree_programs` DISABLE KEYS */;
INSERT INTO `degree_programs` VALUES (1,'B-CS-Y2','ວິທະຍາສາດຄອມ','bachelor',2,1,'2026-05-18 05:00:05','2026-05-18 05:00:05'),(2,'B-PD-Y2','ພັດທະນາໂປຣແກຣມ','bachelor',2,1,'2026-05-18 05:00:05','2026-05-18 05:00:05'),(3,'B-WD-Y2','ພັດທະນາເວບໄຊ້','bachelor',2,1,'2026-05-18 05:00:05','2026-05-18 05:00:05'),(4,'B-CSC-Y2','ຕໍ່ເນື່ອງວິທະຍາສາດຄອມພິວເຕີ','bachelor',2,1,'2026-05-18 05:00:05','2026-05-18 05:00:05'),(5,'B-MAA-Y2','ຄະນິດສາດນໍາໃຊ້','bachelor',2,1,'2026-05-18 05:00:05','2026-05-18 05:00:05'),(6,'B-MAE-Y2','ຄະນິດສາດສໍາຫຼັບເສດຖະສາດ','bachelor',2,1,'2026-05-18 05:00:05','2026-05-18 05:00:05'),(7,'B-STAT-Y2','ຄະນິດສາດສະຖິຕິ','bachelor',2,1,'2026-05-18 05:00:05','2026-05-18 05:00:05'),(8,'B-BIO-Y2','ຊີວະທົ່ວໄປ','bachelor',2,1,'2026-05-18 05:00:05','2026-05-18 05:00:05'),(9,'B-BT-Y2','ເທັກໂນໂລຍີ່ຊີວະພາບ','bachelor',2,1,'2026-05-18 05:00:05','2026-05-18 05:00:05'),(10,'B-CHEM-Y2','ເຄມີທົ່ວໄປ','bachelor',2,1,'2026-05-18 05:00:05','2026-05-18 05:00:05'),(11,'B-ECHE-Y2','ເຄມີສິ່ງແວດລ້ອມ','bachelor',2,1,'2026-05-18 05:00:05','2026-05-18 05:00:05'),(12,'B-PHYS-Y2','ຟີຊິກທົ່ວໄປ','bachelor',2,1,'2026-05-18 05:00:05','2026-05-18 05:00:05'),(13,'B-GPHY-Y2','ທໍລະນີຟີຊິກ','bachelor',2,1,'2026-05-18 05:00:05','2026-05-18 05:00:05'),(14,'B-MATS-Y2','ວັດສະດຸສາດ','bachelor',2,1,'2026-05-18 05:00:05','2026-05-18 05:00:05'),(15,'B-NPHY-Y2','ຟິຊິກນິວເຄຣຍ','bachelor',2,1,'2026-05-18 05:00:05','2026-05-18 05:00:05'),(16,'B-CS-Y3','ວິທະຍາສາດຄອມ','bachelor',3,1,'2026-05-18 05:00:05','2026-05-18 05:00:05'),(17,'B-PD-Y3','ພັດທະນາໂປຣແກຣມ','bachelor',3,1,'2026-05-18 05:00:05','2026-05-18 05:00:05'),(18,'B-WD-Y3','ພັດທະນາເວບໄຊ້','bachelor',3,1,'2026-05-18 05:00:05','2026-05-18 05:00:05'),(19,'B-MATH-Y3','ຄະນິດທົ່ວໄປ','bachelor',3,1,'2026-05-18 05:00:05','2026-05-18 05:00:05'),(20,'B-MAE-Y3','ຄະນິດສາດສໍາຫຼັບເສດຖະສາດ','bachelor',3,1,'2026-05-18 05:00:05','2026-05-18 05:00:05'),(21,'B-STAT-Y3','ຄະນິດສາດສະຖິຕິ','bachelor',3,1,'2026-05-18 05:00:05','2026-05-18 05:00:05'),(22,'B-BIO-Y3','ຊີວະວິທະຍາທົ່ວໄປ','bachelor',3,1,'2026-05-18 05:00:05','2026-05-18 05:00:05'),(23,'B-BT-Y3','ເທັກໂນໂລຍີ່ຊີວະພາບ','bachelor',3,1,'2026-05-18 05:00:05','2026-05-18 05:00:05'),(24,'B-CHEM-Y3','ເຄມີສາດທົ່ວໄປ','bachelor',3,1,'2026-05-18 05:00:05','2026-05-18 05:00:05'),(25,'B-ECHE-Y3','ເຄມີສິ່ງແວດລ້ອມ','bachelor',3,1,'2026-05-18 05:00:05','2026-05-18 05:00:05'),(26,'B-PHYS-Y3','ຟີຊິກສາດທົ່ວໄປ','bachelor',3,1,'2026-05-18 05:00:05','2026-05-18 05:00:05'),(27,'B-GPHY-Y3','ທໍລະນີຟີຊິກ','bachelor',3,1,'2026-05-18 05:00:05','2026-05-18 05:00:05'),(28,'B-MATS-Y3','ວັດສະດຸສາດ','bachelor',3,1,'2026-05-18 05:00:05','2026-05-18 05:00:05'),(29,'B-NPHY-Y3','ຟິຊິກນິວເຄຣຍ','bachelor',3,1,'2026-05-18 05:00:05','2026-05-18 05:00:05'),(30,'B-CS-Y4','ວິທະຍາສາດຄອມ','bachelor',4,1,'2026-05-18 05:00:05','2026-05-18 05:00:05'),(31,'B-PD-Y4','ພັດທະນາໂປຣແກຣມ','bachelor',4,1,'2026-05-18 05:00:05','2026-05-18 05:00:05'),(32,'B-WD-Y4','ພັດທະນາເວບໄຊ້','bachelor',4,1,'2026-05-18 05:00:05','2026-05-18 05:00:05'),(33,'B-MATH-Y4','ຄະນິດທົ່ວໄປ','bachelor',4,1,'2026-05-18 05:00:05','2026-05-18 05:00:05'),(34,'B-MAE-Y4','ຄະນິດສາດສໍາຫຼັບເສດຖະສາດ','bachelor',4,1,'2026-05-18 05:00:05','2026-05-18 05:00:05'),(35,'B-STAT-Y4','ຄະນິດສາດສະຖິຕິ','bachelor',4,1,'2026-05-18 05:00:05','2026-05-18 05:00:05'),(36,'B-BIO-Y4','ຊີວະວິທະຍາທົ່ວໄປ','bachelor',4,1,'2026-05-18 05:00:05','2026-05-18 05:00:05'),(37,'B-BT-Y4','ເທັກໂນໂລຍີ່ຊີວະພາບ','bachelor',4,1,'2026-05-18 05:00:05','2026-05-18 05:00:05'),(38,'B-CHEM-Y4','ເຄມີສາດທົ່ວໄປ','bachelor',4,1,'2026-05-18 05:00:05','2026-05-18 05:00:05'),(39,'B-ECHE-Y4','ເຄມີສິ່ງແວດລ້ອມ','bachelor',4,1,'2026-05-18 05:00:05','2026-05-18 05:00:05'),(40,'B-PHYS-Y4','ຟີຊິກສາດທົ່ວໄປ','bachelor',4,1,'2026-05-18 05:00:05','2026-05-18 05:00:05'),(41,'B-GPHY-Y4','ທໍລະນີຟີຊິກ','bachelor',4,1,'2026-05-18 05:00:05','2026-05-18 05:00:05'),(42,'B-MATS-Y4','ວັດສະດຸສາດ','bachelor',4,1,'2026-05-18 05:00:05','2026-05-18 05:00:05'),(43,'B-NPHY-Y4','ຟິຊິກນິວເຄຣຍ','bachelor',4,1,'2026-05-18 05:00:05','2026-05-18 05:00:05'),(44,'M-PHYS','ປະລິນຍາໂທຟິຊິກນໍາໃຊ້','master',NULL,1,'2026-05-18 05:00:05','2026-05-18 05:00:05'),(45,'M-MATH','ປະລິນຍາໂທຄະນິດສາດ','master',NULL,1,'2026-05-18 05:00:05','2026-05-18 05:00:05'),(46,'M-BIO','ປິລິນຍາໂທຊີວະວິທະຍາ','master',NULL,1,'2026-05-18 05:00:05','2026-05-18 05:00:05'),(47,'M-CHEM','ປະລິນຍາໂທເຄມີ','master',NULL,1,'2026-05-18 05:00:05','2026-05-18 05:00:05'),(48,'M-CS','ປະລິນຍາໂທວິທະຍາສາດຄອມພິວເຕີ','master',NULL,1,'2026-05-18 05:00:05','2026-05-18 05:00:05'),(49,'MR-PHYS','ຟີຊິກສາດຮູບແບບຄົ້ນຄວ້າ','master',NULL,1,'2026-05-18 05:00:05','2026-05-18 05:00:05'),(50,'MR-CHEM','ເຄມີສາດຮູບແບບຄົ້ນຄວ້າ','master',NULL,1,'2026-05-18 05:00:05','2026-05-18 05:00:05'),(51,'MR-BIO','ຊີວະວິທະຍາຮູບແບບຄົ້ນຄວ້າ','master',NULL,1,'2026-05-18 05:00:05','2026-05-18 05:00:05'),(52,'D-PHYS','ປະລີິນຍາເອກຟິຊິກ','phd',NULL,1,'2026-05-18 05:00:05','2026-05-18 05:00:05'),(53,'D-BIO','ປະລີິນຍາເອກຊີວະວິທະຍາ','phd',NULL,1,'2026-05-18 05:00:05','2026-05-18 05:00:05'),(55,'B-CS-Y1','ວິທະຍາສາດຄອມ ປີ 1','bachelor',1,1,'2026-05-18 06:27:34','2026-05-18 06:27:34'),(56,'B-PD-Y1','ພັດທະນາໂປຣແກຣມ ປີ 1','bachelor',1,1,'2026-05-18 06:27:34','2026-05-18 06:27:34'),(57,'B-WD-Y1','ພັດທະນາເວບໄຊ້ ປີ 1','bachelor',1,1,'2026-05-18 06:27:35','2026-05-18 06:27:35'),(58,'B-CSC-Y1','ຕໍ່ເນື່ອງວິທະຍາສາດຄອມ ປີ 1','bachelor',1,1,'2026-05-18 06:27:35','2026-05-18 06:27:35'),(59,'B-MAA-Y1','ຄະນິດສາດນໍາໃຊ້ ປີ 1','bachelor',1,1,'2026-05-18 06:27:35','2026-05-18 06:27:35'),(60,'B-MAE-Y1','ຄະນິດສາດສໍາຫຼັບເສດຖະສາດ ປີ 1','bachelor',1,1,'2026-05-18 06:27:35','2026-05-18 06:27:35'),(61,'B-STAT-Y1','ຄະນິດສາດສະຖິຕິ ປີ 1','bachelor',1,1,'2026-05-18 06:27:35','2026-05-18 06:27:35'),(62,'B-BIO-Y1','ຊີວະທົ່ວໄປ ປີ 1','bachelor',1,1,'2026-05-18 06:27:35','2026-05-18 06:27:35'),(63,'B-BT-Y1','ເທັກໂນໂລຍີ່ຊີວະພາບ ປີ 1','bachelor',1,1,'2026-05-18 06:27:35','2026-05-18 06:27:35'),(64,'B-CHEM-Y1','ເຄມີທົ່ວໄປ ປີ 1','bachelor',1,1,'2026-05-18 06:27:35','2026-05-18 06:27:35'),(65,'B-ECHE-Y1','ເຄມີສິ່ງແວດລ້ອມ ປີ 1','bachelor',1,1,'2026-05-18 06:27:35','2026-05-18 06:27:35'),(66,'B-PHYS-Y1','ຟີຊິກທົ່ວໄປ ປີ 1','bachelor',1,1,'2026-05-18 06:27:35','2026-05-18 06:27:35'),(67,'B-GPHY-Y1','ທໍລະນີຟີຊິກ ປີ 1','bachelor',1,1,'2026-05-18 06:27:35','2026-05-18 06:27:35'),(68,'B-MATS-Y1','ວັດສະດຸສາດ ປີ 1','bachelor',1,1,'2026-05-18 06:27:35','2026-05-18 06:27:35'),(69,'B-NPHY-Y1','ຟິຊິກນິວເຄຣຍ ປີ 1','bachelor',1,1,'2026-05-18 06:27:35','2026-05-18 06:27:35');
/*!40000 ALTER TABLE `degree_programs` ENABLE KEYS */;
UNLOCK TABLES;

--
-- Table structure for table `departments`
--

DROP TABLE IF EXISTS `departments`;
/*!40101 SET @saved_cs_client     = @@character_set_client */;
/*!50503 SET character_set_client = utf8mb4 */;
CREATE TABLE `departments` (
  `id` int NOT NULL AUTO_INCREMENT,
  `department_name` varchar(100) CHARACTER SET utf8mb4 COLLATE utf8mb4_unicode_ci NOT NULL,
  `department_type` varchar(50) CHARACTER SET utf8mb4 COLLATE utf8mb4_unicode_ci NOT NULL,
  PRIMARY KEY (`id`),
  UNIQUE KEY `department_name` (`department_name`)
) ENGINE=InnoDB AUTO_INCREMENT=11 DEFAULT CHARSET=utf8mb4 COLLATE=utf8mb4_unicode_ci;
/*!40101 SET character_set_client = @saved_cs_client */;

--
-- Dumping data for table `departments`
--

LOCK TABLES `departments` WRITE;
/*!40000 ALTER TABLE `departments` DISABLE KEYS */;
INSERT INTO `departments` VALUES (1,'Computer','Com');
/*!40000 ALTER TABLE `departments` ENABLE KEYS */;
UNLOCK TABLES;

--
-- Table structure for table `expense_categories`
--

DROP TABLE IF EXISTS `expense_categories`;
/*!40101 SET @saved_cs_client     = @@character_set_client */;
/*!50503 SET character_set_client = utf8mb4 */;
CREATE TABLE `expense_categories` (
  `id` bigint unsigned NOT NULL AUTO_INCREMENT,
  `plan_id` bigint unsigned NOT NULL,
  `parent_id` bigint unsigned DEFAULT NULL,
  `ref_code` varchar(20) COLLATE utf8mb4_unicode_ci NOT NULL,
  `name` varchar(255) COLLATE utf8mb4_unicode_ci NOT NULL,
  `sort_order` tinyint unsigned NOT NULL DEFAULT '0',
  `formula_type` varchar(10) COLLATE utf8mb4_unicode_ci NOT NULL DEFAULT 'AB',
  `col_a_label` varchar(60) COLLATE utf8mb4_unicode_ci DEFAULT NULL,
  `col_b_label` varchar(60) COLLATE utf8mb4_unicode_ci DEFAULT NULL,
  `col_c_label` varchar(60) COLLATE utf8mb4_unicode_ci DEFAULT NULL,
  `created_at` timestamp NULL DEFAULT NULL,
  `updated_at` timestamp NULL DEFAULT NULL,
  PRIMARY KEY (`id`),
  KEY `expense_categories_plan_id_foreign` (`plan_id`),
  KEY `expense_categories_parent_id_foreign` (`parent_id`),
  CONSTRAINT `expense_categories_parent_id_foreign` FOREIGN KEY (`parent_id`) REFERENCES `expense_categories` (`id`) ON DELETE CASCADE,
  CONSTRAINT `expense_categories_plan_id_foreign` FOREIGN KEY (`plan_id`) REFERENCES `expense_plans` (`id`) ON DELETE CASCADE
) ENGINE=InnoDB AUTO_INCREMENT=51 DEFAULT CHARSET=utf8mb4 COLLATE=utf8mb4_unicode_ci;
/*!40101 SET character_set_client = @saved_cs_client */;

--
-- Dumping data for table `expense_categories`
--

LOCK TABLES `expense_categories` WRITE;
/*!40000 ALTER TABLE `expense_categories` DISABLE KEYS */;
INSERT INTO `expense_categories` VALUES (1,1,NULL,'2.1','ແຜນປະເມີນລາຍຈ່າຍບໍລິຫານປົກກະຕິ',1,'AB',NULL,NULL,NULL,'2026-05-19 07:27:26','2026-05-19 07:27:26'),(2,1,1,'2.1.1','ບໍລິຫານສັງລວມ',1,'AB','ຫົວໜ່ວຍ/ເດືອນ','ຈ/ນ',NULL,'2026-05-19 07:27:26','2026-05-19 07:27:26'),(3,1,1,'2.1.2','ບຳລຸງຮັກສາ, ສ້ອມແປງ ແລະ ຕິດຕັ້ງ',2,'AB','ລາຄາຕໍ່ໜ່ວຍ','ຈຳນວນ',NULL,'2026-05-19 07:27:26','2026-05-19 07:27:26'),(4,1,1,'2.1.3','ສ້ອມແປງ ແລະ ປັບປຸງອາຄານຫ້ອງຮຽນ',3,'AB','ລາຄາຕໍ່ໜ່ວຍ','ຈຳນວນ',NULL,'2026-05-19 07:27:26','2026-05-19 07:27:26'),(5,1,1,'2.1.4','ສ້ອມແປງພາຫານະ',4,'ABC','ລາຄາຕໍ່ໜ່ວຍ','ຈຳນວນ','ຈຳນວນຄັ້ງ','2026-05-19 07:27:26','2026-05-19 07:27:26'),(6,1,1,'2.1.5','ຊື້ເຄື່ອງຈັກ, ວັດຖຸອຸປະກອນ',5,'ABC','ລາຄາຕໍ່ໜ່ວຍ','ຈຳນວນ','ຈຳນວນຄັ້ງ','2026-05-19 07:27:26','2026-05-19 07:27:26'),(7,1,1,'2.1.6','ຄ່າປະກັນໄພພາຫະນະ',6,'ABC','ລາຄາຕໍ່ໜ່ວຍ','ຈຳນວນ','ຈຳນວນຄັ້ງ','2026-05-19 07:27:26','2026-05-19 07:27:26'),(8,1,1,'2.1.7','ລາຍຈ່າຍໄປວຽກທາງການ',7,'ABC','ອັດຕາ','ຈຳນວນຄັ້ງ','ຈຳນວນຄົນ','2026-05-19 07:27:26','2026-05-19 07:27:26'),(9,1,1,'2.1.8','ປົກປັກຮັກສາ ແລະ ອານາໄມອາຄານ, ສະຖານທີ່',8,'AB','ຫົວໜ່ວຍ/ເດືອນ','ຈ/ນ',NULL,'2026-05-19 07:27:26','2026-05-19 07:27:26'),(10,1,1,'2.1.9','ວຽກງານກິດຈະກຳນັກສຶກສາ',9,'AB','ຫົວໜ່ວຍ/ເດືອນ','ຈຳນວນ',NULL,'2026-05-19 07:27:26','2026-05-19 07:27:26'),(11,1,1,'2.1.10','ລາຍຈ່າຍກອງປະຊຸມ, ສຳມະນາ ແລະ ຝຶກອົບຮົມ',10,'AB',NULL,NULL,NULL,'2026-05-19 07:27:26','2026-05-19 07:27:26'),(12,1,11,'2.1.10.1','ລາຍຈ່າຍກອງປະຊຸມ',1,'AB','ລາຄາຕໍ່ໜ່ວຍ','ຈຳນວນຄັ້ງ',NULL,'2026-05-19 07:27:26','2026-05-19 07:27:26'),(13,1,11,'2.1.10.2','ລາຍຈ່າຍສຳມະນາ',2,'AB','ລາຄາຕໍ່ໜ່ວຍ','ຈຳນວນຄັ້ງ',NULL,'2026-05-19 07:27:26','2026-05-19 07:27:26'),(14,1,11,'2.1.10.3','ລາຍຈ່າຍຝຶກອົບຮົມ',3,'AB','ລາຄາຕໍ່ໜ່ວຍ','ຈຳນວນຄັ້ງ',NULL,'2026-05-19 07:27:26','2026-05-19 07:27:26'),(15,1,1,'2.1.11','ລາຍຈ່າຍບໍລິຫານປົກກະຕິອື່ນໆ',11,'AB','ຕໍ່ເດືອນ (ກີບ)','ຈ/ນ',NULL,'2026-05-19 07:27:26','2026-05-19 07:27:26'),(16,1,NULL,'2.2','ແຜນປະເມີນລາຍຈ່າຍປັບປຸງ ແລະ ສົ່ງເສີມວິຊາການ',2,'AB',NULL,NULL,NULL,'2026-05-19 07:27:26','2026-05-19 07:27:26'),(17,1,16,'2.2.1','ຊື້ວັດຖຸ, ອຸປະກອນການຮຽນ ແລະ ການສິດສອນ',1,'ABC','ລາຄາຕໍ່ໜ່ວຍ','ຈ/ນ','ຈຳນວນຄັ້ງ','2026-05-19 07:27:27','2026-05-19 07:27:27'),(18,1,16,'2.2.2','ປັບປຸງ ແລະ ພັດທະນາການສຶກສາ (ປັບປຸງຫຼັກສູດ, ພິມປື້ມ)',2,'AB',NULL,NULL,NULL,'2026-05-19 07:27:27','2026-05-19 07:27:27'),(19,1,18,'2.2.2.1','ງົບໃນການສ້າງຕຳລາຮຽນ (ພິມປື້ມ)',1,'AB','ລາຄາຕໍ່ໜ່ວຍ','ຈຳນວນ',NULL,'2026-05-19 07:27:27','2026-05-19 07:27:27'),(20,1,18,'2.2.2.2','ງົບໃນການພັດທະນາ ແລະ ປັບປຸງຫຼັກສູດ',2,'AB','ລາຄາຕໍ່ໜ່ວຍ','ຈຳນວນ',NULL,'2026-05-19 07:27:27','2026-05-19 07:27:27'),(21,1,16,'2.2.3','ບຳລຸງຫ້ອງທົດລອງ',3,'AB','ຫົວໜ່ວຍ/ເດືອນ','ຈ/ນ',NULL,'2026-05-19 07:27:27','2026-05-19 07:27:27'),(22,1,16,'2.2.4','ຊື້ອຸປະກອນທົດລອງ',4,'AB','ລາຄາຕໍ່ໜ່ວຍ','ຈຳນວນ',NULL,'2026-05-19 07:27:27','2026-05-19 07:27:27'),(23,1,16,'2.2.5','ລາຍຈ່າຍກອງປະຊຸມວິຊາການ',5,'AB','ລາຄາຕໍ່ໜ່ວຍ','ຈຳນວນ',NULL,'2026-05-19 07:27:27','2026-05-19 07:27:27'),(24,1,16,'2.2.6','ບຳລຸງຫ້ອງອ່ານ',6,'AB','ລາຄາຕໍ່ໜ່ວຍ','ຈຳນວນ',NULL,'2026-05-19 07:27:27','2026-05-19 07:27:27'),(25,1,16,'2.2.7','ການຍົກລະດັບໄລຍະຍາວ',7,'AB','ລາຄາຕໍ່ໜ່ວຍ','ຈຳນວນ',NULL,'2026-05-19 07:27:27','2026-05-19 07:27:27'),(26,1,16,'2.2.8','ລາຍຈ່າຍຕິດຕາມການປະຕິບັດຫຼັກສູດ',8,'AB','ລາຄາຕໍ່ໜ່ວຍ','ຈຳນວນ',NULL,'2026-05-19 07:27:27','2026-05-19 07:27:27'),(27,1,NULL,'2.3','ແຜນປະເມີນລາຍຈ່າຍດັດສົມ, ສົ່ງເສີມ ແລະ ບຳລຸງຮັກສາ',3,'AB',NULL,NULL,NULL,'2026-05-19 07:27:27','2026-05-19 07:27:27'),(28,1,27,'2.3.1','ບໍລິຫານວິຊາການ',1,'AB','ຫົວໜ່ວຍ/ເດືອນ','ຈ/ນ',NULL,'2026-05-19 07:27:27','2026-05-19 07:27:27'),(29,1,27,'2.3.2','ບູລະນະ ແລະ ປົກປັກຮັກສາວັດທະນະທຳ',2,'AB','ຫົວໜ່ວຍ/ເດືອນ','ຈ/ນ',NULL,'2026-05-19 07:27:27','2026-05-19 07:27:27'),(30,1,27,'2.3.3','ໄປທັດສະນະສຶກສາ',3,'AB','ລາຄາ/ຫົວ','ຈຳນວນ',NULL,'2026-05-19 07:27:27','2026-05-19 07:27:27'),(31,1,NULL,'2.4','ແຜນປະເມີນລາຍຈ່າຍບໍລິຫານອຸດໜູນກົງຈັກ',4,'AB',NULL,NULL,NULL,'2026-05-19 07:27:27','2026-05-19 07:27:27'),(32,1,31,'2.4.1','ອຸດໜູນຄ່າບັດໂທລະສັບປະຈຳຕຳແໜ່ງ',1,'ABC','ຫົວໜ່ວຍ/ເດືອນ','ຈ/ນ','ຈຳນວນ','2026-05-19 07:27:27','2026-05-19 07:27:27'),(33,1,31,'2.4.2','ອຸດໜູນຄ່ານ້ຳມັນປະຈຳຕຳແໜ່ງ',2,'ABC','ຫົວໜ່ວຍ/ເດືອນ','ຈ/ນ','ຈຳນວນ','2026-05-19 07:27:27','2026-05-19 07:27:27'),(34,1,31,'2.4.3','ເງິນເດືອນສັນຍາຈ້າງ ແລະ ຄ່າແຮງງານ',3,'ABC','ຄ່າແຮງ/ເດືອນ','ຈຳນວນຄົນ','ຈ/ນ','2026-05-19 07:27:27','2026-05-19 07:27:27'),(35,1,31,'2.4.4','ອຸດໜູນການເຮັດວຽກເພີ່ມ',4,'ABC','ລາຄາ/ຄັ້ງ','ຈຳນວນຄັ້ງ','ຈ/ນ','2026-05-19 07:27:27','2026-05-19 07:27:27'),(36,1,31,'2.4.5','ອຸດໜູນຄ່າຄອງຊີບ',5,'AB','ຕໍ່ເດືອນ (ກີບ)','ຈ/ນ',NULL,'2026-05-19 07:27:27','2026-05-19 07:27:27'),(37,1,NULL,'2.5','ແຜນປະເມີນລາຍຈ່າຍຄ່າສິດສອນ ແລະ ການປະເມີນ',5,'AB',NULL,NULL,NULL,'2026-05-19 07:27:27','2026-05-19 07:27:27'),(38,1,37,'2.5.1','ຄ່າສອນລະບົບພິເສດ',1,'AB','ຫົວໜ່ວຍ/ເດືອນ','ຈ/ນ',NULL,'2026-05-19 07:27:27','2026-05-19 07:27:27'),(39,1,37,'2.5.2','ຄ່າບໍລິການສອບເສັງ',2,'AB','ລາຄາ/ຄັ້ງ','ຈຳນວນ',NULL,'2026-05-19 07:27:27','2026-05-19 07:27:27'),(40,1,37,'2.5.3','ບົດໂຄງການຈົບຊັ້ນ',3,'AB','ລາຄາ/ຄັ້ງ','ຈຳນວນ',NULL,'2026-05-19 07:27:27','2026-05-19 07:27:27'),(41,1,37,'2.5.4','ອຸດໜູນການລົງທະບຽນ',4,'AB','ຕໍ່ເດືອນ (ກີບ)','ຈ/ນ',NULL,'2026-05-19 07:27:27','2026-05-19 07:27:27'),(42,1,NULL,'2.6','ແຜນລາຍຈ່າຍເຄື່ອນໄຫວນອກຫຼັກສູດ',6,'AB',NULL,NULL,NULL,'2026-05-19 07:27:27','2026-05-19 07:27:27'),(43,1,42,'2.6.1','ບໍລິຈາກເລືອດໃຫ້ອົງການກາແດງລາວ',1,'AB','ລາຄາ/ຫົວ','ຈຳນວນ',NULL,'2026-05-19 07:27:27','2026-05-19 07:27:27'),(44,1,42,'2.6.2','ເຄື່ອນໄຫວກິລາ ແລະ ສິນລະປະ',2,'AB','ລາຄາ/ຄັ້ງ','ຈຳນວນ',NULL,'2026-05-19 07:27:27','2026-05-19 07:27:27'),(45,1,42,'2.6.3','ອອກແຮງງານລວມ',3,'AB','ລາຄາ/ຄັ້ງ','ຈຳນວນ',NULL,'2026-05-19 07:27:27','2026-05-19 07:27:27'),(46,1,42,'2.6.4','ຈັດການແຂ່ງຂັນຖາມ-ຕອບວິທະຍາສາດ',4,'AB','ລາຄາ/ຄັ້ງ','ຈຳນວນ',NULL,'2026-05-19 07:27:27','2026-05-19 07:27:27'),(49,3,NULL,'2.1','ການບໍລິຫານ',0,'AB',NULL,NULL,NULL,'2026-05-20 07:29:36','2026-05-20 07:29:36'),(50,3,49,'2.1.1','ການບໍ',0,'AB',NULL,NULL,NULL,'2026-05-20 07:30:10','2026-05-20 07:30:10');
/*!40000 ALTER TABLE `expense_categories` ENABLE KEYS */;
UNLOCK TABLES;

--
-- Table structure for table `expense_items`
--

DROP TABLE IF EXISTS `expense_items`;
/*!40101 SET @saved_cs_client     = @@character_set_client */;
/*!50503 SET character_set_client = utf8mb4 */;
CREATE TABLE `expense_items` (
  `id` bigint unsigned NOT NULL AUTO_INCREMENT,
  `category_id` bigint unsigned NOT NULL,
  `sort_order` tinyint unsigned NOT NULL DEFAULT '0',
  `name` varchar(255) COLLATE utf8mb4_unicode_ci NOT NULL,
  `reference` varchar(100) COLLATE utf8mb4_unicode_ci DEFAULT NULL,
  `monthly_amount` decimal(15,2) NOT NULL DEFAULT '0.00',
  `quantity` int unsigned NOT NULL DEFAULT '1',
  `qty_c` decimal(15,2) DEFAULT NULL,
  `annual_amount` decimal(15,2) NOT NULL DEFAULT '0.00',
  `remark` varchar(255) COLLATE utf8mb4_unicode_ci DEFAULT NULL,
  `chart_of_account_id` int unsigned DEFAULT NULL,
  `created_at` timestamp NULL DEFAULT NULL,
  `updated_at` timestamp NULL DEFAULT NULL,
  PRIMARY KEY (`id`),
  KEY `expense_items_category_id_foreign` (`category_id`),
  CONSTRAINT `expense_items_category_id_foreign` FOREIGN KEY (`category_id`) REFERENCES `expense_categories` (`id`) ON DELETE CASCADE
) ENGINE=InnoDB AUTO_INCREMENT=196 DEFAULT CHARSET=utf8mb4 COLLATE=utf8mb4_unicode_ci;
/*!40101 SET character_set_client = @saved_cs_client */;

--
-- Dumping data for table `expense_items`
--

LOCK TABLES `expense_items` WRITE;
/*!40000 ALTER TABLE `expense_items` DISABLE KEYS */;
INSERT INTO `expense_items` VALUES (1,2,0,'ເຄື່ອງໃຊ້ຫ້ອງການ',NULL,2800000.00,12,NULL,33600000.00,NULL,NULL,'2026-05-19 07:27:26','2026-05-20 07:31:17'),(2,2,0,'ແບບພິມ',NULL,250000.00,12,NULL,3000000.00,NULL,NULL,'2026-05-19 07:27:26','2026-05-19 08:11:02'),(3,2,0,'ວາລະສານ ແລະ ໜັງສືພິມ',NULL,0.00,12,NULL,0.00,'',NULL,'2026-05-19 07:27:26','2026-05-19 07:27:26'),(4,2,0,'ຮັບແຂກ',NULL,800000.00,12,NULL,9600000.00,'',NULL,'2026-05-19 07:27:26','2026-05-19 07:27:26'),(5,2,0,'ໂທລະສັບບໍລິຫານ',NULL,30000.00,12,NULL,360000.00,'',NULL,'2026-05-19 07:27:26','2026-05-19 07:27:26'),(6,2,0,'ຄ່າໄປສະນີ',NULL,0.00,12,NULL,0.00,'',NULL,'2026-05-19 07:27:26','2026-05-19 07:27:26'),(7,2,0,'ຄ່າບໍລິການທະນາຄານ',NULL,30000.00,12,NULL,360000.00,'',NULL,'2026-05-19 07:27:26','2026-05-19 07:27:26'),(8,2,0,'ຊື້ຂອງຂັວນຂອງຕ້ອນ',NULL,400000.00,12,NULL,4800000.00,'',NULL,'2026-05-19 07:27:26','2026-05-19 07:27:26'),(9,2,0,'ວັນບຸນລະດັບຊາດ',NULL,500000.00,12,NULL,6000000.00,'',NULL,'2026-05-19 07:27:26','2026-05-19 07:27:26'),(10,2,0,'ອຸດໜູນວຽກປ້ອງກັນ',NULL,0.00,12,NULL,0.00,'ຂື້ນຢູ່ງົບລັດ',NULL,'2026-05-19 07:27:26','2026-05-19 07:27:26'),(11,2,0,'ຄ່ານ້ຳມັນບໍລິຫານຫ້ອງການ',NULL,0.00,4,NULL,0.00,'ຂື້ນຢູ່ງົບລັດ',NULL,'2026-05-19 07:27:26','2026-05-19 07:27:26'),(12,2,0,'ຄ່ານ້ຳມັນເຄື່ອງ',NULL,0.00,4,NULL,0.00,'ຂື້ນຢູ່ງົບລັດ',NULL,'2026-05-19 07:27:26','2026-05-19 07:27:26'),(13,3,0,'ບຳລຸງຮັກສາຄອມພີວເຕີ',NULL,300000.00,30,NULL,9000000.00,'',NULL,'2026-05-19 07:27:26','2026-05-19 07:27:26'),(14,3,0,'ບຳລຸງຮັກສາເຄື່ອງສາຍໂປຣເຈັກເຕີ',NULL,200000.00,25,NULL,5000000.00,'',NULL,'2026-05-19 07:27:26','2026-05-19 07:27:26'),(15,3,0,'ບຳລຸງຮັກສາແອເຢັນ',NULL,500000.00,90,NULL,45000000.00,'',NULL,'2026-05-19 07:27:26','2026-05-19 07:27:26'),(16,3,0,'ບຳລຸງຮັກສາຕູ້ເຢັນ + ຕູ້ນ້ຳເຢັນ',NULL,100000.00,20,NULL,2000000.00,'',NULL,'2026-05-19 07:27:26','2026-05-19 07:27:26'),(17,3,0,'ບຳລຸງຮັກສາພັດລົມ',NULL,80000.00,100,NULL,8000000.00,'',NULL,'2026-05-19 07:27:26','2026-05-19 07:27:26'),(18,3,0,'ບຳລຸງຮັກສາດອກໄຟ',NULL,10000.00,600,NULL,6000000.00,'',NULL,'2026-05-19 07:27:26','2026-05-19 07:27:26'),(19,3,0,'ບຳລຸງຮັກສາເຄື່ອງພິມ',NULL,100000.00,20,NULL,2000000.00,'',NULL,'2026-05-19 07:27:26','2026-05-19 07:27:26'),(20,3,0,'ບຳລຸງຮັກສາຈັກອັດສຳເນົາ',NULL,2000000.00,0,NULL,0.00,'',NULL,'2026-05-19 07:27:26','2026-05-19 07:27:26'),(21,3,0,'ບຳລຸງຮັກສາໂທລະສັບ',NULL,50000.00,0,NULL,0.00,'',NULL,'2026-05-19 07:27:26','2026-05-19 07:27:26'),(22,3,0,'ບຳລຸງຮັກສາກ້ອງຖ່າຍຮູບ',NULL,50000.00,0,NULL,0.00,'',NULL,'2026-05-19 07:27:26','2026-05-19 07:27:26'),(23,3,0,'ບຳລຸງຮັກສາໂທລະທັດ',NULL,50000.00,0,NULL,0.00,'',NULL,'2026-05-19 07:27:26','2026-05-19 07:27:26'),(24,3,0,'ຈັກປ້ຳນ້ຳອັດຕະໂນມັດ',NULL,1000000.00,4,NULL,4000000.00,'',NULL,'2026-05-19 07:27:26','2026-05-19 07:27:26'),(25,3,0,'ຈັກຕັດຫຍ້າ',NULL,1000000.00,2,NULL,2000000.00,'',NULL,'2026-05-19 07:27:26','2026-05-19 07:27:26'),(26,4,0,'ສ້ອມແປງອາຄານສໍານັກງານຕ່າງໆ',NULL,2000000.00,7,NULL,14000000.00,'',NULL,'2026-05-19 07:27:26','2026-05-19 07:27:26'),(27,4,0,'ປັບປຸງອາຄານຫ້ອງຮຽນ-ຫ້ອງທົດລອງ',NULL,40000000.00,1,NULL,40000000.00,'',NULL,'2026-05-19 07:27:26','2026-05-19 07:27:26'),(28,5,0,'ລົດຕູ້',NULL,2850000.00,2,1.00,5700000.00,'',NULL,'2026-05-19 07:27:26','2026-05-19 07:27:26'),(29,5,0,'ລົດຈັກ',NULL,1000000.00,1,1.00,1000000.00,'',NULL,'2026-05-19 07:27:26','2026-05-19 07:27:26'),(30,6,0,'ຊື້ ໂຕະ, ຕັ່ງ',NULL,150000.00,0,1.00,0.00,'',NULL,'2026-05-19 07:27:26','2026-05-19 07:27:26'),(31,6,0,'ບຳລຸງຮັກສາ, ສ້ອມແປງ ໂຕະ, ຕັ່ງ',NULL,30000.00,0,1.00,0.00,'',NULL,'2026-05-19 07:27:26','2026-05-19 07:27:26'),(32,6,0,'ຊື້ເຄື່ອງຈັກ ແລະ ວັດຖຸອຸປະກອນ',NULL,25000000.00,1,1.00,25000000.00,'',NULL,'2026-05-19 07:27:26','2026-05-19 07:27:26'),(33,6,0,'ຊື້ພາຫະນະ',NULL,200000000.00,0,1.00,0.00,'',NULL,'2026-05-19 07:27:26','2026-05-19 07:27:26'),(34,7,0,'ປະກັນໄພລົດໃຫຍ່',NULL,2050000.00,2,1.00,4100000.00,'',NULL,'2026-05-19 07:27:26','2026-05-19 07:27:26'),(35,8,0,'ໄປວຽກທາງການພາຍໃນປະເທດ',NULL,800000.00,5,4.00,16000000.00,'',NULL,'2026-05-19 07:27:26','2026-05-19 07:27:26'),(36,8,0,'ໄປວຽກທາງການຕ່າງປະເທດ',NULL,475000.00,4,0.00,0.00,'',NULL,'2026-05-19 07:27:26','2026-05-19 07:27:26'),(37,9,0,'ບຳລຸງຮັກສາວິທະຍາເຂດ',NULL,0.00,12,NULL,0.00,'ຈ່າຍຢູ່ງົບລັດ',NULL,'2026-05-19 07:27:26','2026-05-19 07:27:26'),(38,9,0,'- ຕັດຫຍ້າ',NULL,0.00,12,NULL,0.00,'ຈ່າຍຢູ່ງົບລັດ',NULL,'2026-05-19 07:27:26','2026-05-19 07:27:26'),(39,9,0,'- ປູກ ແລະ ບົວລະບັດສວນ',NULL,0.00,12,NULL,0.00,'ຈ່າຍຢູ່ງົບລັດ',NULL,'2026-05-19 07:27:26','2026-05-19 07:27:26'),(40,9,0,'- ກ້າເບ້ຍໄມ້',NULL,0.00,12,NULL,0.00,'ຈ່າຍຢູ່ງົບລັດ',NULL,'2026-05-19 07:27:26','2026-05-19 07:27:26'),(41,9,0,'- ອານາໄມເດີ່ນ',NULL,0.00,12,NULL,0.00,'ຈ່າຍຢູ່ງົບລັດ',NULL,'2026-05-19 07:27:26','2026-05-19 07:27:26'),(42,9,0,'ອານາໄມອາຄານ',NULL,0.00,12,NULL,0.00,'ຈ່າຍຢູ່ງົບລັດ',NULL,'2026-05-19 07:27:26','2026-05-19 07:27:26'),(43,9,0,'- ອານາໄມຫ້ອງຮຽນ',NULL,0.00,12,NULL,0.00,'ຈ່າຍຢູ່ງົບລັດ',NULL,'2026-05-19 07:27:26','2026-05-19 07:27:26'),(44,9,0,'- ອານາໄມຫ້ອງການ',NULL,0.00,12,NULL,0.00,'ຈ່າຍຢູ່ງົບລັດ',NULL,'2026-05-19 07:27:26','2026-05-19 07:27:26'),(45,9,0,'- ອານາໄມຫ້ອງທົດລອງຄອມ',NULL,0.00,12,NULL,0.00,'ຈ່າຍຢູ່ງົບລັດ',NULL,'2026-05-19 07:27:26','2026-05-19 07:27:26'),(46,10,0,'ປະຖົມນິເທດນັກສຶກສາ',NULL,1500000.00,2,NULL,3000000.00,'',NULL,'2026-05-19 07:27:26','2026-05-19 07:27:26'),(47,10,0,'ກວດສອບການປະຕິບັດລະບຽບວິໃນ',NULL,400000.00,5,NULL,2000000.00,'',NULL,'2026-05-19 07:27:26','2026-05-19 07:27:26'),(48,12,0,'ສໍານັກຄະນະບໍດີ',NULL,200000.00,12,NULL,2400000.00,'',NULL,'2026-05-19 07:27:26','2026-05-19 07:27:26'),(49,12,0,'ພາວິຊາຄະນິດສາດ',NULL,20000.00,12,NULL,240000.00,'',NULL,'2026-05-19 07:27:26','2026-05-19 07:27:26'),(50,12,0,'ພາກວິຊາຟິຊິກສາດ',NULL,20000.00,12,NULL,240000.00,'',NULL,'2026-05-19 07:27:26','2026-05-19 07:27:26'),(51,12,0,'ພາກວິຊາເຄມີສາດ',NULL,20000.00,12,NULL,240000.00,'',NULL,'2026-05-19 07:27:26','2026-05-19 07:27:26'),(52,12,0,'ພາກວິຊາຊີວະວິທະຍາ',NULL,20000.00,12,NULL,240000.00,'',NULL,'2026-05-19 07:27:26','2026-05-19 07:27:26'),(53,12,0,'ພາກວິຊາວິທະຍາສາດຄອມພິວເຕີ',NULL,20000.00,12,NULL,240000.00,'',NULL,'2026-05-19 07:27:26','2026-05-19 07:27:26'),(54,12,0,'ພະແນກວິຊາການ',NULL,20000.00,12,NULL,240000.00,'',NULL,'2026-05-19 07:27:26','2026-05-19 07:27:26'),(55,12,0,'ພະແນກຈັດຕັ້ງສັງລວມ',NULL,20000.00,12,NULL,240000.00,'',NULL,'2026-05-19 07:27:26','2026-05-19 07:27:26'),(56,12,0,'ພະແນກການເງິນ-ຊັບສິນ',NULL,20000.00,12,NULL,240000.00,'',NULL,'2026-05-19 07:27:26','2026-05-19 07:27:26'),(57,12,0,'ພະແນກຄຸ້ມຄອງນັກສຶກສາ',NULL,20000.00,12,NULL,240000.00,'',NULL,'2026-05-19 07:27:26','2026-05-19 07:27:26'),(58,12,0,'ພະແນກຄົ້ນຄົ້ວ ແລະ ບໍລິການວິຊາການ',NULL,20000.00,12,NULL,240000.00,'',NULL,'2026-05-19 07:27:26','2026-05-19 07:27:26'),(59,12,0,'ພະແນກຫຼັງປະລິນຍາຕີ',NULL,20000.00,12,NULL,240000.00,'',NULL,'2026-05-19 07:27:26','2026-05-19 07:27:26'),(60,13,0,'ສໍານັກຄະນະບໍດີ',NULL,500000.00,0,NULL,0.00,'',NULL,'2026-05-19 07:27:26','2026-05-19 07:27:26'),(61,13,0,'ພາວິຊາຄະນິດສາດ',NULL,500000.00,0,NULL,0.00,'ຂື້ນຢູ່ພາກ 63',NULL,'2026-05-19 07:27:26','2026-05-19 07:27:26'),(62,13,0,'ພາກວິຊາຟິຊິກສາດ',NULL,500000.00,0,NULL,0.00,'ຂື້ນຢູ່ພາກ 63',NULL,'2026-05-19 07:27:26','2026-05-19 07:27:26'),(63,13,0,'ພາກວິຊາເຄມີສາດ',NULL,500000.00,0,NULL,0.00,'ຂື້ນຢູ່ພາກ 63',NULL,'2026-05-19 07:27:26','2026-05-19 07:27:26'),(64,13,0,'ພາກວິຊາຊີວະວິທະຍາ',NULL,500000.00,0,NULL,0.00,'ຂື້ນຢູ່ພາກ 63',NULL,'2026-05-19 07:27:26','2026-05-19 07:27:26'),(65,13,0,'ພາກວິຊາວິທະຍາສາດຄອມພິວເຕີ',NULL,500000.00,0,NULL,0.00,'ຂື້ນຢູ່ພາກ 63',NULL,'2026-05-19 07:27:26','2026-05-19 07:27:26'),(66,13,0,'ພະແນກວິຊາການ',NULL,3000000.00,1,NULL,3000000.00,'',NULL,'2026-05-19 07:27:26','2026-05-19 07:27:26'),(67,13,0,'ພະແນກຈັດຕັ້ງສັງລວມ',NULL,3000000.00,1,NULL,3000000.00,'',NULL,'2026-05-19 07:27:26','2026-05-19 07:27:26'),(68,13,0,'ພະແນກການເງິນ-ຊັບສິນ',NULL,3000000.00,1,NULL,3000000.00,'',NULL,'2026-05-19 07:27:26','2026-05-19 07:27:26'),(69,13,0,'ພະແນກຄຸ້ມຄອງນັກສຶກສາ',NULL,3000000.00,0,NULL,0.00,'',NULL,'2026-05-19 07:27:26','2026-05-19 07:27:26'),(70,13,0,'ພະແນກຄົ້ນຄົ້ວ ແລະ ບໍລິການວິຊາການ',NULL,3000000.00,0,NULL,0.00,'',NULL,'2026-05-19 07:27:26','2026-05-19 07:27:26'),(71,13,0,'ພະແນກຫຼັງປະລິນຍາຕີ',NULL,3000000.00,0,NULL,0.00,'',NULL,'2026-05-19 07:27:26','2026-05-19 07:27:26'),(72,14,0,'ສໍານັກຄະນະບໍດີ',NULL,500000.00,0,NULL,0.00,'',NULL,'2026-05-19 07:27:26','2026-05-19 07:27:26'),(73,14,0,'ພາວິຊາຄະນິດສາດ',NULL,500000.00,0,NULL,0.00,'ຂື້ນຢູ່ພາກ 63',NULL,'2026-05-19 07:27:26','2026-05-19 07:27:26'),(74,14,0,'ພາກວິຊາຟິຊິກສາດ',NULL,500000.00,0,NULL,0.00,'ຂື້ນຢູ່ພາກ 63',NULL,'2026-05-19 07:27:26','2026-05-19 07:27:26'),(75,14,0,'ພາກວິຊາເຄມີສາດ',NULL,500000.00,0,NULL,0.00,'ຂື້ນຢູ່ພາກ 63',NULL,'2026-05-19 07:27:26','2026-05-19 07:27:26'),(76,14,0,'ພາກວິຊາຊີວະວິທະຍາ',NULL,500000.00,0,NULL,0.00,'ຂື້ນຢູ່ພາກ 63',NULL,'2026-05-19 07:27:26','2026-05-19 07:27:26'),(77,14,0,'ພາກວິຊາວິທະຍາສາດຄອມພິວເຕີ',NULL,500000.00,0,NULL,0.00,'ຂື້ນຢູ່ພາກ 63',NULL,'2026-05-19 07:27:26','2026-05-19 07:27:26'),(78,14,0,'ພະແນກວິຊາການ',NULL,3000000.00,0,NULL,0.00,'',NULL,'2026-05-19 07:27:26','2026-05-19 07:27:26'),(79,14,0,'ພະແນກຈັດຕັ້ງສັງລວມ',NULL,3000000.00,0,NULL,0.00,'',NULL,'2026-05-19 07:27:26','2026-05-19 07:27:26'),(80,14,0,'ພະແນກການເງິນ-ຊັບສິນ',NULL,3000000.00,0,NULL,0.00,'',NULL,'2026-05-19 07:27:26','2026-05-19 07:27:26'),(81,14,0,'ພະແນກຄຸ້ມຄອງນັກສຶກສາ',NULL,3000000.00,1,NULL,3000000.00,'',NULL,'2026-05-19 07:27:26','2026-05-19 07:27:26'),(82,14,0,'ພະແນກຄົ້ນຄົ້ວ ແລະ ບໍລິການວິຊາການ',NULL,3000000.00,1,NULL,3000000.00,'',NULL,'2026-05-19 07:27:26','2026-05-19 07:27:26'),(83,14,0,'ພະແນກຫຼັງປະລິນຍາຕີ',NULL,3000000.00,1,NULL,3000000.00,'',NULL,'2026-05-19 07:27:26','2026-05-19 07:27:26'),(84,15,0,'ລາຍຈ່າຍບໍລິຫານປົກກະຕິອື່ນໆ',NULL,36090500.00,1,NULL,36090500.00,'',NULL,'2026-05-19 07:27:26','2026-05-19 07:27:26'),(85,17,0,'ອຸປະກອນການຮຽນ-ການສອນ',NULL,1500000.00,12,1.00,18000000.00,'',NULL,'2026-05-19 07:27:27','2026-05-19 07:27:27'),(86,17,0,'ອຸປະກອນການສອບເສັງ',NULL,4000000.00,1,2.00,8000000.00,'',NULL,'2026-05-19 07:27:27','2026-05-19 07:27:27'),(87,19,0,'ພາກວິຊາຄະນິດສາດ',NULL,0.00,1,NULL,0.00,'',NULL,'2026-05-19 07:27:27','2026-05-19 07:27:27'),(88,19,0,'ພາກວິຊາຟີຊິກສາດ',NULL,0.00,1,NULL,0.00,'',NULL,'2026-05-19 07:27:27','2026-05-19 07:27:27'),(89,19,0,'ພາກວິຊາເຄມີສາດ',NULL,0.00,1,NULL,0.00,'',NULL,'2026-05-19 07:27:27','2026-05-19 07:27:27'),(90,19,0,'ພາກວິຊາຊີວະວິທະຍາ',NULL,0.00,1,NULL,0.00,'',NULL,'2026-05-19 07:27:27','2026-05-19 07:27:27'),(91,19,0,'ພາກວິຊາວິທະຍາສາດຄອມພີວເຕີ',NULL,0.00,1,NULL,0.00,'',NULL,'2026-05-19 07:27:27','2026-05-19 07:27:27'),(92,20,0,'ພາກວິຊາຄະນິດສາດ',NULL,0.00,1,NULL,0.00,'',NULL,'2026-05-19 07:27:27','2026-05-19 07:27:27'),(93,20,0,'ພາກວິຊາຟີຊິກສາດ',NULL,0.00,1,NULL,0.00,'',NULL,'2026-05-19 07:27:27','2026-05-19 07:27:27'),(94,20,0,'ພາກວິຊາເຄມີສາດ',NULL,0.00,1,NULL,0.00,'',NULL,'2026-05-19 07:27:27','2026-05-19 07:27:27'),(95,20,0,'ພາກວິຊາຊີວະວິທະຍາ',NULL,0.00,1,NULL,0.00,'',NULL,'2026-05-19 07:27:27','2026-05-19 07:27:27'),(96,20,0,'ພາກວິຊາວິທະຍາສາດຄອມພີວເຕີ',NULL,0.00,1,NULL,0.00,'',NULL,'2026-05-19 07:27:27','2026-05-19 07:27:27'),(97,20,0,'ປັບປຸງ ແລະ ພັດທະນາຫຼັກສູດ ປໍໂທ+ເອກ',NULL,76000000.00,1,NULL,76000000.00,'',NULL,'2026-05-19 07:27:27','2026-05-19 07:27:27'),(98,21,0,'ພາກວິຊາຄະນິດສາດ',NULL,250000.00,12,NULL,3000000.00,'',NULL,'2026-05-19 07:27:27','2026-05-19 07:27:27'),(99,21,0,'ພາກວິຊາຟິຊິກສາດ',NULL,500000.00,12,NULL,6000000.00,'',NULL,'2026-05-19 07:27:27','2026-05-19 07:27:27'),(100,21,0,'ພາກວິຊາເຄມີສາດ',NULL,500000.00,12,NULL,6000000.00,'',NULL,'2026-05-19 07:27:27','2026-05-19 07:27:27'),(101,21,0,'ພາກວິຊາຊີວະວິທະຍາ',NULL,500000.00,12,NULL,6000000.00,'',NULL,'2026-05-19 07:27:27','2026-05-19 07:27:27'),(102,21,0,'ພາກວິຊາວິທະຍາສາດຄອມພິວເຕີ',NULL,1083333.00,12,NULL,12999996.00,'',NULL,'2026-05-19 07:27:27','2026-05-19 07:27:27'),(103,21,0,'ຊື້ອຸປະກອນທົດລອງ',NULL,0.00,12,NULL,0.00,'',NULL,'2026-05-19 07:27:27','2026-05-19 07:27:27'),(104,22,0,'ອຸປະກອນທົດລອງຟິຊິກສາດ',NULL,32000000.00,0,NULL,0.00,'',NULL,'2026-05-19 07:27:27','2026-05-19 07:27:27'),(105,22,0,'ອຸປະກອນທົດລອງເຄມີສາດ',NULL,32000000.00,0,NULL,0.00,'',NULL,'2026-05-19 07:27:27','2026-05-19 07:27:27'),(106,22,0,'ອຸປະກອນທົດລອງຊີວະວິທະຍາ',NULL,32000000.00,0,NULL,0.00,'',NULL,'2026-05-19 07:27:27','2026-05-19 07:27:27'),(107,22,0,'ຄອມພິວເຕີຕັ້ງໂຕະ (PC)',NULL,12100000.00,40,NULL,484000000.00,'',NULL,'2026-05-19 07:27:27','2026-05-19 07:27:27'),(108,22,0,'ໂປຣເຈັກເຕີໃສ່ຫ້ອງຮຽນ',NULL,5300000.00,0,NULL,0.00,'',NULL,'2026-05-19 07:27:27','2026-05-19 07:27:27'),(109,23,0,'ກອງປະຊຸມ/ສຳມະນາ ປໍໂທ',NULL,0.00,1,NULL,0.00,'',NULL,'2026-05-19 07:27:27','2026-05-19 07:27:27'),(110,24,0,'ຊື້ປື້ມໃສ່ຫ້ອງອ່ານ',NULL,425000.00,0,NULL,0.00,'',NULL,'2026-05-19 07:27:27','2026-05-19 07:27:27'),(111,24,0,'ຊື້ຮ້ານປື້ມໃສ່ຫ້ອງອ່ານ',NULL,2500000.00,0,NULL,0.00,'',NULL,'2026-05-19 07:27:27','2026-05-19 07:27:27'),(112,25,0,'ສົ່ງພະນັກງານໄປຍົກລະດັບ',NULL,0.00,1,NULL,0.00,'',NULL,'2026-05-19 07:27:27','2026-05-19 07:27:27'),(113,26,0,'ຕິດຕາມຫຼັກສູດ ປໍໂທ',NULL,0.00,1,NULL,0.00,'',NULL,'2026-05-19 07:27:27','2026-05-19 07:27:27'),(114,28,0,'ສົ່ງເສີມວິຊາການສ່ວນກາງ',NULL,0.00,12,NULL,0.00,'ຂື້ນຢູ່ພາກ 62',NULL,'2026-05-19 07:27:27','2026-05-19 07:27:27'),(115,28,0,'ກອງປະຊຸມ/ສຳມະນາການເງິນ',NULL,0.00,12,NULL,0.00,'ຂື້ນຢູ່ພາກ 62',NULL,'2026-05-19 07:27:27','2026-05-19 07:27:27'),(116,28,0,'ພະແນກບໍລິຫານສັງລວມ',NULL,0.00,12,NULL,0.00,'ຂື້ນຢູ່ພາກ 62',NULL,'2026-05-19 07:27:27','2026-05-19 07:27:27'),(117,28,0,'ໜ່ວຍງານ ICT',NULL,0.00,12,NULL,0.00,'ຂື້ນຢູ່ພາກ 62',NULL,'2026-05-19 07:27:27','2026-05-19 07:27:27'),(118,28,0,'ຫຼັງປະລິນຍາຕີ',NULL,0.00,12,NULL,0.00,'ຂື້ນຢູ່ພາກ 62',NULL,'2026-05-19 07:27:27','2026-05-19 07:27:27'),(119,28,0,'ຄົ້ນຄ້ວາ ແລະ ບໍລິການວິຊາການ',NULL,0.00,12,NULL,0.00,'ຂື້ນຢູ່ພາກ 62',NULL,'2026-05-19 07:27:27','2026-05-19 07:27:27'),(120,28,0,'ພັດທະນາຫຸ່ນຍົນ (Robot)',NULL,0.00,12,NULL,0.00,'ຂື້ນຢູ່ພາກ 62',NULL,'2026-05-19 07:27:27','2026-05-19 07:27:27'),(121,28,0,'ພະແນກວິຊາການ',NULL,0.00,12,NULL,0.00,'ຂື້ນຢູ່ພາກ 62',NULL,'2026-05-19 07:27:27','2026-05-19 07:27:27'),(122,28,0,'ພະແນກຄຸ້ມຄອງນັກສຶກສາ',NULL,0.00,12,NULL,0.00,'ຂື້ນຢູ່ພາກ 62',NULL,'2026-05-19 07:27:27','2026-05-19 07:27:27'),(123,28,0,'ພາກວິຊາຄະນິດສາດ',NULL,416667.00,12,NULL,5000004.00,'',NULL,'2026-05-19 07:27:27','2026-05-19 07:27:27'),(124,28,0,'ພາກວິຊາຟີຊິກສາດ',NULL,416667.00,12,NULL,5000004.00,'',NULL,'2026-05-19 07:27:27','2026-05-19 07:27:27'),(125,28,0,'ພາກວິຊາເຄມີສາດ',NULL,416667.00,12,NULL,5000004.00,'',NULL,'2026-05-19 07:27:27','2026-05-19 07:27:27'),(126,28,0,'ພາກວິຊາຊີວະວິທະຍາ',NULL,416667.00,12,NULL,5000004.00,'',NULL,'2026-05-19 07:27:27','2026-05-19 07:27:27'),(127,28,0,'ພາກວິຊາວິທະຍາສາດຄອມພີວເຕີ',NULL,416667.00,12,NULL,5000004.00,'',NULL,'2026-05-19 07:27:27','2026-05-19 07:27:27'),(128,28,0,'ສາມອົງການຈັດຕັ້ງມະຫາຊົນ',NULL,0.00,12,NULL,0.00,'',NULL,'2026-05-19 07:27:27','2026-05-19 07:27:27'),(129,28,0,'ເຄື່ອນໄຫວວຽກວິຊາການອື່ນໆ',NULL,0.00,4,NULL,0.00,'',NULL,'2026-05-19 07:27:27','2026-05-19 07:27:27'),(130,29,0,'ສໍານັກຄະນະບໍດີ',NULL,1041667.00,12,NULL,12500004.00,'',NULL,'2026-05-19 07:27:27','2026-05-19 07:27:27'),(131,29,0,'ພາກວິຊາຄະນິດສາດ',NULL,81167.00,12,NULL,974004.00,'',NULL,'2026-05-19 07:27:27','2026-05-19 07:27:27'),(132,29,0,'ພາກວິຊາຟິຊິກສາດ',NULL,49500.00,12,NULL,594000.00,'',NULL,'2026-05-19 07:27:27','2026-05-19 07:27:27'),(133,29,0,'ພາກວິຊາເຄມີສາດ',NULL,70750.00,12,NULL,849000.00,'',NULL,'2026-05-19 07:27:27','2026-05-19 07:27:27'),(134,29,0,'ພາກວິຊາຊີວະວິທະຍາ',NULL,51083.00,12,NULL,612996.00,'',NULL,'2026-05-19 07:27:27','2026-05-19 07:27:27'),(135,29,0,'ພາກວິຊາວິທະຍາສາດຄອມພິວເຕີ',NULL,350333.00,12,NULL,4203996.00,'',NULL,'2026-05-19 07:27:27','2026-05-19 07:27:27'),(136,30,0,'ສໍານັກຄະນະບໍດີ',NULL,190000.00,0,NULL,0.00,'',NULL,'2026-05-19 07:27:27','2026-05-19 07:27:27'),(137,30,0,'ພາກວິຊາຄະນິດສາດ',NULL,190000.00,0,NULL,0.00,'',NULL,'2026-05-19 07:27:27','2026-05-19 07:27:27'),(138,30,0,'ພາກວິຊາຟິຊິກສາດ',NULL,190000.00,0,NULL,0.00,'',NULL,'2026-05-19 07:27:27','2026-05-19 07:27:27'),(139,30,0,'ພາກວິຊາເຄມີສາດ',NULL,190000.00,0,NULL,0.00,'',NULL,'2026-05-19 07:27:27','2026-05-19 07:27:27'),(140,30,0,'ພາກວິຊາຊີວະວິທະຍາ',NULL,190000.00,0,NULL,0.00,'',NULL,'2026-05-19 07:27:27','2026-05-19 07:27:27'),(141,30,0,'ພາກວິຊາວິທະຍາສາດຄອມພິວເຕີ',NULL,190000.00,0,NULL,0.00,'',NULL,'2026-05-19 07:27:27','2026-05-19 07:27:27'),(142,32,0,'ຄະນະບໍດີ',NULL,0.00,12,1.00,0.00,'ຈ່າຍງົບລັດ',NULL,'2026-05-19 07:27:27','2026-05-19 07:27:27'),(143,32,0,'ຮອງຄະນະບໍດີ',NULL,0.00,12,3.00,0.00,'ຈ່າຍງົບລັດ',NULL,'2026-05-19 07:27:27','2026-05-19 07:27:27'),(144,32,0,'ຫົວໜ້າພາກວິຊາ',NULL,0.00,12,5.00,0.00,'ຈ່າຍງົບລັດ',NULL,'2026-05-19 07:27:27','2026-05-19 07:27:27'),(145,32,0,'ຫົວໜ້າພະແນກ',NULL,0.00,12,6.00,0.00,'ຈ່າຍງົບລັດ',NULL,'2026-05-19 07:27:27','2026-05-19 07:27:27'),(146,32,0,'ຮອງຫົວໜ້າພາກວິຊາ',NULL,0.00,12,10.00,0.00,'ຈ່າຍງົບລັດ',NULL,'2026-05-19 07:27:27','2026-05-19 07:27:27'),(147,32,0,'ຮອງຫົວໜ້າພະແນກ',NULL,0.00,12,12.00,0.00,'ຈ່າຍງົບລັດ',NULL,'2026-05-19 07:27:27','2026-05-19 07:27:27'),(148,32,0,'ຫົວໜ້າໜ່ວຍງານ, ເລຂາ',NULL,0.00,12,11.00,0.00,'ຈ່າຍງົບລັດ',NULL,'2026-05-19 07:27:27','2026-05-19 07:27:27'),(149,32,0,'ຫົວໜ້າໜ່ວຍວິຊາ',NULL,0.00,12,29.00,0.00,'ຈ່າຍງົບລັດ',NULL,'2026-05-19 07:27:27','2026-05-19 07:27:27'),(150,32,0,'ໜ່ວຍງານ, ສາມອົງການ',NULL,0.00,12,8.00,0.00,'ຈ່າຍງົບລັດ',NULL,'2026-05-19 07:27:27','2026-05-19 07:27:27'),(151,32,0,'ສາມອົງການຈັດຕັ້ງ',NULL,0.00,12,3.00,0.00,'ຈ່າຍງົບລັດ',NULL,'2026-05-19 07:27:27','2026-05-19 07:27:27'),(152,33,0,'ຄະນະບໍດີ',NULL,500000.00,0,1.00,0.00,'ໃຊ້ງົບລັດ',NULL,'2026-05-19 07:27:27','2026-05-19 07:27:27'),(153,33,0,'ຮອງຄະນະ, ຫົວໜ້າພາກ',NULL,400000.00,0,8.00,0.00,'ໃຊ້ງົບລັດ',NULL,'2026-05-19 07:27:27','2026-05-19 07:27:27'),(154,33,0,'ຫົວໜ້າພະແນກ, ຮອງພາກ',NULL,200000.00,0,16.00,0.00,'ໃຊ້ງົບລັດ',NULL,'2026-05-19 07:27:27','2026-05-19 07:27:27'),(155,33,0,'ຮອງຫົວໜ້າພະ, ຮສ ແລະ ຫົວໜ້າໜ່ວຍ',NULL,150000.00,0,26.00,0.00,'ໃຊ້ງົບລັດ',NULL,'2026-05-19 07:27:27','2026-05-19 07:27:27'),(156,33,0,'ຮອງຫົວໜ້າໜ່ວຍ, ຫົວໜ້າໜ່ວຍງານ',NULL,80000.00,0,13.00,0.00,'ໃຊ້ງົບລັດ',NULL,'2026-05-19 07:27:27','2026-05-19 07:27:27'),(157,33,0,'ຮອງຫົວໜ້າໜ່ວຍງານ',NULL,70000.00,0,1.00,0.00,'ໃຊ້ງົບລັດ',NULL,'2026-05-19 07:27:27','2026-05-19 07:27:27'),(158,33,0,'ອາຈານ ແລະ ພະນັກງານທົ່ວໄປ',NULL,50000.00,0,35.00,0.00,'ໃຊ້ງົບລັດ',NULL,'2026-05-19 07:27:27','2026-05-19 07:27:27'),(159,34,0,'ຄ່າແຮງສໍານັກ',NULL,2000000.00,1,12.00,24000000.00,'ຈ່າຍງົບລັດ',NULL,'2026-05-19 07:27:27','2026-05-19 07:27:27'),(160,34,0,'ຄ່າແຮງຂັບລົດ',NULL,2000000.00,1,12.00,24000000.00,'ຈ່າຍງົບລັດ',NULL,'2026-05-19 07:27:27','2026-05-19 07:27:27'),(161,34,0,'ICT ສັນຍາຈ້າງ',NULL,1000000.00,0,0.00,0.00,'ຈ່າຍງົບລັດ',NULL,'2026-05-19 07:27:27','2026-05-19 07:27:27'),(162,35,0,'ອຸດໜູນລົງທະບຽນ',NULL,0.00,2,NULL,0.00,'ຈ່າຍງົບລັດ',NULL,'2026-05-19 07:27:27','2026-05-19 07:27:27'),(163,35,0,'ອຸດໜູນການສອບເສັງ',NULL,0.00,2,NULL,0.00,'ຈ່າຍງົບລັດ',NULL,'2026-05-19 07:27:27','2026-05-19 07:27:27'),(164,35,0,'ອຸດໜູນກວດສອບງົບ',NULL,0.00,0,NULL,0.00,'ຈ່າຍງົບລັດ',NULL,'2026-05-19 07:27:27','2026-05-19 07:27:27'),(165,35,0,'ອຸດໜູນຕາມຂໍ້ຕົກລົງ',NULL,0.00,0,NULL,0.00,'ຈ່າຍງົບລັດ',NULL,'2026-05-19 07:27:27','2026-05-19 07:27:27'),(166,35,0,'ອຸດໜູນເທີມສາມ',NULL,0.00,0,NULL,0.00,'ຈ່າຍງົບລັດ',NULL,'2026-05-19 07:27:27','2026-05-19 07:27:27'),(167,35,0,'ອຸດໜູນສະຫຼຸບການເງິນ',NULL,0.00,1,NULL,0.00,'ຈ່າຍງົບລັດ',NULL,'2026-05-19 07:27:27','2026-05-19 07:27:27'),(168,35,0,'ອຸດໜູນ ປໍໂທ',NULL,0.00,1,NULL,0.00,'ຈ່າຍງົບລັດ',NULL,'2026-05-19 07:27:27','2026-05-19 07:27:27'),(169,35,0,'ອຸດໜູນນຳພາ ວທ',NULL,0.00,0,NULL,0.00,'ຈ່າຍງົບລັດ',NULL,'2026-05-19 07:27:27','2026-05-19 07:27:27'),(170,36,0,'ອຸດໜູນຄ່າຄອງຊີບ',NULL,0.00,12,NULL,0.00,'ຈ່າຍງົບລັດ',NULL,'2026-05-19 07:27:27','2026-05-19 07:27:27'),(171,38,0,'ຄ່າຊົ່ວໂມງສອນພາກພິເສດ',NULL,27655600.00,12,NULL,331867200.00,'',NULL,'2026-05-19 07:27:27','2026-05-19 07:27:27'),(172,38,0,'ຄ່າຊົ່ວໂມງສອນເທີມສາມ',NULL,0.00,12,NULL,0.00,'',NULL,'2026-05-19 07:27:27','2026-05-19 07:27:27'),(173,38,0,'ຄ່າຊົ່ວໂມງສອນ ປໍໂທ',NULL,27194400.00,12,NULL,326332800.00,'',NULL,'2026-05-19 07:27:27','2026-05-19 07:27:27'),(174,39,0,'ຄ່າກຳມະການສອບເສັງຈົບຊັ້ນ',NULL,2000000.00,0,NULL,0.00,'',NULL,'2026-05-19 07:27:27','2026-05-19 07:27:27'),(175,39,0,'ຄ່າຍາມຫ້ອງເສັງ',NULL,6000000.00,0,NULL,0.00,'',NULL,'2026-05-19 07:27:27','2026-05-19 07:27:27'),(176,39,0,'ຄ່າອອກ/ກວດຫົວບົດ',NULL,4000000.00,0,NULL,0.00,'',NULL,'2026-05-19 07:27:27','2026-05-19 07:27:27'),(177,39,0,'ຄ່າສອບເສັງ ປໍໂທ',NULL,0.00,0,NULL,0.00,'',NULL,'2026-05-19 07:27:27','2026-05-19 07:27:27'),(178,40,0,'ຄ່າຊີ້ນຳບົດຈົບຊັ້ນ',NULL,0.00,50,NULL,0.00,'',NULL,'2026-05-19 07:27:27','2026-05-19 07:27:27'),(179,40,0,'ຄ່າກຳມະການປ້ອງກັນ',NULL,0.00,1,NULL,0.00,'',NULL,'2026-05-19 07:27:27','2026-05-19 07:27:27'),(180,40,0,'ຄ່າ ວທ ຈົບຊັ້ນ ປໍໂທ',NULL,0.00,6,NULL,0.00,'',NULL,'2026-05-19 07:27:27','2026-05-19 07:27:27'),(181,41,0,'ອຸດໜູນການລົງທະບຽນ',NULL,55000000.00,0,NULL,0.00,'',NULL,'2026-05-19 07:27:27','2026-05-19 07:27:27'),(182,43,0,'ບໍລິຈາກເລືອດຄັ້ງທີ I',NULL,50000.00,0,NULL,0.00,'ຂື້ນຢູ່ງົບສະຫວັດດິການ',NULL,'2026-05-19 07:27:27','2026-05-19 07:27:27'),(183,43,0,'ບໍລິຈາກເລືອດຄັ້ງທີ II',NULL,50000.00,0,NULL,0.00,'ຂື້ນຢູ່ງົບສະຫວັດດິການ',NULL,'2026-05-19 07:27:27','2026-05-19 07:27:27'),(184,44,0,'ການແຂ່ງຂັນກິລາຊາວໜຸ່ມ',NULL,200000.00,0,NULL,0.00,'',NULL,'2026-05-19 07:27:27','2026-05-19 07:27:27'),(185,44,0,'ການເຄື່ອນໄຫວກິລາພາຍໃນ',NULL,200000.00,0,NULL,0.00,'',NULL,'2026-05-19 07:27:27','2026-05-19 07:27:27'),(186,44,0,'ການເຄື່ອນໄຫວກິລາກັບທາງນອກ',NULL,200000.00,0,NULL,0.00,'',NULL,'2026-05-19 07:27:27','2026-05-19 07:27:27'),(187,44,0,'ສິນລະປະກຳຂອງນັກສຶກສາ',NULL,200000.00,0,NULL,0.00,'',NULL,'2026-05-19 07:27:27','2026-05-19 07:27:27'),(188,44,0,'ການຝຶກຊ້ອມສິນລະປະວັນນະຄະດີ',NULL,200000.00,0,NULL,0.00,'',NULL,'2026-05-19 07:27:27','2026-05-19 07:27:27'),(189,45,0,'ອານາໄມຫ້ອງຮຽນ, ຫ້ອງການ',NULL,100000.00,0,NULL,0.00,'ຂື້ນຢູ່ງົບລັດ',NULL,'2026-05-19 07:27:27','2026-05-19 07:27:27'),(190,45,0,'ອານາໄມສະຖານທີ່',NULL,100000.00,0,NULL,0.00,'ຂື້ນຢູ່ງົບລັດ',NULL,'2026-05-19 07:27:27','2026-05-19 07:27:27'),(191,45,0,'ປູກຕົ້ນໄມ້',NULL,100000.00,0,NULL,0.00,'ຂື້ນຢູ່ງົບລັດ',NULL,'2026-05-19 07:27:27','2026-05-19 07:27:27'),(192,46,0,'ຄ່າເຊົ່າຫ້ອງປະຊຸມ 1 ວັນ',NULL,500000.00,0,NULL,0.00,'',NULL,'2026-05-19 07:27:27','2026-05-19 07:27:27'),(193,46,0,'ຄ່ານ້ຳດື່ມ',NULL,500000.00,0,NULL,0.00,'',NULL,'2026-05-19 07:27:27','2026-05-19 07:27:27'),(194,46,0,'ຄ່າຂັນລາງວັນ',NULL,500000.00,0,NULL,0.00,'',NULL,'2026-05-19 07:27:27','2026-05-19 07:27:27'),(195,46,0,'ຄ່າອອກຄຳຖາມ',NULL,2000.00,0,NULL,0.00,'',NULL,'2026-05-19 07:27:27','2026-05-19 07:27:27');
/*!40000 ALTER TABLE `expense_items` ENABLE KEYS */;
UNLOCK TABLES;

--
-- Table structure for table `expense_plans`
--

DROP TABLE IF EXISTS `expense_plans`;
/*!40101 SET @saved_cs_client     = @@character_set_client */;
/*!50503 SET character_set_client = utf8mb4 */;
CREATE TABLE `expense_plans` (
  `id` bigint unsigned NOT NULL AUTO_INCREMENT,
  `fiscal_year` smallint unsigned NOT NULL,
  `status` enum('DRAFT','APPROVED') COLLATE utf8mb4_unicode_ci NOT NULL DEFAULT 'DRAFT',
  `notes` text COLLATE utf8mb4_unicode_ci,
  `created_by` bigint unsigned NOT NULL,
  `created_at` timestamp NULL DEFAULT NULL,
  `updated_at` timestamp NULL DEFAULT NULL,
  PRIMARY KEY (`id`)
) ENGINE=InnoDB AUTO_INCREMENT=4 DEFAULT CHARSET=utf8mb4 COLLATE=utf8mb4_unicode_ci;
/*!40101 SET character_set_client = @saved_cs_client */;

--
-- Dumping data for table `expense_plans`
--

LOCK TABLES `expense_plans` WRITE;
/*!40000 ALTER TABLE `expense_plans` DISABLE KEYS */;
INSERT INTO `expense_plans` VALUES (1,2026,'DRAFT','ນຳເຂົ້າຈາກ Planning 2026.xls',1,'2026-05-19 07:27:26','2026-05-19 07:27:26'),(3,2027,'DRAFT',NULL,2,'2026-05-19 08:10:32','2026-05-19 08:10:32');
/*!40000 ALTER TABLE `expense_plans` ENABLE KEYS */;
UNLOCK TABLES;

--
-- Table structure for table `income_rate_settings`
--

DROP TABLE IF EXISTS `income_rate_settings`;
/*!40101 SET @saved_cs_client     = @@character_set_client */;
/*!50503 SET character_set_client = utf8mb4 */;
CREATE TABLE `income_rate_settings` (
  `id` bigint unsigned NOT NULL AUTO_INCREMENT,
  `key` varchar(50) COLLATE utf8mb4_unicode_ci NOT NULL,
  `label` varchar(255) COLLATE utf8mb4_unicode_ci NOT NULL,
  `rate` decimal(15,2) NOT NULL DEFAULT '0.00',
  `created_at` timestamp NULL DEFAULT NULL,
  `updated_at` timestamp NULL DEFAULT NULL,
  PRIMARY KEY (`id`),
  UNIQUE KEY `income_rate_settings_key_unique` (`key`)
) ENGINE=InnoDB AUTO_INCREMENT=5 DEFAULT CHARSET=utf8mb4 COLLATE=utf8mb4_unicode_ci;
/*!40101 SET character_set_client = @saved_cs_client */;

--
-- Dumping data for table `income_rate_settings`
--

LOCK TABLES `income_rate_settings` WRITE;
/*!40000 ALTER TABLE `income_rate_settings` DISABLE KEYS */;
INSERT INTO `income_rate_settings` VALUES (1,'item3_rate','ອັດຕາ Item 3 (ຕໍ່ ນ/ສ)',0.00,'2026-05-18 20:31:56','2026-05-20 07:50:36'),(2,'item4_rate','ອັດຕາ Item 4 (ຕໍ່ ນ/ສ)',50000.00,'2026-05-18 20:31:56','2026-05-20 07:50:36'),(3,'item5_rate','ອັດຕາ Item 5 (ຕໍ່ ນ/ສ)',20000.00,'2026-05-18 20:31:56','2026-05-20 07:50:36'),(4,'item6_rate','ອັດຕາ Item 6 (ຕໍ່ ນ/ສ)',0.00,'2026-05-18 20:31:56','2026-05-20 07:50:36');
/*!40000 ALTER TABLE `income_rate_settings` ENABLE KEYS */;
UNLOCK TABLES;

--
-- Table structure for table `migrations`
--

DROP TABLE IF EXISTS `migrations`;
/*!40101 SET @saved_cs_client     = @@character_set_client */;
/*!50503 SET character_set_client = utf8mb4 */;
CREATE TABLE `migrations` (
  `id` int unsigned NOT NULL AUTO_INCREMENT,
  `migration` varchar(255) COLLATE utf8mb4_unicode_ci NOT NULL,
  `batch` int NOT NULL,
  PRIMARY KEY (`id`)
) ENGINE=InnoDB AUTO_INCREMENT=41 DEFAULT CHARSET=utf8mb4 COLLATE=utf8mb4_unicode_ci;
/*!40101 SET character_set_client = @saved_cs_client */;

--
-- Dumping data for table `migrations`
--

LOCK TABLES `migrations` WRITE;
/*!40000 ALTER TABLE `migrations` DISABLE KEYS */;
INSERT INTO `migrations` VALUES (4,'2026_05_17_133150_create_degree_programs_table',1),(5,'2026_05_17_133151_create_course_credit_settings_table',1),(6,'2026_05_17_133151_create_credit_unit_price_settings_table',1),(7,'2026_05_17_133154_create_academic_income_plans_table',2),(8,'2026_05_17_133154_create_payment_installment_settings_table',2),(9,'2026_05_17_133154_create_registration_fee_settings_table',2),(10,'2026_05_17_133155_create_academic_income_items_table',3),(11,'2026_05_17_152605_modify_credit_course_settings_use_level',4),(12,'2026_05_17_153113_remove_masters_phd_level',5),(13,'2026_05_17_160545_redesign_registration_fee_settings_to_itemized',6),(14,'2026_05_17_165401_change_course_credit_settings_to_per_program',7),(15,'2026_05_18_000001_create_degree_programs_table',8),(16,'2026_05_18_000002_create_course_credit_settings_table',8),(17,'2026_05_18_000003_create_credit_unit_price_settings_table',8),(18,'2026_05_18_000004_create_registration_fee_settings_table',8),(19,'2026_05_18_000005_create_registration_fee_items_table',8),(20,'2026_05_18_000006_create_academic_income_plans_table',8),(21,'2026_05_18_000007_create_academic_income_items_table',8),(22,'2026_05_18_000008_fix_academic_income_items_schema',8),(23,'2026_05_18_000009_add_study_year_to_degree_programs',9),(24,'2026_05_18_000010_change_nuol_pct_to_level_based',10),(25,'2026_05_18_000011_create_nuol_pct_settings_table',11),(26,'2026_05_18_000012_create_expense_plans_table',12),(27,'2026_05_18_000013_create_expense_categories_table',13),(28,'2026_05_18_000013_create_expense_categories_table',13),(29,'2026_05_18_000014_create_expense_items_table',13),(30,'2026_05_18_000015_add_year1_rate_to_course_credit_settings',14),(31,'2026_05_18_000016_replace_year1_rate_with_year1_credit_unit',15),(32,'2026_05_18_194752_create_income_rate_settings_table',16),(33,'2026_05_19_000017_create_income_rate_settings_table',17),(34,'2026_05_19_000018_fix_income_rate_settings_table',18),(35,'2026_05_19_000001_add_formula_fields_to_expense_tables',19),(38,'2026_05_20_000001_create_salary_budget_codes_table',20),(39,'2026_05_20_000002_create_salary_plans_table',20),(40,'2026_05_20_000003_create_salary_entries_table',20);
/*!40000 ALTER TABLE `migrations` ENABLE KEYS */;
UNLOCK TABLES;

--
-- Table structure for table `nuol_pct_settings`
--

DROP TABLE IF EXISTS `nuol_pct_settings`;
/*!40101 SET @saved_cs_client     = @@character_set_client */;
/*!50503 SET character_set_client = utf8mb4 */;
CREATE TABLE `nuol_pct_settings` (
  `id` bigint unsigned NOT NULL AUTO_INCREMENT,
  `level` enum('bachelor','master_phd') COLLATE utf8mb4_unicode_ci NOT NULL,
  `percentage` decimal(5,4) NOT NULL,
  `gov_doc_id` varchar(255) COLLATE utf8mb4_unicode_ci DEFAULT NULL,
  `start_year` smallint unsigned NOT NULL,
  `created_at` timestamp NULL DEFAULT NULL,
  `updated_at` timestamp NULL DEFAULT NULL,
  PRIMARY KEY (`id`)
) ENGINE=InnoDB AUTO_INCREMENT=4 DEFAULT CHARSET=utf8mb4 COLLATE=utf8mb4_unicode_ci;
/*!40101 SET character_set_client = @saved_cs_client */;

--
-- Dumping data for table `nuol_pct_settings`
--

LOCK TABLES `nuol_pct_settings` WRITE;
/*!40000 ALTER TABLE `nuol_pct_settings` DISABLE KEYS */;
INSERT INTO `nuol_pct_settings` VALUES (2,'bachelor',0.1700,NULL,2026,'2026-05-18 05:32:31','2026-05-18 05:32:31'),(3,'master_phd',0.1000,NULL,2026,'2026-05-18 05:32:49','2026-05-18 05:32:49');
/*!40000 ALTER TABLE `nuol_pct_settings` ENABLE KEYS */;
UNLOCK TABLES;

--
-- Table structure for table `payment_installment_settings`
--

DROP TABLE IF EXISTS `payment_installment_settings`;
/*!40101 SET @saved_cs_client     = @@character_set_client */;
/*!50503 SET character_set_client = utf8mb4 */;
CREATE TABLE `payment_installment_settings` (
  `id` bigint unsigned NOT NULL AUTO_INCREMENT,
  `degree_program_id` bigint unsigned NOT NULL,
  `first_payment_percent` decimal(5,2) NOT NULL,
  `second_payment_percent` decimal(5,2) NOT NULL,
  `start_year` smallint unsigned NOT NULL,
  `created_at` timestamp NULL DEFAULT NULL,
  `updated_at` timestamp NULL DEFAULT NULL,
  PRIMARY KEY (`id`),
  KEY `payment_installment_settings_degree_program_id_foreign` (`degree_program_id`),
  CONSTRAINT `payment_installment_settings_degree_program_id_foreign` FOREIGN KEY (`degree_program_id`) REFERENCES `degree_programs` (`id`) ON DELETE CASCADE
) ENGINE=InnoDB AUTO_INCREMENT=26 DEFAULT CHARSET=utf8mb4 COLLATE=utf8mb4_unicode_ci;
/*!40101 SET character_set_client = @saved_cs_client */;

--
-- Dumping data for table `payment_installment_settings`
--

LOCK TABLES `payment_installment_settings` WRITE;
/*!40000 ALTER TABLE `payment_installment_settings` DISABLE KEYS */;
/*!40000 ALTER TABLE `payment_installment_settings` ENABLE KEYS */;
UNLOCK TABLES;

--
-- Table structure for table `registration_fee_items`
--

DROP TABLE IF EXISTS `registration_fee_items`;
/*!40101 SET @saved_cs_client     = @@character_set_client */;
/*!50503 SET character_set_client = utf8mb4 */;
CREATE TABLE `registration_fee_items` (
  `id` bigint unsigned NOT NULL AUTO_INCREMENT,
  `fee_setting_id` bigint unsigned NOT NULL,
  `sort_order` tinyint unsigned NOT NULL DEFAULT '0',
  `name` varchar(255) COLLATE utf8mb4_unicode_ci NOT NULL,
  `amount` decimal(15,2) NOT NULL,
  `nuol_pct` decimal(5,4) NOT NULL DEFAULT '0.0000',
  `created_at` timestamp NULL DEFAULT NULL,
  `updated_at` timestamp NULL DEFAULT NULL,
  PRIMARY KEY (`id`),
  KEY `registration_fee_items_fee_setting_id_foreign` (`fee_setting_id`),
  CONSTRAINT `registration_fee_items_fee_setting_id_foreign` FOREIGN KEY (`fee_setting_id`) REFERENCES `registration_fee_settings` (`id`) ON DELETE CASCADE
) ENGINE=InnoDB AUTO_INCREMENT=22 DEFAULT CHARSET=utf8mb4 COLLATE=utf8mb4_unicode_ci;
/*!40101 SET character_set_client = @saved_cs_client */;

--
-- Dumping data for table `registration_fee_items`
--

LOCK TABLES `registration_fee_items` WRITE;
/*!40000 ALTER TABLE `registration_fee_items` DISABLE KEYS */;
INSERT INTO `registration_fee_items` VALUES (1,26,1,'ຄ່າທຳນຽມນັກສຶກສາລົງທະບຽນ',10000.00,0.2500,'2026-05-17 16:09:40','2026-05-17 16:09:40'),(2,26,2,'ຄ່າອະນາໄມຫ້ອງຮຽນ',25000.00,0.0000,'2026-05-17 16:09:40','2026-05-17 16:09:40'),(3,26,3,'ບຳລຸງອຸປະກອນການຮຽນ-ການສອນ',20000.00,0.0000,'2026-05-17 16:09:40','2026-05-17 16:09:40'),(4,26,4,'ບຳລຸງກິດຈະກຳນັກສຶກສາ',30000.00,0.3000,'2026-05-17 16:09:40','2026-05-17 16:09:40'),(5,26,5,'ບຳລຸງວິທະຍາເຂດ',30000.00,0.4000,'2026-05-17 16:09:40','2026-05-17 16:09:40'),(6,26,6,'ອຸດໜູນວຽກປ້ອງກັນ',20000.00,0.0000,'2026-05-17 16:09:40','2026-05-17 16:09:40'),(7,26,7,'ບຳລຸງຫ້ອງອ່ານ',30000.00,0.0000,'2026-05-17 16:09:40','2026-05-17 16:09:40'),(8,26,8,'ບຳລຸງຫ້ອງທົດລອງ',15000.00,0.0000,'2026-05-17 16:09:40','2026-05-17 16:09:40'),(9,26,9,'ບໍລິການສອບເສັງ',25000.00,0.0000,'2026-05-17 16:09:40','2026-05-17 16:09:40'),(10,26,10,'ບໍລິການການລົງທະບຽນລາຍວິຊາ',5000.00,0.0000,'2026-05-17 16:09:40','2026-05-17 16:09:40'),(11,27,1,'ຄ່າທຳນຽມລົງທະບຽນປະຈໍາປີ',15000.00,1.0000,'2026-05-17 16:09:40','2026-05-17 16:09:40'),(12,27,2,'ຄ່າຊຸດເອກະສານລົງທະບຽນ ນ/ສ ໃໝ່',15000.00,1.0000,'2026-05-17 16:09:40','2026-05-17 16:09:40'),(13,27,3,'ຄ່າອະນາໄມຫ້ອງຮຽນ',25000.00,0.0000,'2026-05-17 16:09:40','2026-05-17 16:09:40'),(14,27,4,'ບຳລຸງອຸປະກອນການຮຽນ-ການສອນ',20000.00,0.0000,'2026-05-17 16:09:40','2026-05-17 16:09:40'),(15,27,5,'ບຳລຸງກິດຈະກຳນັກສຶກສາ',30000.00,0.3000,'2026-05-17 16:09:40','2026-05-17 16:09:40'),(16,27,6,'ບຳລຸງວິທະຍາເຂດ',30000.00,0.4000,'2026-05-17 16:09:40','2026-05-17 16:09:40'),(17,27,7,'ອຸດໜູນວຽກປ້ອງກັນ',20000.00,0.0000,'2026-05-17 16:09:40','2026-05-17 16:09:40'),(18,27,8,'ບຳລຸງຫ້ອງອ່ານ',10000.00,0.0000,'2026-05-17 16:09:40','2026-05-17 16:09:40'),(19,27,9,'ບຳລຸງຫ້ອງທົດລອງ',15000.00,0.0000,'2026-05-17 16:09:40','2026-05-17 16:09:40'),(20,27,10,'ບໍລິການສອບເສັງ',25000.00,0.0000,'2026-05-17 16:09:40','2026-05-17 16:09:40'),(21,27,11,'ບໍລິການການລົງທະບຽນລາຍວິຊາ',5000.00,0.0000,'2026-05-17 16:09:40','2026-05-17 16:09:40');
/*!40000 ALTER TABLE `registration_fee_items` ENABLE KEYS */;
UNLOCK TABLES;

--
-- Table structure for table `registration_fee_settings`
--

DROP TABLE IF EXISTS `registration_fee_settings`;
/*!40101 SET @saved_cs_client     = @@character_set_client */;
/*!50503 SET character_set_client = utf8mb4 */;
CREATE TABLE `registration_fee_settings` (
  `id` bigint unsigned NOT NULL AUTO_INCREMENT,
  `section_type` enum('year2_4','year1') COLLATE utf8mb4_unicode_ci NOT NULL,
  `gov_doc_id` varchar(255) COLLATE utf8mb4_unicode_ci DEFAULT NULL,
  `start_year` smallint unsigned NOT NULL,
  `created_at` timestamp NULL DEFAULT NULL,
  `updated_at` timestamp NULL DEFAULT NULL,
  PRIMARY KEY (`id`)
) ENGINE=InnoDB AUTO_INCREMENT=28 DEFAULT CHARSET=utf8mb4 COLLATE=utf8mb4_unicode_ci;
/*!40101 SET character_set_client = @saved_cs_client */;

--
-- Dumping data for table `registration_fee_settings`
--

LOCK TABLES `registration_fee_settings` WRITE;
/*!40000 ALTER TABLE `registration_fee_settings` DISABLE KEYS */;
INSERT INTO `registration_fee_settings` VALUES (26,'year2_4',NULL,2026,'2026-05-17 16:09:40','2026-05-17 16:09:40'),(27,'year1',NULL,2026,'2026-05-17 16:09:40','2026-05-17 16:09:40');
/*!40000 ALTER TABLE `registration_fee_settings` ENABLE KEYS */;
UNLOCK TABLES;

--
-- Table structure for table `roles`
--

DROP TABLE IF EXISTS `roles`;
/*!40101 SET @saved_cs_client     = @@character_set_client */;
/*!50503 SET character_set_client = utf8mb4 */;
CREATE TABLE `roles` (
  `id` int NOT NULL AUTO_INCREMENT,
  `role_name` varchar(50) CHARACTER SET utf8mb4 COLLATE utf8mb4_unicode_ci NOT NULL,
  PRIMARY KEY (`id`),
  UNIQUE KEY `role_name` (`role_name`)
) ENGINE=InnoDB AUTO_INCREMENT=12 DEFAULT CHARSET=utf8mb4 COLLATE=utf8mb4_unicode_ci;
/*!40101 SET character_set_client = @saved_cs_client */;

--
-- Dumping data for table `roles`
--

LOCK TABLES `roles` WRITE;
/*!40000 ALTER TABLE `roles` DISABLE KEYS */;
INSERT INTO `roles` VALUES (3,'accountant'),(1,'admin'),(7,'cashier'),(4,'deputy_head_of_faculty'),(11,'head_of_department'),(5,'head_of_faculty'),(2,'head_of_finance'),(6,'requester'),(8,'revenue_officer'),(9,'treasurer'),(10,'treasury_reconciliation_officer');
/*!40000 ALTER TABLE `roles` ENABLE KEYS */;
UNLOCK TABLES;

--
-- Table structure for table `salary_budget_codes`
--

DROP TABLE IF EXISTS `salary_budget_codes`;
/*!40101 SET @saved_cs_client     = @@character_set_client */;
/*!50503 SET character_set_client = utf8mb4 */;
CREATE TABLE `salary_budget_codes` (
  `id` bigint unsigned NOT NULL AUTO_INCREMENT,
  `parent_id` bigint unsigned DEFAULT NULL,
  `code` varchar(10) COLLATE utf8mb4_unicode_ci NOT NULL,
  `name` varchar(255) COLLATE utf8mb4_unicode_ci NOT NULL,
  `sort_order` tinyint unsigned NOT NULL DEFAULT '0',
  `is_leaf` tinyint(1) NOT NULL DEFAULT '0',
  `annual_mode` varchar(10) COLLATE utf8mb4_unicode_ci NOT NULL DEFAULT 'x12',
  `created_at` timestamp NULL DEFAULT NULL,
  `updated_at` timestamp NULL DEFAULT NULL,
  PRIMARY KEY (`id`),
  KEY `salary_budget_codes_parent_id_index` (`parent_id`),
  KEY `salary_budget_codes_sort_order_index` (`sort_order`),
  CONSTRAINT `salary_budget_codes_parent_id_foreign` FOREIGN KEY (`parent_id`) REFERENCES `salary_budget_codes` (`id`) ON DELETE SET NULL
) ENGINE=InnoDB AUTO_INCREMENT=36 DEFAULT CHARSET=utf8mb4 COLLATE=utf8mb4_unicode_ci;
/*!40101 SET character_set_client = @saved_cs_client */;

--
-- Dumping data for table `salary_budget_codes`
--

LOCK TABLES `salary_budget_codes` WRITE;
/*!40000 ALTER TABLE `salary_budget_codes` DISABLE KEYS */;
INSERT INTO `salary_budget_codes` VALUES (1,NULL,'60','ເງິນເດືອນ ແລະ ເງິນອຸດໜູນຂອງ ພ/ງ',1,0,'x12','2026-05-20 06:23:50','2026-05-20 06:23:50'),(2,1,'10','ເງິນເດືອນພື້ນຖານພະນັກງານ',1,0,'x12','2026-05-20 06:23:50','2026-05-20 06:23:50'),(3,2,'01','ເງິນເດືອນ ພ/ງ ພວມປະຕິບັດງານ 100%',1,1,'x12','2026-05-20 06:23:50','2026-05-20 06:23:50'),(4,2,'02','ເງິນເດືອນເພື່ອເລື່ອນຊັ້ນ',2,1,'x12','2026-05-20 06:23:50','2026-05-20 06:23:50'),(5,2,'03','ເງິນເດືອນ ພ/ງ ເຂົ້າໃໝ່ 95%',3,1,'x12','2026-05-20 06:23:50','2026-05-20 06:23:50'),(6,2,'05','ເງິນເດືອນ ພ/ງ ຮຽນຕໍ່ຕ່າງປະເທດ',4,1,'x12','2026-05-20 06:23:50','2026-05-20 06:23:50'),(7,2,'06','ເງິນເດືອນ ພ/ງ ຕາມສັນຍາ',5,1,'x12','2026-05-20 06:23:50','2026-05-20 06:23:50'),(8,1,'20','ເງິນອຸດໜູນປົກກະຕິ',2,0,'x12','2026-05-20 06:23:50','2026-05-20 06:23:50'),(9,8,'01','ອຸດໜູນຕຳແໜ່ງ',1,1,'x12','2026-05-20 06:23:50','2026-05-20 06:23:50'),(10,8,'03','ອຸດໜູນອາຊີບ',2,1,'x12','2026-05-20 06:23:50','2026-05-20 06:23:50'),(11,8,'04','ອຸດໜູນອາຍຸການ',3,1,'x12','2026-05-20 06:23:50','2026-05-20 06:23:50'),(12,8,'05','ອຸດໜູນວຽກໜັກ-ທາງເບື່ອ',4,1,'x12','2026-05-20 06:23:50','2026-05-20 06:23:50'),(13,8,'07','ອຸດໜູນສອນຫ້ອງຄວບ',5,1,'x12','2026-05-20 06:23:50','2026-05-20 06:23:50'),(14,8,'08','ອຸດໜູນຄ່າຄອງຊີບ',6,1,'x12','2026-05-20 06:23:50','2026-05-20 06:23:50'),(15,NULL,'61','ເງິນນະໂຍບາຍ ແລະ ຊ່ວຍໜູນຕ່າງໆ',2,0,'x12','2026-05-20 06:23:50','2026-05-20 06:23:50'),(16,15,'20','ເງິນອຸດໜູນຄອບຄົວ',1,0,'x12','2026-05-20 06:23:50','2026-05-20 06:23:50'),(17,16,'1','ເງິນອຸດໜູນລູກພະນັກງານ',1,1,'x12','2026-05-20 06:23:50','2026-05-20 06:23:50'),(18,16,'2','ເງິນອຸດໜູນເມຍພະນັກງານ',2,1,'x12','2026-05-20 06:23:50','2026-05-20 06:23:50'),(19,15,'30','ເງິນນະໂຍບາຍກ່ອນຮັບບຳນານ',2,0,'x12','2026-05-20 06:23:50','2026-05-20 06:23:50'),(20,19,'02','ກ່ອນອອກບຳນານ',1,1,'x12','2026-05-20 06:23:50','2026-05-20 06:23:50'),(21,15,'40','ເງິນນະໂຍບາຍພະນັກງານເຮັດວຽກເພີ່ມ',3,0,'x12','2026-05-20 06:23:50','2026-05-20 06:23:50'),(22,21,'01','ເຮັດວຽກນອກໂມງລັດຖະການ',1,1,'x12','2026-05-20 06:23:50','2026-05-20 06:23:50'),(23,21,'03','ຄົ້ນຄວ້າ ແລະ ວິໄຈ',2,1,'direct','2026-05-20 06:23:50','2026-05-20 06:23:50'),(24,21,'04','ຂຽນບົດ ແລະ ຮຽບຮຽງ',3,1,'direct','2026-05-20 06:23:50','2026-05-20 06:23:50'),(25,21,'05','ສອນພິເສດ',4,1,'direct','2026-05-20 06:23:50','2026-05-20 06:23:50'),(26,21,'06','ຄ່າເວັນຍາມ (ປ້ອງກັນ)',5,1,'x12','2026-05-20 06:23:50','2026-05-20 06:23:50'),(27,15,'50','ເບ້ຍລ້ຽງນັກຮຽນພາຍໃນ-ຕ່າງປະເທດ',4,0,'x12','2026-05-20 06:23:50','2026-05-20 06:23:50'),(28,27,'01','ນັກຮຽນພາຍໃນ',1,0,'x12','2026-05-20 06:23:50','2026-05-20 06:23:50'),(29,28,'03','ເບ້ຍລ້ຽງນັກຮຽນຊັ້ນສູງ, ປະລິນຍາຕີ',1,1,'x12','2026-05-20 06:23:50','2026-05-20 06:23:50'),(30,28,'04','ເບ້ຍລ້ຽງເດັກກຳພ້າ ແລະ ຊົນເຜົ່າ',2,1,'x12','2026-05-20 06:23:50','2026-05-20 06:23:50'),(31,27,'03','ເບ້ຍລ້ຽງໃຫ້ນັກຮຽນພາຍໃນຝຶກງານ',2,0,'x12','2026-05-20 06:23:50','2026-05-20 06:23:50'),(32,31,'01','ຄ່າອັດຕາກິນນັກຮຽນພາຍໃນຝຶກງານ',1,1,'x1','2026-05-20 06:23:50','2026-05-20 06:23:50'),(33,31,'02','ຄ່າເດີນທາງນັກຮຽນພາຍໃນຝຶກງານ',2,1,'x1','2026-05-20 06:23:50','2026-05-20 06:23:50'),(34,15,'80','ຊ່ວຍເຫຼືອດ້ານສັງຄົມ',5,0,'x12','2026-05-20 06:23:50','2026-05-20 06:23:50'),(35,34,'02','ເງິນນະໂຍບາຍປ່ວຍໂປ່ວພະຍາດ',1,1,'x12','2026-05-20 06:23:50','2026-05-20 06:23:50');
/*!40000 ALTER TABLE `salary_budget_codes` ENABLE KEYS */;
UNLOCK TABLES;

--
-- Table structure for table `salary_entries`
--

DROP TABLE IF EXISTS `salary_entries`;
/*!40101 SET @saved_cs_client     = @@character_set_client */;
/*!50503 SET character_set_client = utf8mb4 */;
CREATE TABLE `salary_entries` (
  `id` bigint unsigned NOT NULL AUTO_INCREMENT,
  `plan_id` bigint unsigned NOT NULL,
  `budget_code_id` bigint unsigned NOT NULL,
  `person_count` int unsigned NOT NULL DEFAULT '0',
  `atm_amount` decimal(15,2) NOT NULL DEFAULT '0.00',
  `cash_amount` decimal(15,2) NOT NULL DEFAULT '0.00',
  `monthly_total` decimal(15,2) NOT NULL DEFAULT '0.00',
  `annual_amount` decimal(15,2) NOT NULL DEFAULT '0.00',
  `remark` varchar(255) COLLATE utf8mb4_unicode_ci DEFAULT NULL,
  `created_at` timestamp NULL DEFAULT NULL,
  `updated_at` timestamp NULL DEFAULT NULL,
  PRIMARY KEY (`id`),
  UNIQUE KEY `salary_entries_plan_id_budget_code_id_unique` (`plan_id`,`budget_code_id`),
  KEY `salary_entries_plan_id_index` (`plan_id`),
  KEY `salary_entries_budget_code_id_index` (`budget_code_id`),
  CONSTRAINT `salary_entries_budget_code_id_foreign` FOREIGN KEY (`budget_code_id`) REFERENCES `salary_budget_codes` (`id`) ON DELETE CASCADE,
  CONSTRAINT `salary_entries_plan_id_foreign` FOREIGN KEY (`plan_id`) REFERENCES `salary_plans` (`id`) ON DELETE CASCADE
) ENGINE=InnoDB AUTO_INCREMENT=97 DEFAULT CHARSET=utf8mb4 COLLATE=utf8mb4_unicode_ci;
/*!40101 SET character_set_client = @saved_cs_client */;

--
-- Dumping data for table `salary_entries`
--

LOCK TABLES `salary_entries` WRITE;
/*!40000 ALTER TABLE `salary_entries` DISABLE KEYS */;
INSERT INTO `salary_entries` VALUES (73,4,3,98,249716250.00,0.00,249716250.00,2996595000.00,NULL,'2026-05-20 07:34:07','2026-05-20 08:05:10'),(74,4,4,53,1015850.00,0.00,1015850.00,12190200.00,NULL,'2026-05-20 07:34:07','2026-05-20 08:05:10'),(75,4,5,0,0.00,0.00,0.00,0.00,NULL,'2026-05-20 07:34:07','2026-05-20 07:34:07'),(76,4,6,3,12220515.00,0.00,12220515.00,146646180.00,NULL,'2026-05-20 07:34:07','2026-05-20 08:05:10'),(77,4,7,0,0.00,0.00,0.00,0.00,NULL,'2026-05-20 07:34:07','2026-05-20 07:34:07'),(78,4,9,79,51812355.00,0.00,51812355.00,621748260.00,NULL,'2026-05-20 07:34:07','2026-05-20 08:05:10'),(79,4,10,96,23768430.00,0.00,23768430.00,285221160.00,NULL,'2026-05-20 07:34:07','2026-05-20 08:05:10'),(80,4,11,104,9385000.00,0.00,9385000.00,112620000.00,NULL,'2026-05-20 07:34:07','2026-05-20 08:05:10'),(81,4,12,37,1102304.00,0.00,1102304.00,13227648.00,NULL,'2026-05-20 07:34:07','2026-05-20 08:05:10'),(82,4,13,12,0.00,7500000.00,7500000.00,90000000.00,NULL,'2026-05-20 07:34:07','2026-05-20 08:05:10'),(83,4,14,0,0.00,0.00,0.00,0.00,NULL,'2026-05-20 07:34:07','2026-05-20 07:34:07'),(84,4,17,78,2904720.00,0.00,2904720.00,34856640.00,NULL,'2026-05-20 07:34:07','2026-05-20 08:05:10'),(85,4,18,14,411600.00,0.00,411600.00,4939200.00,NULL,'2026-05-20 07:34:07','2026-05-20 08:05:10'),(86,4,20,6,0.00,0.00,0.00,0.00,NULL,'2026-05-20 07:34:07','2026-05-20 08:05:10'),(87,4,22,167,0.00,6680000.00,6680000.00,80160000.00,NULL,'2026-05-20 07:34:07','2026-05-20 08:05:10'),(88,4,23,6,0.00,0.00,0.00,500000000.00,NULL,'2026-05-20 07:34:07','2026-05-20 08:05:10'),(89,4,24,15,0.00,0.00,0.00,300000000.00,NULL,'2026-05-20 07:34:07','2026-05-20 08:05:10'),(90,4,25,0,0.00,0.00,0.00,658200000.00,NULL,'2026-05-20 07:34:07','2026-05-20 08:05:10'),(91,4,26,23,0.00,4820000.00,4820000.00,57840000.00,NULL,'2026-05-20 07:34:07','2026-05-20 08:05:10'),(92,4,29,280,0.00,56000000.00,56000000.00,672000000.00,NULL,'2026-05-20 07:34:07','2026-05-20 08:05:10'),(93,4,30,0,0.00,0.00,0.00,0.00,NULL,'2026-05-20 07:34:07','2026-05-20 07:34:07'),(94,4,32,280,0.00,100800000.00,100800000.00,100800000.00,NULL,'2026-05-20 07:34:07','2026-05-20 08:05:10'),(95,4,33,280,0.00,11200000.00,11200000.00,11200000.00,NULL,'2026-05-20 07:34:07','2026-05-20 08:05:10'),(96,4,35,115,0.00,5750000.00,5750000.00,69000000.00,NULL,'2026-05-20 07:34:07','2026-05-20 08:05:10');
/*!40000 ALTER TABLE `salary_entries` ENABLE KEYS */;
UNLOCK TABLES;

--
-- Table structure for table `salary_plans`
--

DROP TABLE IF EXISTS `salary_plans`;
/*!40101 SET @saved_cs_client     = @@character_set_client */;
/*!50503 SET character_set_client = utf8mb4 */;
CREATE TABLE `salary_plans` (
  `id` bigint unsigned NOT NULL AUTO_INCREMENT,
  `fiscal_year` varchar(10) COLLATE utf8mb4_unicode_ci NOT NULL,
  `month` tinyint unsigned NOT NULL,
  `status` varchar(20) COLLATE utf8mb4_unicode_ci NOT NULL DEFAULT 'DRAFT',
  `notes` text COLLATE utf8mb4_unicode_ci,
  `created_by` int NOT NULL,
  `created_at` timestamp NULL DEFAULT NULL,
  `updated_at` timestamp NULL DEFAULT NULL,
  PRIMARY KEY (`id`),
  UNIQUE KEY `salary_plans_fiscal_year_month_unique` (`fiscal_year`,`month`),
  KEY `salary_plans_created_by_foreign` (`created_by`),
  KEY `salary_plans_fiscal_year_index` (`fiscal_year`),
  CONSTRAINT `salary_plans_created_by_foreign` FOREIGN KEY (`created_by`) REFERENCES `users` (`id`) ON DELETE CASCADE
) ENGINE=InnoDB AUTO_INCREMENT=5 DEFAULT CHARSET=utf8mb4 COLLATE=utf8mb4_unicode_ci;
/*!40101 SET character_set_client = @saved_cs_client */;

--
-- Dumping data for table `salary_plans`
--

LOCK TABLES `salary_plans` WRITE;
/*!40000 ALTER TABLE `salary_plans` DISABLE KEYS */;
INSERT INTO `salary_plans` VALUES (4,'2026',1,'DRAFT',NULL,2,'2026-05-20 07:34:07','2026-05-20 07:34:07');
/*!40000 ALTER TABLE `salary_plans` ENABLE KEYS */;
UNLOCK TABLES;

--
-- Table structure for table `users`
--

DROP TABLE IF EXISTS `users`;
/*!40101 SET @saved_cs_client     = @@character_set_client */;
/*!50503 SET character_set_client = utf8mb4 */;
CREATE TABLE `users` (
  `id` int NOT NULL AUTO_INCREMENT,
  `username` varchar(50) CHARACTER SET utf8mb4 COLLATE utf8mb4_unicode_ci NOT NULL,
  `password` varchar(255) CHARACTER SET utf8mb4 COLLATE utf8mb4_unicode_ci NOT NULL,
  `full_name` varchar(100) CHARACTER SET utf8mb4 COLLATE utf8mb4_unicode_ci NOT NULL,
  `role_id` int NOT NULL,
  `department_id` int DEFAULT NULL,
  `is_active` tinyint(1) NOT NULL DEFAULT '1',
  `remember_token` varchar(100) CHARACTER SET utf8mb4 COLLATE utf8mb4_unicode_ci DEFAULT NULL,
  PRIMARY KEY (`id`),
  UNIQUE KEY `username` (`username`),
  KEY `role_id` (`role_id`),
  KEY `department_id` (`department_id`),
  CONSTRAINT `users_ibfk_1` FOREIGN KEY (`role_id`) REFERENCES `roles` (`id`),
  CONSTRAINT `users_ibfk_2` FOREIGN KEY (`department_id`) REFERENCES `departments` (`id`) ON DELETE SET NULL
) ENGINE=InnoDB AUTO_INCREMENT=26 DEFAULT CHARSET=utf8mb4 COLLATE=utf8mb4_unicode_ci;
/*!40101 SET character_set_client = @saved_cs_client */;

--
-- Dumping data for table `users`
--

LOCK TABLES `users` WRITE;
/*!40000 ALTER TABLE `users` DISABLE KEYS */;
INSERT INTO `users` VALUES (1,'admin01','$2y$12$Cy73vWzkYGAjnpybpWpphuYXJH1nF/rM8cJS6QWOOb232Reeto6qe','admin',1,NULL,1,'59LMu3bRcZKwIojNwXoYV8s3HUHIT3hNXco2oxv5cFcj513s7cpq9JLCEbKt'),(2,'aj_boasod','$2y$12$Cy73vWzkYGAjnpybpWpphuYXJH1nF/rM8cJS6QWOOb232Reeto6qe','aj_boasod',2,NULL,1,'clZTZIbvpMQ8fQWCF8fduIaRpI3HwZy0OnIiCJAb1Gmr2e6c48AbiWUTEOaF'),(3,'accountant01','$2y$12$Cy73vWzkYGAjnpybpWpphuYXJH1nF/rM8cJS6QWOOb232Reeto6qe','accountant',3,NULL,1,NULL),(4,'accountant02','$2y$12$Cy73vWzkYGAjnpybpWpphuYXJH1nF/rM8cJS6QWOOb232Reeto6qe','accountantnaja',3,NULL,0,NULL),(5,'hong_head_fac','$2y$12$Cy73vWzkYGAjnpybpWpphuYXJH1nF/rM8cJS6QWOOb232Reeto6qe','hong_head_fac',4,NULL,1,'s2OWp2O22m6kmwMsjA784B3H6o5Q1chIaT3TUvQwHF04IAajJCKIZMk0cHkk'),(6,'head_fac','$2y$12$Cy73vWzkYGAjnpybpWpphuYXJH1nF/rM8cJS6QWOOb232Reeto6qe','head_fac',5,NULL,1,'JwpV0l3y9AoFNuMLc4TjxYvFINxzOhUrvbIf7JYW53JNHBaFQyb5I908pjEE'),(8,'Teng1122','$2y$12$f.9G6sZ1eamcuQuEO3UFQukIWHtjCg0SnpVaHZl1WHSVed3tsuX7K','Teng',11,NULL,1,'j6kN28DyGQFplASDIRu15QOIVddRhI6PbMvKfXGsqutVhk9VVGRp5UUDaeA9'),(9,'valenthaiymany@gmail.com','$2y$12$UsTnHcVp3x7FH3e9sED34eg0MiP3wWg5oI37YMnhdI6tfl9QbPHr.','Valenthaiy Many',6,NULL,1,NULL),(10,'luminusxdd981@gmail.com','$2y$12$W0b4/PaL.421XOksvS/hn.lEaawX4smoMI5KKuOkUHL3XjszEMojK','Valenthaiy Many',8,NULL,1,'vRz0XT159zFdVjX02fDArGUyLbTwMIjcfWcpQ4fUDjLQ5kT4MQ1wKUnksaiT'),(11,'beekhnlor','$2y$12$1/yzOvXFvq18Qu4FhmVBtu2XO5xLxfu0O78jFx4D3JjRecGJJVAIy','beekingword',1,NULL,1,NULL),(12,'beesosad','$2y$12$4BlQSk8TmK/piOLzpkgtsuKXVbn7/O61F8DQDD3dQHzN18EfqdX7i','bee',6,NULL,1,NULL),(24,'beesocute','$2y$12$aXoryApvOR7VSStZ4I6REeKi0gKIYpF16xzY9tA1HW3OxejRBtjxW','khonesavanh',6,NULL,1,'oW82H4h53NMgRXhJmWGHZSzmQa66fNNJixnTTxPJihFDkMQnLI76G1PCwDyQ'),(25,'var@gmail.com','$2y$12$3JNHxpMaYRamRKo2QPdUuOAw2at9jpZSfXZG.3dOSkdEh.wiHdDt2','Valenthaiy Many',3,NULL,1,NULL);
/*!40000 ALTER TABLE `users` ENABLE KEYS */;
UNLOCK TABLES;

--
-- Dumping routines for database 'fns_1'
--
SET @@SESSION.SQL_LOG_BIN = @MYSQLDUMP_TEMP_LOG_BIN;
/*!40103 SET TIME_ZONE=@OLD_TIME_ZONE */;

/*!40101 SET SQL_MODE=@OLD_SQL_MODE */;
/*!40014 SET FOREIGN_KEY_CHECKS=@OLD_FOREIGN_KEY_CHECKS */;
/*!40014 SET UNIQUE_CHECKS=@OLD_UNIQUE_CHECKS */;
/*!40101 SET CHARACTER_SET_CLIENT=@OLD_CHARACTER_SET_CLIENT */;
/*!40101 SET CHARACTER_SET_RESULTS=@OLD_CHARACTER_SET_RESULTS */;
/*!40101 SET COLLATION_CONNECTION=@OLD_COLLATION_CONNECTION */;
/*!40111 SET SQL_NOTES=@OLD_SQL_NOTES */;

-- Dump completed on 2026-05-24  9:28:49
