-- phpMyAdmin SQL Dump
-- version 5.2.3
-- https://www.phpmyadmin.net/
--
-- Host: mysql:3306
-- Generation Time: Jun 11, 2026 at 12:14 PM
-- Server version: 8.0.46
-- PHP Version: 8.3.26

SET SQL_MODE = "NO_AUTO_VALUE_ON_ZERO";
START TRANSACTION;
SET time_zone = "+00:00";


/*!40101 SET @OLD_CHARACTER_SET_CLIENT=@@CHARACTER_SET_CLIENT */;
/*!40101 SET @OLD_CHARACTER_SET_RESULTS=@@CHARACTER_SET_RESULTS */;
/*!40101 SET @OLD_COLLATION_CONNECTION=@@COLLATION_CONNECTION */;
/*!40101 SET NAMES utf8mb4 */;

--
-- Database: `fns_1`
--

-- --------------------------------------------------------

--
-- Table structure for table `academic_income_items`
--

CREATE TABLE `academic_income_items` (
  `id` bigint UNSIGNED NOT NULL,
  `plan_id` bigint UNSIGNED NOT NULL,
  `section_code` varchar(5) CHARACTER SET utf8mb4 COLLATE utf8mb4_unicode_ci NOT NULL,
  `degree_program_id` bigint UNSIGNED DEFAULT NULL,
  `student_count` int UNSIGNED NOT NULL DEFAULT '0',
  `snap_credit_unit_price` decimal(15,2) DEFAULT NULL,
  `snap_course_credit_unit` smallint UNSIGNED DEFAULT NULL,
  `snap_registration_fee_rate` decimal(15,2) DEFAULT NULL,
  `snap_nuol_pct` decimal(5,4) DEFAULT NULL,
  `total_income` decimal(18,2) NOT NULL DEFAULT '0.00',
  `first_payment_amount` decimal(18,2) NOT NULL DEFAULT '0.00',
  `second_payment_amount` decimal(18,2) NOT NULL DEFAULT '0.00',
  `created_at` timestamp NULL DEFAULT NULL,
  `updated_at` timestamp NULL DEFAULT NULL
) ENGINE=InnoDB DEFAULT CHARSET=utf8mb4 COLLATE=utf8mb4_unicode_ci;

--
-- Dumping data for table `academic_income_items`
--

INSERT INTO `academic_income_items` (`id`, `plan_id`, `section_code`, `degree_program_id`, `student_count`, `snap_credit_unit_price`, `snap_course_credit_unit`, `snap_registration_fee_rate`, `snap_nuol_pct`, `total_income`, `first_payment_amount`, `second_payment_amount`, `created_at`, `updated_at`) VALUES
(121, 7, '1.1', 1, 60, 35000.00, 37, NULL, 0.1700, 64491000.00, 38694600.00, 25796400.00, '2026-05-31 23:06:57', '2026-05-31 23:06:57'),
(122, 7, '1.1', 2, 70, 35000.00, 37, NULL, 0.1700, 75239500.00, 45143700.00, 30095800.00, '2026-05-31 23:06:57', '2026-05-31 23:06:57'),
(123, 7, '1.1', 3, 60, 35000.00, 37, NULL, 0.1700, 64491000.00, 38694600.00, 25796400.00, '2026-05-31 23:06:57', '2026-05-31 23:06:57'),
(124, 7, '1.1', 4, 8, 35000.00, 27, NULL, 0.1700, 6274800.00, 3764880.00, 2509920.00, '2026-05-31 23:06:57', '2026-05-31 23:06:57'),
(125, 7, '1.1', 5, 0, 35000.00, 37, NULL, 0.1700, 0.00, 0.00, 0.00, '2026-05-31 23:06:57', '2026-05-31 23:06:57'),
(126, 7, '1.1', 6, 6, 35000.00, 37, NULL, 0.1700, 6449100.00, 3869460.00, 2579640.00, '2026-05-31 23:06:57', '2026-05-31 23:06:57'),
(127, 7, '1.1', 7, 0, 35000.00, 37, NULL, 0.1700, 0.00, 0.00, 0.00, '2026-05-31 23:06:57', '2026-05-31 23:06:57'),
(128, 7, '1.1', 8, 0, 35000.00, 31, NULL, 0.1700, 0.00, 0.00, 0.00, '2026-05-31 23:06:57', '2026-05-31 23:06:57'),
(129, 7, '1.1', 9, 0, 35000.00, 31, NULL, 0.1700, 0.00, 0.00, 0.00, '2026-05-31 23:06:57', '2026-05-31 23:06:57'),
(130, 7, '1.1', 10, 7, 35000.00, 35, NULL, 0.1700, 7117250.00, 4270350.00, 2846900.00, '2026-05-31 23:06:57', '2026-05-31 23:06:57'),
(131, 7, '1.1', 11, 0, 35000.00, 35, NULL, 0.1700, 0.00, 0.00, 0.00, '2026-05-31 23:06:57', '2026-05-31 23:06:57'),
(132, 7, '1.1', 12, 0, 35000.00, 36, NULL, 0.1700, 0.00, 0.00, 0.00, '2026-05-31 23:06:57', '2026-05-31 23:06:57'),
(133, 7, '1.1', 13, 0, 35000.00, 36, NULL, 0.1700, 0.00, 0.00, 0.00, '2026-05-31 23:06:57', '2026-05-31 23:06:57'),
(134, 7, '1.1', 14, 0, 35000.00, 37, NULL, 0.1700, 0.00, 0.00, 0.00, '2026-05-31 23:06:57', '2026-05-31 23:06:57'),
(135, 7, '1.1', 15, 0, 35000.00, 36, NULL, 0.1700, 0.00, 0.00, 0.00, '2026-05-31 23:06:57', '2026-05-31 23:06:57'),
(136, 7, '1.1', 16, 60, 35000.00, 33, NULL, 0.1700, 57519000.00, 34511400.00, 23007600.00, '2026-05-31 23:06:57', '2026-05-31 23:10:57'),
(137, 7, '1.1', 17, 35, 35000.00, 38, NULL, 0.1700, 38636500.00, 23181900.00, 15454600.00, '2026-05-31 23:06:57', '2026-05-31 23:10:57'),
(138, 7, '1.1', 18, 45, 35000.00, 42, NULL, 0.1700, 54904500.00, 32942700.00, 21961800.00, '2026-05-31 23:06:57', '2026-05-31 23:10:57'),
(139, 7, '1.1', 19, 1, 35000.00, 39, NULL, 0.1700, 1132950.00, 679770.00, 453180.00, '2026-05-31 23:06:57', '2026-05-31 23:10:57'),
(140, 7, '1.1', 20, 12, 35000.00, 39, NULL, 0.1700, 13595400.00, 8157240.00, 5438160.00, '2026-05-31 23:06:57', '2026-05-31 23:10:57'),
(141, 7, '1.1', 21, 0, 35000.00, 37, NULL, 0.1700, 0.00, 0.00, 0.00, '2026-05-31 23:06:58', '2026-05-31 23:06:58'),
(142, 7, '1.1', 22, 1, 35000.00, 36, NULL, 0.1700, 1045800.00, 627480.00, 418320.00, '2026-05-31 23:06:58', '2026-05-31 23:12:58'),
(143, 7, '1.1', 23, 0, 35000.00, 33, NULL, 0.1700, 0.00, 0.00, 0.00, '2026-05-31 23:06:58', '2026-05-31 23:06:58'),
(144, 7, '1.1', 24, 5, 35000.00, 35, NULL, 0.1700, 5083750.00, 3050250.00, 2033500.00, '2026-05-31 23:06:58', '2026-05-31 23:12:58'),
(145, 7, '1.1', 25, 3, 35000.00, 36, NULL, 0.1700, 3137400.00, 1882440.00, 1254960.00, '2026-05-31 23:06:58', '2026-05-31 23:12:58'),
(146, 7, '1.1', 26, 0, 35000.00, 34, NULL, 0.1700, 0.00, 0.00, 0.00, '2026-05-31 23:06:58', '2026-05-31 23:06:58'),
(147, 7, '1.1', 27, 0, 35000.00, 36, NULL, 0.1700, 0.00, 0.00, 0.00, '2026-05-31 23:06:58', '2026-05-31 23:06:58'),
(148, 7, '1.1', 28, 0, 35000.00, 36, NULL, 0.1700, 0.00, 0.00, 0.00, '2026-05-31 23:06:58', '2026-05-31 23:06:58'),
(149, 7, '1.1', 29, 0, 35000.00, 36, NULL, 0.1700, 0.00, 0.00, 0.00, '2026-05-31 23:06:58', '2026-05-31 23:06:58'),
(150, 7, '1.1', 30, 55, 35000.00, 27, NULL, 0.1700, 43139250.00, 25883550.00, 17255700.00, '2026-05-31 23:06:58', '2026-05-31 23:16:11'),
(151, 7, '1.1', 31, 30, 35000.00, 30, NULL, 0.1700, 26145000.00, 15687000.00, 10458000.00, '2026-05-31 23:06:58', '2026-05-31 23:16:11'),
(152, 7, '1.1', 32, 40, 35000.00, 27, NULL, 0.1700, 31374000.00, 18824400.00, 12549600.00, '2026-05-31 23:06:58', '2026-05-31 23:16:11'),
(153, 7, '1.1', 33, 2, 35000.00, 24, NULL, 0.1700, 1394400.00, 836640.00, 557760.00, '2026-05-31 23:06:58', '2026-05-31 23:16:11'),
(154, 7, '1.1', 34, 21, 35000.00, 27, NULL, 0.1700, 16471350.00, 9882810.00, 6588540.00, '2026-05-31 23:06:58', '2026-05-31 23:16:11'),
(155, 7, '1.1', 35, 11, 35000.00, 27, NULL, 0.1700, 8627850.00, 5176710.00, 3451140.00, '2026-05-31 23:06:58', '2026-05-31 23:16:11'),
(156, 7, '1.1', 36, 3, 35000.00, 25, NULL, 0.1700, 2178750.00, 1307250.00, 871500.00, '2026-05-31 23:06:58', '2026-05-31 23:16:11'),
(157, 7, '1.1', 37, 3, 35000.00, 23, NULL, 0.1700, 2004450.00, 1202670.00, 801780.00, '2026-05-31 23:06:58', '2026-05-31 23:16:11'),
(158, 7, '1.1', 38, 16, 35000.00, 23, NULL, 0.1700, 10690400.00, 6414240.00, 4276160.00, '2026-05-31 23:06:58', '2026-05-31 23:16:11'),
(159, 7, '1.1', 39, 5, 35000.00, 22, NULL, 0.1700, 3195500.00, 1917300.00, 1278200.00, '2026-05-31 23:06:58', '2026-05-31 23:16:11'),
(160, 7, '1.1', 40, 2, 35000.00, 27, NULL, 0.1700, 1568700.00, 941220.00, 627480.00, '2026-05-31 23:06:58', '2026-05-31 23:16:11'),
(161, 7, '1.1', 41, 0, 35000.00, 30, NULL, 0.1700, 0.00, 0.00, 0.00, '2026-05-31 23:06:58', '2026-05-31 23:06:58'),
(162, 7, '1.1', 42, 0, 35000.00, 27, NULL, 0.1700, 0.00, 0.00, 0.00, '2026-05-31 23:06:58', '2026-05-31 23:06:58'),
(163, 7, '1.1', 43, 1, 35000.00, 28, NULL, 0.1700, 813400.00, 488040.00, 325360.00, '2026-05-31 23:06:58', '2026-05-31 23:16:11'),
(164, 7, '1.1', 44, 0, 240000.00, 45, NULL, 0.1000, 0.00, 0.00, 0.00, '2026-05-31 23:06:58', '2026-05-31 23:06:58'),
(165, 7, '1.1', 45, 0, 240000.00, 46, NULL, 0.1000, 0.00, 0.00, 0.00, '2026-05-31 23:06:58', '2026-05-31 23:06:58'),
(166, 7, '1.1', 46, 0, 240000.00, 41, NULL, 0.1000, 0.00, 0.00, 0.00, '2026-05-31 23:06:58', '2026-05-31 23:06:58'),
(167, 7, '1.1', 47, 0, 240000.00, 46, NULL, 0.1000, 0.00, 0.00, 0.00, '2026-05-31 23:06:58', '2026-05-31 23:06:58'),
(168, 7, '1.1', 48, 3, 240000.00, 46, NULL, 0.1000, 29808000.00, 17884800.00, 11923200.00, '2026-05-31 23:06:58', '2026-05-31 23:16:12'),
(169, 7, '1.1', 49, 3, 240000.00, 46, NULL, 0.1000, 29808000.00, 17884800.00, 11923200.00, '2026-05-31 23:06:58', '2026-05-31 23:16:12'),
(170, 7, '1.1', 50, 7, 240000.00, 46, NULL, 0.1000, 69552000.00, 41731200.00, 27820800.00, '2026-05-31 23:06:58', '2026-05-31 23:16:12'),
(171, 7, '1.1', 51, 3, 240000.00, 46, NULL, 0.1000, 29808000.00, 17884800.00, 11923200.00, '2026-05-31 23:06:58', '2026-05-31 23:16:12'),
(172, 7, '1.1', 52, 0, 600000.00, 38, NULL, 0.1000, 0.00, 0.00, 0.00, '2026-05-31 23:06:58', '2026-05-31 23:06:58'),
(173, 7, '1.1', 53, 0, 600000.00, 40, NULL, 0.1000, 0.00, 0.00, 0.00, '2026-05-31 23:06:58', '2026-05-31 23:06:58'),
(174, 7, '1.3', 55, 60, 35000.00, 37, NULL, 0.1700, 64491000.00, 38694600.00, 0.00, '2026-05-31 23:06:58', '2026-05-31 23:32:42'),
(175, 7, '1.3', 56, 60, 35000.00, 38, NULL, 0.1700, 66234000.00, 39740400.00, 0.00, '2026-05-31 23:06:58', '2026-05-31 23:32:42'),
(176, 7, '1.3', 57, 60, 35000.00, 38, NULL, 0.1700, 66234000.00, 39740400.00, 0.00, '2026-05-31 23:06:58', '2026-05-31 23:32:42'),
(177, 7, '1.3', 58, 10, 35000.00, 37, NULL, 0.1700, 10748500.00, 6449100.00, 0.00, '2026-05-31 23:06:58', '2026-05-31 23:32:42'),
(178, 7, '1.3', 59, 10, 35000.00, 37, NULL, 0.1700, 10748500.00, 6449100.00, 0.00, '2026-05-31 23:06:58', '2026-05-31 23:32:42'),
(179, 7, '1.3', 60, 20, 35000.00, 36, NULL, 0.1700, 20916000.00, 12549600.00, 0.00, '2026-05-31 23:06:58', '2026-05-31 23:32:42'),
(180, 7, '1.3', 61, 0, 35000.00, 36, NULL, 0.1700, 0.00, 0.00, 0.00, '2026-05-31 23:06:58', '2026-05-31 23:06:58'),
(181, 7, '1.3', 62, 5, 35000.00, 37, NULL, 0.1700, 5374250.00, 3224550.00, 0.00, '2026-05-31 23:06:58', '2026-05-31 23:35:17'),
(182, 7, '1.3', 63, 5, 35000.00, 37, NULL, 0.1700, 5374250.00, 3224550.00, 0.00, '2026-05-31 23:06:58', '2026-05-31 23:35:17'),
(183, 7, '1.3', 64, 10, 35000.00, 39, NULL, 0.1700, 11329500.00, 6797700.00, 0.00, '2026-05-31 23:06:58', '2026-05-31 23:35:17'),
(184, 7, '1.3', 65, 10, 35000.00, 39, NULL, 0.1700, 11329500.00, 6797700.00, 0.00, '2026-05-31 23:06:58', '2026-05-31 23:35:17'),
(185, 7, '1.3', 66, 1, 35000.00, 35, NULL, 0.1700, 1016750.00, 610050.00, 0.00, '2026-05-31 23:06:58', '2026-05-31 23:35:17'),
(186, 7, '1.3', 67, 1, 35000.00, 35, NULL, 0.1700, 1016750.00, 610050.00, 0.00, '2026-05-31 23:06:58', '2026-05-31 23:35:17'),
(187, 7, '1.3', 68, 1, 35000.00, 35, NULL, 0.1700, 1016750.00, 610050.00, 0.00, '2026-05-31 23:06:58', '2026-05-31 23:35:17'),
(188, 7, '1.3', 69, 1, 35000.00, 35, NULL, 0.1700, 1016750.00, 610050.00, 0.00, '2026-05-31 23:06:58', '2026-05-31 23:35:17'),
(189, 7, '1.3', 44, 4, 240000.00, 66, NULL, 0.1000, 57024000.00, 34214400.00, 0.00, '2026-05-31 23:06:58', '2026-05-31 23:35:17'),
(190, 7, '1.3', 45, 4, 240000.00, 69, NULL, 0.1000, 59616000.00, 35769600.00, 0.00, '2026-05-31 23:06:58', '2026-05-31 23:35:17'),
(191, 7, '1.3', 46, 0, 240000.00, 62, NULL, 0.1000, 0.00, 0.00, 0.00, '2026-05-31 23:06:58', '2026-05-31 23:35:17'),
(192, 7, '1.3', 47, 0, 240000.00, 69, NULL, 0.1000, 0.00, 0.00, 0.00, '2026-05-31 23:06:58', '2026-05-31 23:35:17'),
(193, 7, '1.3', 48, 5, 240000.00, 69, NULL, 0.1000, 74520000.00, 44712000.00, 0.00, '2026-05-31 23:06:58', '2026-05-31 23:35:17'),
(194, 7, '1.3', 49, 4, 240000.00, 69, NULL, 0.1000, 59616000.00, 35769600.00, 0.00, '2026-05-31 23:06:58', '2026-05-31 23:35:17'),
(195, 7, '1.3', 50, 5, 240000.00, 69, NULL, 0.1000, 74520000.00, 44712000.00, 0.00, '2026-05-31 23:06:58', '2026-05-31 23:35:17'),
(196, 7, '1.3', 51, 4, 240000.00, 69, NULL, 0.1000, 59616000.00, 35769600.00, 0.00, '2026-05-31 23:06:58', '2026-05-31 23:35:17'),
(197, 7, '1.3', 52, 0, 600000.00, 57, NULL, 0.1000, 0.00, 0.00, 0.00, '2026-05-31 23:06:58', '2026-05-31 23:35:17'),
(198, 7, '1.3', 53, 0, 600000.00, 60, NULL, 0.1000, 0.00, 0.00, 0.00, '2026-05-31 23:06:58', '2026-05-31 23:35:17'),
(199, 7, '1.2', NULL, 705, NULL, NULL, 210000.00, 0.1700, 122881500.00, 0.00, 0.00, '2026-05-31 23:06:58', '2026-05-31 23:20:34'),
(200, 7, '1.4', NULL, 342, NULL, NULL, 210000.00, 0.1700, 59610600.00, 0.00, 0.00, '2026-05-31 23:06:58', '2026-05-31 23:20:34'),
(201, 7, '2.1', NULL, 0, 90000.00, NULL, NULL, 0.0000, 0.00, 0.00, 0.00, '2026-05-31 23:06:58', '2026-05-31 23:06:58'),
(202, 7, '2.2', NULL, 1047, NULL, NULL, 50000.00, 0.0000, 52350000.00, 0.00, 0.00, '2026-05-31 23:06:58', '2026-05-31 23:20:40'),
(203, 7, '2.3', NULL, 1047, NULL, NULL, 20000.00, 0.0000, 20940000.00, 0.00, 0.00, '2026-05-31 23:06:58', '2026-05-31 23:20:40'),
(204, 7, '2.4', NULL, 0, 0.00, NULL, NULL, 0.0000, 0.00, 0.00, 0.00, '2026-05-31 23:06:58', '2026-05-31 23:21:40');

-- --------------------------------------------------------

--
-- Table structure for table `academic_income_plans`
--

CREATE TABLE `academic_income_plans` (
  `id` bigint UNSIGNED NOT NULL,
  `planning_year_id` bigint UNSIGNED DEFAULT NULL,
  `fiscal_year` smallint UNSIGNED NOT NULL,
  `nuol_pct_1_1` decimal(5,4) NOT NULL DEFAULT '0.1700',
  `nuol_pct_1_2` decimal(5,4) NOT NULL DEFAULT '0.1700',
  `nuol_pct_1_3` decimal(5,4) NOT NULL DEFAULT '0.1700',
  `nuol_pct_1_4` decimal(5,4) NOT NULL DEFAULT '0.1700',
  `notes` text CHARACTER SET utf8mb4 COLLATE utf8mb4_unicode_ci,
  `created_by` int NOT NULL,
  `created_at` timestamp NULL DEFAULT NULL,
  `updated_at` timestamp NULL DEFAULT NULL
) ENGINE=InnoDB DEFAULT CHARSET=utf8mb4 COLLATE=utf8mb4_unicode_ci;

--
-- Dumping data for table `academic_income_plans`
--

INSERT INTO `academic_income_plans` (`id`, `planning_year_id`, `fiscal_year`, `nuol_pct_1_1`, `nuol_pct_1_2`, `nuol_pct_1_3`, `nuol_pct_1_4`, `notes`, `created_by`, `created_at`, `updated_at`) VALUES
(7, 1, 2026, 0.1700, 0.1700, 0.1700, 0.1700, NULL, 2, '2026-05-31 06:56:11', '2026-05-31 06:56:11'),
(11, 4, 2027, 0.1700, 0.1700, 0.1700, 0.1700, NULL, 2, '2026-06-08 05:45:43', '2026-06-08 05:45:43'),
(12, 5, 2028, 0.1700, 0.1700, 0.1700, 0.1700, NULL, 2, '2026-06-11 11:08:34', '2026-06-11 11:08:34');

-- --------------------------------------------------------

--
-- Table structure for table `academic_income_setting_sets`
--

CREATE TABLE `academic_income_setting_sets` (
  `id` bigint UNSIGNED NOT NULL,
  `fiscal_year` smallint UNSIGNED NOT NULL,
  `name` varchar(255) CHARACTER SET utf8mb4 COLLATE utf8mb4_unicode_ci NOT NULL,
  `gov_doc_id` varchar(255) CHARACTER SET utf8mb4 COLLATE utf8mb4_unicode_ci DEFAULT NULL,
  `is_active` tinyint(1) NOT NULL DEFAULT '1',
  `created_at` timestamp NULL DEFAULT NULL,
  `updated_at` timestamp NULL DEFAULT NULL
) ENGINE=InnoDB DEFAULT CHARSET=utf8mb4 COLLATE=utf8mb4_unicode_ci;

--
-- Dumping data for table `academic_income_setting_sets`
--

INSERT INTO `academic_income_setting_sets` (`id`, `fiscal_year`, `name`, `gov_doc_id`, `is_active`, `created_at`, `updated_at`) VALUES
(1, 2026, 'ການຕັ້ງຄ່າລາຍຮັບວິຊາການ 2026', NULL, 1, '2026-06-05 00:00:00', '2026-06-05 00:00:00');

-- --------------------------------------------------------

--
-- Table structure for table `chart_of_accounts`
--

CREATE TABLE `chart_of_accounts` (
  `id` int UNSIGNED NOT NULL,
  `account_code` varchar(20) CHARACTER SET utf8mb4 COLLATE utf8mb4_unicode_ci NOT NULL,
  `account_name` varchar(255) CHARACTER SET utf8mb4 COLLATE utf8mb4_unicode_ci NOT NULL,
  `parent_id` int UNSIGNED DEFAULT NULL
) ENGINE=InnoDB DEFAULT CHARSET=utf8mb4 COLLATE=utf8mb4_unicode_ci;

--
-- Dumping data for table `chart_of_accounts`
--

INSERT INTO `chart_of_accounts` (`id`, `account_code`, `account_name`, `parent_id`) VALUES
(32, '60000000', 'ເງິນ-ເດືອນ ແລະ ເງິນອຸດໜູນ ຂອງພະນັກງານ-ລັດຖະກອນ', NULL),
(33, '60100000', 'ເງິນເດືອນພືນຖານ', 32),
(34, '60100100', 'ພະນັກງານ ພວມປະຕິບັດງານ', 33),
(35, '60100101', 'ພະນັກງານ ສົມບູນ', 34),
(36, '60100102', 'ພະນັກງານ ຝຶກງານ', 34),
(37, '60100200', 'ພະນັກງານ ເພື່ອການເລື່ອນຊັ້ນ ແລະ ເລື່ອນຂັ້ນ', 33),
(38, '60100300', 'ພະນັກງານ ເຂົາການໃໝ່', 33),
(39, '60100400', 'ພະນັກງານ ຮຽນຢູ່ພາຍໃນປະເທດ', 33),
(40, '60100500', 'ພະນັກງານ ຮຽນຢູ່ຕ່າງປະເທດ', 33),
(41, '60100600', 'ພະນັກງານ ຕາມສັນຍາ', 33),
(42, '60200000', 'ເງິນອຸດໜູນ ປົກກະຕິ', 32),
(43, '60200100', 'ອຸດໜູນ ຕຳແໜ່ງງານ', 42),
(44, '60200200', 'ອຸດໜູນ ວິຊາຊີບ', 42),
(45, '60200201', 'ອຸດໜູນ ວິຊາຊີບຄູ  ( ເພີ່ມໃໝ່ )', 44),
(46, '60200202', 'ອຸດໜູນ ວິຊາຊີບສາທາ  ( ເພີ່ມໃໝ່ )', 44),
(47, '60200203', 'ອຸດໜູນ ສະມາຊິກສະພາ   ( ເພີ່ມໃໝ່ )', 44),
(48, '60200204', 'ອຸດໜູນ ວິຊາຊີບອື່ນ ( ເພີ່ມໃໝ່ )', 44),
(49, '60200300', 'ອຸດໜູນ ອາຍຸການ', 42),
(50, '60200400', 'ອຸດໜູນ ວຽກໜັກ ແລະ ທາດເບື່ອ', 42),
(51, '60200500', 'ອຸດໜູນ ເຂດຫຍຸ້ງຍາກ ແລະ ທຸລະກັນດານ', 42),
(52, '60200600', 'ອຸດໜູນ ຄູສອນຫ້ອງຄວບ', 42),
(53, '60200700', 'ອຸດໜູນ ຄ່າຄອງຊີບ', 42),
(54, '60200701', 'ອຸດໜູນ ຄ່າຄອງຊີບການນຳ ( ເພີ່ມໃໝ່)', 53),
(55, '60200702', 'ອຸດໜູນ ຄ່າຄອງຊີບພະນັກງານ-ລັດຖະກອນ ( ເພີ່ມໃໝ່ )', 53),
(56, '60200703', 'ອຸດໜູນ ຄ່າຄອງຊີບການທູດຢູ່ຕ່າງປະເທດ ( ເພີ່ມໃໝ່ )', 53),
(57, '60200800', 'ອຸດໜູນວິຊາການຄູ ( ເພີ່ມໃໝ່ )', 42),
(58, '60300000', 'ເງິນປະກັນສັງຄົມ ( ລັດຈ່າຍເພີ່ມ )', 32),
(59, '61000000', 'ເງິນນະໂຍບາຍ ແລະ ເງິນຊ່ວຍໜູນ ຕ່າງໆ', NULL),
(60, '61100000', 'ເງິນນະໂຍບາຍຕ່າງໆ', 59),
(61, '61100200', 'ຮອງເລຂາຄະນະພັກກຸ່ມບ້ານ ຫລື ບ້ານໃຫຍ່', 59),
(62, '61100300', 'ເລຂາໜ່ວຍພັກ ທັງເປັນນາຍບ້ານ', 59),
(63, '61100400', 'ກຳມະການຄະນະພັກກຸ່ມບ້ານ, ຮອງເລຂາໜ່ວຍພັກ ທັງເປັນນາຍບ້ານ', 59),
(64, '61100500', 'ເລຂາໜ່ວຍພັກບ້ານ, ກຳມະການໜ່ວຍພັກ ທັງເປັນນາຍບ້ານ', 59),
(65, '61100600', 'ນາຍບ້ານ, ຮອງເລຂາໜ່ວຍພັກບ້ານ, ກຳມະການໜ່ວຍພັກ', 59),
(66, '61100700', 'ກຳມະການໜ່ວຍພັກ, ຮອງນາຍບ້ານ', 59),
(67, '61100800', 'ເງິນນະໂຍບາຍ ອາສາສະໝັກ', 59),
(68, '61100900', 'ເງິນນະໂຍບາຍ ພະສົງ', 59),
(69, '61101000', 'ເງິນນະໂຍບາຍ ໃຫ້ພະນັກງານໄປຄົນຄ້ວາຢູ່ຕ່າງປະເທດ', 59),
(70, '61200000', 'ເງິນນະໂຍບາຍ ຄອບຄົວ', 59),
(71, '61200100', 'ລູກພະນັກງານ', 70),
(72, '61200200', 'ເມຍພະນັກງານ', 70),
(73, '61300000', 'ກ່ອນຮັບບຳນານ', 59),
(74, '61400000', 'ເງິນອຸດໜູນເຮັດວຽກເພີ່ມ', 59),
(75, '61400100', 'ເຮັດວຽກນອກໂມງລັດຖະການ', 74),
(76, '61400200', 'ແປພາສາ', 74),
(77, '61400300', 'ຄົນຄ້ວາ ແລະ ວິໄຈ', 74),
(78, '61400400', 'ຂຽນບົດ ແລະ ຮຽບຮຽງ', 74),
(79, '61400500', 'ສອນພິເສດ', 74),
(80, '61400600', 'ເວນຍາມ', 74),
(81, '61500000', 'ເງິນເບັ້ຍລ້ຽງຕ່າງໆ', 59),
(82, '61500100', 'ເບ້ຍລ້ຽງນັກຮຽນພາຍໃນປະເທດ', 81),
(83, '61500101', 'ນັກຮຽນສາມັນ', 82),
(84, '61500102', 'ຊັ້ນຕົນ', 82),
(85, '61500103', 'ຊັ້ນກາງ', 82),
(86, '61500104', 'ຊັ້ນສູງ, ປະລິນຍາຕີ ແລະ ເໜືອມະຫາວິທະຍາໄລ', 82),
(87, '61500105', 'ເດັກກຳພ້າ, ເດັກຊົນເຜົາ ແລະ ເດັກເສຍອົງຄະ', 82),
(88, '61500200', 'ເບ້ຍລ້ຽງນັກຮຽນຕ່າງປະເທດຢູ່ລາວ', 81),
(89, '61500201', 'ອັດຕາກິນ', 88),
(90, '61500202', 'ຄ່າເດີນທາງ', 88),
(91, '61500300', 'ເບ້ຍລ້ຽງນັກຮຽນພາຍໃນໄປຝຶກງານ', 81),
(92, '61500301', 'ອັດຕາກິນ', 91),
(93, '61500302', 'ຄ່າເດີນທາງ', 91),
(94, '61500400', 'ເບ້ຍລ້ຽງນັກຮຽນຕ່າງປະເທດຝຶກງານຢູ່ລາວ', 81),
(95, '61500401', 'ອັດຕາກິນ', 94),
(96, '61500402', 'ຄ່າເດີນທາງ', 94),
(97, '61500500', 'ເບ້ຍລ້ຽງພະນັກງານໄປຄົນຄ້ວາ ຢູ່ພາຍໃນ ແລະ ຕ່າງປະເທດ', 81),
(98, '61500501', 'ອັດຕາກິນ', 97),
(99, '61500502', 'ຄ່າເດີນທາງ', 97),
(100, '61500600', 'ຄ່າຂົນສົງນັກຮຽນ ແລະ ນັກສຶກສາ', 81),
(101, '61600000', 'ເງິນປີນປົວ ພະນັກງານການນຳ', 59),
(102, '61700000', 'ເງິນຊ່ວຍໜູນດ້ານສັງຄົມ', 59),
(103, '61700100', 'ເງິນນະໂຍບາຍ ໃຫ້ພະນັກງານບຳນານຄືນ', 102),
(104, '61700200', 'ເງິນນະໂຍບາຍ ລູກພະນັກງານບຳນານ', 102),
(105, '61700300', 'ເງິນນະໂຍບາຍ ພະນັກງານເສັຍອົງຄະ', 102),
(106, '61700400', 'ເງິນນະໂຍບາຍ ຜູ້ດູແລຜູ້ເສຍອົງຄະພິເສດ', 102),
(107, '61700500', 'ເງິນນະໂຍບາຍ ເສຍຊີວິດ', 102),
(108, '61700600', 'ເງິນນະໂຍບາຍ ປີນປົວພະຍາດ', 102),
(109, '61700700', 'ອັດຕາກິນນັກໂທດ', 102),
(110, '61700701', 'ນັກໂທດພາຍໃນ', 109),
(111, '61700702', 'ນັກໂທດຕ່າງປະເທດ', 109),
(112, '62000000', 'ລາຍຈ່າຍ ບໍລິຫານປົກກະຕິ', NULL),
(113, '62100000', 'ການຊື ແລະ ການຊົມໃຊ້', 112),
(114, '62100100', 'ຊືນ້ຳມັນເຊືອໄຟ ແລະ ນ້ຳມັນລໍ່ລືນ', 113),
(115, '62100200', 'ຊືເຄື່ອງໃຊ້ຫ້ອງການ ແລະ ແບບພິມ', 113),
(116, '62100201', 'ຊືເຄື່ອງໃຊ້ຫ້ອງການ', 115),
(117, '62100202', 'ຊືແບບພິມ', 115),
(118, '62100203', 'ຊືວາລະສານ ແລະ ໜັງສືພິມ', 115),
(119, '62100300', 'ຊືເຄື່ອງແບບ', 113),
(120, '62100400', 'ຊືວັດຖຸ, ອຸປະກອນຕ່າງໆ', 113),
(121, '62100401', 'ຊືວັດຖຸ, ອຸປະກອນ ການສິດສອນ ແລະ ການຮຽນ', 120),
(122, '62100402', 'ຊືວັດຖຸ, ອຸປະກອນ ດ້ານການແພດ', 120),
(123, '62100403', 'ຊືວັດຖຸ, ອຸປະກອນ ຮັບໃຊ້ວິຊາສະເພາະ', 120),
(124, '62100404', 'ຊືຢາປົວພະຍາດໃຫ້ໂຮງໝໍ', 120),
(125, '62100500', 'ຄ່ານ້ຳປະປາ, ຄ່າໄຟຟ້າ', 113),
(126, '62100501', 'ຄ່ານ້ຳປະປາ', 125),
(127, '62100502', 'ຄ່າໄຟຟ້າ', 125),
(128, '62200000', 'ລາຍຈ່າຍການບໍລິການ ຈາກທາງນອກ', 112),
(129, '62200100', 'ຄ່າເຊົາຕ່າງໆ', 128),
(130, '62200101', 'ຄ່າເຊົາຕຶກ ເຄຫາສະຖານ', 129),
(131, '62200102', 'ຄ່າເຊົາພາຫະນະ', 129),
(132, '62200103', 'ຄ່າເຊົາລະບົບການສື່ສານ', 129),
(133, '62200104', 'ຄ່າເຊົາເຄື່ອງຈັກ ແລະ ວັດຖຸອຸປະກອນ', 129),
(134, '62200105', 'ຄ່າເຊົາອື່ນໆ', 129),
(135, '62200200', 'ຄ່າບຳລຸງຮັກສາ, ສ້ອມແປງປົກກະຕິ ແລະ ຕິດຕັ້ງ', 128),
(136, '62200201', 'ສຳນັກງານ ແລະ ສີ່ງປຸກສ້າງ', 135),
(137, '62200202', 'ພາຫະນະ', 135),
(138, '62200203', 'ເຄື່ອງຈັກ ແລະ ວັດຖຸອຸປະກອນ', 135),
(139, '62200204', 'ສວນສາທາລະນະ, ສະຖານທີວັດທະນະທຳ', 135),
(140, '62200205', 'ຂົວ ແລະທາງ', 135),
(141, '62200206', 'ຕໍານເຈື່ອນ', 135),
(142, '62200207', 'ສະໜາມບິນ, ສະໜາມກິລາ', 135),
(143, '62200208', 'ຊົນລະປະທານ', 135),
(144, '62200209', 'ອື່ນໆ', 135),
(145, '62200300', 'ຄ່າປະກັນໄພ', 128),
(146, '62200301', 'ສຳນັກງານ', 145),
(147, '62200302', 'ພາຫະນະ', 145),
(148, '62200303', 'ອື່ນໆ', 145),
(149, '62200400', 'ຄ່າໄປສະນີ ແລະ ຄ່າໂທລະຄົມມະນາຄົມ', 128),
(150, '62200401', 'ຄ່າໄປສະນີ', 149),
(151, '62200402', 'ຄ່າໂທລະຄົມມະນາຄົມ', 149),
(152, '62200500', 'ຄ່າຂົນສົງວັດຖຸອຸປະກອນ', 128),
(153, '62200600', 'ຄ່າບໍລິການ ທະນາຄານ', 128),
(154, '62200700', 'ຄ່າບໍລິການ ແປພາສາ', 128),
(155, '62200800', 'ຄ່າບໍລິການ ເວນຍາມສຳນັກງານ', 128),
(156, '62200900', 'ຄ່າທີປຶກສາພາຍໃນ', 128),
(157, '62201000', 'ຄ່າທີປຶກສາຕ່າງປະເທດ', 128),
(158, '62201100', 'ຄ່າບໍລິການອື່ນໆ', 128),
(159, '62300000', 'ລາຍຈ່າຍໄປວຽກທາງການ', 112),
(160, '62300100', 'ພາຍໃນປະເທດ', 159),
(161, '62300200', 'ຕ່າງປະເທດ', 159),
(162, '62400000', 'ລາຍຈ່າຍກອງປະຊຸມ , ສຳມະນາ ແລະ ຝຶກອົບëົມ', 112),
(163, '62400100', 'ກອງປະຊຸມ', 162),
(164, '62400200', 'ສຳມະນາ', 162),
(165, '62400300', 'ຝຶກອົບຮົມ', 162),
(166, '62500000', 'ລາຍຈ່າຍຮັບແຂກ', 112),
(167, '62500100', 'ພາຍໃນປະເທດ', 166),
(168, '62500200', 'ຕ່າງປະເທດ', 166),
(169, '62600000', 'ລາຍຈ່າຍຊືຂອງຂວັນ ແລະ ຂອງຕ້ອນ', 112),
(170, '62700000', 'ລາຍຈ່າຍ ວັນບຸນລະດັບຊາດ', 112),
(171, '62800000', 'ລາຍຈ່າຍ ຄ່າພາສີ, ສ່ວຍສາອາກອນ ແລະ ຄ່າທຳນຽມ ຕ່າງໆ', 112),
(172, '62800100', 'ຄ່າພາສີ', 171),
(173, '62800200', 'ຄ່າອາກອນ', 171),
(174, '62800300', 'ຄ່າທຳນຽມ ແລະ ຄ່າສະແຕມ', 171),
(175, '62900000', 'ລາຍຈ່າຍບໍລິຫານປົກກະຕິ ອໍນໆ', 112),
(176, '63000000', 'ລາຍຈ່າຍດັດສົມ, ສົ່ງເສີມ ແລະ ເງິນບຳລຸງ', NULL),
(177, '63100000', 'ດັດສົມ ສົງເສີມ ດ້ານການເມືອງ', 176),
(178, '63100100', 'ການເລືອກຕັ້ງສະພາແຫ່ງຊາດ', 177),
(179, '63100200', 'ກອງປະຊຸມພັກ', 177),
(180, '63100300', 'ກອງປະຊຸມ ອົງການຈັດຕັ້ງມະຫາຊົນ', 177),
(181, '63100400', 'ກໍ່ສ້າງຮາກຖານ ການເມືອງ', 177),
(182, '63100500', 'ການເຄ່ືອນໄຫວພິເສດ', 177),
(183, '63100600', 'ການເຄ່ືອນໄຫວລັດຖະກິດ', 177),
(184, '63100700', 'ການຍ້ອງຍໍ ( ໃບຍ້ອງຍໍ, ຫລຽນກາ, ຫລຽນໄຊ ແລະ ອື່ນໆ )', 177),
(185, '63200000', 'ດັດສົມ ສົ່ງເສີມ ດ້ານເສດຖະກິດ', 176),
(186, '63200100', 'ຖົມຂຸມລາຄາ', 185),
(187, '63200200', 'ຖົມຂຸມດອກເບັ້ຍ', 185),
(188, '63200300', 'ຊຸກຍູ້ສົງເສີມການຜະລິດ', 185),
(189, '63200400', 'ເງິນບຳເນັດເກັບລາຍຮັບຢູ່ຂັ້ນບ້ານ', 185),
(190, '63200500', 'ເງິນຈ່າຍຊືອາຫານສັດ(ໝາວິຊາສະເພາະຕຳຫລວດ)( ເພີ່ມໃໝ່ )', 185),
(191, '63200800', 'ອື່ນໆ', 185),
(192, '63300000', 'ດັດສົມ ສົງເສີມ ດ້ານວັດທະນາທຳ - ສັງຄົມ', 176),
(193, '63300100', 'ປັບປຸງ ແລະ ພັດທະນາ ຄຸນນະພາບ ການສຶກສາ ທຸກຂັ້ນ', 192),
(194, '63300200', 'ປ້ອງກັນ, ປີ່ນປົວ, ຟືນຟູ ແລະ ສົງເສີມສຸຂະພາບ', 192),
(195, '63300300', 'ຄຸ້ມຄອງ ຜູ້ບໍລິໂພກ ແລະ ຜູ້ສະໜອງອາຫານ  ຢາ', 192),
(196, '63300400', 'ຄົນຄ້ວາວິທະຍາສາດ ການແພດ', 192),
(197, '63300500', 'ປັບປຸງວຽກງານຖະແຫລ່ງຂ່າວ ແລະ ສື່ມວນຊົນ', 192),
(198, '63300600', 'ບູລະນະ ແລະ ປົກປັກຮັກສາ ວັດທະນາທຳ', 192),
(199, '63300700', 'ພິມໜັງສືພິມ ແລະ ວາລະສານ', 192),
(200, '63400000', 'ດັດສົມ ສົງເສີມ ວຽກງານອື່ນໆ', 176),
(201, '63500000', 'ເງິນບຳລຸງ ແລະ ເງິນປະກອບສ່ວນເຂົາໃນອົງການຈັດຕັ້ງສາກົນ', 176),
(202, '63500100', 'ເງິນບຳລຸງອົງການຈັດຕັ້ງສາກົນ', 201),
(203, '63500200', 'ເງິນປະກອບສ່ວນເຂົາໃນອົງການຈັດຕັ້ງສາກົນ', 201),
(204, '63500300', 'ເງິນປະກອບສ່ວນເຂົາໃນກອງປະຊຸມ', 201),
(205, '63600000', 'ເງິນຊ່ວຍໜູນ', 176),
(206, '63600100', 'ເງິນສົງເຄາະປະຊາຊົນ ປະສົບໄພທຳມະຊາດ', 205),
(207, '63600200', 'ເງິນນະໂຍບາຍຜູ້ມີຜົນງານຕໍ່ການປະຕິວັດ', 205),
(208, '64000000', 'ລາຍຈ່າຍ ການເງິນ', NULL),
(209, '64100000', 'ລາຍຈ່າຍດອກເບັ້ຍ', 208),
(210, '64100100', 'ດອກເບັ້ຍ ເງິນກູ້ຢືມພາຍໃນ', 209),
(211, '64100101', 'ດອກເບັ້ຍ ພັນທະບັດຄັງເງິນແຫ່ງຊາດ', 210),
(212, '64100102', 'ດອກເບັ້ຍ ຮຸ້ນກູໍລັດຖະບານ', 210),
(213, '64100103', 'ດອກເບັ້ຍ ເງິນກູ້ຢືມຮູບການອື່ນໆ', 210),
(214, '64100200', 'ດອກເບັ້ຍ ເງິນກູ້ຢືມຈາກຕ່າງປະເທດ', 209),
(215, '64100201', 'ດອກເບັ້ຍ ເງິນກູ້ຢືມດັດແກ້ມະຫາພາກ', 214),
(216, '64100202', 'ດອກເບັ້ຍ ເງິນກູ້ຢືມເປັນໂຄງການ', 214),
(217, '64100300', 'ດອກເບັ້ຍ ພັນທະບັດຕ່າງປະເທດ', 209),
(218, '64200000', 'ລາຍຈ່າຍ ເງິນຄ້ຳປະກັນ', 208),
(219, '64300000', 'ລາຍຈ່າຍ ຜິດດ່ຽງຈາກການແລກປ່ຽນເງິນຕາຕ່າງປະເທດ (ສ່ວນເສຍ)', 208),
(220, '64400000', 'ລາຍຈ່າຍ ສົງຄືນອາກອນມູນຄ່າເພີ່ມ ( ເພີ່ມໃໝ່ )', 208),
(221, '6500000', 'ລາຍຈ່າຍ ອື່ນໆ', NULL),
(222, '65100000', 'ຫັກເງິນເຂົາຄັງສະສົມແຫ່ງລັດ', 221),
(223, '65200000', 'ລາຍຈ່າຍ ຄ່າປັບໃໝ', 221),
(224, '65300000', 'ລາຍຈ່າຍ ເງິນແຮ', 221),
(225, '65300100', 'ລາຍຈ່າຍ ເງິນແຮລັດຖະບານ', 224),
(226, '65300200', 'ລາຍຈ່າຍ ເງິນແຮທ້ອງຖີນ', 224),
(227, '65400000', 'ລາຍຈ່າຍ ເງິນບຳເນັດ ເກັບລາຍຮັບເກີນແຜນ', 221),
(228, '65500000', 'ອໍນໆ', 221),
(229, '66000000', 'ຊືຊັບສົມບັດ ຮັບໃຊ້ບໍລິຫານ', NULL),
(230, '66100000', 'ຊືພະຫານະ ຮັບໃຊ້ກົງຈັກ ບໍລິຫານ', 229),
(231, '66200000', 'ຊືເຄື່ອງຈັກ ແລະ ວັດຖຸອຸປະກອນ', 229),
(232, '66300000', 'ຊືຊັບສົມບັດຄົງທີ ອື່ນໆ', 229),
(233, '6700000', 'ລາຍຈ່າຍລົງທຶນຂອງລັດ', NULL),
(234, '67100000', 'ຄ່າບຸກເບີກທີດິນ', 233),
(235, '67200000', 'ຄ່າເວນຄືນທີດິນ', 233),
(236, '67300000', 'ຄ່າສຳÍວດພືນຖານ ແລະ ສົງເສີມວິຊາການ', 233),
(237, '67400000', 'ຄ່າອອກແບບ', 233),
(238, '67500000', 'ລາຍຈ່າຍ ຄຸ້ມຄອງໂຄງການ', 233),
(239, '67500100', 'ຄ່າຈ້າງຊ່ຽວຊານ ຕ່າງປະເທດ', 238),
(240, '67500200', 'ຄ່າຈ້າງຊ່ຽວຊານ ພາຍໃນ', 238),
(241, '67500300', 'ລາຍຈ່າຍໃຫ້ພະນັກງານລົງຕິດຕາມໂຄງການ', 238),
(242, '67500400', 'ລາຍຈ່າຍບໍລິຫານອື່ນໆ', 238),
(243, '67600000', 'ໂປëແກມຄອມພິວເຕີ', 233),
(244, '67700000', 'ລິຂະສິດດ້ານຊັບສິນທາງປັນຍາ', 233),
(245, '67800000', 'ການກໍ່ສ້າງ', 233),
(246, '67800100', 'ຕຶກ ເຄຫາສະຖານ ( ການກໍ່ສ້າງ )', 245),
(247, '67800200', 'ຂົວ', 245),
(248, '67800300', 'ເສັ້ນທາງ( ທາງດິນແດງ, ທາງຢາງ, ທາງຄອນກëີດ )', 245),
(249, '67800400', 'ທາງລົດໄຟ', 245),
(250, '67800500', 'ປັກແລວນ້ຳ', 245),
(251, '67800600', 'ຕາຟັງເຈື່ອນ', 245),
(252, '67800700', 'ໂຄງສ້າງນ້ຳປະປາ ( ອ່າງ, ທໍ່ນ້ຳປະປາ,....)', 245),
(253, '67800800', 'ໂຄງສ້າງໄຟຟ້າ ( ຕາຄ່າຍໄຟຟ້າ, ເຂື່ອນໄຟຟ້າ,... )', 245),
(254, '67800900', 'ໂຄງສ້າງການສື່ສານ', 245),
(255, '67801000', 'ສະໜາມກິລາ, ສະໜາມບິນ', 245),
(256, '67801100', 'ຊົນລະປະທານ', 245),
(257, '67801200', 'ການກໍ່ສ້າງໂຄງລ່າງອໍນໆ', 245),
(258, '67900000', 'ການຊື', 233),
(259, '67900100', 'ຕຶກ ເຄຫາສະຖານ ( ການຊື )', 258),
(260, '67900200', 'ຊືເຄື່ອງມື  ແລະ ວັດຖຸອຸປະກອນ ( ລົງທຶນ )', 258),
(261, '67900300', 'ຊືເຄື່ອງກົນຈັກ ( ລົດຈົກ, ລົດດຸດ ) ( ລົງທຶນ )', 258),
(262, '67900400', 'ຊືພະຫານະ   ( ລົງທຶນ )', 258),
(263, '67900500', 'ຊືແນວພັນພືດແນວພັນສັດ', 258),
(264, '67900600', 'ຊືຊັບສົມບັດຄົງທີ ອື່ນໆ  ( ລົງທຶນ )', 258),
(265, '67900700', 'ການສ້ອມແປງໃຫຍ່', 258),
(266, '67900701', 'ຕຶກ ເຄຫາສະຖານ', 265),
(267, '67900702', 'ຂົວ', 265),
(268, '67900703', 'ເສັ້ນທາງ ( ທາງດິນແດງ, ທາງຢາງ, ທາງຄອນກëີດ )', 265),
(269, '67900704', 'ທາງລົດໄຟ', 265),
(270, '67900705', 'ປັກແລວນ້ຳ', 265),
(271, '67900706', 'ຕາຟັງເຈື່ອນ', 265),
(272, '67900707', 'ໂຄງສ້າງ ນ້ຳປະປາ ( ອ່າງ, ທໍ່ນ້ຳປະປາ,..)', 265),
(273, '67900708', 'ໂຄງສ້າງໄຟຟ້າ ( ຕາຄ່າຍໄຟຟ້າ, ເຂື່ອນໄຟຟ້າ,... )', 265),
(274, '67900709', 'ໂຄງສ້າງການສື່ສານ', 265),
(275, '67900710', 'ສະໜາມກິລາ, ສະໜາມບິນ', 265),
(276, '67900711', 'ຊົນລະປະທານ', 265),
(277, '67900712', 'ພາຫະນະ', 265),
(278, '67900713', 'ເຄື່ອງກົນຈັກ ( ລົດຈົກ, ລົດດຸດ, ...)', 265),
(279, '67900714', 'ເຄື່ອງມື  ແລະ ວັດຖຸອຸປະກອນ', 265),
(280, '67900715', 'ໂຄງລ່າງ ແລະຊັບສົມບັດຄົງທີ ອື່ນໆ', 265),
(281, '68000000', 'ລາຍຈ່າຍຮ່ວມປະກອບທຶນ, ຊ່ວຍເຫຼືອລ້າ, ກູ້ຢືມ ແລະ ໃຫ້ກູ້ຢືມ', NULL),
(282, '68100000', 'ລາຍຈ່າຍຮ່ວມປະກອບທຶນ', 281),
(283, '68100100', 'ໃບຢັ້ງຢືນຮ່ວມປະກອບທຶນຂອງລັດ', 282),
(284, '68100200', 'ທຶນປະກອບ', 282),
(285, '68200000', 'ລາຍຈ່າຍ ຊ່ວຍເຫຼືອລ້າ', 281),
(286, '68200100', 'ເງິນຊ່ວຍເຫລືອລ້າໃຫ້ລັດຖະບານຕ່າງປະເທດ', 285),
(287, '68200200', 'ເງິນຊ່ວຍເຫລືອລ້າໃຫ້ອົງການຈັດຕັ້ງສາກົນ', 285),
(288, '68300000', 'ລາຍຈ່າຍເງິນກູ້ຢືມດັດແກ້ມະພາກ ເງິນກູ້ຢືມເປັນໂຄງການ', 281),
(289, '68300100', 'ຕົນທຶນເງິນກູ້ຢືມ ດັດແກ້ມະຫາພາກ', 288),
(290, '68300200', 'ຕົນທຶນເງິນກູ້ຢືມ ທີເປັນໂຄງການ', 288),
(291, '68400000', 'ລາຍຈ່າຍເງິນໃຫ້ກໍູຢືມ', 281),
(292, '68400100', 'ເງິນໃຫ້ກູ້ຢືມ ແກ່ລັດວິສາຫະກິດ', 291),
(293, '68400200', 'ເງິນໃຫ້ກູ້ຢືມ ແກ່ວິສາຫະກິດອື່ນໆ', 291),
(294, '68400300', 'ເງິນໃຫ້ກູ້ຢືມ ແກ່ຕ່າງປະເທດ', 291),
(295, '69000000', 'ລາຍຈ່າຍ ຊຳລະໜšສິນປີເກົາ', NULL),
(296, '69100000', 'ໜš ລາຍຈ່າຍ ບໍລິຫານປົກກະຕິ', 295),
(297, '69100100', 'ຄ່າກະແສໄຟຟ້າ', 296),
(298, '69100200', 'ຄ່ານ້ຳປະປາ', 296),
(299, '69100300', 'ຄ່າໂທລະສັບ', 296),
(300, '69200000', 'ລາຍຈ່າຍດັດສົມ ແລະ ສົງເສີມ', 295),
(301, '69300000', 'ລາຍຈ່າຍລົງທຶນຂອງລັດ', 295);

-- --------------------------------------------------------

--
-- Table structure for table `course_credit_settings`
--

CREATE TABLE `course_credit_settings` (
  `id` bigint UNSIGNED NOT NULL,
  `degree_program_id` bigint UNSIGNED NOT NULL,
  `course_credit_unit` smallint UNSIGNED NOT NULL,
  `year1_credit_unit` decimal(8,2) DEFAULT NULL,
  `gov_doc_id` varchar(255) CHARACTER SET utf8mb4 COLLATE utf8mb4_unicode_ci DEFAULT NULL,
  `start_year` smallint UNSIGNED NOT NULL,
  `created_at` timestamp NULL DEFAULT NULL,
  `updated_at` timestamp NULL DEFAULT NULL
) ENGINE=InnoDB DEFAULT CHARSET=utf8mb4 COLLATE=utf8mb4_unicode_ci;

--
-- Dumping data for table `course_credit_settings`
--

INSERT INTO `course_credit_settings` (`id`, `degree_program_id`, `course_credit_unit`, `year1_credit_unit`, `gov_doc_id`, `start_year`, `created_at`, `updated_at`) VALUES
(28, 55, 37, NULL, NULL, 2026, '2026-05-18 06:27:35', '2026-05-18 18:05:06'),
(29, 56, 38, NULL, NULL, 2026, '2026-05-18 06:27:35', '2026-05-18 18:05:06'),
(30, 57, 38, NULL, NULL, 2026, '2026-05-18 06:27:35', '2026-05-18 18:05:06'),
(31, 58, 37, NULL, NULL, 2026, '2026-05-18 06:27:35', '2026-05-18 18:05:06'),
(32, 59, 37, NULL, NULL, 2026, '2026-05-18 06:27:35', '2026-05-18 18:05:06'),
(33, 60, 36, NULL, NULL, 2026, '2026-05-18 06:27:35', '2026-05-18 18:05:06'),
(34, 61, 36, NULL, NULL, 2026, '2026-05-18 06:27:35', '2026-05-18 18:05:06'),
(35, 62, 37, NULL, NULL, 2026, '2026-05-18 06:27:35', '2026-05-18 18:05:06'),
(36, 63, 37, NULL, NULL, 2026, '2026-05-18 06:27:35', '2026-05-18 18:05:06'),
(37, 64, 39, NULL, NULL, 2026, '2026-05-18 06:27:35', '2026-05-18 18:05:06'),
(38, 65, 39, NULL, NULL, 2026, '2026-05-18 06:27:35', '2026-05-18 18:05:06'),
(39, 66, 35, NULL, NULL, 2026, '2026-05-18 06:27:35', '2026-05-18 18:05:06'),
(40, 67, 35, NULL, NULL, 2026, '2026-05-18 06:27:35', '2026-05-18 18:05:06'),
(41, 68, 35, NULL, NULL, 2026, '2026-05-18 06:27:35', '2026-05-18 18:05:06'),
(42, 69, 35, NULL, NULL, 2026, '2026-05-18 06:27:35', '2026-05-18 18:05:06'),
(43, 1, 37, NULL, NULL, 2026, '2026-05-18 06:27:35', '2026-05-18 18:05:06'),
(44, 2, 37, NULL, NULL, 2026, '2026-05-18 06:27:35', '2026-05-18 18:05:06'),
(45, 3, 37, NULL, NULL, 2026, '2026-05-18 06:27:35', '2026-05-18 18:05:06'),
(46, 4, 27, NULL, NULL, 2026, '2026-05-18 06:27:35', '2026-05-18 18:05:06'),
(47, 5, 37, NULL, NULL, 2026, '2026-05-18 06:27:35', '2026-05-18 18:05:06'),
(48, 6, 37, NULL, NULL, 2026, '2026-05-18 06:27:35', '2026-05-18 18:05:06'),
(49, 7, 37, NULL, NULL, 2026, '2026-05-18 06:27:35', '2026-05-18 18:05:06'),
(50, 8, 31, NULL, NULL, 2026, '2026-05-18 06:27:35', '2026-05-18 18:05:06'),
(51, 9, 31, NULL, NULL, 2026, '2026-05-18 06:27:35', '2026-05-18 18:05:06'),
(52, 10, 35, NULL, NULL, 2026, '2026-05-18 06:27:35', '2026-05-18 18:05:06'),
(53, 11, 35, NULL, NULL, 2026, '2026-05-18 06:27:35', '2026-05-18 18:05:06'),
(54, 12, 36, NULL, NULL, 2026, '2026-05-18 06:27:35', '2026-05-18 18:05:06'),
(55, 13, 36, NULL, NULL, 2026, '2026-05-18 06:27:35', '2026-05-18 18:05:06'),
(56, 14, 37, NULL, NULL, 2026, '2026-05-18 06:27:35', '2026-05-18 18:05:06'),
(57, 15, 36, NULL, NULL, 2026, '2026-05-18 06:27:35', '2026-05-18 18:05:06'),
(58, 16, 33, NULL, NULL, 2026, '2026-05-18 06:27:35', '2026-05-18 18:05:06'),
(59, 17, 38, NULL, NULL, 2026, '2026-05-18 06:27:35', '2026-05-18 18:05:06'),
(60, 18, 42, NULL, NULL, 2026, '2026-05-18 06:27:35', '2026-05-18 18:05:06'),
(61, 19, 39, NULL, NULL, 2026, '2026-05-18 06:27:35', '2026-05-18 18:05:06'),
(62, 20, 39, NULL, NULL, 2026, '2026-05-18 06:27:35', '2026-05-18 18:05:06'),
(63, 21, 37, NULL, NULL, 2026, '2026-05-18 06:27:35', '2026-05-18 18:05:06'),
(64, 22, 36, NULL, NULL, 2026, '2026-05-18 06:27:35', '2026-05-18 18:05:06'),
(65, 23, 33, NULL, NULL, 2026, '2026-05-18 06:27:35', '2026-05-18 18:05:06'),
(66, 24, 35, NULL, NULL, 2026, '2026-05-18 06:27:35', '2026-05-18 18:05:06'),
(67, 25, 36, NULL, NULL, 2026, '2026-05-18 06:27:35', '2026-05-18 18:05:06'),
(68, 26, 34, NULL, NULL, 2026, '2026-05-18 06:27:35', '2026-05-18 18:05:06'),
(69, 27, 36, NULL, NULL, 2026, '2026-05-18 06:27:35', '2026-05-18 18:05:06'),
(70, 28, 36, NULL, NULL, 2026, '2026-05-18 06:27:35', '2026-05-18 18:05:06'),
(71, 29, 36, NULL, NULL, 2026, '2026-05-18 06:27:35', '2026-05-18 18:05:06'),
(72, 30, 27, NULL, NULL, 2026, '2026-05-18 06:27:35', '2026-05-18 18:05:06'),
(73, 31, 30, NULL, NULL, 2026, '2026-05-18 06:27:35', '2026-05-18 18:05:06'),
(74, 32, 27, NULL, NULL, 2026, '2026-05-18 06:27:35', '2026-05-18 18:05:06'),
(75, 33, 24, NULL, NULL, 2026, '2026-05-18 06:27:35', '2026-05-18 18:05:06'),
(76, 34, 27, NULL, NULL, 2026, '2026-05-18 06:27:35', '2026-05-18 18:05:06'),
(77, 35, 27, NULL, NULL, 2026, '2026-05-18 06:27:35', '2026-05-18 18:05:06'),
(78, 36, 25, NULL, NULL, 2026, '2026-05-18 06:27:35', '2026-05-18 18:05:06'),
(79, 37, 23, NULL, NULL, 2026, '2026-05-18 06:27:35', '2026-05-18 18:05:06'),
(80, 38, 23, NULL, NULL, 2026, '2026-05-18 06:27:35', '2026-05-18 18:05:06'),
(81, 39, 22, NULL, NULL, 2026, '2026-05-18 06:27:35', '2026-05-18 18:05:06'),
(82, 40, 27, NULL, NULL, 2026, '2026-05-18 06:27:35', '2026-05-18 18:05:06'),
(83, 41, 30, NULL, NULL, 2026, '2026-05-18 06:27:35', '2026-05-18 18:05:06'),
(84, 42, 27, NULL, NULL, 2026, '2026-05-18 06:27:35', '2026-05-18 18:05:06'),
(85, 43, 28, NULL, NULL, 2026, '2026-05-18 06:27:35', '2026-05-18 18:05:06'),
(86, 44, 45, 66.00, NULL, 2026, '2026-05-18 06:27:35', '2026-05-18 18:05:06'),
(87, 45, 46, 69.00, NULL, 2026, '2026-05-18 06:27:35', '2026-05-18 18:05:06'),
(88, 46, 41, 62.00, NULL, 2026, '2026-05-18 06:27:35', '2026-05-18 18:55:21'),
(89, 47, 46, 69.00, NULL, 2026, '2026-05-18 06:27:35', '2026-05-18 18:05:06'),
(90, 48, 46, 69.00, NULL, 2026, '2026-05-18 06:27:35', '2026-05-18 18:05:06'),
(91, 49, 46, 69.00, NULL, 2026, '2026-05-18 06:27:35', '2026-05-18 18:05:06'),
(92, 50, 46, 69.00, NULL, 2026, '2026-05-18 06:27:35', '2026-05-18 18:05:06'),
(93, 51, 46, 69.00, NULL, 2026, '2026-05-18 06:27:35', '2026-05-18 18:05:06'),
(94, 52, 38, 57.00, NULL, 2026, '2026-05-18 06:27:35', '2026-05-18 18:05:06'),
(95, 53, 40, 60.00, NULL, 2026, '2026-05-18 06:27:35', '2026-05-18 18:40:46');

-- --------------------------------------------------------

--
-- Table structure for table `credit_unit_price_settings`
--

CREATE TABLE `credit_unit_price_settings` (
  `id` bigint UNSIGNED NOT NULL,
  `setting_set_id` bigint UNSIGNED DEFAULT NULL,
  `level` enum('bachelor','master','phd') CHARACTER SET utf8mb4 COLLATE utf8mb4_unicode_ci NOT NULL,
  `credit_unit_price` decimal(15,2) NOT NULL,
  `gov_doc_id` varchar(255) CHARACTER SET utf8mb4 COLLATE utf8mb4_unicode_ci DEFAULT NULL,
  `start_year` smallint UNSIGNED NOT NULL,
  `created_at` timestamp NULL DEFAULT NULL,
  `updated_at` timestamp NULL DEFAULT NULL
) ENGINE=InnoDB DEFAULT CHARSET=utf8mb4 COLLATE=utf8mb4_unicode_ci;

--
-- Dumping data for table `credit_unit_price_settings`
--

INSERT INTO `credit_unit_price_settings` (`id`, `setting_set_id`, `level`, `credit_unit_price`, `gov_doc_id`, `start_year`, `created_at`, `updated_at`) VALUES
(28, 1, 'bachelor', 35000.00, 'TG-555', 2026, '2026-05-17 15:35:43', '2026-05-17 15:35:43'),
(29, 1, 'master', 240000.00, 'TG-23', 2026, '2026-05-17 15:36:07', '2026-05-18 18:05:06'),
(30, 1, 'phd', 600000.00, 'TG-24', 2026, '2026-05-17 15:36:24', '2026-05-18 18:05:06');

-- --------------------------------------------------------

--
-- Table structure for table `degree_programs`
--

CREATE TABLE `degree_programs` (
  `id` bigint UNSIGNED NOT NULL,
  `code` varchar(50) CHARACTER SET utf8mb4 COLLATE utf8mb4_unicode_ci NOT NULL,
  `name` varchar(255) CHARACTER SET utf8mb4 COLLATE utf8mb4_unicode_ci NOT NULL,
  `level` enum('bachelor','master','phd') CHARACTER SET utf8mb4 COLLATE utf8mb4_unicode_ci NOT NULL,
  `study_year` smallint UNSIGNED DEFAULT NULL,
  `is_active` tinyint(1) NOT NULL DEFAULT '1',
  `created_at` timestamp NULL DEFAULT NULL,
  `updated_at` timestamp NULL DEFAULT NULL
) ENGINE=InnoDB DEFAULT CHARSET=utf8mb4 COLLATE=utf8mb4_unicode_ci;

--
-- Dumping data for table `degree_programs`
--

INSERT INTO `degree_programs` (`id`, `code`, `name`, `level`, `study_year`, `is_active`, `created_at`, `updated_at`) VALUES
(1, 'B-CS-Y2', 'ວິທະຍາສາດຄອມ', 'bachelor', 2, 1, '2026-05-18 05:00:05', '2026-05-18 05:00:05'),
(2, 'B-PD-Y2', 'ພັດທະນາໂປຣແກຣມ', 'bachelor', 2, 1, '2026-05-18 05:00:05', '2026-05-18 05:00:05'),
(3, 'B-WD-Y2', 'ພັດທະນາເວບໄຊ້', 'bachelor', 2, 1, '2026-05-18 05:00:05', '2026-05-18 05:00:05'),
(4, 'B-CSC-Y2', 'ຕໍ່ເນື່ອງວິທະຍາສາດຄອມພິວເຕີ', 'bachelor', 2, 1, '2026-05-18 05:00:05', '2026-05-18 05:00:05'),
(5, 'B-MAA-Y2', 'ຄະນິດສາດນໍາໃຊ້', 'bachelor', 2, 1, '2026-05-18 05:00:05', '2026-05-18 05:00:05'),
(6, 'B-MAE-Y2', 'ຄະນິດສາດສໍາຫຼັບເສດຖະສາດ', 'bachelor', 2, 1, '2026-05-18 05:00:05', '2026-05-18 05:00:05'),
(7, 'B-STAT-Y2', 'ຄະນິດສາດສະຖິຕິ', 'bachelor', 2, 1, '2026-05-18 05:00:05', '2026-05-18 05:00:05'),
(8, 'B-BIO-Y2', 'ຊີວະທົ່ວໄປ', 'bachelor', 2, 1, '2026-05-18 05:00:05', '2026-05-18 05:00:05'),
(9, 'B-BT-Y2', 'ເທັກໂນໂລຍີ່ຊີວະພາບ', 'bachelor', 2, 1, '2026-05-18 05:00:05', '2026-05-18 05:00:05'),
(10, 'B-CHEM-Y2', 'ເຄມີທົ່ວໄປ', 'bachelor', 2, 1, '2026-05-18 05:00:05', '2026-05-18 05:00:05'),
(11, 'B-ECHE-Y2', 'ເຄມີສິ່ງແວດລ້ອມ', 'bachelor', 2, 1, '2026-05-18 05:00:05', '2026-05-18 05:00:05'),
(12, 'B-PHYS-Y2', 'ຟີຊິກທົ່ວໄປ', 'bachelor', 2, 1, '2026-05-18 05:00:05', '2026-05-18 05:00:05'),
(13, 'B-GPHY-Y2', 'ທໍລະນີຟີຊິກ', 'bachelor', 2, 1, '2026-05-18 05:00:05', '2026-05-18 05:00:05'),
(14, 'B-MATS-Y2', 'ວັດສະດຸສາດ', 'bachelor', 2, 1, '2026-05-18 05:00:05', '2026-05-18 05:00:05'),
(15, 'B-NPHY-Y2', 'ຟິຊິກນິວເຄຣຍ', 'bachelor', 2, 1, '2026-05-18 05:00:05', '2026-05-18 05:00:05'),
(16, 'B-CS-Y3', 'ວິທະຍາສາດຄອມ', 'bachelor', 3, 1, '2026-05-18 05:00:05', '2026-05-18 05:00:05'),
(17, 'B-PD-Y3', 'ພັດທະນາໂປຣແກຣມ', 'bachelor', 3, 1, '2026-05-18 05:00:05', '2026-05-18 05:00:05'),
(18, 'B-WD-Y3', 'ພັດທະນາເວບໄຊ້', 'bachelor', 3, 1, '2026-05-18 05:00:05', '2026-05-18 05:00:05'),
(19, 'B-MATH-Y3', 'ຄະນິດທົ່ວໄປ', 'bachelor', 3, 1, '2026-05-18 05:00:05', '2026-05-18 05:00:05'),
(20, 'B-MAE-Y3', 'ຄະນິດສາດສໍາຫຼັບເສດຖະສາດ', 'bachelor', 3, 1, '2026-05-18 05:00:05', '2026-05-18 05:00:05'),
(21, 'B-STAT-Y3', 'ຄະນິດສາດສະຖິຕິ', 'bachelor', 3, 1, '2026-05-18 05:00:05', '2026-05-18 05:00:05'),
(22, 'B-BIO-Y3', 'ຊີວະວິທະຍາທົ່ວໄປ', 'bachelor', 3, 1, '2026-05-18 05:00:05', '2026-05-18 05:00:05'),
(23, 'B-BT-Y3', 'ເທັກໂນໂລຍີ່ຊີວະພາບ', 'bachelor', 3, 1, '2026-05-18 05:00:05', '2026-05-18 05:00:05'),
(24, 'B-CHEM-Y3', 'ເຄມີສາດທົ່ວໄປ', 'bachelor', 3, 1, '2026-05-18 05:00:05', '2026-05-18 05:00:05'),
(25, 'B-ECHE-Y3', 'ເຄມີສິ່ງແວດລ້ອມ', 'bachelor', 3, 1, '2026-05-18 05:00:05', '2026-05-18 05:00:05'),
(26, 'B-PHYS-Y3', 'ຟີຊິກສາດທົ່ວໄປ', 'bachelor', 3, 1, '2026-05-18 05:00:05', '2026-05-18 05:00:05'),
(27, 'B-GPHY-Y3', 'ທໍລະນີຟີຊິກ', 'bachelor', 3, 1, '2026-05-18 05:00:05', '2026-05-18 05:00:05'),
(28, 'B-MATS-Y3', 'ວັດສະດຸສາດ', 'bachelor', 3, 1, '2026-05-18 05:00:05', '2026-05-18 05:00:05'),
(29, 'B-NPHY-Y3', 'ຟິຊິກນິວເຄຣຍ', 'bachelor', 3, 1, '2026-05-18 05:00:05', '2026-05-18 05:00:05'),
(30, 'B-CS-Y4', 'ວິທະຍາສາດຄອມ', 'bachelor', 4, 1, '2026-05-18 05:00:05', '2026-05-18 05:00:05'),
(31, 'B-PD-Y4', 'ພັດທະນາໂປຣແກຣມ', 'bachelor', 4, 1, '2026-05-18 05:00:05', '2026-05-18 05:00:05'),
(32, 'B-WD-Y4', 'ພັດທະນາເວບໄຊ້', 'bachelor', 4, 1, '2026-05-18 05:00:05', '2026-05-18 05:00:05'),
(33, 'B-MATH-Y4', 'ຄະນິດທົ່ວໄປ', 'bachelor', 4, 1, '2026-05-18 05:00:05', '2026-05-18 05:00:05'),
(34, 'B-MAE-Y4', 'ຄະນິດສາດສໍາຫຼັບເສດຖະສາດ', 'bachelor', 4, 1, '2026-05-18 05:00:05', '2026-05-18 05:00:05'),
(35, 'B-STAT-Y4', 'ຄະນິດສາດສະຖິຕິ', 'bachelor', 4, 1, '2026-05-18 05:00:05', '2026-05-18 05:00:05'),
(36, 'B-BIO-Y4', 'ຊີວະວິທະຍາທົ່ວໄປ', 'bachelor', 4, 1, '2026-05-18 05:00:05', '2026-05-18 05:00:05'),
(37, 'B-BT-Y4', 'ເທັກໂນໂລຍີ່ຊີວະພາບ', 'bachelor', 4, 1, '2026-05-18 05:00:05', '2026-05-18 05:00:05'),
(38, 'B-CHEM-Y4', 'ເຄມີສາດທົ່ວໄປ', 'bachelor', 4, 1, '2026-05-18 05:00:05', '2026-05-18 05:00:05'),
(39, 'B-ECHE-Y4', 'ເຄມີສິ່ງແວດລ້ອມ', 'bachelor', 4, 1, '2026-05-18 05:00:05', '2026-05-18 05:00:05'),
(40, 'B-PHYS-Y4', 'ຟີຊິກສາດທົ່ວໄປ', 'bachelor', 4, 1, '2026-05-18 05:00:05', '2026-05-18 05:00:05'),
(41, 'B-GPHY-Y4', 'ທໍລະນີຟີຊິກ', 'bachelor', 4, 1, '2026-05-18 05:00:05', '2026-05-18 05:00:05'),
(42, 'B-MATS-Y4', 'ວັດສະດຸສາດ', 'bachelor', 4, 1, '2026-05-18 05:00:05', '2026-05-18 05:00:05'),
(43, 'B-NPHY-Y4', 'ຟິຊິກນິວເຄຣຍ', 'bachelor', 4, 1, '2026-05-18 05:00:05', '2026-05-18 05:00:05'),
(44, 'M-PHYS', 'ປະລິນຍາໂທຟິຊິກນໍາໃຊ້', 'master', NULL, 1, '2026-05-18 05:00:05', '2026-05-18 05:00:05'),
(45, 'M-MATH', 'ປະລິນຍາໂທຄະນິດສາດ', 'master', NULL, 1, '2026-05-18 05:00:05', '2026-05-18 05:00:05'),
(46, 'M-BIO', 'ປິລິນຍາໂທຊີວະວິທະຍາ', 'master', NULL, 1, '2026-05-18 05:00:05', '2026-05-18 05:00:05'),
(47, 'M-CHEM', 'ປະລິນຍາໂທເຄມີ', 'master', NULL, 1, '2026-05-18 05:00:05', '2026-05-18 05:00:05'),
(48, 'M-CS', 'ປະລິນຍາໂທວິທະຍາສາດຄອມພິວເຕີ', 'master', NULL, 1, '2026-05-18 05:00:05', '2026-05-18 05:00:05'),
(49, 'MR-PHYS', 'ຟີຊິກສາດຮູບແບບຄົ້ນຄວ້າ', 'master', NULL, 1, '2026-05-18 05:00:05', '2026-05-18 05:00:05'),
(50, 'MR-CHEM', 'ເຄມີສາດຮູບແບບຄົ້ນຄວ້າ', 'master', NULL, 1, '2026-05-18 05:00:05', '2026-05-18 05:00:05'),
(51, 'MR-BIO', 'ຊີວະວິທະຍາຮູບແບບຄົ້ນຄວ້າ', 'master', NULL, 1, '2026-05-18 05:00:05', '2026-05-18 05:00:05'),
(52, 'D-PHYS', 'ປະລີິນຍາເອກຟິຊິກ', 'phd', NULL, 1, '2026-05-18 05:00:05', '2026-05-18 05:00:05'),
(53, 'D-BIO', 'ປະລີິນຍາເອກຊີວະວິທະຍາ', 'phd', NULL, 1, '2026-05-18 05:00:05', '2026-05-18 05:00:05'),
(55, 'B-CS-Y1', 'ວິທະຍາສາດຄອມ ປີ 1', 'bachelor', 1, 1, '2026-05-18 06:27:34', '2026-05-18 06:27:34'),
(56, 'B-PD-Y1', 'ພັດທະນາໂປຣແກຣມ ປີ 1', 'bachelor', 1, 1, '2026-05-18 06:27:34', '2026-05-18 06:27:34'),
(57, 'B-WD-Y1', 'ພັດທະນາເວບໄຊ້ ປີ 1', 'bachelor', 1, 1, '2026-05-18 06:27:35', '2026-05-18 06:27:35'),
(58, 'B-CSC-Y1', 'ຕໍ່ເນື່ອງວິທະຍາສາດຄອມ ປີ 1', 'bachelor', 1, 1, '2026-05-18 06:27:35', '2026-05-18 06:27:35'),
(59, 'B-MAA-Y1', 'ຄະນິດສາດນໍາໃຊ້ ປີ 1', 'bachelor', 1, 1, '2026-05-18 06:27:35', '2026-05-18 06:27:35'),
(60, 'B-MAE-Y1', 'ຄະນິດສາດສໍາຫຼັບເສດຖະສາດ ປີ 1', 'bachelor', 1, 1, '2026-05-18 06:27:35', '2026-05-18 06:27:35'),
(61, 'B-STAT-Y1', 'ຄະນິດສາດສະຖິຕິ ປີ 1', 'bachelor', 1, 1, '2026-05-18 06:27:35', '2026-05-18 06:27:35'),
(62, 'B-BIO-Y1', 'ຊີວະທົ່ວໄປ ປີ 1', 'bachelor', 1, 1, '2026-05-18 06:27:35', '2026-05-18 06:27:35'),
(63, 'B-BT-Y1', 'ເທັກໂນໂລຍີ່ຊີວະພາບ ປີ 1', 'bachelor', 1, 1, '2026-05-18 06:27:35', '2026-05-18 06:27:35'),
(64, 'B-CHEM-Y1', 'ເຄມີທົ່ວໄປ ປີ 1', 'bachelor', 1, 1, '2026-05-18 06:27:35', '2026-05-18 06:27:35'),
(65, 'B-ECHE-Y1', 'ເຄມີສິ່ງແວດລ້ອມ ປີ 1', 'bachelor', 1, 1, '2026-05-18 06:27:35', '2026-05-18 06:27:35'),
(66, 'B-PHYS-Y1', 'ຟີຊິກທົ່ວໄປ ປີ 1', 'bachelor', 1, 1, '2026-05-18 06:27:35', '2026-05-18 06:27:35'),
(67, 'B-GPHY-Y1', 'ທໍລະນີຟີຊິກ ປີ 1', 'bachelor', 1, 1, '2026-05-18 06:27:35', '2026-05-18 06:27:35'),
(68, 'B-MATS-Y1', 'ວັດສະດຸສາດ ປີ 1', 'bachelor', 1, 1, '2026-05-18 06:27:35', '2026-05-18 06:27:35'),
(69, 'B-NPHY-Y1', 'ຟິຊິກນິວເຄຣຍ ປີ 1', 'bachelor', 1, 1, '2026-05-18 06:27:35', '2026-05-18 06:27:35');

-- --------------------------------------------------------

--
-- Table structure for table `departments`
--

CREATE TABLE `departments` (
  `id` int NOT NULL,
  `department_name` varchar(100) CHARACTER SET utf8mb4 COLLATE utf8mb4_unicode_ci NOT NULL,
  `department_type` varchar(50) CHARACTER SET utf8mb4 COLLATE utf8mb4_unicode_ci NOT NULL
) ENGINE=InnoDB DEFAULT CHARSET=utf8mb4 COLLATE=utf8mb4_unicode_ci;

--
-- Dumping data for table `departments`
--

INSERT INTO `departments` (`id`, `department_name`, `department_type`) VALUES
(1, 'Computer', 'Com');

-- --------------------------------------------------------

--
-- Table structure for table `expense_calculation_rules`
--

CREATE TABLE `expense_calculation_rules` (
  `id` bigint UNSIGNED NOT NULL,
  `planning_year_id` bigint UNSIGNED NOT NULL,
  `pattern_id` bigint UNSIGNED NOT NULL,
  `section_id` bigint UNSIGNED DEFAULT NULL,
  `subsection_id` bigint UNSIGNED DEFAULT NULL,
  `target_field_key` varchar(50) CHARACTER SET utf8mb4 COLLATE utf8mb4_unicode_ci NOT NULL,
  `formula` varchar(255) CHARACTER SET utf8mb4 COLLATE utf8mb4_unicode_ci NOT NULL,
  `is_active` tinyint(1) NOT NULL DEFAULT '1',
  `created_at` timestamp NULL DEFAULT NULL,
  `updated_at` timestamp NULL DEFAULT NULL
) ENGINE=InnoDB DEFAULT CHARSET=utf8mb4 COLLATE=utf8mb4_unicode_ci;

--
-- Dumping data for table `expense_calculation_rules`
--

INSERT INTO `expense_calculation_rules` (`id`, `planning_year_id`, `pattern_id`, `section_id`, `subsection_id`, `target_field_key`, `formula`, `is_active`, `created_at`, `updated_at`) VALUES
(1, 1, 1, NULL, NULL, 'yearly_total', 'amount_per_month * month_count', 1, '2026-06-05 00:00:00', '2026-06-05 00:00:00'),
(2, 1, 2, NULL, NULL, 'yearly_total', 'unit_price * quantity', 1, '2026-06-05 00:00:00', '2026-06-05 00:00:00'),
(3, 1, 3, NULL, NULL, 'yearly_total', 'unit_price * quantity * times_per_year', 1, '2026-06-05 00:00:00', '2026-06-05 00:00:00'),
(4, 1, 4, NULL, NULL, 'yearly_total', 'unit_price * quantity * frequency_count', 1, '2026-06-05 00:00:00', '2026-06-05 00:00:00'),
(5, 1, 5, NULL, NULL, 'yearly_total', 'unit_price * event_count * people_count', 1, '2026-06-05 00:00:00', '2026-06-05 00:00:00'),
(11, 4, 1, NULL, NULL, 'yearly_total', 'amount_per_month * month_count', 1, '2026-06-08 06:14:02', '2026-06-08 06:14:02'),
(12, 4, 2, NULL, NULL, 'yearly_total', 'unit_price * quantity', 1, '2026-06-08 06:14:02', '2026-06-08 06:14:02'),
(13, 4, 3, NULL, NULL, 'yearly_total', 'unit_price * quantity * times_per_year', 1, '2026-06-08 06:14:02', '2026-06-08 06:14:02'),
(14, 4, 4, NULL, NULL, 'yearly_total', 'unit_price * quantity * frequency_count', 1, '2026-06-08 06:14:02', '2026-06-08 06:14:02'),
(15, 4, 5, NULL, NULL, 'yearly_total', 'unit_price * event_count * people_count', 1, '2026-06-08 06:14:03', '2026-06-08 06:14:03'),
(16, 5, 1, NULL, NULL, 'yearly_total', 'amount_per_month * month_count', 1, '2026-06-11 07:45:24', '2026-06-11 07:45:24'),
(17, 5, 2, NULL, NULL, 'yearly_total', 'unit_price * quantity', 1, '2026-06-11 07:45:25', '2026-06-11 07:45:25'),
(18, 5, 3, NULL, NULL, 'yearly_total', 'unit_price * quantity * times_per_year', 1, '2026-06-11 07:45:25', '2026-06-11 07:45:25'),
(19, 5, 4, NULL, NULL, 'yearly_total', 'unit_price * quantity * frequency_count', 1, '2026-06-11 07:45:25', '2026-06-11 07:45:25'),
(20, 5, 5, NULL, NULL, 'yearly_total', 'unit_price * event_count * people_count', 1, '2026-06-11 07:45:25', '2026-06-11 07:45:25');

-- --------------------------------------------------------

--
-- Table structure for table `expense_patterns`
--

CREATE TABLE `expense_patterns` (
  `id` bigint UNSIGNED NOT NULL,
  `key` varchar(50) CHARACTER SET utf8mb4 COLLATE utf8mb4_unicode_ci NOT NULL,
  `name` varchar(255) CHARACTER SET utf8mb4 COLLATE utf8mb4_unicode_ci NOT NULL,
  `description` text CHARACTER SET utf8mb4 COLLATE utf8mb4_unicode_ci,
  `is_active` tinyint(1) NOT NULL DEFAULT '1',
  `created_at` timestamp NULL DEFAULT NULL,
  `updated_at` timestamp NULL DEFAULT NULL
) ENGINE=InnoDB DEFAULT CHARSET=utf8mb4 COLLATE=utf8mb4_unicode_ci;

--
-- Dumping data for table `expense_patterns`
--

INSERT INTO `expense_patterns` (`id`, `key`, `name`, `description`, `is_active`, `created_at`, `updated_at`) VALUES
(1, 'monthly', 'ລາຍຈ່າຍປະຈຳເດືອນ', 'ຄິດໄລ່ຈາກ ຕໍ່ເດືອນ ຄູນ ຈ/ນ.', 1, '2026-06-05 00:00:00', '2026-06-05 00:00:00'),
(2, 'unit_quantity', 'ລາຍຈ່າຍຕາມລາຄາຕໍ່ໜ່ວຍ ແລະ ຈຳນວນ', 'ຄິດໄລ່ຈາກ ລາຄາຕໍ່ໜ່ວຍ ຄູນ ຈຳນວນ.', 1, '2026-06-05 00:00:00', '2026-06-05 00:00:00'),
(3, 'unit_quantity_frequency', 'ລາຍຈ່າຍຕາມລາຄາ, ຈຳນວນ ແລະ ຈຳນວນຄັ້ງ', 'ຄິດໄລ່ຈາກ ລາຄາຕໍ່ໜ່ວຍ ຄູນ ຈຳນວນ ຄູນ ຈຳນວນຄັ້ງ.', 1, '2026-06-05 00:00:00', '2026-06-05 00:00:00'),
(4, 'frequency_based', 'ລາຍຈ່າຍຕາມຈຳນວນເດືອນ ຫຼື ຈຳນວນຄັ້ງ', 'ຄິດໄລ່ຈາກ ລາຄາ ຄູນ ຈຳນວນ ຄູນ ເດືອນ/ຄັ້ງ.', 1, '2026-06-05 00:00:00', '2026-06-05 00:00:00'),
(5, 'event_based', 'ລາຍຈ່າຍກິດຈະກຳ', 'ຄິດໄລ່ຈາກ ລາຄາ/ຫົວໜ່ວຍ ຄູນ ຈຳນວນຄັ້ງ ຄູນ ຈຳນວນຄົນ.', 1, '2026-06-05 00:00:00', '2026-06-05 00:00:00');

-- --------------------------------------------------------

--
-- Table structure for table `expense_pattern_fields`
--

CREATE TABLE `expense_pattern_fields` (
  `id` bigint UNSIGNED NOT NULL,
  `pattern_id` bigint UNSIGNED NOT NULL,
  `field_key` varchar(50) CHARACTER SET utf8mb4 COLLATE utf8mb4_unicode_ci NOT NULL,
  `default_label` varchar(255) CHARACTER SET utf8mb4 COLLATE utf8mb4_unicode_ci NOT NULL,
  `data_type` enum('text','number','date','boolean') CHARACTER SET utf8mb4 COLLATE utf8mb4_unicode_ci NOT NULL DEFAULT 'text',
  `display_order` int UNSIGNED NOT NULL DEFAULT '0',
  `is_required` tinyint(1) NOT NULL DEFAULT '0',
  `is_calculated` tinyint(1) NOT NULL DEFAULT '0',
  `default_value` varchar(255) CHARACTER SET utf8mb4 COLLATE utf8mb4_unicode_ci DEFAULT NULL,
  `created_at` timestamp NULL DEFAULT NULL,
  `updated_at` timestamp NULL DEFAULT NULL
) ENGINE=InnoDB DEFAULT CHARSET=utf8mb4 COLLATE=utf8mb4_unicode_ci;

--
-- Dumping data for table `expense_pattern_fields`
--

INSERT INTO `expense_pattern_fields` (`id`, `pattern_id`, `field_key`, `default_label`, `data_type`, `display_order`, `is_required`, `is_calculated`, `default_value`, `created_at`, `updated_at`) VALUES
(1, 1, 'item_name', 'ລາຍການ', 'text', 1, 1, 0, NULL, '2026-06-05 00:00:00', '2026-06-05 00:00:00'),
(2, 1, 'reference', 'ອ້າງອີງ', 'text', 2, 0, 0, NULL, '2026-06-05 00:00:00', '2026-06-05 00:00:00'),
(3, 2, 'item_name', 'ລາຍການ', 'text', 1, 1, 0, NULL, '2026-06-05 00:00:00', '2026-06-05 00:00:00'),
(4, 2, 'reference', 'ອ້າງອີງ', 'text', 2, 0, 0, NULL, '2026-06-05 00:00:00', '2026-06-05 00:00:00'),
(5, 3, 'item_name', 'ລາຍການ', 'text', 1, 1, 0, NULL, '2026-06-05 00:00:00', '2026-06-05 00:00:00'),
(6, 3, 'reference', 'ອ້າງອີງ', 'text', 2, 0, 0, NULL, '2026-06-05 00:00:00', '2026-06-05 00:00:00'),
(7, 4, 'item_name', 'ລາຍການ', 'text', 1, 1, 0, NULL, '2026-06-05 00:00:00', '2026-06-05 00:00:00'),
(8, 4, 'reference', 'ອ້າງອີງ', 'text', 2, 0, 0, NULL, '2026-06-05 00:00:00', '2026-06-05 00:00:00'),
(9, 5, 'item_name', 'ລາຍການ', 'text', 1, 1, 0, NULL, '2026-06-05 00:00:00', '2026-06-05 00:00:00'),
(10, 5, 'reference', 'ອ້າງອີງ', 'text', 2, 0, 0, NULL, '2026-06-05 00:00:00', '2026-06-05 00:00:00'),
(11, 1, 'amount_per_month', 'ຕໍ່ເດືອນ', 'number', 3, 1, 0, NULL, '2026-06-05 00:00:00', '2026-06-05 00:00:00'),
(12, 1, 'month_count', 'ຈ/ນ', 'number', 4, 1, 0, '12', '2026-06-05 00:00:00', '2026-06-05 00:00:00'),
(13, 1, 'yearly_total', 'ໝົດປີ', 'number', 5, 0, 1, NULL, '2026-06-05 00:00:00', '2026-06-05 00:00:00'),
(14, 1, 'note', 'ໝາຍເຫດ', 'text', 6, 0, 0, NULL, '2026-06-05 00:00:00', '2026-06-05 00:00:00'),
(15, 2, 'unit_price', 'ລາຄາຕໍ່ໜ່ວຍ', 'number', 3, 1, 0, NULL, '2026-06-05 00:00:00', '2026-06-05 00:00:00'),
(16, 2, 'quantity', 'ຈຳນວນ', 'number', 4, 1, 0, NULL, '2026-06-05 00:00:00', '2026-06-05 00:00:00'),
(17, 2, 'yearly_total', 'ຈຳນວນເງິນ/ປີ', 'number', 5, 0, 1, NULL, '2026-06-05 00:00:00', '2026-06-05 00:00:00'),
(18, 2, 'note', 'ໝາຍເຫດ', 'text', 6, 0, 0, NULL, '2026-06-05 00:00:00', '2026-06-05 00:00:00'),
(19, 3, 'unit_price', 'ລາຄາຕໍ່ໜ່ວຍ', 'number', 3, 1, 0, NULL, '2026-06-05 00:00:00', '2026-06-05 00:00:00'),
(20, 3, 'quantity', 'ຈຳນວນ', 'number', 4, 1, 0, NULL, '2026-06-05 00:00:00', '2026-06-05 00:00:00'),
(21, 3, 'times_per_year', 'ຈຳນວນຄັ້ງ', 'number', 5, 1, 0, '2', '2026-06-05 00:00:00', '2026-06-05 00:00:00'),
(22, 3, 'yearly_total', 'ຈຳນວນເງິນ/ປີ', 'number', 6, 0, 1, NULL, '2026-06-05 00:00:00', '2026-06-05 00:00:00'),
(23, 3, 'note', 'ໝາຍເຫດ', 'text', 7, 0, 0, NULL, '2026-06-05 00:00:00', '2026-06-05 00:00:00'),
(24, 4, 'unit_price', 'ຕໍ່ເດືອນ', 'number', 3, 1, 0, NULL, '2026-06-05 00:00:00', '2026-06-05 00:00:00'),
(25, 4, 'quantity', 'ຈຳນວນ', 'number', 4, 1, 0, '1', '2026-06-05 00:00:00', '2026-06-05 00:00:00'),
(26, 4, 'frequency_count', 'ຈຳນວນເດືອນ/ຄັ້ງ', 'number', 5, 1, 0, NULL, '2026-06-05 00:00:00', '2026-06-05 00:00:00'),
(27, 4, 'yearly_total', 'ຄ່າໃຊ້ຈ່າຍໝົດປີ', 'number', 6, 0, 1, NULL, '2026-06-05 00:00:00', '2026-06-05 00:00:00'),
(28, 4, 'note', 'ໝາຍເຫດ', 'text', 7, 0, 0, NULL, '2026-06-05 00:00:00', '2026-06-05 00:00:00'),
(29, 5, 'unit_price', 'ລາຄາ/ຫົວໜ່ວຍ', 'number', 3, 1, 0, NULL, '2026-06-05 00:00:00', '2026-06-05 00:00:00'),
(30, 5, 'event_count', 'ຈຳນວນຄັ້ງ', 'number', 4, 1, 0, NULL, '2026-06-05 00:00:00', '2026-06-05 00:00:00'),
(31, 5, 'people_count', 'ຈຳນວນຄົນ', 'number', 5, 1, 0, NULL, '2026-06-05 00:00:00', '2026-06-05 00:00:00'),
(32, 5, 'yearly_total', 'ຈຳນວນເງິນ/ປີ', 'number', 6, 0, 1, NULL, '2026-06-05 00:00:00', '2026-06-05 00:00:00'),
(33, 5, 'note', 'ໝາຍເຫດ', 'text', 7, 0, 0, NULL, '2026-06-05 00:00:00', '2026-06-05 00:00:00');

-- --------------------------------------------------------

--
-- Table structure for table `expense_plans`
--

CREATE TABLE `expense_plans` (
  `id` bigint UNSIGNED NOT NULL,
  `planning_year_id` bigint UNSIGNED NOT NULL,
  `section_id` bigint UNSIGNED NOT NULL,
  `subsection_id` bigint UNSIGNED DEFAULT NULL,
  `pattern_id` bigint UNSIGNED DEFAULT NULL,
  `version` varchar(50) CHARACTER SET utf8mb4 COLLATE utf8mb4_unicode_ci DEFAULT NULL,
  `plan_type` varchar(100) CHARACTER SET utf8mb4 COLLATE utf8mb4_unicode_ci DEFAULT NULL,
  `plan_detail` varchar(255) CHARACTER SET utf8mb4 COLLATE utf8mb4_unicode_ci NOT NULL,
  `detail` text CHARACTER SET utf8mb4 COLLATE utf8mb4_unicode_ci,
  `created_by` int DEFAULT NULL,
  `updated_by` int DEFAULT NULL,
  `created_at` timestamp NULL DEFAULT NULL,
  `updated_at` timestamp NULL DEFAULT NULL
) ENGINE=InnoDB DEFAULT CHARSET=utf8mb4 COLLATE=utf8mb4_unicode_ci;

--
-- Dumping data for table `expense_plans`
--

INSERT INTO `expense_plans` (`id`, `planning_year_id`, `section_id`, `subsection_id`, `pattern_id`, `version`, `plan_type`, `plan_detail`, `detail`, `created_by`, `updated_by`, `created_at`, `updated_at`) VALUES
(1338, 4, 13, 63, 1, '2027', 'monthly', 'ຊືເຄື່ອງໃຊ້ຫ້ອງການ', NULL, 2, 2, '2026-06-11 07:27:22', '2026-06-11 07:29:25'),
(1339, 4, 13, 63, 1, '2027', 'monthly', 'ແບບພິມ', NULL, 2, 2, '2026-06-11 07:27:22', '2026-06-11 07:27:22'),
(1340, 4, 13, 63, 1, '2027', 'monthly', 'ວາລະສານ ແລະ ໜັງສືພິມ', NULL, 2, 2, '2026-06-11 07:27:22', '2026-06-11 07:27:22'),
(1341, 4, 13, 63, 1, '2027', 'monthly', 'ຮັບແຂກ', NULL, 2, 2, '2026-06-11 07:27:22', '2026-06-11 07:27:22'),
(1342, 4, 13, 63, 1, '2027', 'monthly', 'ໂທລະສັບບໍລິຫານ', NULL, 2, 2, '2026-06-11 07:27:22', '2026-06-11 07:27:22'),
(1343, 4, 13, 63, 1, '2027', 'monthly', 'ຄ່າໄປສະນີ', NULL, 2, 2, '2026-06-11 07:27:22', '2026-06-11 07:27:22'),
(1344, 4, 13, 63, 1, '2027', 'monthly', 'ຄ່າບໍລິການທະນາຄານ', NULL, 2, 2, '2026-06-11 07:27:22', '2026-06-11 07:27:22'),
(1345, 4, 13, 63, 1, '2027', 'monthly', 'ຊື້ຂອງຂັວນຂອງຕ້ອນ', NULL, 2, 2, '2026-06-11 07:27:22', '2026-06-11 07:27:22'),
(1346, 4, 13, 63, 1, '2027', 'monthly', 'ວັນບຸນລະດັບຊາດ', NULL, 2, 2, '2026-06-11 07:27:22', '2026-06-11 07:27:22'),
(1347, 4, 13, 63, 1, '2027', 'monthly', 'ອຸດໜູນວຽກປ້ອງກັນ', 'ຂື້ນຢູ່ງົບລັດ', 2, 2, '2026-06-11 07:27:22', '2026-06-11 07:27:22'),
(1348, 4, 13, 63, 1, '2027', 'monthly', 'ຄ່ານ້ຳມັນບໍລິຫານຫ້ອງການ', 'ຂື້ນຢູ່ງົບລັດ', 2, 2, '2026-06-11 07:27:22', '2026-06-11 07:27:22'),
(1349, 4, 13, 63, 1, '2027', 'monthly', 'ຄ່ານ້ຳມັນເຄື່ອງ', 'ຂື້ນຢູ່ງົບລັດ', 2, 2, '2026-06-11 07:27:22', '2026-06-11 07:27:22'),
(1350, 4, 13, 64, 1, '2027', 'monthly', 'ບຳລຸງຮັກສາຄອມພີວເຕີ', NULL, 2, 2, '2026-06-11 07:27:22', '2026-06-11 07:27:22'),
(1351, 4, 13, 64, 1, '2027', 'monthly', 'ບຳລຸງຮັກສາເຄື່ອງສາຍໂປຣເຈັກເຕີ', NULL, 2, 2, '2026-06-11 07:27:22', '2026-06-11 07:27:22'),
(1352, 4, 13, 64, 1, '2027', 'monthly', 'ບຳລຸງຮັກສາແອເຢັນ', NULL, 2, 2, '2026-06-11 07:27:22', '2026-06-11 07:27:22'),
(1353, 4, 13, 64, 1, '2027', 'monthly', 'ບຳລຸງຮັກສາຕູ້ເຢັນ + ຕູ້ນ້ຳເຢັນ', NULL, 2, 2, '2026-06-11 07:27:22', '2026-06-11 07:27:22'),
(1354, 4, 13, 64, 1, '2027', 'monthly', 'ບຳລຸງຮັກສາພັດລົມ', NULL, 2, 2, '2026-06-11 07:27:22', '2026-06-11 07:27:22'),
(1355, 4, 13, 64, 1, '2027', 'monthly', 'ບຳລຸງຮັກສາດອກໄຟ', NULL, 2, 2, '2026-06-11 07:27:22', '2026-06-11 07:27:22'),
(1356, 4, 13, 64, 1, '2027', 'monthly', 'ບຳລຸງຮັກສາເຄື່ອງພິມ', NULL, 2, 2, '2026-06-11 07:27:22', '2026-06-11 07:27:22'),
(1357, 4, 13, 64, 1, '2027', 'monthly', 'ບຳລຸງຮັກສາຈັກອັດສຳເນົາ', NULL, 2, 2, '2026-06-11 07:27:22', '2026-06-11 07:27:22'),
(1358, 4, 13, 64, 1, '2027', 'monthly', 'ບຳລຸງຮັກສາໂທລະສັບ', NULL, 2, 2, '2026-06-11 07:27:22', '2026-06-11 07:27:22'),
(1359, 4, 13, 64, 1, '2027', 'monthly', 'ບຳລຸງຮັກສາກ້ອງຖ່າຍຮູບ', NULL, 2, 2, '2026-06-11 07:27:22', '2026-06-11 07:27:22'),
(1360, 4, 13, 64, 1, '2027', 'monthly', 'ບຳລຸງຮັກສາໂທລະທັດ', NULL, 2, 2, '2026-06-11 07:27:22', '2026-06-11 07:27:22'),
(1361, 4, 13, 64, 1, '2027', 'monthly', 'ຈັກປ້ຳນ້ຳອັດຕະໂນມັດ', NULL, 2, 2, '2026-06-11 07:27:22', '2026-06-11 07:27:22'),
(1362, 4, 13, 64, 1, '2027', 'monthly', 'ຈັກຕັດຫຍ້າ', NULL, 2, 2, '2026-06-11 07:27:22', '2026-06-11 07:27:22'),
(1363, 4, 13, 65, 1, '2027', 'monthly', 'ສ້ອມແປງອາຄານສໍານັກງານຕ່າງໆ', NULL, 2, 2, '2026-06-11 07:27:22', '2026-06-11 07:27:22'),
(1364, 4, 13, 65, 1, '2027', 'monthly', 'ປັບປຸງອາຄານຫ້ອງຮຽນ-ຫ້ອງທົດລອງ', NULL, 2, 2, '2026-06-11 07:27:22', '2026-06-11 07:27:22'),
(1365, 4, 13, 66, 3, '2027', 'unit_quantity_frequency', 'ລົດຕູ້', NULL, 2, 2, '2026-06-11 07:27:22', '2026-06-11 07:27:22'),
(1366, 4, 13, 66, 3, '2027', 'unit_quantity_frequency', 'ລົດຈັກ', NULL, 2, 2, '2026-06-11 07:27:22', '2026-06-11 07:27:22'),
(1367, 4, 13, 67, 1, '2027', 'monthly', 'ຊື້ ໂຕະ, ຕັ່ງ', NULL, 2, 2, '2026-06-11 07:27:22', '2026-06-11 07:27:22'),
(1368, 4, 13, 67, 1, '2027', 'monthly', 'ບຳລຸງຮັກສາ, ສ້ອມແປງ ໂຕະ, ຕັ່ງ', NULL, 2, 2, '2026-06-11 07:27:22', '2026-06-11 07:27:22'),
(1369, 4, 13, 67, 1, '2027', 'monthly', 'ຊື້ເຄື່ອງຈັກ ແລະ ວັດຖຸອຸປະກອນ', NULL, 2, 2, '2026-06-11 07:27:22', '2026-06-11 07:27:22'),
(1370, 4, 13, 67, 1, '2027', 'monthly', 'ຊື້ພາຫະນະ', NULL, 2, 2, '2026-06-11 07:27:22', '2026-06-11 07:27:22'),
(1371, 4, 13, 68, 1, '2027', 'monthly', 'ປະກັນໄພລົດໃຫຍ່', NULL, 2, 2, '2026-06-11 07:27:22', '2026-06-11 07:27:22'),
(1372, 4, 13, 69, 1, '2027', 'monthly', 'ໄປວຽກທາງການພາຍໃນປະເທດ', NULL, 2, 2, '2026-06-11 07:27:22', '2026-06-11 07:27:22'),
(1373, 4, 13, 69, 1, '2027', 'monthly', 'ໄປວຽກທາງການຕ່າງປະເທດ', NULL, 2, 2, '2026-06-11 07:27:22', '2026-06-11 07:27:22'),
(1374, 4, 13, 70, 1, '2027', 'monthly', 'ບຳລຸງຮັກສາວິທະຍາເຂດ', NULL, 2, 2, '2026-06-11 07:27:22', '2026-06-11 07:27:22'),
(1375, 4, 13, 70, 1, '2027', 'monthly', '- ຕັດຫຍ້າ', NULL, 2, 2, '2026-06-11 07:27:22', '2026-06-11 07:27:22'),
(1376, 4, 13, 70, 1, '2027', 'monthly', '- ປູກ ແລະ ບົວລະບັດສວນດອກໄມ້', NULL, 2, 2, '2026-06-11 07:27:22', '2026-06-11 07:27:22'),
(1377, 4, 13, 70, 1, '2027', 'monthly', '- ກ້າເບ້ຍໄມ້', NULL, 2, 2, '2026-06-11 07:27:22', '2026-06-11 07:27:22'),
(1378, 4, 13, 70, 1, '2027', 'monthly', '- ອານາໄມເດີ່ນ', NULL, 2, 2, '2026-06-11 07:27:22', '2026-06-11 07:27:22'),
(1379, 4, 13, 70, 1, '2027', 'monthly', 'ອານາໄມອາຄານ', NULL, 2, 2, '2026-06-11 07:27:22', '2026-06-11 07:27:22'),
(1380, 4, 13, 70, 1, '2027', 'monthly', '- ອານາໄມຫ້ອງຮຽນ', NULL, 2, 2, '2026-06-11 07:27:22', '2026-06-11 07:27:22'),
(1381, 4, 13, 70, 1, '2027', 'monthly', '- ອານາໄມຫ້ອງການ', NULL, 2, 2, '2026-06-11 07:27:22', '2026-06-11 07:27:22'),
(1382, 4, 13, 70, 1, '2027', 'monthly', '- ອານາໄມຫ້ອງທົດລອງຄອມພິວເຕີ', NULL, 2, 2, '2026-06-11 07:27:22', '2026-06-11 07:27:22'),
(1383, 4, 13, 71, 1, '2027', 'monthly', 'ປະຖົມນິເທດນັກສຶກສາ', NULL, 2, 2, '2026-06-11 07:27:22', '2026-06-11 07:27:22'),
(1384, 4, 13, 71, 1, '2027', 'monthly', 'ກວດສອບການປະຕິບັດລະບຽບວິໃນນັກສຶກສາ', NULL, 2, 2, '2026-06-11 07:27:22', '2026-06-11 07:27:22'),
(1385, 4, 13, 104, 5, '2027', 'event_based', 'ສຳນັກຄະນະບໍດີ', NULL, 2, 2, '2026-06-11 07:27:22', '2026-06-11 07:27:22'),
(1386, 4, 13, 104, 5, '2027', 'event_based', 'ພາວິຊາຄະນິດສາດ', NULL, 2, 2, '2026-06-11 07:27:22', '2026-06-11 07:27:22'),
(1387, 4, 13, 104, 5, '2027', 'event_based', 'ພາກວິຊາຟິຊິກສາດ', NULL, 2, 2, '2026-06-11 07:27:22', '2026-06-11 07:27:22'),
(1388, 4, 13, 104, 5, '2027', 'event_based', 'ພາກວິຊາເຄມີສາດ', NULL, 2, 2, '2026-06-11 07:27:22', '2026-06-11 07:27:22'),
(1389, 4, 13, 104, 5, '2027', 'event_based', 'ພາກວິຊາຊີວະວິທະຍາ', NULL, 2, 2, '2026-06-11 07:27:22', '2026-06-11 07:27:22'),
(1390, 4, 13, 104, 5, '2027', 'event_based', 'ພາກວິຊາວິທະຍາສາດຄອມພິວເຕີ', NULL, 2, 2, '2026-06-11 07:27:22', '2026-06-11 07:27:22'),
(1391, 4, 13, 104, 5, '2027', 'event_based', 'ພະແນກວິຊາການ', NULL, 2, 2, '2026-06-11 07:27:22', '2026-06-11 07:27:22'),
(1392, 4, 13, 104, 5, '2027', 'event_based', 'ພະແນກຈັດຕັ້ງສັງລວມ', NULL, 2, 2, '2026-06-11 07:27:22', '2026-06-11 07:27:22'),
(1393, 4, 13, 104, 5, '2027', 'event_based', 'ພະແນກການເງິນ-ຊັບສິນ', NULL, 2, 2, '2026-06-11 07:27:22', '2026-06-11 07:27:22'),
(1394, 4, 13, 104, 5, '2027', 'event_based', 'ພະແນກຄຸ້ມຄອງນັກສຶກສາ', NULL, 2, 2, '2026-06-11 07:27:22', '2026-06-11 07:27:22'),
(1395, 4, 13, 104, 5, '2027', 'event_based', 'ພະແນກຄົ້ນຄົ້ວ ແລະ ບໍລິການວິຊາການ', NULL, 2, 2, '2026-06-11 07:27:22', '2026-06-11 07:27:22'),
(1396, 4, 13, 104, 5, '2027', 'event_based', 'ພະແນກຫຼັງປະລິນຍາຕີ', NULL, 2, 2, '2026-06-11 07:27:22', '2026-06-11 07:27:22'),
(1397, 4, 13, 105, 5, '2027', 'event_based', 'ສຳນັກຄະນະບໍດີ', NULL, 2, 2, '2026-06-11 07:27:22', '2026-06-11 07:27:22'),
(1398, 4, 13, 105, 5, '2027', 'event_based', 'ພາວິຊາຄະນິດສາດ', 'ຂື້ນຢູ່ພາກ 63', 2, 2, '2026-06-11 07:27:22', '2026-06-11 07:27:22'),
(1399, 4, 13, 105, 5, '2027', 'event_based', 'ພາກວິຊາຟິຊິກສາດ', 'ຂື້ນຢູ່ພາກ 63', 2, 2, '2026-06-11 07:27:22', '2026-06-11 07:27:22'),
(1400, 4, 13, 105, 5, '2027', 'event_based', 'ພາກວິຊາເຄມີສາດ', 'ຂື້ນຢູ່ພາກ 63', 2, 2, '2026-06-11 07:27:22', '2026-06-11 07:27:22'),
(1401, 4, 13, 105, 5, '2027', 'event_based', 'ພາກວິຊາຊີວະວິທະຍາ', 'ຂື້ນຢູ່ພາກ 63', 2, 2, '2026-06-11 07:27:22', '2026-06-11 07:27:22'),
(1402, 4, 13, 105, 5, '2027', 'event_based', 'ພາກວິຊາວິທະຍາສາດຄອມພິວເຕີ', 'ຂື້ນຢູ່ພາກ 63', 2, 2, '2026-06-11 07:27:22', '2026-06-11 07:27:22'),
(1403, 4, 13, 105, 5, '2027', 'event_based', 'ພະແນກວິຊາການ', NULL, 2, 2, '2026-06-11 07:27:22', '2026-06-11 07:27:22'),
(1404, 4, 13, 105, 5, '2027', 'event_based', 'ພະແນກຈັດຕັ້ງສັງລວມ', NULL, 2, 2, '2026-06-11 07:27:22', '2026-06-11 07:27:22'),
(1405, 4, 13, 105, 5, '2027', 'event_based', 'ພະແນກການເງິນ-ຊັບສິນ', NULL, 2, 2, '2026-06-11 07:27:22', '2026-06-11 07:27:22'),
(1406, 4, 13, 105, 5, '2027', 'event_based', 'ພະແນກຄຸ້ມຄອງນັກສຶກສາ', NULL, 2, 2, '2026-06-11 07:27:22', '2026-06-11 07:27:22'),
(1407, 4, 13, 105, 5, '2027', 'event_based', 'ພະແນກຄົ້ນຄົ້ວ ແລະ ບໍລິການວິຊາການ', NULL, 2, 2, '2026-06-11 07:27:22', '2026-06-11 07:27:22'),
(1408, 4, 13, 105, 5, '2027', 'event_based', 'ພະແນກຫຼັງປະລິນຍາຕີ', NULL, 2, 2, '2026-06-11 07:27:22', '2026-06-11 07:27:22'),
(1409, 4, 13, 106, 5, '2027', 'event_based', 'ສຳນັກຄະນະບໍດີ', NULL, 2, 2, '2026-06-11 07:27:22', '2026-06-11 07:27:22'),
(1410, 4, 13, 106, 5, '2027', 'event_based', 'ພາວິຊາຄະນິດສາດ', 'ຂື້ນຢູ່ພາກ 63', 2, 2, '2026-06-11 07:27:22', '2026-06-11 07:27:22'),
(1411, 4, 13, 106, 5, '2027', 'event_based', 'ພາກວິຊາຟິຊິກສາດ', 'ຂື້ນຢູ່ພາກ 63', 2, 2, '2026-06-11 07:27:22', '2026-06-11 07:27:22'),
(1412, 4, 13, 106, 5, '2027', 'event_based', 'ພາກວິຊາເຄມີສາດ', 'ຂື້ນຢູ່ພາກ 63', 2, 2, '2026-06-11 07:27:22', '2026-06-11 07:27:22'),
(1413, 4, 13, 106, 5, '2027', 'event_based', 'ພາກວິຊາຊີວະວິທະຍາ', 'ຂື້ນຢູ່ພາກ 63', 2, 2, '2026-06-11 07:27:22', '2026-06-11 07:27:22'),
(1414, 4, 13, 106, 5, '2027', 'event_based', 'ພາກວິຊາວິທະຍາສາດຄອມພິວເຕີ', 'ຂື້ນຢູ່ພາກ 63', 2, 2, '2026-06-11 07:27:22', '2026-06-11 07:27:22'),
(1415, 4, 13, 106, 5, '2027', 'event_based', 'ພະແນກວິຊາການ', NULL, 2, 2, '2026-06-11 07:27:22', '2026-06-11 07:27:22'),
(1416, 4, 13, 106, 5, '2027', 'event_based', 'ພະແນກຈັດຕັ້ງສັງລວມ', NULL, 2, 2, '2026-06-11 07:27:22', '2026-06-11 07:27:22'),
(1417, 4, 13, 106, 5, '2027', 'event_based', 'ພະແນກການເງິນ-ຊັບສິນ', NULL, 2, 2, '2026-06-11 07:27:22', '2026-06-11 07:27:22'),
(1418, 4, 13, 106, 5, '2027', 'event_based', 'ພະແນກຄຸ້ມຄອງນັກສຶກສາ', NULL, 2, 2, '2026-06-11 07:27:22', '2026-06-11 07:27:22'),
(1419, 4, 13, 106, 5, '2027', 'event_based', 'ພະແນກຄົ້ນຄົ້ວ ແລະ ບໍລິການວິຊາການ', NULL, 2, 2, '2026-06-11 07:27:22', '2026-06-11 07:27:22'),
(1420, 4, 13, 106, 5, '2027', 'event_based', 'ພະແນກຫຼັງປະລິນຍາຕີ', NULL, 2, 2, '2026-06-11 07:27:22', '2026-06-11 07:27:22'),
(1421, 4, 14, 74, 3, '2027', 'unit_quantity_frequency', 'ອຸປະກອນການຮຽນ-ການສອນ', NULL, 2, 2, '2026-06-11 07:27:22', '2026-06-11 07:27:22'),
(1422, 4, 14, 74, 3, '2027', 'unit_quantity_frequency', 'ອຸປະກອນການສອບເສັງ', NULL, 2, 2, '2026-06-11 07:27:22', '2026-06-11 07:27:22'),
(1423, 4, 14, 107, 2, '2027', 'unit_quantity', 'ພາກວິຊາຄະນິດສາດ', NULL, 2, 2, '2026-06-11 07:27:22', '2026-06-11 07:27:22'),
(1424, 4, 14, 107, 2, '2027', 'unit_quantity', 'ພາກວິຊາຟີຊິກສາດ', NULL, 2, 2, '2026-06-11 07:27:22', '2026-06-11 07:27:22'),
(1425, 4, 14, 107, 2, '2027', 'unit_quantity', 'ພາກວິຊາເຄມີສາດ', NULL, 2, 2, '2026-06-11 07:27:22', '2026-06-11 07:27:22'),
(1426, 4, 14, 107, 2, '2027', 'unit_quantity', 'ພາກວິຊາຊີວະວິທະຍາ', NULL, 2, 2, '2026-06-11 07:27:22', '2026-06-11 07:27:22'),
(1427, 4, 14, 107, 2, '2027', 'unit_quantity', 'ພາກວິຊາວິທະຍາສາດຄອມພີວເຕີ', NULL, 2, 2, '2026-06-11 07:27:22', '2026-06-11 07:27:22'),
(1428, 4, 14, 108, 2, '2027', 'unit_quantity', 'ພາກວິຊາຄະນິດສາດ', NULL, 2, 2, '2026-06-11 07:27:22', '2026-06-11 07:27:22'),
(1429, 4, 14, 108, 2, '2027', 'unit_quantity', 'ພາກວິຊາຟີຊິກສາດ', NULL, 2, 2, '2026-06-11 07:27:22', '2026-06-11 07:27:22'),
(1430, 4, 14, 108, 2, '2027', 'unit_quantity', 'ພາກວິຊາເຄມີສາດ', NULL, 2, 2, '2026-06-11 07:27:22', '2026-06-11 07:27:22'),
(1431, 4, 14, 108, 2, '2027', 'unit_quantity', 'ພາກວິຊາຊີວະວິທະຍາ', NULL, 2, 2, '2026-06-11 07:27:22', '2026-06-11 07:27:22'),
(1432, 4, 14, 108, 2, '2027', 'unit_quantity', 'ພາກວິຊາວິທະຍາສາດຄອມພີວເຕີ', NULL, 2, 2, '2026-06-11 07:27:22', '2026-06-11 07:27:22'),
(1433, 4, 14, 108, 2, '2027', 'unit_quantity', 'ປັບປຸງ ແລະ ພັດທະນາຫຼັກສູດ ປໍໂທ+ເອກ', NULL, 2, 2, '2026-06-11 07:27:22', '2026-06-11 07:27:22'),
(1434, 4, 14, 76, 2, '2027', 'unit_quantity', 'ພາກວິຊາຄະນິດສາດ', NULL, 2, 2, '2026-06-11 07:27:22', '2026-06-11 07:27:22'),
(1435, 4, 14, 76, 2, '2027', 'unit_quantity', 'ພາກວິຊາຟິຊິກສາດ', NULL, 2, 2, '2026-06-11 07:27:22', '2026-06-11 07:27:22'),
(1436, 4, 14, 76, 2, '2027', 'unit_quantity', 'ພາກວິຊາເຄມີສາດ', NULL, 2, 2, '2026-06-11 07:27:22', '2026-06-11 07:27:22'),
(1437, 4, 14, 76, 2, '2027', 'unit_quantity', 'ພາກວິຊາຊີວະວິທະຍາ', NULL, 2, 2, '2026-06-11 07:27:22', '2026-06-11 07:27:22'),
(1438, 4, 14, 76, 2, '2027', 'unit_quantity', 'ພາກວິຊາວິທະຍາສາດຄອມພິວເຕີ', NULL, 2, 2, '2026-06-11 07:27:22', '2026-06-11 07:27:22'),
(1439, 4, 14, 76, 2, '2027', 'unit_quantity', 'ຊື້ອຸປະກອນທົດລອງ', NULL, 2, 2, '2026-06-11 07:27:22', '2026-06-11 07:27:22'),
(1440, 4, 14, 77, 2, '2027', 'unit_quantity', 'ອູປະກອນທົດລອງຟິຊິກສາດ', NULL, 2, 2, '2026-06-11 07:27:22', '2026-06-11 07:27:22'),
(1441, 4, 14, 77, 2, '2027', 'unit_quantity', 'ອຸປະກອນທົດລອງເຄມີສາດ', NULL, 2, 2, '2026-06-11 07:27:22', '2026-06-11 07:27:22'),
(1442, 4, 14, 77, 2, '2027', 'unit_quantity', 'ອຸປະກອນທົດລອງຊີວະວິທະຍາ', NULL, 2, 2, '2026-06-11 07:27:22', '2026-06-11 07:27:22'),
(1443, 4, 14, 77, 2, '2027', 'unit_quantity', 'ຄອມພິວເຕີຕັ້່ງໂຕະ (PC)', NULL, 2, 2, '2026-06-11 07:27:22', '2026-06-11 07:27:22'),
(1444, 4, 14, 77, 2, '2027', 'unit_quantity', 'ໂປຣເຈັກເຕີໃສ່ຫ້ອງຮຽນ', NULL, 2, 2, '2026-06-11 07:27:22', '2026-06-11 07:27:22'),
(1445, 4, 14, 78, 2, '2027', 'unit_quantity', 'ພິທີສະຫຼຸບຊຸດຮຽນ ແລະ ເປີດສົກຮຽນໃໝ່ ປໍໂທ', NULL, 2, 2, '2026-06-11 07:27:22', '2026-06-11 07:27:22'),
(1446, 4, 14, 78, 2, '2027', 'unit_quantity', 'ກອງປະຊຸມສໍາມະນາວິຊາການ ປໍໂທ', NULL, 2, 2, '2026-06-11 07:27:22', '2026-06-11 07:27:22'),
(1447, 4, 14, 78, 2, '2027', 'unit_quantity', 'ກອງປະຊຸມຜູ້ຊົງຄຸນວຸດທິ ປໍໂທ', NULL, 2, 2, '2026-06-11 07:27:22', '2026-06-11 07:27:22'),
(1448, 4, 14, 79, 2, '2027', 'unit_quantity', 'ຊື້ປື້ມໃສ່ຫ້ອງອ່ານ', NULL, 2, 2, '2026-06-11 07:27:22', '2026-06-11 07:27:22'),
(1449, 4, 14, 79, 2, '2027', 'unit_quantity', 'ຊື້ຮ້ານປື້ມໃສ່ຫ້ອງອ່ານ', NULL, 2, 2, '2026-06-11 07:27:22', '2026-06-11 07:27:22'),
(1450, 4, 14, 80, 2, '2027', 'unit_quantity', 'ສົ່ງພະນັກງານໄປຍົກລະດັບໄລຍະຍາວ', NULL, 2, 2, '2026-06-11 07:27:22', '2026-06-11 07:27:22'),
(1451, 4, 14, 81, 2, '2027', 'unit_quantity', 'ງົບປະມານຕິດຕາມຫຼັກສູດ ປໍໂທ', NULL, 2, 2, '2026-06-11 07:27:22', '2026-06-11 07:27:22'),
(1452, 4, 15, 82, 2, '2027', 'unit_quantity', 'ສົ່ງເສີມວິຊາການສ່ວນກາງ', NULL, 2, 2, '2026-06-11 07:27:22', '2026-06-11 07:27:22'),
(1453, 4, 15, 82, 2, '2027', 'unit_quantity', 'ກອງປະຊຸມສຳມະນາການເງິນ (ພະແນກການເງິນ )', 'ຂື້ນຢູ່ພາກ 62', 2, 2, '2026-06-11 07:27:22', '2026-06-11 07:27:22'),
(1454, 4, 15, 82, 2, '2027', 'unit_quantity', 'ພະແນກບໍລິຫານສັງລວມ', 'ຂື້ນຢູ່ພາກ 62', 2, 2, '2026-06-11 07:27:22', '2026-06-11 07:27:22'),
(1455, 4, 15, 82, 2, '2027', 'unit_quantity', 'ໜ່ວຍງານ ICT', 'ຂື້ນຢູ່ພາກ 62', 2, 2, '2026-06-11 07:27:22', '2026-06-11 07:27:22'),
(1456, 4, 15, 82, 2, '2027', 'unit_quantity', 'ຫຼັງປະລິນຍາຕີ', 'ຂື້ນຢູ່ພາກ 62', 2, 2, '2026-06-11 07:27:22', '2026-06-11 07:27:22'),
(1457, 4, 15, 82, 2, '2027', 'unit_quantity', 'ຄົ້ນຄ້ວາ ແລະ ບໍລິການວິຊາການ', 'ຂື້ນຢູ່ພາກ 62', 2, 2, '2026-06-11 07:27:22', '2026-06-11 07:27:22'),
(1458, 4, 15, 82, 2, '2027', 'unit_quantity', 'ພັດທະນາຫຸ່ນຍົນ (Robot)', 'ຂື້ນຢູ່ພາກ 62', 2, 2, '2026-06-11 07:27:22', '2026-06-11 07:27:22'),
(1459, 4, 15, 82, 2, '2027', 'unit_quantity', 'ພະແນກວິຊາການ', 'ຂື້ນຢູ່ພາກ 62', 2, 2, '2026-06-11 07:27:22', '2026-06-11 07:27:22'),
(1460, 4, 15, 82, 2, '2027', 'unit_quantity', 'ພະແນກຄຸ້ມຄອງນັກສຶກສາ', 'ຂື້ນຢູ່ພາກ 62', 2, 2, '2026-06-11 07:27:22', '2026-06-11 07:27:22'),
(1461, 4, 15, 82, 2, '2027', 'unit_quantity', 'ພາກວິຊາຄະນິດສາດ', NULL, 2, 2, '2026-06-11 07:27:22', '2026-06-11 07:27:22'),
(1462, 4, 15, 82, 2, '2027', 'unit_quantity', 'ພາກວິຊາຟີຊິກສາດ', NULL, 2, 2, '2026-06-11 07:27:22', '2026-06-11 07:27:22'),
(1463, 4, 15, 82, 2, '2027', 'unit_quantity', 'ພາກວິຊາເຄມີສາດ', NULL, 2, 2, '2026-06-11 07:27:22', '2026-06-11 07:27:22'),
(1464, 4, 15, 82, 2, '2027', 'unit_quantity', 'ພາກວິຊາຊີວະວິທະຍາ', NULL, 2, 2, '2026-06-11 07:27:22', '2026-06-11 07:27:22'),
(1465, 4, 15, 82, 2, '2027', 'unit_quantity', 'ພາກວິຊາວິທະຍາສາດຄອມພີວເຕີ', NULL, 2, 2, '2026-06-11 07:27:22', '2026-06-11 07:27:22'),
(1466, 4, 15, 82, 2, '2027', 'unit_quantity', 'ສາມອົງການຈັດຕັ້ງມະຫາຊົນ', NULL, 2, 2, '2026-06-11 07:27:22', '2026-06-11 07:27:22'),
(1467, 4, 15, 82, 2, '2027', 'unit_quantity', 'ເຄື່ອນໄຫວວຽກວິຊາການອື່ນໆ', NULL, 2, 2, '2026-06-11 07:27:22', '2026-06-11 07:27:22'),
(1468, 4, 15, 83, 2, '2027', 'unit_quantity', 'ສຳນັກຄະນະບໍດີ', NULL, 2, 2, '2026-06-11 07:27:22', '2026-06-11 07:27:22'),
(1469, 4, 15, 83, 2, '2027', 'unit_quantity', 'ພາກວິຊາຄະນິດສາດ', NULL, 2, 2, '2026-06-11 07:27:22', '2026-06-11 07:27:22'),
(1470, 4, 15, 83, 2, '2027', 'unit_quantity', 'ພາກວິຊາຟິຊິກສາດ', NULL, 2, 2, '2026-06-11 07:27:22', '2026-06-11 07:27:22'),
(1471, 4, 15, 83, 2, '2027', 'unit_quantity', 'ພາກວິຊາເຄມີສາດ', NULL, 2, 2, '2026-06-11 07:27:22', '2026-06-11 07:27:22'),
(1472, 4, 15, 83, 2, '2027', 'unit_quantity', 'ພາກວິຊາຊີວະວິທະຍາ', NULL, 2, 2, '2026-06-11 07:27:22', '2026-06-11 07:27:22'),
(1473, 4, 15, 83, 2, '2027', 'unit_quantity', 'ພາກວິຊາວິທະຍາສາດຄອມພິວເຕີ', NULL, 2, 2, '2026-06-11 07:27:22', '2026-06-11 07:27:22'),
(1474, 4, 15, 84, 2, '2027', 'unit_quantity', 'ສຳນັກຄະນະບໍດີ', NULL, 2, 2, '2026-06-11 07:27:22', '2026-06-11 07:27:22'),
(1475, 4, 15, 84, 2, '2027', 'unit_quantity', 'ພາກວິຊາຄະນິດສາດ', NULL, 2, 2, '2026-06-11 07:27:22', '2026-06-11 07:27:22'),
(1476, 4, 15, 84, 2, '2027', 'unit_quantity', 'ພາກວິຊາຟິຊິກສາດ', NULL, 2, 2, '2026-06-11 07:27:22', '2026-06-11 07:27:22'),
(1477, 4, 15, 84, 2, '2027', 'unit_quantity', 'ພາກວິຊາເຄມີສາດ', NULL, 2, 2, '2026-06-11 07:27:22', '2026-06-11 07:27:22'),
(1478, 4, 15, 84, 2, '2027', 'unit_quantity', 'ພາກວິຊາຊີວະວິທະຍາ', NULL, 2, 2, '2026-06-11 07:27:22', '2026-06-11 07:27:22'),
(1479, 4, 15, 84, 2, '2027', 'unit_quantity', 'ພາກວິຊາວິທະຍາສາດຄອມພິວເຕີ', NULL, 2, 2, '2026-06-11 07:27:22', '2026-06-11 07:27:22'),
(1480, 4, 16, 85, 1, '2027', 'monthly', 'ຄະນະບໍດີ', 'ຈ່າງງົບລັດ', 2, 2, '2026-06-11 07:27:22', '2026-06-11 07:27:22'),
(1481, 4, 16, 85, 1, '2027', 'monthly', 'ຮອງຄະນະບໍດີ', 'ຈ່າງງົບລັດ', 2, 2, '2026-06-11 07:27:22', '2026-06-11 07:27:22'),
(1482, 4, 16, 85, 1, '2027', 'monthly', 'ຫົວໜ້າພາກວິຊາ', 'ຈ່າງງົບລັດ', 2, 2, '2026-06-11 07:27:22', '2026-06-11 07:27:22'),
(1483, 4, 16, 85, 1, '2027', 'monthly', 'ຫົວໜ້າພະແນກ', 'ຈ່າງງົບລັດ', 2, 2, '2026-06-11 07:27:22', '2026-06-11 07:27:22'),
(1484, 4, 16, 85, 1, '2027', 'monthly', 'ຮອງຫົວໜ້າພາກວິຊາ', 'ຈ່າງງົບລັດ', 2, 2, '2026-06-11 07:27:22', '2026-06-11 07:27:22'),
(1485, 4, 16, 85, 1, '2027', 'monthly', 'ຮອງຫົວໜ້າພະແນກ', 'ຈ່າງງົບລັດ', 2, 2, '2026-06-11 07:27:22', '2026-06-11 07:27:22'),
(1486, 4, 16, 85, 1, '2027', 'monthly', 'ຫົວໜ້າໜ່ວຍງານ, ເລຂາ', 'ຈ່າງງົບລັດ', 2, 2, '2026-06-11 07:27:22', '2026-06-11 07:27:22'),
(1487, 4, 16, 85, 1, '2027', 'monthly', 'ຫົວໜ້າໜ່ວຍວິຊາ', 'ຈ່າງງົບລັດ', 2, 2, '2026-06-11 07:27:22', '2026-06-11 07:27:22'),
(1488, 4, 16, 85, 1, '2027', 'monthly', 'ໜ່ວຍງານ, ສາມອົງການຈັດຕັ້ງ', 'ຈ່າງງົບລັດ', 2, 2, '2026-06-11 07:27:22', '2026-06-11 07:27:22'),
(1489, 4, 16, 85, 1, '2027', 'monthly', 'ສາມອົງການຈັດຕັ້ງມະຫາຊົນ', 'ຈ່າງງົບລັດ', 2, 2, '2026-06-11 07:27:22', '2026-06-11 07:27:22'),
(1490, 4, 16, 86, 1, '2027', 'monthly', 'ຄະນະບໍດີ', 'ໃຊ້ງົບລັດ', 2, 2, '2026-06-11 07:27:22', '2026-06-11 07:27:22'),
(1491, 4, 16, 86, 1, '2027', 'monthly', 'ຮອງຄະນະບໍດີ, ຫົວໜ້າພາກວິຊາ', 'ໃຊ້ງົບລັດ', 2, 2, '2026-06-11 07:27:22', '2026-06-11 07:27:22'),
(1492, 4, 16, 86, 1, '2027', 'monthly', 'ຫົວໜ້າພະແນກ, ຮອງພາກວິຊາ', 'ໃຊ້ງົບລັດ', 2, 2, '2026-06-11 07:27:22', '2026-06-11 07:27:22'),
(1493, 4, 16, 86, 1, '2027', 'monthly', 'ຮອງຫົວໜ້າພະແນກ, ຮສ ແລະ ຫົວໜ້າໜ່ວຍວິຊາ', 'ໃຊ້ງົບລັດ', 2, 2, '2026-06-11 07:27:22', '2026-06-11 07:27:22'),
(1494, 4, 16, 86, 1, '2027', 'monthly', 'ຮອງຫົວໜ້າໜ່ວຍວິຊາ, ຫົວໜ້າໜ່ວຍງານ', 'ໃຊ້ງົບລັດ', 2, 2, '2026-06-11 07:27:22', '2026-06-11 07:27:22'),
(1495, 4, 16, 86, 1, '2027', 'monthly', 'ຮອງຫົວໜ້າໜ່ວຍງານ', 'ໃຊ້ງົບລັດ', 2, 2, '2026-06-11 07:27:22', '2026-06-11 07:27:22'),
(1496, 4, 16, 86, 1, '2027', 'monthly', 'ອາຈານ ແລະ ພະນັກງານທົ່ວໄປ', 'ໃຊ້ງົບລັດ', 2, 2, '2026-06-11 07:27:22', '2026-06-11 07:27:22'),
(1497, 4, 16, 87, 1, '2027', 'monthly', 'ຄ່າແຮງງານພະນັກງານສັນຍາຈ້າງສຳນັກ', NULL, 2, 2, '2026-06-11 07:27:22', '2026-06-11 07:27:22'),
(1498, 4, 16, 87, 1, '2027', 'monthly', 'ຄ່າແຮງງານພະນັກງານສັນຍາຈ້າງຂັບລົດ', NULL, 2, 2, '2026-06-11 07:27:22', '2026-06-11 07:27:22'),
(1499, 4, 16, 87, 1, '2027', 'monthly', 'ສັນຍາຈ້າງບຳລູງຮັກສາລະບົບຂໍ້ມູນຂ່າວສານ (ICT)', NULL, 2, 2, '2026-06-11 07:27:22', '2026-06-11 07:27:22'),
(1500, 4, 16, 88, 1, '2027', 'monthly', 'ອຸດໜູນພະນັກງານລົງທະບຽນ', NULL, 2, 2, '2026-06-11 07:27:22', '2026-06-11 07:27:22'),
(1501, 4, 16, 88, 1, '2027', 'monthly', 'ອຸໜູນການສອບເສັງ', NULL, 2, 2, '2026-06-11 07:27:22', '2026-06-11 07:27:22'),
(1502, 4, 16, 88, 1, '2027', 'monthly', 'ອຸດໜູນການກວດສອບງົບປະມານ', NULL, 2, 2, '2026-06-11 07:27:22', '2026-06-11 07:27:22'),
(1503, 4, 16, 88, 1, '2027', 'monthly', 'ອຸດໜູນການເຮັດວຽກຕາມຂໍ້ຕົກລົງຕ່າງໆ', NULL, 2, 2, '2026-06-11 07:27:22', '2026-06-11 07:27:22'),
(1504, 4, 16, 88, 1, '2027', 'monthly', 'ອຸດໜູນການບໍລິຫານເທີມສາມ', NULL, 2, 2, '2026-06-11 07:27:22', '2026-06-11 07:27:22'),
(1505, 4, 16, 88, 1, '2027', 'monthly', 'ອຸດໜູນກະກຽມສະຫລຸບການເງິນ', NULL, 2, 2, '2026-06-11 07:27:22', '2026-06-11 07:27:22'),
(1506, 4, 16, 88, 1, '2027', 'monthly', 'ອຸດໜູນການບໍລິຫານ ປໍ ໂທ', NULL, 2, 2, '2026-06-11 07:27:22', '2026-06-11 07:27:22'),
(1507, 4, 16, 88, 1, '2027', 'monthly', 'ອຸດໜູນການນໍາພາບົດວິທະຍານິພົນ', NULL, 2, 2, '2026-06-11 07:27:22', '2026-06-11 07:27:22'),
(1508, 4, 17, 90, 4, '2027', 'frequency_based', 'ຄ່າຊົ່ວໂມງສອນພາກພິເສດ', NULL, 2, 2, '2026-06-11 07:27:22', '2026-06-11 07:27:22'),
(1509, 4, 17, 90, 4, '2027', 'frequency_based', 'ຄ່າຊົ່ວໂມງສອນເທີມສາມ', NULL, 2, 2, '2026-06-11 07:27:22', '2026-06-11 07:27:22'),
(1510, 4, 17, 90, 4, '2027', 'frequency_based', 'ຄ່າຊົ່ວໂມງສອນປະລິນຍາໂທ', NULL, 2, 2, '2026-06-11 07:27:22', '2026-06-11 07:27:22'),
(1511, 4, 17, 91, 4, '2027', 'frequency_based', 'ຄ່າກຳມະການສອບເສັງຈົບຊັ້ນ', NULL, 2, 2, '2026-06-11 07:27:22', '2026-06-11 07:27:22'),
(1512, 4, 17, 91, 4, '2027', 'frequency_based', 'ຄ່າຍາມຫ້ອງເສັງ', NULL, 2, 2, '2026-06-11 07:27:22', '2026-06-11 07:27:22'),
(1513, 4, 17, 91, 4, '2027', 'frequency_based', 'ຄ່າອອກຫົວບົດ ແລະ ກວດບົດ', NULL, 2, 2, '2026-06-11 07:27:22', '2026-06-11 07:27:22'),
(1514, 4, 17, 91, 4, '2027', 'frequency_based', 'ຄ່າບໍລິການສອບເສັງປະລິນຍາໂທ', NULL, 2, 2, '2026-06-11 07:27:22', '2026-06-11 07:27:22'),
(1515, 4, 17, 92, 4, '2027', 'frequency_based', 'ຄ່າຊີ້ນຳບົດໂຄງການຈົບຊັ້ນ', NULL, 2, 2, '2026-06-11 07:27:22', '2026-06-11 07:27:22'),
(1516, 4, 17, 92, 4, '2027', 'frequency_based', 'ຄ່າກຳມະການປ້ອງກັນບົດຈົບຊັ້ນ', NULL, 2, 2, '2026-06-11 07:27:22', '2026-06-11 07:27:22'),
(1517, 4, 17, 92, 4, '2027', 'frequency_based', 'ຄ່າດຳເນີນບົດໂຄງການຈົບຊັ້ນປະລິນຍາໂທ', NULL, 2, 2, '2026-06-11 07:27:22', '2026-06-11 07:27:22'),
(1518, 4, 18, 109, 5, '2027', 'event_based', 'ບໍລິຈາກເລືອດຄັ້ງທີ I', NULL, 2, 2, '2026-06-11 07:27:22', '2026-06-11 07:27:22'),
(1519, 4, 18, 109, 5, '2027', 'event_based', 'ບໍລິຈາກເລືອດຄັ້ງທີ II', NULL, 2, 2, '2026-06-11 07:27:22', '2026-06-11 07:27:22'),
(1520, 4, 18, 110, 5, '2027', 'event_based', 'ການແຂ່ງຂັນກິລາຊາວໜຸ່ມ', NULL, 2, 2, '2026-06-11 07:27:22', '2026-06-11 07:27:22'),
(1521, 4, 18, 110, 5, '2027', 'event_based', 'ການເຄື່ອງໄຫວກິລາພາຍໃນ', NULL, 2, 2, '2026-06-11 07:27:22', '2026-06-11 07:27:22'),
(1522, 4, 18, 110, 5, '2027', 'event_based', 'ການເຄື່ອນໄຫວກິລາກັບທາງນອກ', NULL, 2, 2, '2026-06-11 07:27:22', '2026-06-11 07:27:22'),
(1523, 4, 18, 110, 5, '2027', 'event_based', 'ການເຄື່ອນໄຫວສິນລະປະກຳຂອງນັກສຶກສາ', NULL, 2, 2, '2026-06-11 07:27:22', '2026-06-11 07:27:22'),
(1524, 4, 18, 110, 5, '2027', 'event_based', 'ການຝຶກຊ້ອມສິນລະປະວັນນະຄະດີ', NULL, 2, 2, '2026-06-11 07:27:22', '2026-06-11 07:27:22'),
(1525, 4, 18, 111, 5, '2027', 'event_based', 'ອານາໄມຫ້ອງຮຽນ, ຫ້ອງການ', NULL, 2, 2, '2026-06-11 07:27:22', '2026-06-11 07:27:22'),
(1526, 4, 18, 111, 5, '2027', 'event_based', 'ອານາໄມສະຖານທີ່ຮັບຜິດຊອບ', NULL, 2, 2, '2026-06-11 07:27:22', '2026-06-11 07:27:22'),
(1527, 4, 18, 111, 5, '2027', 'event_based', 'ປຸກຕົ້ນໄມ້', NULL, 2, 2, '2026-06-11 07:27:22', '2026-06-11 07:27:22'),
(1528, 4, 18, 112, 5, '2027', 'event_based', 'ຄ່າເຊົ່າຫ້ອງປະຊຸມ 1 ວັນ', NULL, 2, 2, '2026-06-11 07:27:22', '2026-06-11 07:27:22'),
(1529, 4, 18, 112, 5, '2027', 'event_based', 'ຄ່ານ້ຳດື່ມມື້ຈັດງານ', NULL, 2, 2, '2026-06-11 07:27:22', '2026-06-11 07:27:22'),
(1530, 4, 18, 112, 5, '2027', 'event_based', 'ຄ່າຂັນລາງວັນ', NULL, 2, 2, '2026-06-11 07:27:22', '2026-06-11 07:27:22'),
(1531, 4, 18, 112, 5, '2027', 'event_based', 'ຄ່າອອກຄຳຖາມ', NULL, 2, 2, '2026-06-11 07:27:22', '2026-06-11 07:27:22'),
(1532, 4, 13, 63, 1, '2027', 'monthly', 'ເຄື່ອງໃຊ້ຫ້ອງການ', NULL, 2, 2, '2026-06-11 07:30:54', '2026-06-11 07:30:54'),
(1533, 5, 19, 113, 1, '2028', 'monthly', 'ຊືເຄື່ອງໃຊ້ຫ້ອງການ', NULL, 2, 2, '2026-06-11 07:45:26', '2026-06-11 10:30:40'),
(1534, 5, 19, 113, 1, '2028', 'monthly', 'ຊືແບບພິມ', NULL, 2, 2, '2026-06-11 07:45:26', '2026-06-11 10:30:42'),
(1535, 5, 19, 113, 1, '2028', 'monthly', 'ວາລະສານ ແລະ ໜັງສືພິມ', NULL, 2, 2, '2026-06-11 07:45:26', '2026-06-11 07:45:26'),
(1536, 5, 19, 113, 1, '2028', 'monthly', 'ລາຍຈ່າຍຊືຂອງຂວັນ ແລະ ຂອງຕ້ອນ', NULL, 2, 2, '2026-06-11 07:45:26', '2026-06-11 10:55:54'),
(1537, 5, 19, 113, 1, '2028', 'monthly', 'ໂທລະສັບບໍລິຫານ', NULL, 2, 2, '2026-06-11 07:45:26', '2026-06-11 07:45:26'),
(1538, 5, 19, 113, 1, '2028', 'monthly', 'ຄ່າໄປສະນີ', NULL, 2, 2, '2026-06-11 07:45:26', '2026-06-11 07:45:26'),
(1539, 5, 19, 113, 1, '2028', 'monthly', 'ຄ່າບໍລິການທະນາຄານ', NULL, 2, 2, '2026-06-11 07:45:26', '2026-06-11 07:45:26'),
(1540, 5, 19, 113, 1, '2028', 'monthly', 'ຊື້ຂອງຂັວນຂອງຕ້ອນ', NULL, 2, 2, '2026-06-11 07:45:26', '2026-06-11 07:45:26'),
(1541, 5, 19, 113, 1, '2028', 'monthly', 'ວັນບຸນລະດັບຊາດ', NULL, 2, 2, '2026-06-11 07:45:26', '2026-06-11 07:45:26'),
(1542, 5, 19, 113, 1, '2028', 'monthly', 'ອຸດໜູນວຽກປ້ອງກັນ', 'ຂື້ນຢູ່ງົບລັດ', 2, 2, '2026-06-11 07:45:26', '2026-06-11 07:45:26'),
(1543, 5, 19, 113, 1, '2028', 'monthly', 'ຄ່ານ້ຳມັນບໍລິຫານຫ້ອງການ', 'ຂື້ນຢູ່ງົບລັດ', 2, 2, '2026-06-11 07:45:26', '2026-06-11 07:45:26'),
(1544, 5, 19, 113, 1, '2028', 'monthly', 'ຄ່ານ້ຳມັນເຄື່ອງ', 'ຂື້ນຢູ່ງົບລັດ', 2, 2, '2026-06-11 07:45:26', '2026-06-11 07:45:26'),
(1545, 5, 19, 114, 1, '2028', 'monthly', 'ບຳລຸງຮັກສາຄອມພີວເຕີ', NULL, 2, 2, '2026-06-11 07:45:26', '2026-06-11 07:45:26'),
(1546, 5, 19, 114, 1, '2028', 'monthly', 'ບຳລຸງຮັກສາເຄື່ອງສາຍໂປຣເຈັກເຕີ', NULL, 2, 2, '2026-06-11 07:45:26', '2026-06-11 07:45:26'),
(1547, 5, 19, 114, 1, '2028', 'monthly', 'ບຳລຸງຮັກສາແອເຢັນ', NULL, 2, 2, '2026-06-11 07:45:26', '2026-06-11 07:45:26'),
(1548, 5, 19, 114, 1, '2028', 'monthly', 'ບຳລຸງຮັກສາຕູ້ເຢັນ + ຕູ້ນ້ຳເຢັນ', NULL, 2, 2, '2026-06-11 07:45:26', '2026-06-11 07:45:26'),
(1549, 5, 19, 114, 1, '2028', 'monthly', 'ບຳລຸງຮັກສາພັດລົມ', NULL, 2, 2, '2026-06-11 07:45:26', '2026-06-11 07:45:26'),
(1550, 5, 19, 114, 1, '2028', 'monthly', 'ບຳລຸງຮັກສາດອກໄຟ', NULL, 2, 2, '2026-06-11 07:45:26', '2026-06-11 07:45:26'),
(1551, 5, 19, 114, 1, '2028', 'monthly', 'ບຳລຸງຮັກສາເຄື່ອງພິມ', NULL, 2, 2, '2026-06-11 07:45:26', '2026-06-11 07:45:26'),
(1552, 5, 19, 114, 1, '2028', 'monthly', 'ບຳລຸງຮັກສາຈັກອັດສຳເນົາ', NULL, 2, 2, '2026-06-11 07:45:26', '2026-06-11 07:45:26'),
(1553, 5, 19, 114, 1, '2028', 'monthly', 'ບຳລຸງຮັກສາໂທລະສັບ', NULL, 2, 2, '2026-06-11 07:45:26', '2026-06-11 07:45:26'),
(1554, 5, 19, 114, 1, '2028', 'monthly', 'ບຳລຸງຮັກສາກ້ອງຖ່າຍຮູບ', NULL, 2, 2, '2026-06-11 07:45:26', '2026-06-11 07:45:26'),
(1555, 5, 19, 114, 1, '2028', 'monthly', 'ບຳລຸງຮັກສາໂທລະທັດ', NULL, 2, 2, '2026-06-11 07:45:26', '2026-06-11 07:45:26'),
(1556, 5, 19, 114, 1, '2028', 'monthly', 'ຈັກປ້ຳນ້ຳອັດຕະໂນມັດ', NULL, 2, 2, '2026-06-11 07:45:26', '2026-06-11 07:45:26'),
(1557, 5, 19, 114, 1, '2028', 'monthly', 'ຈັກຕັດຫຍ້າ', NULL, 2, 2, '2026-06-11 07:45:26', '2026-06-11 07:45:26'),
(1558, 5, 19, 115, 1, '2028', 'monthly', 'ສ້ອມແປງອາຄານສໍານັກງານຕ່າງໆ', NULL, 2, 2, '2026-06-11 07:45:26', '2026-06-11 07:45:26'),
(1559, 5, 19, 115, 1, '2028', 'monthly', 'ປັບປຸງອາຄານຫ້ອງຮຽນ-ຫ້ອງທົດລອງ', NULL, 2, 2, '2026-06-11 07:45:26', '2026-06-11 07:45:26'),
(1560, 5, 19, 116, 3, '2028', 'unit_quantity_frequency', 'ລົດຕູ້', NULL, 2, 2, '2026-06-11 07:45:26', '2026-06-11 07:45:26'),
(1561, 5, 19, 116, 3, '2028', 'unit_quantity_frequency', 'ລົດຈັກ', NULL, 2, 2, '2026-06-11 07:45:26', '2026-06-11 07:45:26'),
(1562, 5, 19, 117, 1, '2028', 'monthly', 'ຊື້ ໂຕະ, ຕັ່ງ', NULL, 2, 2, '2026-06-11 07:45:26', '2026-06-11 07:45:26'),
(1563, 5, 19, 117, 1, '2028', 'monthly', 'ບຳລຸງຮັກສາ, ສ້ອມແປງ ໂຕະ, ຕັ່ງ', NULL, 2, 2, '2026-06-11 07:45:26', '2026-06-11 07:45:26'),
(1564, 5, 19, 117, 1, '2028', 'monthly', 'ຊື້ເຄື່ອງຈັກ ແລະ ວັດຖຸອຸປະກອນ', NULL, 2, 2, '2026-06-11 07:45:26', '2026-06-11 07:45:26'),
(1565, 5, 19, 117, 1, '2028', 'monthly', 'ຊື້ພາຫະນະ', NULL, 2, 2, '2026-06-11 07:45:26', '2026-06-11 07:45:26'),
(1566, 5, 19, 118, 1, '2028', 'monthly', 'ປະກັນໄພລົດໃຫຍ່', NULL, 2, 2, '2026-06-11 07:45:26', '2026-06-11 07:45:26'),
(1567, 5, 19, 119, 1, '2028', 'monthly', 'ໄປວຽກທາງການພາຍໃນປະເທດ', NULL, 2, 2, '2026-06-11 07:45:26', '2026-06-11 07:45:26'),
(1568, 5, 19, 119, 1, '2028', 'monthly', 'ໄປວຽກທາງການຕ່າງປະເທດ', NULL, 2, 2, '2026-06-11 07:45:26', '2026-06-11 07:45:26'),
(1569, 5, 19, 120, 1, '2028', 'monthly', 'ບຳລຸງຮັກສາວິທະຍາເຂດ', NULL, 2, 2, '2026-06-11 07:45:26', '2026-06-11 07:45:26'),
(1570, 5, 19, 120, 1, '2028', 'monthly', '- ຕັດຫຍ້າ', NULL, 2, 2, '2026-06-11 07:45:26', '2026-06-11 07:45:26'),
(1571, 5, 19, 120, 1, '2028', 'monthly', '- ປູກ ແລະ ບົວລະບັດສວນດອກໄມ້', NULL, 2, 2, '2026-06-11 07:45:26', '2026-06-11 07:45:26'),
(1572, 5, 19, 120, 1, '2028', 'monthly', '- ກ້າເບ້ຍໄມ້', NULL, 2, 2, '2026-06-11 07:45:26', '2026-06-11 07:45:26'),
(1573, 5, 19, 120, 1, '2028', 'monthly', '- ອານາໄມເດີ່ນ', NULL, 2, 2, '2026-06-11 07:45:26', '2026-06-11 07:45:26'),
(1574, 5, 19, 120, 1, '2028', 'monthly', 'ອານາໄມອາຄານ', NULL, 2, 2, '2026-06-11 07:45:26', '2026-06-11 07:45:26'),
(1575, 5, 19, 120, 1, '2028', 'monthly', '- ອານາໄມຫ້ອງຮຽນ', NULL, 2, 2, '2026-06-11 07:45:26', '2026-06-11 07:45:26'),
(1576, 5, 19, 120, 1, '2028', 'monthly', '- ອານາໄມຫ້ອງການ', NULL, 2, 2, '2026-06-11 07:45:26', '2026-06-11 07:45:26'),
(1577, 5, 19, 120, 1, '2028', 'monthly', '- ອານາໄມຫ້ອງທົດລອງຄອມພິວເຕີ', NULL, 2, 2, '2026-06-11 07:45:26', '2026-06-11 07:45:26'),
(1578, 5, 19, 121, 1, '2028', 'monthly', 'ປະຖົມນິເທດນັກສຶກສາ', NULL, 2, 2, '2026-06-11 07:45:26', '2026-06-11 07:45:26'),
(1579, 5, 19, 121, 1, '2028', 'monthly', 'ກວດສອບການປະຕິບັດລະບຽບວິໃນນັກສຶກສາ', NULL, 2, 2, '2026-06-11 07:45:26', '2026-06-11 07:45:26'),
(1580, 5, 19, 123, 5, '2028', 'event_based', 'ສຳນັກຄະນະບໍດີ', NULL, 2, 2, '2026-06-11 07:45:26', '2026-06-11 07:45:26'),
(1581, 5, 19, 123, 5, '2028', 'event_based', 'ພາວິຊາຄະນິດສາດ', NULL, 2, 2, '2026-06-11 07:45:26', '2026-06-11 07:45:26'),
(1582, 5, 19, 123, 5, '2028', 'event_based', 'ພາກວິຊາຟິຊິກສາດ', NULL, 2, 2, '2026-06-11 07:45:26', '2026-06-11 07:45:26'),
(1583, 5, 19, 123, 5, '2028', 'event_based', 'ພາກວິຊາເຄມີສາດ', NULL, 2, 2, '2026-06-11 07:45:26', '2026-06-11 07:45:26'),
(1584, 5, 19, 123, 5, '2028', 'event_based', 'ພາກວິຊາຊີວະວິທະຍາ', NULL, 2, 2, '2026-06-11 07:45:26', '2026-06-11 07:45:26'),
(1585, 5, 19, 123, 5, '2028', 'event_based', 'ພາກວິຊາວິທະຍາສາດຄອມພິວເຕີ', NULL, 2, 2, '2026-06-11 07:45:26', '2026-06-11 07:45:26'),
(1586, 5, 19, 123, 5, '2028', 'event_based', 'ພະແນກວິຊາການ', NULL, 2, 2, '2026-06-11 07:45:26', '2026-06-11 07:45:26'),
(1587, 5, 19, 123, 5, '2028', 'event_based', 'ພະແນກຈັດຕັ້ງສັງລວມ', NULL, 2, 2, '2026-06-11 07:45:26', '2026-06-11 07:45:26'),
(1588, 5, 19, 123, 5, '2028', 'event_based', 'ພະແນກການເງິນ-ຊັບສິນ', NULL, 2, 2, '2026-06-11 07:45:26', '2026-06-11 07:45:26'),
(1589, 5, 19, 123, 5, '2028', 'event_based', 'ພະແນກຄຸ້ມຄອງນັກສຶກສາ', NULL, 2, 2, '2026-06-11 07:45:26', '2026-06-11 07:45:26'),
(1590, 5, 19, 123, 5, '2028', 'event_based', 'ພະແນກຄົ້ນຄົ້ວ ແລະ ບໍລິການວິຊາການ', NULL, 2, 2, '2026-06-11 07:45:26', '2026-06-11 07:45:26'),
(1591, 5, 19, 123, 5, '2028', 'event_based', 'ພະແນກຫຼັງປະລິນຍາຕີ', NULL, 2, 2, '2026-06-11 07:45:26', '2026-06-11 07:45:26'),
(1592, 5, 19, 124, 5, '2028', 'event_based', 'ສຳນັກຄະນະບໍດີ', NULL, 2, 2, '2026-06-11 07:45:26', '2026-06-11 07:45:26'),
(1593, 5, 19, 124, 5, '2028', 'event_based', 'ພາວິຊາຄະນິດສາດ', 'ຂື້ນຢູ່ພາກ 63', 2, 2, '2026-06-11 07:45:26', '2026-06-11 07:45:26'),
(1594, 5, 19, 124, 5, '2028', 'event_based', 'ພາກວິຊາຟິຊິກສາດ', 'ຂື້ນຢູ່ພາກ 63', 2, 2, '2026-06-11 07:45:26', '2026-06-11 07:45:26'),
(1595, 5, 19, 124, 5, '2028', 'event_based', 'ພາກວິຊາເຄມີສາດ', 'ຂື້ນຢູ່ພາກ 63', 2, 2, '2026-06-11 07:45:26', '2026-06-11 07:45:26'),
(1596, 5, 19, 124, 5, '2028', 'event_based', 'ພາກວິຊາຊີວະວິທະຍາ', 'ຂື້ນຢູ່ພາກ 63', 2, 2, '2026-06-11 07:45:26', '2026-06-11 07:45:26'),
(1597, 5, 19, 124, 5, '2028', 'event_based', 'ພາກວິຊາວິທະຍາສາດຄອມພິວເຕີ', 'ຂື້ນຢູ່ພາກ 63', 2, 2, '2026-06-11 07:45:26', '2026-06-11 07:45:26'),
(1598, 5, 19, 124, 5, '2028', 'event_based', 'ພະແນກວິຊາການ', NULL, 2, 2, '2026-06-11 07:45:26', '2026-06-11 07:45:26'),
(1599, 5, 19, 124, 5, '2028', 'event_based', 'ພະແນກຈັດຕັ້ງສັງລວມ', NULL, 2, 2, '2026-06-11 07:45:26', '2026-06-11 07:45:26'),
(1600, 5, 19, 124, 5, '2028', 'event_based', 'ພະແນກການເງິນ-ຊັບສິນ', NULL, 2, 2, '2026-06-11 07:45:26', '2026-06-11 07:45:26'),
(1601, 5, 19, 124, 5, '2028', 'event_based', 'ພະແນກຄຸ້ມຄອງນັກສຶກສາ', NULL, 2, 2, '2026-06-11 07:45:26', '2026-06-11 07:45:26'),
(1602, 5, 19, 124, 5, '2028', 'event_based', 'ພະແນກຄົ້ນຄົ້ວ ແລະ ບໍລິການວິຊາການ', NULL, 2, 2, '2026-06-11 07:45:26', '2026-06-11 07:45:26'),
(1603, 5, 19, 124, 5, '2028', 'event_based', 'ພະແນກຫຼັງປະລິນຍາຕີ', NULL, 2, 2, '2026-06-11 07:45:26', '2026-06-11 07:45:26'),
(1604, 5, 19, 125, 5, '2028', 'event_based', 'ສຳນັກຄະນະບໍດີ', NULL, 2, 2, '2026-06-11 07:45:26', '2026-06-11 07:45:26'),
(1605, 5, 19, 125, 5, '2028', 'event_based', 'ພາວິຊາຄະນິດສາດ', 'ຂື້ນຢູ່ພາກ 63', 2, 2, '2026-06-11 07:45:26', '2026-06-11 07:45:26'),
(1606, 5, 19, 125, 5, '2028', 'event_based', 'ພາກວິຊາຟິຊິກສາດ', 'ຂື້ນຢູ່ພາກ 63', 2, 2, '2026-06-11 07:45:26', '2026-06-11 07:45:26'),
(1607, 5, 19, 125, 5, '2028', 'event_based', 'ພາກວິຊາເຄມີສາດ', 'ຂື້ນຢູ່ພາກ 63', 2, 2, '2026-06-11 07:45:26', '2026-06-11 07:45:26'),
(1608, 5, 19, 125, 5, '2028', 'event_based', 'ພາກວິຊາຊີວະວິທະຍາ', 'ຂື້ນຢູ່ພາກ 63', 2, 2, '2026-06-11 07:45:26', '2026-06-11 07:45:26'),
(1609, 5, 19, 125, 5, '2028', 'event_based', 'ພາກວິຊາວິທະຍາສາດຄອມພິວເຕີ', 'ຂື້ນຢູ່ພາກ 63', 2, 2, '2026-06-11 07:45:26', '2026-06-11 07:45:26'),
(1610, 5, 19, 125, 5, '2028', 'event_based', 'ພະແນກວິຊາການ', NULL, 2, 2, '2026-06-11 07:45:26', '2026-06-11 07:45:26'),
(1611, 5, 19, 125, 5, '2028', 'event_based', 'ພະແນກຈັດຕັ້ງສັງລວມ', NULL, 2, 2, '2026-06-11 07:45:26', '2026-06-11 07:45:26'),
(1612, 5, 19, 125, 5, '2028', 'event_based', 'ພະແນກການເງິນ-ຊັບສິນ', NULL, 2, 2, '2026-06-11 07:45:26', '2026-06-11 07:45:26'),
(1613, 5, 19, 125, 5, '2028', 'event_based', 'ພະແນກຄຸ້ມຄອງນັກສຶກສາ', NULL, 2, 2, '2026-06-11 07:45:26', '2026-06-11 07:45:26'),
(1614, 5, 19, 125, 5, '2028', 'event_based', 'ພະແນກຄົ້ນຄົ້ວ ແລະ ບໍລິການວິຊາການ', NULL, 2, 2, '2026-06-11 07:45:26', '2026-06-11 07:45:26'),
(1615, 5, 19, 125, 5, '2028', 'event_based', 'ພະແນກຫຼັງປະລິນຍາຕີ', NULL, 2, 2, '2026-06-11 07:45:26', '2026-06-11 07:45:26'),
(1616, 5, 20, 126, 3, '2028', 'unit_quantity_frequency', 'ອຸປະກອນການຮຽນ-ການສອນ', NULL, 2, 2, '2026-06-11 07:45:26', '2026-06-11 07:45:26'),
(1617, 5, 20, 126, 3, '2028', 'unit_quantity_frequency', 'ອຸປະກອນການສອບເສັງ', NULL, 2, 2, '2026-06-11 07:45:26', '2026-06-11 07:45:26'),
(1618, 5, 20, 128, 2, '2028', 'unit_quantity', 'ພາກວິຊາຄະນິດສາດ', NULL, 2, 2, '2026-06-11 07:45:26', '2026-06-11 07:45:26'),
(1619, 5, 20, 128, 2, '2028', 'unit_quantity', 'ພາກວິຊາຟີຊິກສາດ', NULL, 2, 2, '2026-06-11 07:45:26', '2026-06-11 07:45:26'),
(1620, 5, 20, 128, 2, '2028', 'unit_quantity', 'ພາກວິຊາເຄມີສາດ', NULL, 2, 2, '2026-06-11 07:45:26', '2026-06-11 07:45:26'),
(1621, 5, 20, 128, 2, '2028', 'unit_quantity', 'ພາກວິຊາຊີວະວິທະຍາ', NULL, 2, 2, '2026-06-11 07:45:26', '2026-06-11 07:45:26'),
(1622, 5, 20, 128, 2, '2028', 'unit_quantity', 'ພາກວິຊາວິທະຍາສາດຄອມພີວເຕີ', NULL, 2, 2, '2026-06-11 07:45:26', '2026-06-11 07:45:26'),
(1623, 5, 20, 129, 2, '2028', 'unit_quantity', 'ພາກວິຊາຄະນິດສາດ', NULL, 2, 2, '2026-06-11 07:45:26', '2026-06-11 07:45:26'),
(1624, 5, 20, 129, 2, '2028', 'unit_quantity', 'ພາກວິຊາຟີຊິກສາດ', NULL, 2, 2, '2026-06-11 07:45:26', '2026-06-11 07:45:26'),
(1625, 5, 20, 129, 2, '2028', 'unit_quantity', 'ພາກວິຊາເຄມີສາດ', NULL, 2, 2, '2026-06-11 07:45:26', '2026-06-11 07:45:26'),
(1626, 5, 20, 129, 2, '2028', 'unit_quantity', 'ພາກວິຊາຊີວະວິທະຍາ', NULL, 2, 2, '2026-06-11 07:45:26', '2026-06-11 07:45:26'),
(1627, 5, 20, 129, 2, '2028', 'unit_quantity', 'ພາກວິຊາວິທະຍາສາດຄອມພີວເຕີ', NULL, 2, 2, '2026-06-11 07:45:26', '2026-06-11 07:45:26'),
(1628, 5, 20, 129, 2, '2028', 'unit_quantity', 'ປັບປຸງ ແລະ ພັດທະນາຫຼັກສູດ ປໍໂທ+ເອກ', NULL, 2, 2, '2026-06-11 07:45:26', '2026-06-11 07:45:26'),
(1629, 5, 20, 130, 2, '2028', 'unit_quantity', 'ພາກວິຊາຄະນິດສາດ', NULL, 2, 2, '2026-06-11 07:45:26', '2026-06-11 07:45:26'),
(1630, 5, 20, 130, 2, '2028', 'unit_quantity', 'ພາກວິຊາຟິຊິກສາດ', NULL, 2, 2, '2026-06-11 07:45:26', '2026-06-11 07:45:26'),
(1631, 5, 20, 130, 2, '2028', 'unit_quantity', 'ພາກວິຊາເຄມີສາດ', NULL, 2, 2, '2026-06-11 07:45:26', '2026-06-11 07:45:26'),
(1632, 5, 20, 130, 2, '2028', 'unit_quantity', 'ພາກວິຊາຊີວະວິທະຍາ', NULL, 2, 2, '2026-06-11 07:45:26', '2026-06-11 07:45:26'),
(1633, 5, 20, 130, 2, '2028', 'unit_quantity', 'ພາກວິຊາວິທະຍາສາດຄອມພິວເຕີ', NULL, 2, 2, '2026-06-11 07:45:26', '2026-06-11 07:45:26'),
(1634, 5, 20, 130, 2, '2028', 'unit_quantity', 'ຊື້ອຸປະກອນທົດລອງ', NULL, 2, 2, '2026-06-11 07:45:26', '2026-06-11 07:45:26'),
(1635, 5, 20, 131, 2, '2028', 'unit_quantity', 'ອູປະກອນທົດລອງຟິຊິກສາດ', NULL, 2, 2, '2026-06-11 07:45:26', '2026-06-11 07:45:26'),
(1636, 5, 20, 131, 2, '2028', 'unit_quantity', 'ອຸປະກອນທົດລອງເຄມີສາດ', NULL, 2, 2, '2026-06-11 07:45:26', '2026-06-11 07:45:26'),
(1637, 5, 20, 131, 2, '2028', 'unit_quantity', 'ອຸປະກອນທົດລອງຊີວະວິທະຍາ', NULL, 2, 2, '2026-06-11 07:45:26', '2026-06-11 07:45:26'),
(1638, 5, 20, 131, 2, '2028', 'unit_quantity', 'ຄອມພິວເຕີຕັ້່ງໂຕະ (PC)', NULL, 2, 2, '2026-06-11 07:45:26', '2026-06-11 07:45:26'),
(1639, 5, 20, 131, 2, '2028', 'unit_quantity', 'ໂປຣເຈັກເຕີໃສ່ຫ້ອງຮຽນ', NULL, 2, 2, '2026-06-11 07:45:26', '2026-06-11 07:45:26'),
(1640, 5, 20, 132, 2, '2028', 'unit_quantity', 'ພິທີສະຫຼຸບຊຸດຮຽນ ແລະ ເປີດສົກຮຽນໃໝ່ ປໍໂທ', NULL, 2, 2, '2026-06-11 07:45:26', '2026-06-11 07:45:26'),
(1641, 5, 20, 132, 2, '2028', 'unit_quantity', 'ກອງປະຊຸມສໍາມະນາວິຊາການ ປໍໂທ', NULL, 2, 2, '2026-06-11 07:45:26', '2026-06-11 07:45:26'),
(1642, 5, 20, 132, 2, '2028', 'unit_quantity', 'ກອງປະຊຸມຜູ້ຊົງຄຸນວຸດທິ ປໍໂທ', NULL, 2, 2, '2026-06-11 07:45:26', '2026-06-11 07:45:26'),
(1643, 5, 20, 133, 2, '2028', 'unit_quantity', 'ຊື້ປື້ມໃສ່ຫ້ອງອ່ານ', NULL, 2, 2, '2026-06-11 07:45:26', '2026-06-11 07:45:26'),
(1644, 5, 20, 133, 2, '2028', 'unit_quantity', 'ຊື້ຮ້ານປື້ມໃສ່ຫ້ອງອ່ານ', NULL, 2, 2, '2026-06-11 07:45:26', '2026-06-11 07:45:26'),
(1645, 5, 20, 134, 2, '2028', 'unit_quantity', 'ສົ່ງພະນັກງານໄປຍົກລະດັບໄລຍະຍາວ', NULL, 2, 2, '2026-06-11 07:45:26', '2026-06-11 07:45:26'),
(1646, 5, 20, 135, 2, '2028', 'unit_quantity', 'ງົບປະມານຕິດຕາມຫຼັກສູດ ປໍໂທ', NULL, 2, 2, '2026-06-11 07:45:26', '2026-06-11 07:45:26'),
(1647, 5, 21, 136, 2, '2028', 'unit_quantity', 'ສົ່ງເສີມວິຊາການສ່ວນກາງ', NULL, 2, 2, '2026-06-11 07:45:26', '2026-06-11 07:45:26'),
(1648, 5, 21, 136, 2, '2028', 'unit_quantity', 'ກອງປະຊຸມສຳມະນາການເງິນ (ພະແນກການເງິນ )', 'ຂື້ນຢູ່ພາກ 62', 2, 2, '2026-06-11 07:45:26', '2026-06-11 07:45:26'),
(1649, 5, 21, 136, 2, '2028', 'unit_quantity', 'ພະແນກບໍລິຫານສັງລວມ', 'ຂື້ນຢູ່ພາກ 62', 2, 2, '2026-06-11 07:45:26', '2026-06-11 07:45:26'),
(1650, 5, 21, 136, 2, '2028', 'unit_quantity', 'ໜ່ວຍງານ ICT', 'ຂື້ນຢູ່ພາກ 62', 2, 2, '2026-06-11 07:45:26', '2026-06-11 07:45:26'),
(1651, 5, 21, 136, 2, '2028', 'unit_quantity', 'ຫຼັງປະລິນຍາຕີ', 'ຂື້ນຢູ່ພາກ 62', 2, 2, '2026-06-11 07:45:26', '2026-06-11 07:45:26'),
(1652, 5, 21, 136, 2, '2028', 'unit_quantity', 'ຄົ້ນຄ້ວາ ແລະ ບໍລິການວິຊາການ', 'ຂື້ນຢູ່ພາກ 62', 2, 2, '2026-06-11 07:45:26', '2026-06-11 07:45:26'),
(1653, 5, 21, 136, 2, '2028', 'unit_quantity', 'ພັດທະນາຫຸ່ນຍົນ (Robot)', 'ຂື້ນຢູ່ພາກ 62', 2, 2, '2026-06-11 07:45:26', '2026-06-11 07:45:26'),
(1654, 5, 21, 136, 2, '2028', 'unit_quantity', 'ພະແນກວິຊາການ', 'ຂື້ນຢູ່ພາກ 62', 2, 2, '2026-06-11 07:45:26', '2026-06-11 07:45:26'),
(1655, 5, 21, 136, 2, '2028', 'unit_quantity', 'ພະແນກຄຸ້ມຄອງນັກສຶກສາ', 'ຂື້ນຢູ່ພາກ 62', 2, 2, '2026-06-11 07:45:26', '2026-06-11 07:45:26'),
(1656, 5, 21, 136, 2, '2028', 'unit_quantity', 'ພາກວິຊາຄະນິດສາດ', NULL, 2, 2, '2026-06-11 07:45:26', '2026-06-11 07:45:26'),
(1657, 5, 21, 136, 2, '2028', 'unit_quantity', 'ພາກວິຊາຟີຊິກສາດ', NULL, 2, 2, '2026-06-11 07:45:26', '2026-06-11 07:45:26'),
(1658, 5, 21, 136, 2, '2028', 'unit_quantity', 'ພາກວິຊາເຄມີສາດ', NULL, 2, 2, '2026-06-11 07:45:26', '2026-06-11 07:45:26'),
(1659, 5, 21, 136, 2, '2028', 'unit_quantity', 'ພາກວິຊາຊີວະວິທະຍາ', NULL, 2, 2, '2026-06-11 07:45:26', '2026-06-11 07:45:26'),
(1660, 5, 21, 136, 2, '2028', 'unit_quantity', 'ພາກວິຊາວິທະຍາສາດຄອມພີວເຕີ', NULL, 2, 2, '2026-06-11 07:45:26', '2026-06-11 07:45:26'),
(1661, 5, 21, 136, 2, '2028', 'unit_quantity', 'ສາມອົງການຈັດຕັ້ງມະຫາຊົນ', NULL, 2, 2, '2026-06-11 07:45:26', '2026-06-11 07:45:26'),
(1662, 5, 21, 136, 2, '2028', 'unit_quantity', 'ເຄື່ອນໄຫວວຽກວິຊາການອື່ນໆ', NULL, 2, 2, '2026-06-11 07:45:26', '2026-06-11 07:45:26'),
(1663, 5, 21, 137, 2, '2028', 'unit_quantity', 'ສຳນັກຄະນະບໍດີ', NULL, 2, 2, '2026-06-11 07:45:26', '2026-06-11 07:45:26'),
(1664, 5, 21, 137, 2, '2028', 'unit_quantity', 'ພາກວິຊາຄະນິດສາດ', NULL, 2, 2, '2026-06-11 07:45:26', '2026-06-11 07:45:26'),
(1665, 5, 21, 137, 2, '2028', 'unit_quantity', 'ພາກວິຊາຟິຊິກສາດ', NULL, 2, 2, '2026-06-11 07:45:26', '2026-06-11 07:45:26'),
(1666, 5, 21, 137, 2, '2028', 'unit_quantity', 'ພາກວິຊາເຄມີສາດ', NULL, 2, 2, '2026-06-11 07:45:26', '2026-06-11 07:45:26'),
(1667, 5, 21, 137, 2, '2028', 'unit_quantity', 'ພາກວິຊາຊີວະວິທະຍາ', NULL, 2, 2, '2026-06-11 07:45:26', '2026-06-11 07:45:26'),
(1668, 5, 21, 137, 2, '2028', 'unit_quantity', 'ພາກວິຊາວິທະຍາສາດຄອມພິວເຕີ', NULL, 2, 2, '2026-06-11 07:45:26', '2026-06-11 07:45:26'),
(1669, 5, 21, 138, 2, '2028', 'unit_quantity', 'ສຳນັກຄະນະບໍດີ', NULL, 2, 2, '2026-06-11 07:45:26', '2026-06-11 07:45:26'),
(1670, 5, 21, 138, 2, '2028', 'unit_quantity', 'ພາກວິຊາຄະນິດສາດ', NULL, 2, 2, '2026-06-11 07:45:26', '2026-06-11 07:45:26'),
(1671, 5, 21, 138, 2, '2028', 'unit_quantity', 'ພາກວິຊາຟິຊິກສາດ', NULL, 2, 2, '2026-06-11 07:45:26', '2026-06-11 07:45:26'),
(1672, 5, 21, 138, 2, '2028', 'unit_quantity', 'ພາກວິຊາເຄມີສາດ', NULL, 2, 2, '2026-06-11 07:45:26', '2026-06-11 07:45:26'),
(1673, 5, 21, 138, 2, '2028', 'unit_quantity', 'ພາກວິຊາຊີວະວິທະຍາ', NULL, 2, 2, '2026-06-11 07:45:26', '2026-06-11 07:45:26'),
(1674, 5, 21, 138, 2, '2028', 'unit_quantity', 'ພາກວິຊາວິທະຍາສາດຄອມພິວເຕີ', NULL, 2, 2, '2026-06-11 07:45:26', '2026-06-11 07:45:26'),
(1675, 5, 22, 139, 1, '2028', 'monthly', 'ຄະນະບໍດີ', 'ຈ່າງງົບລັດ', 2, 2, '2026-06-11 07:45:26', '2026-06-11 07:45:26'),
(1676, 5, 22, 139, 1, '2028', 'monthly', 'ຮອງຄະນະບໍດີ', 'ຈ່າງງົບລັດ', 2, 2, '2026-06-11 07:45:26', '2026-06-11 07:45:26'),
(1677, 5, 22, 139, 1, '2028', 'monthly', 'ຫົວໜ້າພາກວິຊາ', 'ຈ່າງງົບລັດ', 2, 2, '2026-06-11 07:45:26', '2026-06-11 07:45:26'),
(1678, 5, 22, 139, 1, '2028', 'monthly', 'ຫົວໜ້າພະແນກ', 'ຈ່າງງົບລັດ', 2, 2, '2026-06-11 07:45:26', '2026-06-11 07:45:26'),
(1679, 5, 22, 139, 1, '2028', 'monthly', 'ຮອງຫົວໜ້າພາກວິຊາ', 'ຈ່າງງົບລັດ', 2, 2, '2026-06-11 07:45:26', '2026-06-11 07:45:26'),
(1680, 5, 22, 139, 1, '2028', 'monthly', 'ຮອງຫົວໜ້າພະແນກ', 'ຈ່າງງົບລັດ', 2, 2, '2026-06-11 07:45:26', '2026-06-11 07:45:26'),
(1681, 5, 22, 139, 1, '2028', 'monthly', 'ຫົວໜ້າໜ່ວຍງານ, ເລຂາ', 'ຈ່າງງົບລັດ', 2, 2, '2026-06-11 07:45:26', '2026-06-11 07:45:26'),
(1682, 5, 22, 139, 1, '2028', 'monthly', 'ຫົວໜ້າໜ່ວຍວິຊາ', 'ຈ່າງງົບລັດ', 2, 2, '2026-06-11 07:45:26', '2026-06-11 07:45:26'),
(1683, 5, 22, 139, 1, '2028', 'monthly', 'ໜ່ວຍງານ, ສາມອົງການຈັດຕັ້ງ', 'ຈ່າງງົບລັດ', 2, 2, '2026-06-11 07:45:26', '2026-06-11 07:45:26'),
(1684, 5, 22, 139, 1, '2028', 'monthly', 'ສາມອົງການຈັດຕັ້ງມະຫາຊົນ', 'ຈ່າງງົບລັດ', 2, 2, '2026-06-11 07:45:26', '2026-06-11 07:45:26'),
(1685, 5, 22, 140, 1, '2028', 'monthly', 'ຄະນະບໍດີ', 'ໃຊ້ງົບລັດ', 2, 2, '2026-06-11 07:45:26', '2026-06-11 07:45:26'),
(1686, 5, 22, 140, 1, '2028', 'monthly', 'ຮອງຄະນະບໍດີ, ຫົວໜ້າພາກວິຊາ', 'ໃຊ້ງົບລັດ', 2, 2, '2026-06-11 07:45:26', '2026-06-11 07:45:26'),
(1687, 5, 22, 140, 1, '2028', 'monthly', 'ຫົວໜ້າພະແນກ, ຮອງພາກວິຊາ', 'ໃຊ້ງົບລັດ', 2, 2, '2026-06-11 07:45:26', '2026-06-11 07:45:26'),
(1688, 5, 22, 140, 1, '2028', 'monthly', 'ຮອງຫົວໜ້າພະແນກ, ຮສ ແລະ ຫົວໜ້າໜ່ວຍວິຊາ', 'ໃຊ້ງົບລັດ', 2, 2, '2026-06-11 07:45:26', '2026-06-11 07:45:26'),
(1689, 5, 22, 140, 1, '2028', 'monthly', 'ຮອງຫົວໜ້າໜ່ວຍວິຊາ, ຫົວໜ້າໜ່ວຍງານ', 'ໃຊ້ງົບລັດ', 2, 2, '2026-06-11 07:45:26', '2026-06-11 07:45:26'),
(1690, 5, 22, 140, 1, '2028', 'monthly', 'ຮອງຫົວໜ້າໜ່ວຍງານ', 'ໃຊ້ງົບລັດ', 2, 2, '2026-06-11 07:45:26', '2026-06-11 07:45:26'),
(1691, 5, 22, 140, 1, '2028', 'monthly', 'ອາຈານ ແລະ ພະນັກງານທົ່ວໄປ', 'ໃຊ້ງົບລັດ', 2, 2, '2026-06-11 07:45:26', '2026-06-11 07:45:26'),
(1692, 5, 22, 141, 1, '2028', 'monthly', 'ຄ່າແຮງງານພະນັກງານສັນຍາຈ້າງສຳນັກ', NULL, 2, 2, '2026-06-11 07:45:26', '2026-06-11 07:45:26'),
(1693, 5, 22, 141, 1, '2028', 'monthly', 'ຄ່າແຮງງານພະນັກງານສັນຍາຈ້າງຂັບລົດ', NULL, 2, 2, '2026-06-11 07:45:26', '2026-06-11 07:45:26'),
(1694, 5, 22, 141, 1, '2028', 'monthly', 'ສັນຍາຈ້າງບຳລູງຮັກສາລະບົບຂໍ້ມູນຂ່າວສານ (ICT)', NULL, 2, 2, '2026-06-11 07:45:26', '2026-06-11 07:45:26'),
(1695, 5, 22, 142, 1, '2028', 'monthly', 'ອຸດໜູນພະນັກງານລົງທະບຽນ', NULL, 2, 2, '2026-06-11 07:45:26', '2026-06-11 07:45:26'),
(1696, 5, 22, 142, 1, '2028', 'monthly', 'ອຸໜູນການສອບເສັງ', NULL, 2, 2, '2026-06-11 07:45:26', '2026-06-11 07:45:26'),
(1697, 5, 22, 142, 1, '2028', 'monthly', 'ອຸດໜູນການກວດສອບງົບປະມານ', NULL, 2, 2, '2026-06-11 07:45:26', '2026-06-11 07:45:26'),
(1698, 5, 22, 142, 1, '2028', 'monthly', 'ອຸດໜູນການເຮັດວຽກຕາມຂໍ້ຕົກລົງຕ່າງໆ', NULL, 2, 2, '2026-06-11 07:45:26', '2026-06-11 07:45:26'),
(1699, 5, 22, 142, 1, '2028', 'monthly', 'ອຸດໜູນການບໍລິຫານເທີມສາມ', NULL, 2, 2, '2026-06-11 07:45:26', '2026-06-11 07:45:26'),
(1700, 5, 22, 142, 1, '2028', 'monthly', 'ອຸດໜູນກະກຽມສະຫລຸບການເງິນ', NULL, 2, 2, '2026-06-11 07:45:26', '2026-06-11 07:45:26'),
(1701, 5, 22, 142, 1, '2028', 'monthly', 'ອຸດໜູນການບໍລິຫານ ປໍ ໂທ', NULL, 2, 2, '2026-06-11 07:45:26', '2026-06-11 07:45:26'),
(1702, 5, 22, 142, 1, '2028', 'monthly', 'ອຸດໜູນການນໍາພາບົດວິທະຍານິພົນ', NULL, 2, 2, '2026-06-11 07:45:26', '2026-06-11 07:45:26'),
(1703, 5, 23, 144, 4, '2028', 'frequency_based', 'ຄ່າຊົ່ວໂມງສອນພາກພິເສດ', NULL, 2, 2, '2026-06-11 07:45:26', '2026-06-11 07:45:26'),
(1704, 5, 23, 144, 4, '2028', 'frequency_based', 'ຄ່າຊົ່ວໂມງສອນເທີມສາມ', NULL, 2, 2, '2026-06-11 07:45:26', '2026-06-11 07:45:26'),
(1705, 5, 23, 144, 4, '2028', 'frequency_based', 'ຄ່າຊົ່ວໂມງສອນປະລິນຍາໂທ', NULL, 2, 2, '2026-06-11 07:45:26', '2026-06-11 07:45:26'),
(1706, 5, 23, 145, 4, '2028', 'frequency_based', 'ຄ່າກຳມະການສອບເສັງຈົບຊັ້ນ', NULL, 2, 2, '2026-06-11 07:45:26', '2026-06-11 07:45:26'),
(1707, 5, 23, 145, 4, '2028', 'frequency_based', 'ຄ່າຍາມຫ້ອງເສັງ', NULL, 2, 2, '2026-06-11 07:45:26', '2026-06-11 07:45:26'),
(1708, 5, 23, 145, 4, '2028', 'frequency_based', 'ຄ່າອອກຫົວບົດ ແລະ ກວດບົດ', NULL, 2, 2, '2026-06-11 07:45:26', '2026-06-11 07:45:26'),
(1709, 5, 23, 145, 4, '2028', 'frequency_based', 'ຄ່າບໍລິການສອບເສັງປະລິນຍາໂທ', NULL, 2, 2, '2026-06-11 07:45:26', '2026-06-11 07:45:26'),
(1710, 5, 23, 146, 4, '2028', 'frequency_based', 'ຄ່າຊີ້ນຳບົດໂຄງການຈົບຊັ້ນ', NULL, 2, 2, '2026-06-11 07:45:26', '2026-06-11 07:45:26'),
(1711, 5, 23, 146, 4, '2028', 'frequency_based', 'ຄ່າກຳມະການປ້ອງກັນບົດຈົບຊັ້ນ', NULL, 2, 2, '2026-06-11 07:45:26', '2026-06-11 07:45:26'),
(1712, 5, 23, 146, 4, '2028', 'frequency_based', 'ຄ່າດຳເນີນບົດໂຄງການຈົບຊັ້ນປະລິນຍາໂທ', NULL, 2, 2, '2026-06-11 07:45:26', '2026-06-11 07:45:26'),
(1713, 5, 24, 148, 5, '2028', 'event_based', 'ບໍລິຈາກເລືອດຄັ້ງທີ I', NULL, 2, 2, '2026-06-11 07:45:26', '2026-06-11 07:45:26'),
(1714, 5, 24, 148, 5, '2028', 'event_based', 'ບໍລິຈາກເລືອດຄັ້ງທີ II', NULL, 2, 2, '2026-06-11 07:45:26', '2026-06-11 07:45:26'),
(1715, 5, 24, 149, 5, '2028', 'event_based', 'ການແຂ່ງຂັນກິລາຊາວໜຸ່ມ', NULL, 2, 2, '2026-06-11 07:45:26', '2026-06-11 07:45:26'),
(1716, 5, 24, 149, 5, '2028', 'event_based', 'ການເຄື່ອງໄຫວກິລາພາຍໃນ', NULL, 2, 2, '2026-06-11 07:45:26', '2026-06-11 07:45:26'),
(1717, 5, 24, 149, 5, '2028', 'event_based', 'ການເຄື່ອນໄຫວກິລາກັບທາງນອກ', NULL, 2, 2, '2026-06-11 07:45:26', '2026-06-11 07:45:26'),
(1718, 5, 24, 149, 5, '2028', 'event_based', 'ການເຄື່ອນໄຫວສິນລະປະກຳຂອງນັກສຶກສາ', NULL, 2, 2, '2026-06-11 07:45:26', '2026-06-11 07:45:26'),
(1719, 5, 24, 149, 5, '2028', 'event_based', 'ການຝຶກຊ້ອມສິນລະປະວັນນະຄະດີ', NULL, 2, 2, '2026-06-11 07:45:26', '2026-06-11 07:45:26'),
(1720, 5, 24, 150, 5, '2028', 'event_based', 'ອານາໄມຫ້ອງຮຽນ, ຫ້ອງການ', NULL, 2, 2, '2026-06-11 07:45:26', '2026-06-11 07:45:26'),
(1721, 5, 24, 150, 5, '2028', 'event_based', 'ອານາໄມສະຖານທີ່ຮັບຜິດຊອບ', NULL, 2, 2, '2026-06-11 07:45:26', '2026-06-11 07:45:26'),
(1722, 5, 24, 150, 5, '2028', 'event_based', 'ປຸກຕົ້ນໄມ້', NULL, 2, 2, '2026-06-11 07:45:26', '2026-06-11 07:45:26'),
(1723, 5, 24, 151, 5, '2028', 'event_based', 'ຄ່າເຊົ່າຫ້ອງປະຊຸມ 1 ວັນ', NULL, 2, 2, '2026-06-11 07:45:26', '2026-06-11 07:45:26'),
(1724, 5, 24, 151, 5, '2028', 'event_based', 'ຄ່ານ້ຳດື່ມມື້ຈັດງານ', NULL, 2, 2, '2026-06-11 07:45:26', '2026-06-11 07:45:26'),
(1725, 5, 24, 151, 5, '2028', 'event_based', 'ຄ່າຂັນລາງວັນ', NULL, 2, 2, '2026-06-11 07:45:26', '2026-06-11 07:45:26'),
(1726, 5, 24, 151, 5, '2028', 'event_based', 'ຄ່າອອກຄຳຖາມ', NULL, 2, 2, '2026-06-11 07:45:26', '2026-06-11 07:45:26'),
(1727, 5, 19, 113, 1, '2028', 'monthly', 'ເຄື່ອງໃຊ້ຫ້ອງການ', NULL, 2, 2, '2026-06-11 11:07:14', '2026-06-11 11:07:14'),
(1728, 5, 19, 113, 1, '2028', 'monthly', 'ແບບພິມ', NULL, 2, 2, '2026-06-11 11:07:14', '2026-06-11 11:07:14'),
(1729, 5, 19, 113, 1, '2028', 'monthly', 'ຮັບແຂກ', NULL, 2, 2, '2026-06-11 11:07:14', '2026-06-11 11:07:14');

-- --------------------------------------------------------

--
-- Table structure for table `expense_plan_values`
--

CREATE TABLE `expense_plan_values` (
  `id` bigint UNSIGNED NOT NULL,
  `expense_plan_id` bigint UNSIGNED NOT NULL,
  `field_key` varchar(50) CHARACTER SET utf8mb4 COLLATE utf8mb4_unicode_ci NOT NULL,
  `value_text` text CHARACTER SET utf8mb4 COLLATE utf8mb4_unicode_ci,
  `value_number` decimal(18,2) DEFAULT NULL,
  `value_date` date DEFAULT NULL,
  `value_boolean` tinyint(1) DEFAULT NULL,
  `created_at` timestamp NULL DEFAULT NULL,
  `updated_at` timestamp NULL DEFAULT NULL
) ENGINE=InnoDB DEFAULT CHARSET=utf8mb4 COLLATE=utf8mb4_unicode_ci;

--
-- Dumping data for table `expense_plan_values`
--

INSERT INTO `expense_plan_values` (`id`, `expense_plan_id`, `field_key`, `value_text`, `value_number`, `value_date`, `value_boolean`, `created_at`, `updated_at`) VALUES
(8409, 1339, 'item_name', 'ແບບພິມ', NULL, NULL, NULL, '2026-06-11 07:27:22', '2026-06-11 07:27:22'),
(8410, 1339, 'reference', NULL, NULL, NULL, NULL, '2026-06-11 07:27:22', '2026-06-11 07:27:22'),
(8411, 1339, 'amount_per_month', NULL, 0.00, NULL, NULL, '2026-06-11 07:27:22', '2026-06-11 07:27:22'),
(8412, 1339, 'month_count', NULL, 1.00, NULL, NULL, '2026-06-11 07:27:22', '2026-06-11 07:27:22'),
(8413, 1339, 'yearly_total', NULL, 0.00, NULL, NULL, '2026-06-11 07:27:22', '2026-06-11 07:27:22'),
(8414, 1339, 'note', NULL, NULL, NULL, NULL, '2026-06-11 07:27:22', '2026-06-11 07:27:22'),
(8415, 1340, 'item_name', 'ວາລະສານ ແລະ ໜັງສືພິມ', NULL, NULL, NULL, '2026-06-11 07:27:22', '2026-06-11 07:27:22'),
(8416, 1340, 'reference', NULL, NULL, NULL, NULL, '2026-06-11 07:27:22', '2026-06-11 07:27:22'),
(8417, 1340, 'amount_per_month', NULL, 0.00, NULL, NULL, '2026-06-11 07:27:22', '2026-06-11 07:27:22'),
(8418, 1340, 'month_count', NULL, 1.00, NULL, NULL, '2026-06-11 07:27:22', '2026-06-11 07:27:22'),
(8419, 1340, 'yearly_total', NULL, 0.00, NULL, NULL, '2026-06-11 07:27:22', '2026-06-11 07:27:22'),
(8420, 1340, 'note', NULL, NULL, NULL, NULL, '2026-06-11 07:27:22', '2026-06-11 07:27:22'),
(8421, 1341, 'item_name', 'ຮັບແຂກ', NULL, NULL, NULL, '2026-06-11 07:27:22', '2026-06-11 07:27:22'),
(8422, 1341, 'reference', NULL, NULL, NULL, NULL, '2026-06-11 07:27:22', '2026-06-11 07:27:22'),
(8423, 1341, 'amount_per_month', NULL, 0.00, NULL, NULL, '2026-06-11 07:27:22', '2026-06-11 07:27:22'),
(8424, 1341, 'month_count', NULL, 1.00, NULL, NULL, '2026-06-11 07:27:22', '2026-06-11 07:27:22'),
(8425, 1341, 'yearly_total', NULL, 0.00, NULL, NULL, '2026-06-11 07:27:22', '2026-06-11 07:27:22'),
(8426, 1341, 'note', NULL, NULL, NULL, NULL, '2026-06-11 07:27:22', '2026-06-11 07:27:22'),
(8427, 1342, 'item_name', 'ໂທລະສັບບໍລິຫານ', NULL, NULL, NULL, '2026-06-11 07:27:22', '2026-06-11 07:27:22'),
(8428, 1342, 'reference', NULL, NULL, NULL, NULL, '2026-06-11 07:27:22', '2026-06-11 07:27:22'),
(8429, 1342, 'amount_per_month', NULL, 0.00, NULL, NULL, '2026-06-11 07:27:22', '2026-06-11 07:27:22'),
(8430, 1342, 'month_count', NULL, 1.00, NULL, NULL, '2026-06-11 07:27:22', '2026-06-11 07:27:22'),
(8431, 1342, 'yearly_total', NULL, 0.00, NULL, NULL, '2026-06-11 07:27:22', '2026-06-11 07:27:22'),
(8432, 1342, 'note', NULL, NULL, NULL, NULL, '2026-06-11 07:27:22', '2026-06-11 07:27:22'),
(8433, 1343, 'item_name', 'ຄ່າໄປສະນີ', NULL, NULL, NULL, '2026-06-11 07:27:22', '2026-06-11 07:27:22'),
(8434, 1343, 'reference', NULL, NULL, NULL, NULL, '2026-06-11 07:27:22', '2026-06-11 07:27:22'),
(8435, 1343, 'amount_per_month', NULL, 0.00, NULL, NULL, '2026-06-11 07:27:22', '2026-06-11 07:27:22'),
(8436, 1343, 'month_count', NULL, 1.00, NULL, NULL, '2026-06-11 07:27:22', '2026-06-11 07:27:22'),
(8437, 1343, 'yearly_total', NULL, 0.00, NULL, NULL, '2026-06-11 07:27:22', '2026-06-11 07:27:22'),
(8438, 1343, 'note', NULL, NULL, NULL, NULL, '2026-06-11 07:27:22', '2026-06-11 07:27:22'),
(8439, 1344, 'item_name', 'ຄ່າບໍລິການທະນາຄານ', NULL, NULL, NULL, '2026-06-11 07:27:22', '2026-06-11 07:27:22'),
(8440, 1344, 'reference', NULL, NULL, NULL, NULL, '2026-06-11 07:27:22', '2026-06-11 07:27:22'),
(8441, 1344, 'amount_per_month', NULL, 0.00, NULL, NULL, '2026-06-11 07:27:22', '2026-06-11 07:27:22'),
(8442, 1344, 'month_count', NULL, 1.00, NULL, NULL, '2026-06-11 07:27:22', '2026-06-11 07:27:22'),
(8443, 1344, 'yearly_total', NULL, 0.00, NULL, NULL, '2026-06-11 07:27:22', '2026-06-11 07:27:22'),
(8444, 1344, 'note', NULL, NULL, NULL, NULL, '2026-06-11 07:27:22', '2026-06-11 07:27:22'),
(8445, 1345, 'item_name', 'ຊື້ຂອງຂັວນຂອງຕ້ອນ', NULL, NULL, NULL, '2026-06-11 07:27:22', '2026-06-11 07:27:22'),
(8446, 1345, 'reference', NULL, NULL, NULL, NULL, '2026-06-11 07:27:22', '2026-06-11 07:27:22'),
(8447, 1345, 'amount_per_month', NULL, 0.00, NULL, NULL, '2026-06-11 07:27:22', '2026-06-11 07:27:22'),
(8448, 1345, 'month_count', NULL, 1.00, NULL, NULL, '2026-06-11 07:27:22', '2026-06-11 07:27:22'),
(8449, 1345, 'yearly_total', NULL, 0.00, NULL, NULL, '2026-06-11 07:27:22', '2026-06-11 07:27:22'),
(8450, 1345, 'note', NULL, NULL, NULL, NULL, '2026-06-11 07:27:22', '2026-06-11 07:27:22'),
(8451, 1346, 'item_name', 'ວັນບຸນລະດັບຊາດ', NULL, NULL, NULL, '2026-06-11 07:27:22', '2026-06-11 07:27:22'),
(8452, 1346, 'reference', NULL, NULL, NULL, NULL, '2026-06-11 07:27:22', '2026-06-11 07:27:22'),
(8453, 1346, 'amount_per_month', NULL, 0.00, NULL, NULL, '2026-06-11 07:27:22', '2026-06-11 07:27:22'),
(8454, 1346, 'month_count', NULL, 1.00, NULL, NULL, '2026-06-11 07:27:22', '2026-06-11 07:27:22'),
(8455, 1346, 'yearly_total', NULL, 0.00, NULL, NULL, '2026-06-11 07:27:22', '2026-06-11 07:27:22'),
(8456, 1346, 'note', NULL, NULL, NULL, NULL, '2026-06-11 07:27:22', '2026-06-11 07:27:22'),
(8457, 1347, 'item_name', 'ອຸດໜູນວຽກປ້ອງກັນ', NULL, NULL, NULL, '2026-06-11 07:27:22', '2026-06-11 07:27:22'),
(8458, 1347, 'reference', NULL, NULL, NULL, NULL, '2026-06-11 07:27:22', '2026-06-11 07:27:22'),
(8459, 1347, 'amount_per_month', NULL, 0.00, NULL, NULL, '2026-06-11 07:27:22', '2026-06-11 07:27:22'),
(8460, 1347, 'month_count', NULL, 1.00, NULL, NULL, '2026-06-11 07:27:22', '2026-06-11 07:27:22'),
(8461, 1347, 'yearly_total', NULL, 0.00, NULL, NULL, '2026-06-11 07:27:22', '2026-06-11 07:27:22'),
(8462, 1347, 'note', 'ຂື້ນຢູ່ງົບລັດ', NULL, NULL, NULL, '2026-06-11 07:27:22', '2026-06-11 07:27:22'),
(8463, 1348, 'item_name', 'ຄ່ານ້ຳມັນບໍລິຫານຫ້ອງການ', NULL, NULL, NULL, '2026-06-11 07:27:22', '2026-06-11 07:27:22'),
(8464, 1348, 'reference', NULL, NULL, NULL, NULL, '2026-06-11 07:27:22', '2026-06-11 07:27:22'),
(8465, 1348, 'amount_per_month', NULL, 0.00, NULL, NULL, '2026-06-11 07:27:22', '2026-06-11 07:27:22'),
(8466, 1348, 'month_count', NULL, 1.00, NULL, NULL, '2026-06-11 07:27:22', '2026-06-11 07:27:22'),
(8467, 1348, 'yearly_total', NULL, 0.00, NULL, NULL, '2026-06-11 07:27:22', '2026-06-11 07:27:22'),
(8468, 1348, 'note', 'ຂື້ນຢູ່ງົບລັດ', NULL, NULL, NULL, '2026-06-11 07:27:22', '2026-06-11 07:27:22'),
(8469, 1349, 'item_name', 'ຄ່ານ້ຳມັນເຄື່ອງ', NULL, NULL, NULL, '2026-06-11 07:27:22', '2026-06-11 07:27:22'),
(8470, 1349, 'reference', NULL, NULL, NULL, NULL, '2026-06-11 07:27:22', '2026-06-11 07:27:22'),
(8471, 1349, 'amount_per_month', NULL, 0.00, NULL, NULL, '2026-06-11 07:27:22', '2026-06-11 07:27:22'),
(8472, 1349, 'month_count', NULL, 1.00, NULL, NULL, '2026-06-11 07:27:22', '2026-06-11 07:27:22'),
(8473, 1349, 'yearly_total', NULL, 0.00, NULL, NULL, '2026-06-11 07:27:22', '2026-06-11 07:27:22'),
(8474, 1349, 'note', 'ຂື້ນຢູ່ງົບລັດ', NULL, NULL, NULL, '2026-06-11 07:27:22', '2026-06-11 07:27:22'),
(8475, 1350, 'item_name', 'ບຳລຸງຮັກສາຄອມພີວເຕີ', NULL, NULL, NULL, '2026-06-11 07:27:22', '2026-06-11 07:27:22'),
(8476, 1350, 'reference', NULL, NULL, NULL, NULL, '2026-06-11 07:27:22', '2026-06-11 07:27:22'),
(8477, 1350, 'amount_per_month', NULL, 0.00, NULL, NULL, '2026-06-11 07:27:22', '2026-06-11 07:27:22'),
(8478, 1350, 'month_count', NULL, 1.00, NULL, NULL, '2026-06-11 07:27:22', '2026-06-11 07:27:22'),
(8479, 1350, 'yearly_total', NULL, 0.00, NULL, NULL, '2026-06-11 07:27:22', '2026-06-11 07:27:22'),
(8480, 1350, 'note', NULL, NULL, NULL, NULL, '2026-06-11 07:27:22', '2026-06-11 07:27:22'),
(8481, 1351, 'item_name', 'ບຳລຸງຮັກສາເຄື່ອງສາຍໂປຣເຈັກເຕີ', NULL, NULL, NULL, '2026-06-11 07:27:22', '2026-06-11 07:27:22'),
(8482, 1351, 'reference', NULL, NULL, NULL, NULL, '2026-06-11 07:27:22', '2026-06-11 07:27:22'),
(8483, 1351, 'amount_per_month', NULL, 0.00, NULL, NULL, '2026-06-11 07:27:22', '2026-06-11 07:27:22'),
(8484, 1351, 'month_count', NULL, 1.00, NULL, NULL, '2026-06-11 07:27:22', '2026-06-11 07:27:22'),
(8485, 1351, 'yearly_total', NULL, 0.00, NULL, NULL, '2026-06-11 07:27:22', '2026-06-11 07:27:22'),
(8486, 1351, 'note', NULL, NULL, NULL, NULL, '2026-06-11 07:27:22', '2026-06-11 07:27:22'),
(8487, 1352, 'item_name', 'ບຳລຸງຮັກສາແອເຢັນ', NULL, NULL, NULL, '2026-06-11 07:27:22', '2026-06-11 07:27:22'),
(8488, 1352, 'reference', NULL, NULL, NULL, NULL, '2026-06-11 07:27:22', '2026-06-11 07:27:22'),
(8489, 1352, 'amount_per_month', NULL, 0.00, NULL, NULL, '2026-06-11 07:27:22', '2026-06-11 07:27:22'),
(8490, 1352, 'month_count', NULL, 1.00, NULL, NULL, '2026-06-11 07:27:22', '2026-06-11 07:27:22'),
(8491, 1352, 'yearly_total', NULL, 0.00, NULL, NULL, '2026-06-11 07:27:22', '2026-06-11 07:27:22'),
(8492, 1352, 'note', NULL, NULL, NULL, NULL, '2026-06-11 07:27:22', '2026-06-11 07:27:22'),
(8493, 1353, 'item_name', 'ບຳລຸງຮັກສາຕູ້ເຢັນ + ຕູ້ນ້ຳເຢັນ', NULL, NULL, NULL, '2026-06-11 07:27:22', '2026-06-11 07:27:22'),
(8494, 1353, 'reference', NULL, NULL, NULL, NULL, '2026-06-11 07:27:22', '2026-06-11 07:27:22'),
(8495, 1353, 'amount_per_month', NULL, 0.00, NULL, NULL, '2026-06-11 07:27:22', '2026-06-11 07:27:22'),
(8496, 1353, 'month_count', NULL, 1.00, NULL, NULL, '2026-06-11 07:27:22', '2026-06-11 07:27:22'),
(8497, 1353, 'yearly_total', NULL, 0.00, NULL, NULL, '2026-06-11 07:27:22', '2026-06-11 07:27:22'),
(8498, 1353, 'note', NULL, NULL, NULL, NULL, '2026-06-11 07:27:22', '2026-06-11 07:27:22'),
(8499, 1354, 'item_name', 'ບຳລຸງຮັກສາພັດລົມ', NULL, NULL, NULL, '2026-06-11 07:27:22', '2026-06-11 07:27:22'),
(8500, 1354, 'reference', NULL, NULL, NULL, NULL, '2026-06-11 07:27:22', '2026-06-11 07:27:22'),
(8501, 1354, 'amount_per_month', NULL, 0.00, NULL, NULL, '2026-06-11 07:27:22', '2026-06-11 07:27:22'),
(8502, 1354, 'month_count', NULL, 1.00, NULL, NULL, '2026-06-11 07:27:22', '2026-06-11 07:27:22'),
(8503, 1354, 'yearly_total', NULL, 0.00, NULL, NULL, '2026-06-11 07:27:22', '2026-06-11 07:27:22'),
(8504, 1354, 'note', NULL, NULL, NULL, NULL, '2026-06-11 07:27:22', '2026-06-11 07:27:22'),
(8505, 1355, 'item_name', 'ບຳລຸງຮັກສາດອກໄຟ', NULL, NULL, NULL, '2026-06-11 07:27:22', '2026-06-11 07:27:22'),
(8506, 1355, 'reference', NULL, NULL, NULL, NULL, '2026-06-11 07:27:22', '2026-06-11 07:27:22'),
(8507, 1355, 'amount_per_month', NULL, 0.00, NULL, NULL, '2026-06-11 07:27:22', '2026-06-11 07:27:22'),
(8508, 1355, 'month_count', NULL, 1.00, NULL, NULL, '2026-06-11 07:27:22', '2026-06-11 07:27:22'),
(8509, 1355, 'yearly_total', NULL, 0.00, NULL, NULL, '2026-06-11 07:27:22', '2026-06-11 07:27:22'),
(8510, 1355, 'note', NULL, NULL, NULL, NULL, '2026-06-11 07:27:22', '2026-06-11 07:27:22'),
(8511, 1356, 'item_name', 'ບຳລຸງຮັກສາເຄື່ອງພິມ', NULL, NULL, NULL, '2026-06-11 07:27:22', '2026-06-11 07:27:22'),
(8512, 1356, 'reference', NULL, NULL, NULL, NULL, '2026-06-11 07:27:22', '2026-06-11 07:27:22'),
(8513, 1356, 'amount_per_month', NULL, 0.00, NULL, NULL, '2026-06-11 07:27:22', '2026-06-11 07:27:22'),
(8514, 1356, 'month_count', NULL, 1.00, NULL, NULL, '2026-06-11 07:27:22', '2026-06-11 07:27:22'),
(8515, 1356, 'yearly_total', NULL, 0.00, NULL, NULL, '2026-06-11 07:27:22', '2026-06-11 07:27:22'),
(8516, 1356, 'note', NULL, NULL, NULL, NULL, '2026-06-11 07:27:22', '2026-06-11 07:27:22'),
(8517, 1357, 'item_name', 'ບຳລຸງຮັກສາຈັກອັດສຳເນົາ', NULL, NULL, NULL, '2026-06-11 07:27:22', '2026-06-11 07:27:22'),
(8518, 1357, 'reference', NULL, NULL, NULL, NULL, '2026-06-11 07:27:22', '2026-06-11 07:27:22'),
(8519, 1357, 'amount_per_month', NULL, 0.00, NULL, NULL, '2026-06-11 07:27:22', '2026-06-11 07:27:22'),
(8520, 1357, 'month_count', NULL, 1.00, NULL, NULL, '2026-06-11 07:27:22', '2026-06-11 07:27:22'),
(8521, 1357, 'yearly_total', NULL, 0.00, NULL, NULL, '2026-06-11 07:27:22', '2026-06-11 07:27:22'),
(8522, 1357, 'note', NULL, NULL, NULL, NULL, '2026-06-11 07:27:22', '2026-06-11 07:27:22'),
(8523, 1358, 'item_name', 'ບຳລຸງຮັກສາໂທລະສັບ', NULL, NULL, NULL, '2026-06-11 07:27:22', '2026-06-11 07:27:22'),
(8524, 1358, 'reference', NULL, NULL, NULL, NULL, '2026-06-11 07:27:22', '2026-06-11 07:27:22'),
(8525, 1358, 'amount_per_month', NULL, 0.00, NULL, NULL, '2026-06-11 07:27:22', '2026-06-11 07:27:22'),
(8526, 1358, 'month_count', NULL, 1.00, NULL, NULL, '2026-06-11 07:27:22', '2026-06-11 07:27:22'),
(8527, 1358, 'yearly_total', NULL, 0.00, NULL, NULL, '2026-06-11 07:27:22', '2026-06-11 07:27:22'),
(8528, 1358, 'note', NULL, NULL, NULL, NULL, '2026-06-11 07:27:22', '2026-06-11 07:27:22'),
(8529, 1359, 'item_name', 'ບຳລຸງຮັກສາກ້ອງຖ່າຍຮູບ', NULL, NULL, NULL, '2026-06-11 07:27:22', '2026-06-11 07:27:22'),
(8530, 1359, 'reference', NULL, NULL, NULL, NULL, '2026-06-11 07:27:22', '2026-06-11 07:27:22'),
(8531, 1359, 'amount_per_month', NULL, 0.00, NULL, NULL, '2026-06-11 07:27:22', '2026-06-11 07:27:22'),
(8532, 1359, 'month_count', NULL, 1.00, NULL, NULL, '2026-06-11 07:27:22', '2026-06-11 07:27:22'),
(8533, 1359, 'yearly_total', NULL, 0.00, NULL, NULL, '2026-06-11 07:27:22', '2026-06-11 07:27:22'),
(8534, 1359, 'note', NULL, NULL, NULL, NULL, '2026-06-11 07:27:22', '2026-06-11 07:27:22'),
(8535, 1360, 'item_name', 'ບຳລຸງຮັກສາໂທລະທັດ', NULL, NULL, NULL, '2026-06-11 07:27:22', '2026-06-11 07:27:22'),
(8536, 1360, 'reference', NULL, NULL, NULL, NULL, '2026-06-11 07:27:22', '2026-06-11 07:27:22'),
(8537, 1360, 'amount_per_month', NULL, 0.00, NULL, NULL, '2026-06-11 07:27:22', '2026-06-11 07:27:22'),
(8538, 1360, 'month_count', NULL, 1.00, NULL, NULL, '2026-06-11 07:27:22', '2026-06-11 07:27:22'),
(8539, 1360, 'yearly_total', NULL, 0.00, NULL, NULL, '2026-06-11 07:27:22', '2026-06-11 07:27:22'),
(8540, 1360, 'note', NULL, NULL, NULL, NULL, '2026-06-11 07:27:22', '2026-06-11 07:27:22'),
(8541, 1361, 'item_name', 'ຈັກປ້ຳນ້ຳອັດຕະໂນມັດ', NULL, NULL, NULL, '2026-06-11 07:27:22', '2026-06-11 07:27:22'),
(8542, 1361, 'reference', NULL, NULL, NULL, NULL, '2026-06-11 07:27:22', '2026-06-11 07:27:22'),
(8543, 1361, 'amount_per_month', NULL, 0.00, NULL, NULL, '2026-06-11 07:27:22', '2026-06-11 07:27:22'),
(8544, 1361, 'month_count', NULL, 1.00, NULL, NULL, '2026-06-11 07:27:22', '2026-06-11 07:27:22'),
(8545, 1361, 'yearly_total', NULL, 0.00, NULL, NULL, '2026-06-11 07:27:22', '2026-06-11 07:27:22'),
(8546, 1361, 'note', NULL, NULL, NULL, NULL, '2026-06-11 07:27:22', '2026-06-11 07:27:22'),
(8547, 1362, 'item_name', 'ຈັກຕັດຫຍ້າ', NULL, NULL, NULL, '2026-06-11 07:27:22', '2026-06-11 07:27:22'),
(8548, 1362, 'reference', NULL, NULL, NULL, NULL, '2026-06-11 07:27:22', '2026-06-11 07:27:22'),
(8549, 1362, 'amount_per_month', NULL, 0.00, NULL, NULL, '2026-06-11 07:27:22', '2026-06-11 07:27:22'),
(8550, 1362, 'month_count', NULL, 1.00, NULL, NULL, '2026-06-11 07:27:22', '2026-06-11 07:27:22'),
(8551, 1362, 'yearly_total', NULL, 0.00, NULL, NULL, '2026-06-11 07:27:22', '2026-06-11 07:27:22'),
(8552, 1362, 'note', NULL, NULL, NULL, NULL, '2026-06-11 07:27:22', '2026-06-11 07:27:22'),
(8553, 1363, 'item_name', 'ສ້ອມແປງອາຄານສໍານັກງານຕ່າງໆ', NULL, NULL, NULL, '2026-06-11 07:27:22', '2026-06-11 07:27:22'),
(8554, 1363, 'reference', NULL, NULL, NULL, NULL, '2026-06-11 07:27:22', '2026-06-11 07:27:22'),
(8555, 1363, 'amount_per_month', NULL, 0.00, NULL, NULL, '2026-06-11 07:27:22', '2026-06-11 07:27:22'),
(8556, 1363, 'month_count', NULL, 1.00, NULL, NULL, '2026-06-11 07:27:22', '2026-06-11 07:27:22'),
(8557, 1363, 'yearly_total', NULL, 0.00, NULL, NULL, '2026-06-11 07:27:22', '2026-06-11 07:27:22'),
(8558, 1363, 'note', NULL, NULL, NULL, NULL, '2026-06-11 07:27:22', '2026-06-11 07:27:22'),
(8559, 1364, 'item_name', 'ປັບປຸງອາຄານຫ້ອງຮຽນ-ຫ້ອງທົດລອງ', NULL, NULL, NULL, '2026-06-11 07:27:22', '2026-06-11 07:27:22'),
(8560, 1364, 'reference', NULL, NULL, NULL, NULL, '2026-06-11 07:27:22', '2026-06-11 07:27:22'),
(8561, 1364, 'amount_per_month', NULL, 0.00, NULL, NULL, '2026-06-11 07:27:22', '2026-06-11 07:27:22'),
(8562, 1364, 'month_count', NULL, 1.00, NULL, NULL, '2026-06-11 07:27:22', '2026-06-11 07:27:22'),
(8563, 1364, 'yearly_total', NULL, 0.00, NULL, NULL, '2026-06-11 07:27:22', '2026-06-11 07:27:22'),
(8564, 1364, 'note', NULL, NULL, NULL, NULL, '2026-06-11 07:27:22', '2026-06-11 07:27:22'),
(8565, 1365, 'item_name', 'ລົດຕູ້', NULL, NULL, NULL, '2026-06-11 07:27:22', '2026-06-11 07:27:22'),
(8566, 1365, 'reference', NULL, NULL, NULL, NULL, '2026-06-11 07:27:22', '2026-06-11 07:27:22'),
(8567, 1365, 'yearly_total', NULL, 0.00, NULL, NULL, '2026-06-11 07:27:22', '2026-06-11 07:27:22'),
(8568, 1365, 'note', NULL, NULL, NULL, NULL, '2026-06-11 07:27:22', '2026-06-11 07:27:22'),
(8569, 1366, 'item_name', 'ລົດຈັກ', NULL, NULL, NULL, '2026-06-11 07:27:22', '2026-06-11 07:27:22'),
(8570, 1366, 'reference', NULL, NULL, NULL, NULL, '2026-06-11 07:27:22', '2026-06-11 07:27:22'),
(8571, 1366, 'yearly_total', NULL, 0.00, NULL, NULL, '2026-06-11 07:27:22', '2026-06-11 07:27:22'),
(8572, 1366, 'note', NULL, NULL, NULL, NULL, '2026-06-11 07:27:22', '2026-06-11 07:27:22'),
(8573, 1367, 'item_name', 'ຊື້ ໂຕະ, ຕັ່ງ', NULL, NULL, NULL, '2026-06-11 07:27:22', '2026-06-11 07:27:22'),
(8574, 1367, 'reference', NULL, NULL, NULL, NULL, '2026-06-11 07:27:22', '2026-06-11 07:27:22'),
(8575, 1367, 'amount_per_month', NULL, 0.00, NULL, NULL, '2026-06-11 07:27:22', '2026-06-11 07:27:22'),
(8576, 1367, 'month_count', NULL, 1.00, NULL, NULL, '2026-06-11 07:27:22', '2026-06-11 07:27:22'),
(8577, 1367, 'yearly_total', NULL, 0.00, NULL, NULL, '2026-06-11 07:27:22', '2026-06-11 07:27:22'),
(8578, 1367, 'note', NULL, NULL, NULL, NULL, '2026-06-11 07:27:22', '2026-06-11 07:27:22'),
(8579, 1368, 'item_name', 'ບຳລຸງຮັກສາ, ສ້ອມແປງ ໂຕະ, ຕັ່ງ', NULL, NULL, NULL, '2026-06-11 07:27:22', '2026-06-11 07:27:22'),
(8580, 1368, 'reference', NULL, NULL, NULL, NULL, '2026-06-11 07:27:22', '2026-06-11 07:27:22'),
(8581, 1368, 'amount_per_month', NULL, 0.00, NULL, NULL, '2026-06-11 07:27:22', '2026-06-11 07:27:22'),
(8582, 1368, 'month_count', NULL, 1.00, NULL, NULL, '2026-06-11 07:27:22', '2026-06-11 07:27:22'),
(8583, 1368, 'yearly_total', NULL, 0.00, NULL, NULL, '2026-06-11 07:27:22', '2026-06-11 07:27:22'),
(8584, 1368, 'note', NULL, NULL, NULL, NULL, '2026-06-11 07:27:22', '2026-06-11 07:27:22'),
(8585, 1369, 'item_name', 'ຊື້ເຄື່ອງຈັກ ແລະ ວັດຖຸອຸປະກອນ', NULL, NULL, NULL, '2026-06-11 07:27:22', '2026-06-11 07:27:22'),
(8586, 1369, 'reference', NULL, NULL, NULL, NULL, '2026-06-11 07:27:22', '2026-06-11 07:27:22'),
(8587, 1369, 'amount_per_month', NULL, 0.00, NULL, NULL, '2026-06-11 07:27:22', '2026-06-11 07:27:22'),
(8588, 1369, 'month_count', NULL, 1.00, NULL, NULL, '2026-06-11 07:27:22', '2026-06-11 07:27:22'),
(8589, 1369, 'yearly_total', NULL, 0.00, NULL, NULL, '2026-06-11 07:27:22', '2026-06-11 07:27:22'),
(8590, 1369, 'note', NULL, NULL, NULL, NULL, '2026-06-11 07:27:22', '2026-06-11 07:27:22'),
(8591, 1370, 'item_name', 'ຊື້ພາຫະນະ', NULL, NULL, NULL, '2026-06-11 07:27:22', '2026-06-11 07:27:22'),
(8592, 1370, 'reference', NULL, NULL, NULL, NULL, '2026-06-11 07:27:22', '2026-06-11 07:27:22'),
(8593, 1370, 'amount_per_month', NULL, 0.00, NULL, NULL, '2026-06-11 07:27:22', '2026-06-11 07:27:22'),
(8594, 1370, 'month_count', NULL, 1.00, NULL, NULL, '2026-06-11 07:27:22', '2026-06-11 07:27:22'),
(8595, 1370, 'yearly_total', NULL, 0.00, NULL, NULL, '2026-06-11 07:27:22', '2026-06-11 07:27:22'),
(8596, 1370, 'note', NULL, NULL, NULL, NULL, '2026-06-11 07:27:22', '2026-06-11 07:27:22'),
(8597, 1371, 'item_name', 'ປະກັນໄພລົດໃຫຍ່', NULL, NULL, NULL, '2026-06-11 07:27:22', '2026-06-11 07:27:22'),
(8598, 1371, 'reference', NULL, NULL, NULL, NULL, '2026-06-11 07:27:22', '2026-06-11 07:27:22'),
(8599, 1371, 'amount_per_month', NULL, 0.00, NULL, NULL, '2026-06-11 07:27:22', '2026-06-11 07:27:22'),
(8600, 1371, 'month_count', NULL, 1.00, NULL, NULL, '2026-06-11 07:27:22', '2026-06-11 07:27:22'),
(8601, 1371, 'yearly_total', NULL, 0.00, NULL, NULL, '2026-06-11 07:27:22', '2026-06-11 07:27:22'),
(8602, 1371, 'note', NULL, NULL, NULL, NULL, '2026-06-11 07:27:22', '2026-06-11 07:27:22'),
(8603, 1372, 'item_name', 'ໄປວຽກທາງການພາຍໃນປະເທດ', NULL, NULL, NULL, '2026-06-11 07:27:22', '2026-06-11 07:27:22'),
(8604, 1372, 'reference', NULL, NULL, NULL, NULL, '2026-06-11 07:27:22', '2026-06-11 07:27:22'),
(8605, 1372, 'amount_per_month', NULL, 0.00, NULL, NULL, '2026-06-11 07:27:22', '2026-06-11 07:27:22'),
(8606, 1372, 'month_count', NULL, 1.00, NULL, NULL, '2026-06-11 07:27:22', '2026-06-11 07:27:22'),
(8607, 1372, 'yearly_total', NULL, 0.00, NULL, NULL, '2026-06-11 07:27:22', '2026-06-11 07:27:22'),
(8608, 1372, 'note', NULL, NULL, NULL, NULL, '2026-06-11 07:27:22', '2026-06-11 07:27:22'),
(8609, 1373, 'item_name', 'ໄປວຽກທາງການຕ່າງປະເທດ', NULL, NULL, NULL, '2026-06-11 07:27:22', '2026-06-11 07:27:22'),
(8610, 1373, 'reference', NULL, NULL, NULL, NULL, '2026-06-11 07:27:22', '2026-06-11 07:27:22'),
(8611, 1373, 'amount_per_month', NULL, 0.00, NULL, NULL, '2026-06-11 07:27:22', '2026-06-11 07:27:22'),
(8612, 1373, 'month_count', NULL, 1.00, NULL, NULL, '2026-06-11 07:27:22', '2026-06-11 07:27:22'),
(8613, 1373, 'yearly_total', NULL, 0.00, NULL, NULL, '2026-06-11 07:27:22', '2026-06-11 07:27:22'),
(8614, 1373, 'note', NULL, NULL, NULL, NULL, '2026-06-11 07:27:22', '2026-06-11 07:27:22'),
(8615, 1374, 'item_name', 'ບຳລຸງຮັກສາວິທະຍາເຂດ', NULL, NULL, NULL, '2026-06-11 07:27:22', '2026-06-11 07:27:22'),
(8616, 1374, 'reference', NULL, NULL, NULL, NULL, '2026-06-11 07:27:22', '2026-06-11 07:27:22'),
(8617, 1374, 'amount_per_month', NULL, 0.00, NULL, NULL, '2026-06-11 07:27:22', '2026-06-11 07:27:22'),
(8618, 1374, 'month_count', NULL, 1.00, NULL, NULL, '2026-06-11 07:27:22', '2026-06-11 07:27:22'),
(8619, 1374, 'yearly_total', NULL, 0.00, NULL, NULL, '2026-06-11 07:27:22', '2026-06-11 07:27:22'),
(8620, 1374, 'note', NULL, NULL, NULL, NULL, '2026-06-11 07:27:22', '2026-06-11 07:27:22'),
(8621, 1375, 'item_name', '- ຕັດຫຍ້າ', NULL, NULL, NULL, '2026-06-11 07:27:22', '2026-06-11 07:27:22'),
(8622, 1375, 'reference', NULL, NULL, NULL, NULL, '2026-06-11 07:27:22', '2026-06-11 07:27:22'),
(8623, 1375, 'amount_per_month', NULL, 0.00, NULL, NULL, '2026-06-11 07:27:22', '2026-06-11 07:27:22'),
(8624, 1375, 'month_count', NULL, 1.00, NULL, NULL, '2026-06-11 07:27:22', '2026-06-11 07:27:22'),
(8625, 1375, 'yearly_total', NULL, 0.00, NULL, NULL, '2026-06-11 07:27:22', '2026-06-11 07:27:22'),
(8626, 1375, 'note', NULL, NULL, NULL, NULL, '2026-06-11 07:27:22', '2026-06-11 07:27:22'),
(8627, 1376, 'item_name', '- ປູກ ແລະ ບົວລະບັດສວນດອກໄມ້', NULL, NULL, NULL, '2026-06-11 07:27:22', '2026-06-11 07:27:22'),
(8628, 1376, 'reference', NULL, NULL, NULL, NULL, '2026-06-11 07:27:22', '2026-06-11 07:27:22'),
(8629, 1376, 'amount_per_month', NULL, 0.00, NULL, NULL, '2026-06-11 07:27:22', '2026-06-11 07:27:22'),
(8630, 1376, 'month_count', NULL, 1.00, NULL, NULL, '2026-06-11 07:27:22', '2026-06-11 07:27:22'),
(8631, 1376, 'yearly_total', NULL, 0.00, NULL, NULL, '2026-06-11 07:27:22', '2026-06-11 07:27:22'),
(8632, 1376, 'note', NULL, NULL, NULL, NULL, '2026-06-11 07:27:22', '2026-06-11 07:27:22'),
(8633, 1377, 'item_name', '- ກ້າເບ້ຍໄມ້', NULL, NULL, NULL, '2026-06-11 07:27:22', '2026-06-11 07:27:22'),
(8634, 1377, 'reference', NULL, NULL, NULL, NULL, '2026-06-11 07:27:22', '2026-06-11 07:27:22'),
(8635, 1377, 'amount_per_month', NULL, 0.00, NULL, NULL, '2026-06-11 07:27:22', '2026-06-11 07:27:22'),
(8636, 1377, 'month_count', NULL, 1.00, NULL, NULL, '2026-06-11 07:27:22', '2026-06-11 07:27:22'),
(8637, 1377, 'yearly_total', NULL, 0.00, NULL, NULL, '2026-06-11 07:27:22', '2026-06-11 07:27:22'),
(8638, 1377, 'note', NULL, NULL, NULL, NULL, '2026-06-11 07:27:22', '2026-06-11 07:27:22'),
(8639, 1378, 'item_name', '- ອານາໄມເດີ່ນ', NULL, NULL, NULL, '2026-06-11 07:27:22', '2026-06-11 07:27:22'),
(8640, 1378, 'reference', NULL, NULL, NULL, NULL, '2026-06-11 07:27:22', '2026-06-11 07:27:22'),
(8641, 1378, 'amount_per_month', NULL, 0.00, NULL, NULL, '2026-06-11 07:27:22', '2026-06-11 07:27:22'),
(8642, 1378, 'month_count', NULL, 1.00, NULL, NULL, '2026-06-11 07:27:22', '2026-06-11 07:27:22'),
(8643, 1378, 'yearly_total', NULL, 0.00, NULL, NULL, '2026-06-11 07:27:22', '2026-06-11 07:27:22'),
(8644, 1378, 'note', NULL, NULL, NULL, NULL, '2026-06-11 07:27:22', '2026-06-11 07:27:22'),
(8645, 1379, 'item_name', 'ອານາໄມອາຄານ', NULL, NULL, NULL, '2026-06-11 07:27:22', '2026-06-11 07:27:22'),
(8646, 1379, 'reference', NULL, NULL, NULL, NULL, '2026-06-11 07:27:22', '2026-06-11 07:27:22'),
(8647, 1379, 'amount_per_month', NULL, 0.00, NULL, NULL, '2026-06-11 07:27:22', '2026-06-11 07:27:22'),
(8648, 1379, 'month_count', NULL, 1.00, NULL, NULL, '2026-06-11 07:27:22', '2026-06-11 07:27:22'),
(8649, 1379, 'yearly_total', NULL, 0.00, NULL, NULL, '2026-06-11 07:27:22', '2026-06-11 07:27:22'),
(8650, 1379, 'note', NULL, NULL, NULL, NULL, '2026-06-11 07:27:22', '2026-06-11 07:27:22'),
(8651, 1380, 'item_name', '- ອານາໄມຫ້ອງຮຽນ', NULL, NULL, NULL, '2026-06-11 07:27:22', '2026-06-11 07:27:22'),
(8652, 1380, 'reference', NULL, NULL, NULL, NULL, '2026-06-11 07:27:22', '2026-06-11 07:27:22'),
(8653, 1380, 'amount_per_month', NULL, 0.00, NULL, NULL, '2026-06-11 07:27:22', '2026-06-11 07:27:22'),
(8654, 1380, 'month_count', NULL, 1.00, NULL, NULL, '2026-06-11 07:27:22', '2026-06-11 07:27:22'),
(8655, 1380, 'yearly_total', NULL, 0.00, NULL, NULL, '2026-06-11 07:27:22', '2026-06-11 07:27:22'),
(8656, 1380, 'note', NULL, NULL, NULL, NULL, '2026-06-11 07:27:22', '2026-06-11 07:27:22'),
(8657, 1381, 'item_name', '- ອານາໄມຫ້ອງການ', NULL, NULL, NULL, '2026-06-11 07:27:22', '2026-06-11 07:27:22'),
(8658, 1381, 'reference', NULL, NULL, NULL, NULL, '2026-06-11 07:27:22', '2026-06-11 07:27:22'),
(8659, 1381, 'amount_per_month', NULL, 0.00, NULL, NULL, '2026-06-11 07:27:22', '2026-06-11 07:27:22'),
(8660, 1381, 'month_count', NULL, 1.00, NULL, NULL, '2026-06-11 07:27:22', '2026-06-11 07:27:22'),
(8661, 1381, 'yearly_total', NULL, 0.00, NULL, NULL, '2026-06-11 07:27:22', '2026-06-11 07:27:22'),
(8662, 1381, 'note', NULL, NULL, NULL, NULL, '2026-06-11 07:27:22', '2026-06-11 07:27:22'),
(8663, 1382, 'item_name', '- ອານາໄມຫ້ອງທົດລອງຄອມພິວເຕີ', NULL, NULL, NULL, '2026-06-11 07:27:22', '2026-06-11 07:27:22'),
(8664, 1382, 'reference', NULL, NULL, NULL, NULL, '2026-06-11 07:27:22', '2026-06-11 07:27:22'),
(8665, 1382, 'amount_per_month', NULL, 0.00, NULL, NULL, '2026-06-11 07:27:22', '2026-06-11 07:27:22'),
(8666, 1382, 'month_count', NULL, 1.00, NULL, NULL, '2026-06-11 07:27:22', '2026-06-11 07:27:22'),
(8667, 1382, 'yearly_total', NULL, 0.00, NULL, NULL, '2026-06-11 07:27:22', '2026-06-11 07:27:22'),
(8668, 1382, 'note', NULL, NULL, NULL, NULL, '2026-06-11 07:27:22', '2026-06-11 07:27:22'),
(8669, 1383, 'item_name', 'ປະຖົມນິເທດນັກສຶກສາ', NULL, NULL, NULL, '2026-06-11 07:27:22', '2026-06-11 07:27:22'),
(8670, 1383, 'reference', NULL, NULL, NULL, NULL, '2026-06-11 07:27:22', '2026-06-11 07:27:22'),
(8671, 1383, 'amount_per_month', NULL, 0.00, NULL, NULL, '2026-06-11 07:27:22', '2026-06-11 07:27:22'),
(8672, 1383, 'month_count', NULL, 1.00, NULL, NULL, '2026-06-11 07:27:22', '2026-06-11 07:27:22'),
(8673, 1383, 'yearly_total', NULL, 0.00, NULL, NULL, '2026-06-11 07:27:22', '2026-06-11 07:27:22'),
(8674, 1383, 'note', NULL, NULL, NULL, NULL, '2026-06-11 07:27:22', '2026-06-11 07:27:22'),
(8675, 1384, 'item_name', 'ກວດສອບການປະຕິບັດລະບຽບວິໃນນັກສຶກສາ', NULL, NULL, NULL, '2026-06-11 07:27:22', '2026-06-11 07:27:22'),
(8676, 1384, 'reference', NULL, NULL, NULL, NULL, '2026-06-11 07:27:22', '2026-06-11 07:27:22'),
(8677, 1384, 'amount_per_month', NULL, 0.00, NULL, NULL, '2026-06-11 07:27:22', '2026-06-11 07:27:22'),
(8678, 1384, 'month_count', NULL, 1.00, NULL, NULL, '2026-06-11 07:27:22', '2026-06-11 07:27:22'),
(8679, 1384, 'yearly_total', NULL, 0.00, NULL, NULL, '2026-06-11 07:27:22', '2026-06-11 07:27:22'),
(8680, 1384, 'note', NULL, NULL, NULL, NULL, '2026-06-11 07:27:22', '2026-06-11 07:27:22'),
(8681, 1385, 'item_name', 'ສຳນັກຄະນະບໍດີ', NULL, NULL, NULL, '2026-06-11 07:27:22', '2026-06-11 07:27:22'),
(8682, 1385, 'reference', NULL, NULL, NULL, NULL, '2026-06-11 07:27:22', '2026-06-11 07:27:22'),
(8683, 1385, 'unit_price', NULL, 0.00, NULL, NULL, '2026-06-11 07:27:22', '2026-06-11 07:27:22'),
(8684, 1385, 'event_count', NULL, 1.00, NULL, NULL, '2026-06-11 07:27:22', '2026-06-11 07:27:22'),
(8685, 1385, 'people_count', NULL, 1.00, NULL, NULL, '2026-06-11 07:27:22', '2026-06-11 07:27:22'),
(8686, 1385, 'yearly_total', NULL, 0.00, NULL, NULL, '2026-06-11 07:27:22', '2026-06-11 07:27:22'),
(8687, 1385, 'note', NULL, NULL, NULL, NULL, '2026-06-11 07:27:22', '2026-06-11 07:27:22'),
(8688, 1386, 'item_name', 'ພາວິຊາຄະນິດສາດ', NULL, NULL, NULL, '2026-06-11 07:27:22', '2026-06-11 07:27:22'),
(8689, 1386, 'reference', NULL, NULL, NULL, NULL, '2026-06-11 07:27:22', '2026-06-11 07:27:22'),
(8690, 1386, 'unit_price', NULL, 0.00, NULL, NULL, '2026-06-11 07:27:22', '2026-06-11 07:27:22'),
(8691, 1386, 'event_count', NULL, 1.00, NULL, NULL, '2026-06-11 07:27:22', '2026-06-11 07:27:22'),
(8692, 1386, 'people_count', NULL, 1.00, NULL, NULL, '2026-06-11 07:27:22', '2026-06-11 07:27:22'),
(8693, 1386, 'yearly_total', NULL, 0.00, NULL, NULL, '2026-06-11 07:27:22', '2026-06-11 07:27:22'),
(8694, 1386, 'note', NULL, NULL, NULL, NULL, '2026-06-11 07:27:22', '2026-06-11 07:27:22'),
(8695, 1387, 'item_name', 'ພາກວິຊາຟິຊິກສາດ', NULL, NULL, NULL, '2026-06-11 07:27:22', '2026-06-11 07:27:22'),
(8696, 1387, 'reference', NULL, NULL, NULL, NULL, '2026-06-11 07:27:22', '2026-06-11 07:27:22'),
(8697, 1387, 'unit_price', NULL, 0.00, NULL, NULL, '2026-06-11 07:27:22', '2026-06-11 07:27:22'),
(8698, 1387, 'event_count', NULL, 1.00, NULL, NULL, '2026-06-11 07:27:22', '2026-06-11 07:27:22'),
(8699, 1387, 'people_count', NULL, 1.00, NULL, NULL, '2026-06-11 07:27:22', '2026-06-11 07:27:22'),
(8700, 1387, 'yearly_total', NULL, 0.00, NULL, NULL, '2026-06-11 07:27:22', '2026-06-11 07:27:22'),
(8701, 1387, 'note', NULL, NULL, NULL, NULL, '2026-06-11 07:27:22', '2026-06-11 07:27:22'),
(8702, 1388, 'item_name', 'ພາກວິຊາເຄມີສາດ', NULL, NULL, NULL, '2026-06-11 07:27:22', '2026-06-11 07:27:22'),
(8703, 1388, 'reference', NULL, NULL, NULL, NULL, '2026-06-11 07:27:22', '2026-06-11 07:27:22'),
(8704, 1388, 'unit_price', NULL, 0.00, NULL, NULL, '2026-06-11 07:27:22', '2026-06-11 07:27:22'),
(8705, 1388, 'event_count', NULL, 1.00, NULL, NULL, '2026-06-11 07:27:22', '2026-06-11 07:27:22'),
(8706, 1388, 'people_count', NULL, 1.00, NULL, NULL, '2026-06-11 07:27:22', '2026-06-11 07:27:22'),
(8707, 1388, 'yearly_total', NULL, 0.00, NULL, NULL, '2026-06-11 07:27:22', '2026-06-11 07:27:22'),
(8708, 1388, 'note', NULL, NULL, NULL, NULL, '2026-06-11 07:27:22', '2026-06-11 07:27:22'),
(8709, 1389, 'item_name', 'ພາກວິຊາຊີວະວິທະຍາ', NULL, NULL, NULL, '2026-06-11 07:27:22', '2026-06-11 07:27:22'),
(8710, 1389, 'reference', NULL, NULL, NULL, NULL, '2026-06-11 07:27:22', '2026-06-11 07:27:22'),
(8711, 1389, 'unit_price', NULL, 0.00, NULL, NULL, '2026-06-11 07:27:22', '2026-06-11 07:27:22'),
(8712, 1389, 'event_count', NULL, 1.00, NULL, NULL, '2026-06-11 07:27:22', '2026-06-11 07:27:22'),
(8713, 1389, 'people_count', NULL, 1.00, NULL, NULL, '2026-06-11 07:27:22', '2026-06-11 07:27:22'),
(8714, 1389, 'yearly_total', NULL, 0.00, NULL, NULL, '2026-06-11 07:27:22', '2026-06-11 07:27:22'),
(8715, 1389, 'note', NULL, NULL, NULL, NULL, '2026-06-11 07:27:22', '2026-06-11 07:27:22'),
(8716, 1390, 'item_name', 'ພາກວິຊາວິທະຍາສາດຄອມພິວເຕີ', NULL, NULL, NULL, '2026-06-11 07:27:22', '2026-06-11 07:27:22'),
(8717, 1390, 'reference', NULL, NULL, NULL, NULL, '2026-06-11 07:27:22', '2026-06-11 07:27:22'),
(8718, 1390, 'unit_price', NULL, 0.00, NULL, NULL, '2026-06-11 07:27:22', '2026-06-11 07:27:22'),
(8719, 1390, 'event_count', NULL, 1.00, NULL, NULL, '2026-06-11 07:27:22', '2026-06-11 07:27:22'),
(8720, 1390, 'people_count', NULL, 1.00, NULL, NULL, '2026-06-11 07:27:22', '2026-06-11 07:27:22'),
(8721, 1390, 'yearly_total', NULL, 0.00, NULL, NULL, '2026-06-11 07:27:22', '2026-06-11 07:27:22'),
(8722, 1390, 'note', NULL, NULL, NULL, NULL, '2026-06-11 07:27:22', '2026-06-11 07:27:22'),
(8723, 1391, 'item_name', 'ພະແນກວິຊາການ', NULL, NULL, NULL, '2026-06-11 07:27:22', '2026-06-11 07:27:22'),
(8724, 1391, 'reference', NULL, NULL, NULL, NULL, '2026-06-11 07:27:22', '2026-06-11 07:27:22'),
(8725, 1391, 'unit_price', NULL, 0.00, NULL, NULL, '2026-06-11 07:27:22', '2026-06-11 07:27:22'),
(8726, 1391, 'event_count', NULL, 1.00, NULL, NULL, '2026-06-11 07:27:22', '2026-06-11 07:27:22'),
(8727, 1391, 'people_count', NULL, 1.00, NULL, NULL, '2026-06-11 07:27:22', '2026-06-11 07:27:22'),
(8728, 1391, 'yearly_total', NULL, 0.00, NULL, NULL, '2026-06-11 07:27:22', '2026-06-11 07:27:22'),
(8729, 1391, 'note', NULL, NULL, NULL, NULL, '2026-06-11 07:27:22', '2026-06-11 07:27:22'),
(8730, 1392, 'item_name', 'ພະແນກຈັດຕັ້ງສັງລວມ', NULL, NULL, NULL, '2026-06-11 07:27:22', '2026-06-11 07:27:22'),
(8731, 1392, 'reference', NULL, NULL, NULL, NULL, '2026-06-11 07:27:22', '2026-06-11 07:27:22'),
(8732, 1392, 'unit_price', NULL, 0.00, NULL, NULL, '2026-06-11 07:27:22', '2026-06-11 07:27:22'),
(8733, 1392, 'event_count', NULL, 1.00, NULL, NULL, '2026-06-11 07:27:22', '2026-06-11 07:27:22'),
(8734, 1392, 'people_count', NULL, 1.00, NULL, NULL, '2026-06-11 07:27:22', '2026-06-11 07:27:22'),
(8735, 1392, 'yearly_total', NULL, 0.00, NULL, NULL, '2026-06-11 07:27:22', '2026-06-11 07:27:22'),
(8736, 1392, 'note', NULL, NULL, NULL, NULL, '2026-06-11 07:27:22', '2026-06-11 07:27:22'),
(8737, 1393, 'item_name', 'ພະແນກການເງິນ-ຊັບສິນ', NULL, NULL, NULL, '2026-06-11 07:27:22', '2026-06-11 07:27:22'),
(8738, 1393, 'reference', NULL, NULL, NULL, NULL, '2026-06-11 07:27:22', '2026-06-11 07:27:22'),
(8739, 1393, 'unit_price', NULL, 0.00, NULL, NULL, '2026-06-11 07:27:22', '2026-06-11 07:27:22'),
(8740, 1393, 'event_count', NULL, 1.00, NULL, NULL, '2026-06-11 07:27:22', '2026-06-11 07:27:22'),
(8741, 1393, 'people_count', NULL, 1.00, NULL, NULL, '2026-06-11 07:27:22', '2026-06-11 07:27:22'),
(8742, 1393, 'yearly_total', NULL, 0.00, NULL, NULL, '2026-06-11 07:27:22', '2026-06-11 07:27:22'),
(8743, 1393, 'note', NULL, NULL, NULL, NULL, '2026-06-11 07:27:22', '2026-06-11 07:27:22'),
(8744, 1394, 'item_name', 'ພະແນກຄຸ້ມຄອງນັກສຶກສາ', NULL, NULL, NULL, '2026-06-11 07:27:22', '2026-06-11 07:27:22'),
(8745, 1394, 'reference', NULL, NULL, NULL, NULL, '2026-06-11 07:27:22', '2026-06-11 07:27:22'),
(8746, 1394, 'unit_price', NULL, 0.00, NULL, NULL, '2026-06-11 07:27:22', '2026-06-11 07:27:22'),
(8747, 1394, 'event_count', NULL, 1.00, NULL, NULL, '2026-06-11 07:27:22', '2026-06-11 07:27:22'),
(8748, 1394, 'people_count', NULL, 1.00, NULL, NULL, '2026-06-11 07:27:22', '2026-06-11 07:27:22'),
(8749, 1394, 'yearly_total', NULL, 0.00, NULL, NULL, '2026-06-11 07:27:22', '2026-06-11 07:27:22'),
(8750, 1394, 'note', NULL, NULL, NULL, NULL, '2026-06-11 07:27:22', '2026-06-11 07:27:22'),
(8751, 1395, 'item_name', 'ພະແນກຄົ້ນຄົ້ວ ແລະ ບໍລິການວິຊາການ', NULL, NULL, NULL, '2026-06-11 07:27:22', '2026-06-11 07:27:22'),
(8752, 1395, 'reference', NULL, NULL, NULL, NULL, '2026-06-11 07:27:22', '2026-06-11 07:27:22'),
(8753, 1395, 'unit_price', NULL, 0.00, NULL, NULL, '2026-06-11 07:27:22', '2026-06-11 07:27:22'),
(8754, 1395, 'event_count', NULL, 1.00, NULL, NULL, '2026-06-11 07:27:22', '2026-06-11 07:27:22'),
(8755, 1395, 'people_count', NULL, 1.00, NULL, NULL, '2026-06-11 07:27:22', '2026-06-11 07:27:22'),
(8756, 1395, 'yearly_total', NULL, 0.00, NULL, NULL, '2026-06-11 07:27:22', '2026-06-11 07:27:22'),
(8757, 1395, 'note', NULL, NULL, NULL, NULL, '2026-06-11 07:27:22', '2026-06-11 07:27:22'),
(8758, 1396, 'item_name', 'ພະແນກຫຼັງປະລິນຍາຕີ', NULL, NULL, NULL, '2026-06-11 07:27:22', '2026-06-11 07:27:22'),
(8759, 1396, 'reference', NULL, NULL, NULL, NULL, '2026-06-11 07:27:22', '2026-06-11 07:27:22'),
(8760, 1396, 'unit_price', NULL, 0.00, NULL, NULL, '2026-06-11 07:27:22', '2026-06-11 07:27:22'),
(8761, 1396, 'event_count', NULL, 1.00, NULL, NULL, '2026-06-11 07:27:22', '2026-06-11 07:27:22'),
(8762, 1396, 'people_count', NULL, 1.00, NULL, NULL, '2026-06-11 07:27:22', '2026-06-11 07:27:22'),
(8763, 1396, 'yearly_total', NULL, 0.00, NULL, NULL, '2026-06-11 07:27:22', '2026-06-11 07:27:22'),
(8764, 1396, 'note', NULL, NULL, NULL, NULL, '2026-06-11 07:27:22', '2026-06-11 07:27:22'),
(8765, 1397, 'item_name', 'ສຳນັກຄະນະບໍດີ', NULL, NULL, NULL, '2026-06-11 07:27:22', '2026-06-11 07:27:22'),
(8766, 1397, 'reference', NULL, NULL, NULL, NULL, '2026-06-11 07:27:22', '2026-06-11 07:27:22'),
(8767, 1397, 'unit_price', NULL, 0.00, NULL, NULL, '2026-06-11 07:27:22', '2026-06-11 07:27:22'),
(8768, 1397, 'event_count', NULL, 1.00, NULL, NULL, '2026-06-11 07:27:22', '2026-06-11 07:27:22'),
(8769, 1397, 'people_count', NULL, 1.00, NULL, NULL, '2026-06-11 07:27:22', '2026-06-11 07:27:22'),
(8770, 1397, 'yearly_total', NULL, 0.00, NULL, NULL, '2026-06-11 07:27:22', '2026-06-11 07:27:22'),
(8771, 1397, 'note', NULL, NULL, NULL, NULL, '2026-06-11 07:27:22', '2026-06-11 07:27:22'),
(8772, 1398, 'item_name', 'ພາວິຊາຄະນິດສາດ', NULL, NULL, NULL, '2026-06-11 07:27:22', '2026-06-11 07:27:22'),
(8773, 1398, 'reference', NULL, NULL, NULL, NULL, '2026-06-11 07:27:22', '2026-06-11 07:27:22'),
(8774, 1398, 'unit_price', NULL, 0.00, NULL, NULL, '2026-06-11 07:27:22', '2026-06-11 07:27:22'),
(8775, 1398, 'event_count', NULL, 1.00, NULL, NULL, '2026-06-11 07:27:22', '2026-06-11 07:27:22'),
(8776, 1398, 'people_count', NULL, 1.00, NULL, NULL, '2026-06-11 07:27:22', '2026-06-11 07:27:22'),
(8777, 1398, 'yearly_total', NULL, 0.00, NULL, NULL, '2026-06-11 07:27:22', '2026-06-11 07:27:22'),
(8778, 1398, 'note', 'ຂື້ນຢູ່ພາກ 63', NULL, NULL, NULL, '2026-06-11 07:27:22', '2026-06-11 07:27:22'),
(8779, 1399, 'item_name', 'ພາກວິຊາຟິຊິກສາດ', NULL, NULL, NULL, '2026-06-11 07:27:22', '2026-06-11 07:27:22'),
(8780, 1399, 'reference', NULL, NULL, NULL, NULL, '2026-06-11 07:27:22', '2026-06-11 07:27:22'),
(8781, 1399, 'unit_price', NULL, 0.00, NULL, NULL, '2026-06-11 07:27:22', '2026-06-11 07:27:22'),
(8782, 1399, 'event_count', NULL, 1.00, NULL, NULL, '2026-06-11 07:27:22', '2026-06-11 07:27:22'),
(8783, 1399, 'people_count', NULL, 1.00, NULL, NULL, '2026-06-11 07:27:22', '2026-06-11 07:27:22'),
(8784, 1399, 'yearly_total', NULL, 0.00, NULL, NULL, '2026-06-11 07:27:22', '2026-06-11 07:27:22'),
(8785, 1399, 'note', 'ຂື້ນຢູ່ພາກ 63', NULL, NULL, NULL, '2026-06-11 07:27:22', '2026-06-11 07:27:22'),
(8786, 1400, 'item_name', 'ພາກວິຊາເຄມີສາດ', NULL, NULL, NULL, '2026-06-11 07:27:22', '2026-06-11 07:27:22'),
(8787, 1400, 'reference', NULL, NULL, NULL, NULL, '2026-06-11 07:27:22', '2026-06-11 07:27:22'),
(8788, 1400, 'unit_price', NULL, 0.00, NULL, NULL, '2026-06-11 07:27:22', '2026-06-11 07:27:22'),
(8789, 1400, 'event_count', NULL, 1.00, NULL, NULL, '2026-06-11 07:27:22', '2026-06-11 07:27:22'),
(8790, 1400, 'people_count', NULL, 1.00, NULL, NULL, '2026-06-11 07:27:22', '2026-06-11 07:27:22'),
(8791, 1400, 'yearly_total', NULL, 0.00, NULL, NULL, '2026-06-11 07:27:22', '2026-06-11 07:27:22'),
(8792, 1400, 'note', 'ຂື້ນຢູ່ພາກ 63', NULL, NULL, NULL, '2026-06-11 07:27:22', '2026-06-11 07:27:22'),
(8793, 1401, 'item_name', 'ພາກວິຊາຊີວະວິທະຍາ', NULL, NULL, NULL, '2026-06-11 07:27:22', '2026-06-11 07:27:22'),
(8794, 1401, 'reference', NULL, NULL, NULL, NULL, '2026-06-11 07:27:22', '2026-06-11 07:27:22'),
(8795, 1401, 'unit_price', NULL, 0.00, NULL, NULL, '2026-06-11 07:27:22', '2026-06-11 07:27:22'),
(8796, 1401, 'event_count', NULL, 1.00, NULL, NULL, '2026-06-11 07:27:22', '2026-06-11 07:27:22'),
(8797, 1401, 'people_count', NULL, 1.00, NULL, NULL, '2026-06-11 07:27:22', '2026-06-11 07:27:22'),
(8798, 1401, 'yearly_total', NULL, 0.00, NULL, NULL, '2026-06-11 07:27:22', '2026-06-11 07:27:22'),
(8799, 1401, 'note', 'ຂື້ນຢູ່ພາກ 63', NULL, NULL, NULL, '2026-06-11 07:27:22', '2026-06-11 07:27:22'),
(8800, 1402, 'item_name', 'ພາກວິຊາວິທະຍາສາດຄອມພິວເຕີ', NULL, NULL, NULL, '2026-06-11 07:27:22', '2026-06-11 07:27:22'),
(8801, 1402, 'reference', NULL, NULL, NULL, NULL, '2026-06-11 07:27:22', '2026-06-11 07:27:22'),
(8802, 1402, 'unit_price', NULL, 0.00, NULL, NULL, '2026-06-11 07:27:22', '2026-06-11 07:27:22'),
(8803, 1402, 'event_count', NULL, 1.00, NULL, NULL, '2026-06-11 07:27:22', '2026-06-11 07:27:22'),
(8804, 1402, 'people_count', NULL, 1.00, NULL, NULL, '2026-06-11 07:27:22', '2026-06-11 07:27:22'),
(8805, 1402, 'yearly_total', NULL, 0.00, NULL, NULL, '2026-06-11 07:27:22', '2026-06-11 07:27:22'),
(8806, 1402, 'note', 'ຂື້ນຢູ່ພາກ 63', NULL, NULL, NULL, '2026-06-11 07:27:22', '2026-06-11 07:27:22'),
(8807, 1403, 'item_name', 'ພະແນກວິຊາການ', NULL, NULL, NULL, '2026-06-11 07:27:22', '2026-06-11 07:27:22'),
(8808, 1403, 'reference', NULL, NULL, NULL, NULL, '2026-06-11 07:27:22', '2026-06-11 07:27:22'),
(8809, 1403, 'unit_price', NULL, 0.00, NULL, NULL, '2026-06-11 07:27:22', '2026-06-11 07:27:22'),
(8810, 1403, 'event_count', NULL, 1.00, NULL, NULL, '2026-06-11 07:27:22', '2026-06-11 07:27:22'),
(8811, 1403, 'people_count', NULL, 1.00, NULL, NULL, '2026-06-11 07:27:22', '2026-06-11 07:27:22'),
(8812, 1403, 'yearly_total', NULL, 0.00, NULL, NULL, '2026-06-11 07:27:22', '2026-06-11 07:27:22'),
(8813, 1403, 'note', NULL, NULL, NULL, NULL, '2026-06-11 07:27:22', '2026-06-11 07:27:22'),
(8814, 1404, 'item_name', 'ພະແນກຈັດຕັ້ງສັງລວມ', NULL, NULL, NULL, '2026-06-11 07:27:22', '2026-06-11 07:27:22'),
(8815, 1404, 'reference', NULL, NULL, NULL, NULL, '2026-06-11 07:27:22', '2026-06-11 07:27:22'),
(8816, 1404, 'unit_price', NULL, 0.00, NULL, NULL, '2026-06-11 07:27:22', '2026-06-11 07:27:22'),
(8817, 1404, 'event_count', NULL, 1.00, NULL, NULL, '2026-06-11 07:27:22', '2026-06-11 07:27:22'),
(8818, 1404, 'people_count', NULL, 1.00, NULL, NULL, '2026-06-11 07:27:22', '2026-06-11 07:27:22'),
(8819, 1404, 'yearly_total', NULL, 0.00, NULL, NULL, '2026-06-11 07:27:22', '2026-06-11 07:27:22'),
(8820, 1404, 'note', NULL, NULL, NULL, NULL, '2026-06-11 07:27:22', '2026-06-11 07:27:22'),
(8821, 1405, 'item_name', 'ພະແນກການເງິນ-ຊັບສິນ', NULL, NULL, NULL, '2026-06-11 07:27:22', '2026-06-11 07:27:22'),
(8822, 1405, 'reference', NULL, NULL, NULL, NULL, '2026-06-11 07:27:22', '2026-06-11 07:27:22'),
(8823, 1405, 'unit_price', NULL, 0.00, NULL, NULL, '2026-06-11 07:27:22', '2026-06-11 07:27:22'),
(8824, 1405, 'event_count', NULL, 1.00, NULL, NULL, '2026-06-11 07:27:22', '2026-06-11 07:27:22'),
(8825, 1405, 'people_count', NULL, 1.00, NULL, NULL, '2026-06-11 07:27:22', '2026-06-11 07:27:22'),
(8826, 1405, 'yearly_total', NULL, 0.00, NULL, NULL, '2026-06-11 07:27:22', '2026-06-11 07:27:22'),
(8827, 1405, 'note', NULL, NULL, NULL, NULL, '2026-06-11 07:27:22', '2026-06-11 07:27:22'),
(8828, 1406, 'item_name', 'ພະແນກຄຸ້ມຄອງນັກສຶກສາ', NULL, NULL, NULL, '2026-06-11 07:27:22', '2026-06-11 07:27:22'),
(8829, 1406, 'reference', NULL, NULL, NULL, NULL, '2026-06-11 07:27:22', '2026-06-11 07:27:22'),
(8830, 1406, 'unit_price', NULL, 0.00, NULL, NULL, '2026-06-11 07:27:22', '2026-06-11 07:27:22'),
(8831, 1406, 'event_count', NULL, 1.00, NULL, NULL, '2026-06-11 07:27:22', '2026-06-11 07:27:22'),
(8832, 1406, 'people_count', NULL, 1.00, NULL, NULL, '2026-06-11 07:27:22', '2026-06-11 07:27:22'),
(8833, 1406, 'yearly_total', NULL, 0.00, NULL, NULL, '2026-06-11 07:27:22', '2026-06-11 07:27:22'),
(8834, 1406, 'note', NULL, NULL, NULL, NULL, '2026-06-11 07:27:22', '2026-06-11 07:27:22'),
(8835, 1407, 'item_name', 'ພະແນກຄົ້ນຄົ້ວ ແລະ ບໍລິການວິຊາການ', NULL, NULL, NULL, '2026-06-11 07:27:22', '2026-06-11 07:27:22'),
(8836, 1407, 'reference', NULL, NULL, NULL, NULL, '2026-06-11 07:27:22', '2026-06-11 07:27:22'),
(8837, 1407, 'unit_price', NULL, 0.00, NULL, NULL, '2026-06-11 07:27:22', '2026-06-11 07:27:22'),
(8838, 1407, 'event_count', NULL, 1.00, NULL, NULL, '2026-06-11 07:27:22', '2026-06-11 07:27:22'),
(8839, 1407, 'people_count', NULL, 1.00, NULL, NULL, '2026-06-11 07:27:22', '2026-06-11 07:27:22'),
(8840, 1407, 'yearly_total', NULL, 0.00, NULL, NULL, '2026-06-11 07:27:22', '2026-06-11 07:27:22'),
(8841, 1407, 'note', NULL, NULL, NULL, NULL, '2026-06-11 07:27:22', '2026-06-11 07:27:22'),
(8842, 1408, 'item_name', 'ພະແນກຫຼັງປະລິນຍາຕີ', NULL, NULL, NULL, '2026-06-11 07:27:22', '2026-06-11 07:27:22'),
(8843, 1408, 'reference', NULL, NULL, NULL, NULL, '2026-06-11 07:27:22', '2026-06-11 07:27:22'),
(8844, 1408, 'unit_price', NULL, 0.00, NULL, NULL, '2026-06-11 07:27:22', '2026-06-11 07:27:22'),
(8845, 1408, 'event_count', NULL, 1.00, NULL, NULL, '2026-06-11 07:27:22', '2026-06-11 07:27:22'),
(8846, 1408, 'people_count', NULL, 1.00, NULL, NULL, '2026-06-11 07:27:22', '2026-06-11 07:27:22'),
(8847, 1408, 'yearly_total', NULL, 0.00, NULL, NULL, '2026-06-11 07:27:22', '2026-06-11 07:27:22'),
(8848, 1408, 'note', NULL, NULL, NULL, NULL, '2026-06-11 07:27:22', '2026-06-11 07:27:22'),
(8849, 1409, 'item_name', 'ສຳນັກຄະນະບໍດີ', NULL, NULL, NULL, '2026-06-11 07:27:22', '2026-06-11 07:27:22'),
(8850, 1409, 'reference', NULL, NULL, NULL, NULL, '2026-06-11 07:27:22', '2026-06-11 07:27:22'),
(8851, 1409, 'unit_price', NULL, 0.00, NULL, NULL, '2026-06-11 07:27:22', '2026-06-11 07:27:22'),
(8852, 1409, 'event_count', NULL, 1.00, NULL, NULL, '2026-06-11 07:27:22', '2026-06-11 07:27:22'),
(8853, 1409, 'people_count', NULL, 1.00, NULL, NULL, '2026-06-11 07:27:22', '2026-06-11 07:27:22'),
(8854, 1409, 'yearly_total', NULL, 0.00, NULL, NULL, '2026-06-11 07:27:22', '2026-06-11 07:27:22'),
(8855, 1409, 'note', NULL, NULL, NULL, NULL, '2026-06-11 07:27:22', '2026-06-11 07:27:22'),
(8856, 1410, 'item_name', 'ພາວິຊາຄະນິດສາດ', NULL, NULL, NULL, '2026-06-11 07:27:22', '2026-06-11 07:27:22'),
(8857, 1410, 'reference', NULL, NULL, NULL, NULL, '2026-06-11 07:27:22', '2026-06-11 07:27:22'),
(8858, 1410, 'unit_price', NULL, 0.00, NULL, NULL, '2026-06-11 07:27:22', '2026-06-11 07:27:22'),
(8859, 1410, 'event_count', NULL, 1.00, NULL, NULL, '2026-06-11 07:27:22', '2026-06-11 07:27:22'),
(8860, 1410, 'people_count', NULL, 1.00, NULL, NULL, '2026-06-11 07:27:22', '2026-06-11 07:27:22'),
(8861, 1410, 'yearly_total', NULL, 0.00, NULL, NULL, '2026-06-11 07:27:22', '2026-06-11 07:27:22'),
(8862, 1410, 'note', 'ຂື້ນຢູ່ພາກ 63', NULL, NULL, NULL, '2026-06-11 07:27:22', '2026-06-11 07:27:22'),
(8863, 1411, 'item_name', 'ພາກວິຊາຟິຊິກສາດ', NULL, NULL, NULL, '2026-06-11 07:27:22', '2026-06-11 07:27:22'),
(8864, 1411, 'reference', NULL, NULL, NULL, NULL, '2026-06-11 07:27:22', '2026-06-11 07:27:22'),
(8865, 1411, 'unit_price', NULL, 0.00, NULL, NULL, '2026-06-11 07:27:22', '2026-06-11 07:27:22'),
(8866, 1411, 'event_count', NULL, 1.00, NULL, NULL, '2026-06-11 07:27:22', '2026-06-11 07:27:22'),
(8867, 1411, 'people_count', NULL, 1.00, NULL, NULL, '2026-06-11 07:27:22', '2026-06-11 07:27:22'),
(8868, 1411, 'yearly_total', NULL, 0.00, NULL, NULL, '2026-06-11 07:27:22', '2026-06-11 07:27:22'),
(8869, 1411, 'note', 'ຂື້ນຢູ່ພາກ 63', NULL, NULL, NULL, '2026-06-11 07:27:22', '2026-06-11 07:27:22'),
(8870, 1412, 'item_name', 'ພາກວິຊາເຄມີສາດ', NULL, NULL, NULL, '2026-06-11 07:27:22', '2026-06-11 07:27:22'),
(8871, 1412, 'reference', NULL, NULL, NULL, NULL, '2026-06-11 07:27:22', '2026-06-11 07:27:22'),
(8872, 1412, 'unit_price', NULL, 0.00, NULL, NULL, '2026-06-11 07:27:22', '2026-06-11 07:27:22'),
(8873, 1412, 'event_count', NULL, 1.00, NULL, NULL, '2026-06-11 07:27:22', '2026-06-11 07:27:22'),
(8874, 1412, 'people_count', NULL, 1.00, NULL, NULL, '2026-06-11 07:27:22', '2026-06-11 07:27:22'),
(8875, 1412, 'yearly_total', NULL, 0.00, NULL, NULL, '2026-06-11 07:27:22', '2026-06-11 07:27:22'),
(8876, 1412, 'note', 'ຂື້ນຢູ່ພາກ 63', NULL, NULL, NULL, '2026-06-11 07:27:22', '2026-06-11 07:27:22'),
(8877, 1413, 'item_name', 'ພາກວິຊາຊີວະວິທະຍາ', NULL, NULL, NULL, '2026-06-11 07:27:22', '2026-06-11 07:27:22'),
(8878, 1413, 'reference', NULL, NULL, NULL, NULL, '2026-06-11 07:27:22', '2026-06-11 07:27:22'),
(8879, 1413, 'unit_price', NULL, 0.00, NULL, NULL, '2026-06-11 07:27:22', '2026-06-11 07:27:22'),
(8880, 1413, 'event_count', NULL, 1.00, NULL, NULL, '2026-06-11 07:27:22', '2026-06-11 07:27:22'),
(8881, 1413, 'people_count', NULL, 1.00, NULL, NULL, '2026-06-11 07:27:22', '2026-06-11 07:27:22'),
(8882, 1413, 'yearly_total', NULL, 0.00, NULL, NULL, '2026-06-11 07:27:22', '2026-06-11 07:27:22'),
(8883, 1413, 'note', 'ຂື້ນຢູ່ພາກ 63', NULL, NULL, NULL, '2026-06-11 07:27:22', '2026-06-11 07:27:22'),
(8884, 1414, 'item_name', 'ພາກວິຊາວິທະຍາສາດຄອມພິວເຕີ', NULL, NULL, NULL, '2026-06-11 07:27:22', '2026-06-11 07:27:22'),
(8885, 1414, 'reference', NULL, NULL, NULL, NULL, '2026-06-11 07:27:22', '2026-06-11 07:27:22'),
(8886, 1414, 'unit_price', NULL, 0.00, NULL, NULL, '2026-06-11 07:27:22', '2026-06-11 07:27:22'),
(8887, 1414, 'event_count', NULL, 1.00, NULL, NULL, '2026-06-11 07:27:22', '2026-06-11 07:27:22'),
(8888, 1414, 'people_count', NULL, 1.00, NULL, NULL, '2026-06-11 07:27:22', '2026-06-11 07:27:22'),
(8889, 1414, 'yearly_total', NULL, 0.00, NULL, NULL, '2026-06-11 07:27:22', '2026-06-11 07:27:22'),
(8890, 1414, 'note', 'ຂື້ນຢູ່ພາກ 63', NULL, NULL, NULL, '2026-06-11 07:27:22', '2026-06-11 07:27:22'),
(8891, 1415, 'item_name', 'ພະແນກວິຊາການ', NULL, NULL, NULL, '2026-06-11 07:27:22', '2026-06-11 07:27:22'),
(8892, 1415, 'reference', NULL, NULL, NULL, NULL, '2026-06-11 07:27:22', '2026-06-11 07:27:22'),
(8893, 1415, 'unit_price', NULL, 0.00, NULL, NULL, '2026-06-11 07:27:22', '2026-06-11 07:27:22'),
(8894, 1415, 'event_count', NULL, 1.00, NULL, NULL, '2026-06-11 07:27:22', '2026-06-11 07:27:22'),
(8895, 1415, 'people_count', NULL, 1.00, NULL, NULL, '2026-06-11 07:27:22', '2026-06-11 07:27:22'),
(8896, 1415, 'yearly_total', NULL, 0.00, NULL, NULL, '2026-06-11 07:27:22', '2026-06-11 07:27:22'),
(8897, 1415, 'note', NULL, NULL, NULL, NULL, '2026-06-11 07:27:22', '2026-06-11 07:27:22'),
(8898, 1416, 'item_name', 'ພະແນກຈັດຕັ້ງສັງລວມ', NULL, NULL, NULL, '2026-06-11 07:27:22', '2026-06-11 07:27:22'),
(8899, 1416, 'reference', NULL, NULL, NULL, NULL, '2026-06-11 07:27:22', '2026-06-11 07:27:22'),
(8900, 1416, 'unit_price', NULL, 0.00, NULL, NULL, '2026-06-11 07:27:22', '2026-06-11 07:27:22'),
(8901, 1416, 'event_count', NULL, 1.00, NULL, NULL, '2026-06-11 07:27:22', '2026-06-11 07:27:22'),
(8902, 1416, 'people_count', NULL, 1.00, NULL, NULL, '2026-06-11 07:27:22', '2026-06-11 07:27:22'),
(8903, 1416, 'yearly_total', NULL, 0.00, NULL, NULL, '2026-06-11 07:27:22', '2026-06-11 07:27:22'),
(8904, 1416, 'note', NULL, NULL, NULL, NULL, '2026-06-11 07:27:22', '2026-06-11 07:27:22'),
(8905, 1417, 'item_name', 'ພະແນກການເງິນ-ຊັບສິນ', NULL, NULL, NULL, '2026-06-11 07:27:22', '2026-06-11 07:27:22'),
(8906, 1417, 'reference', NULL, NULL, NULL, NULL, '2026-06-11 07:27:22', '2026-06-11 07:27:22'),
(8907, 1417, 'unit_price', NULL, 0.00, NULL, NULL, '2026-06-11 07:27:22', '2026-06-11 07:27:22'),
(8908, 1417, 'event_count', NULL, 1.00, NULL, NULL, '2026-06-11 07:27:22', '2026-06-11 07:27:22'),
(8909, 1417, 'people_count', NULL, 1.00, NULL, NULL, '2026-06-11 07:27:22', '2026-06-11 07:27:22'),
(8910, 1417, 'yearly_total', NULL, 0.00, NULL, NULL, '2026-06-11 07:27:22', '2026-06-11 07:27:22'),
(8911, 1417, 'note', NULL, NULL, NULL, NULL, '2026-06-11 07:27:22', '2026-06-11 07:27:22'),
(8912, 1418, 'item_name', 'ພະແນກຄຸ້ມຄອງນັກສຶກສາ', NULL, NULL, NULL, '2026-06-11 07:27:22', '2026-06-11 07:27:22'),
(8913, 1418, 'reference', NULL, NULL, NULL, NULL, '2026-06-11 07:27:22', '2026-06-11 07:27:22');
INSERT INTO `expense_plan_values` (`id`, `expense_plan_id`, `field_key`, `value_text`, `value_number`, `value_date`, `value_boolean`, `created_at`, `updated_at`) VALUES
(8914, 1418, 'unit_price', NULL, 0.00, NULL, NULL, '2026-06-11 07:27:22', '2026-06-11 07:27:22'),
(8915, 1418, 'event_count', NULL, 1.00, NULL, NULL, '2026-06-11 07:27:22', '2026-06-11 07:27:22'),
(8916, 1418, 'people_count', NULL, 1.00, NULL, NULL, '2026-06-11 07:27:22', '2026-06-11 07:27:22'),
(8917, 1418, 'yearly_total', NULL, 0.00, NULL, NULL, '2026-06-11 07:27:22', '2026-06-11 07:27:22'),
(8918, 1418, 'note', NULL, NULL, NULL, NULL, '2026-06-11 07:27:22', '2026-06-11 07:27:22'),
(8919, 1419, 'item_name', 'ພະແນກຄົ້ນຄົ້ວ ແລະ ບໍລິການວິຊາການ', NULL, NULL, NULL, '2026-06-11 07:27:22', '2026-06-11 07:27:22'),
(8920, 1419, 'reference', NULL, NULL, NULL, NULL, '2026-06-11 07:27:22', '2026-06-11 07:27:22'),
(8921, 1419, 'unit_price', NULL, 0.00, NULL, NULL, '2026-06-11 07:27:22', '2026-06-11 07:27:22'),
(8922, 1419, 'event_count', NULL, 1.00, NULL, NULL, '2026-06-11 07:27:22', '2026-06-11 07:27:22'),
(8923, 1419, 'people_count', NULL, 1.00, NULL, NULL, '2026-06-11 07:27:22', '2026-06-11 07:27:22'),
(8924, 1419, 'yearly_total', NULL, 0.00, NULL, NULL, '2026-06-11 07:27:22', '2026-06-11 07:27:22'),
(8925, 1419, 'note', NULL, NULL, NULL, NULL, '2026-06-11 07:27:22', '2026-06-11 07:27:22'),
(8926, 1420, 'item_name', 'ພະແນກຫຼັງປະລິນຍາຕີ', NULL, NULL, NULL, '2026-06-11 07:27:22', '2026-06-11 07:27:22'),
(8927, 1420, 'reference', NULL, NULL, NULL, NULL, '2026-06-11 07:27:22', '2026-06-11 07:27:22'),
(8928, 1420, 'unit_price', NULL, 0.00, NULL, NULL, '2026-06-11 07:27:22', '2026-06-11 07:27:22'),
(8929, 1420, 'event_count', NULL, 1.00, NULL, NULL, '2026-06-11 07:27:22', '2026-06-11 07:27:22'),
(8930, 1420, 'people_count', NULL, 1.00, NULL, NULL, '2026-06-11 07:27:22', '2026-06-11 07:27:22'),
(8931, 1420, 'yearly_total', NULL, 0.00, NULL, NULL, '2026-06-11 07:27:22', '2026-06-11 07:27:22'),
(8932, 1420, 'note', NULL, NULL, NULL, NULL, '2026-06-11 07:27:22', '2026-06-11 07:27:22'),
(8933, 1421, 'item_name', 'ອຸປະກອນການຮຽນ-ການສອນ', NULL, NULL, NULL, '2026-06-11 07:27:22', '2026-06-11 07:27:22'),
(8934, 1421, 'reference', NULL, NULL, NULL, NULL, '2026-06-11 07:27:22', '2026-06-11 07:27:22'),
(8935, 1421, 'unit_price', NULL, 0.00, NULL, NULL, '2026-06-11 07:27:22', '2026-06-11 07:27:22'),
(8936, 1421, 'quantity', NULL, 1.00, NULL, NULL, '2026-06-11 07:27:22', '2026-06-11 07:27:22'),
(8937, 1421, 'times_per_year', NULL, 1.00, NULL, NULL, '2026-06-11 07:27:22', '2026-06-11 07:27:22'),
(8938, 1421, 'yearly_total', NULL, 0.00, NULL, NULL, '2026-06-11 07:27:22', '2026-06-11 07:27:22'),
(8939, 1421, 'note', NULL, NULL, NULL, NULL, '2026-06-11 07:27:22', '2026-06-11 07:27:22'),
(8940, 1422, 'item_name', 'ອຸປະກອນການສອບເສັງ', NULL, NULL, NULL, '2026-06-11 07:27:22', '2026-06-11 07:27:22'),
(8941, 1422, 'reference', NULL, NULL, NULL, NULL, '2026-06-11 07:27:22', '2026-06-11 07:27:22'),
(8942, 1422, 'unit_price', NULL, 0.00, NULL, NULL, '2026-06-11 07:27:22', '2026-06-11 07:27:22'),
(8943, 1422, 'quantity', NULL, 1.00, NULL, NULL, '2026-06-11 07:27:22', '2026-06-11 07:27:22'),
(8944, 1422, 'times_per_year', NULL, 1.00, NULL, NULL, '2026-06-11 07:27:22', '2026-06-11 07:27:22'),
(8945, 1422, 'yearly_total', NULL, 0.00, NULL, NULL, '2026-06-11 07:27:22', '2026-06-11 07:27:22'),
(8946, 1422, 'note', NULL, NULL, NULL, NULL, '2026-06-11 07:27:22', '2026-06-11 07:27:22'),
(8947, 1423, 'item_name', 'ພາກວິຊາຄະນິດສາດ', NULL, NULL, NULL, '2026-06-11 07:27:22', '2026-06-11 07:27:22'),
(8948, 1423, 'reference', NULL, NULL, NULL, NULL, '2026-06-11 07:27:22', '2026-06-11 07:27:22'),
(8949, 1423, 'yearly_total', NULL, 0.00, NULL, NULL, '2026-06-11 07:27:22', '2026-06-11 07:27:22'),
(8950, 1423, 'note', NULL, NULL, NULL, NULL, '2026-06-11 07:27:22', '2026-06-11 07:27:22'),
(8951, 1424, 'item_name', 'ພາກວິຊາຟີຊິກສາດ', NULL, NULL, NULL, '2026-06-11 07:27:22', '2026-06-11 07:27:22'),
(8952, 1424, 'reference', NULL, NULL, NULL, NULL, '2026-06-11 07:27:22', '2026-06-11 07:27:22'),
(8953, 1424, 'yearly_total', NULL, 0.00, NULL, NULL, '2026-06-11 07:27:22', '2026-06-11 07:27:22'),
(8954, 1424, 'note', NULL, NULL, NULL, NULL, '2026-06-11 07:27:22', '2026-06-11 07:27:22'),
(8955, 1425, 'item_name', 'ພາກວິຊາເຄມີສາດ', NULL, NULL, NULL, '2026-06-11 07:27:22', '2026-06-11 07:27:22'),
(8956, 1425, 'reference', NULL, NULL, NULL, NULL, '2026-06-11 07:27:22', '2026-06-11 07:27:22'),
(8957, 1425, 'yearly_total', NULL, 0.00, NULL, NULL, '2026-06-11 07:27:22', '2026-06-11 07:27:22'),
(8958, 1425, 'note', NULL, NULL, NULL, NULL, '2026-06-11 07:27:22', '2026-06-11 07:27:22'),
(8959, 1426, 'item_name', 'ພາກວິຊາຊີວະວິທະຍາ', NULL, NULL, NULL, '2026-06-11 07:27:22', '2026-06-11 07:27:22'),
(8960, 1426, 'reference', NULL, NULL, NULL, NULL, '2026-06-11 07:27:22', '2026-06-11 07:27:22'),
(8961, 1426, 'yearly_total', NULL, 0.00, NULL, NULL, '2026-06-11 07:27:22', '2026-06-11 07:27:22'),
(8962, 1426, 'note', NULL, NULL, NULL, NULL, '2026-06-11 07:27:22', '2026-06-11 07:27:22'),
(8963, 1427, 'item_name', 'ພາກວິຊາວິທະຍາສາດຄອມພີວເຕີ', NULL, NULL, NULL, '2026-06-11 07:27:22', '2026-06-11 07:27:22'),
(8964, 1427, 'reference', NULL, NULL, NULL, NULL, '2026-06-11 07:27:22', '2026-06-11 07:27:22'),
(8965, 1427, 'yearly_total', NULL, 0.00, NULL, NULL, '2026-06-11 07:27:22', '2026-06-11 07:27:22'),
(8966, 1427, 'note', NULL, NULL, NULL, NULL, '2026-06-11 07:27:22', '2026-06-11 07:27:22'),
(8967, 1428, 'item_name', 'ພາກວິຊາຄະນິດສາດ', NULL, NULL, NULL, '2026-06-11 07:27:22', '2026-06-11 07:27:22'),
(8968, 1428, 'reference', NULL, NULL, NULL, NULL, '2026-06-11 07:27:22', '2026-06-11 07:27:22'),
(8969, 1428, 'yearly_total', NULL, 0.00, NULL, NULL, '2026-06-11 07:27:22', '2026-06-11 07:27:22'),
(8970, 1428, 'note', NULL, NULL, NULL, NULL, '2026-06-11 07:27:22', '2026-06-11 07:27:22'),
(8971, 1429, 'item_name', 'ພາກວິຊາຟີຊິກສາດ', NULL, NULL, NULL, '2026-06-11 07:27:22', '2026-06-11 07:27:22'),
(8972, 1429, 'reference', NULL, NULL, NULL, NULL, '2026-06-11 07:27:22', '2026-06-11 07:27:22'),
(8973, 1429, 'yearly_total', NULL, 0.00, NULL, NULL, '2026-06-11 07:27:22', '2026-06-11 07:27:22'),
(8974, 1429, 'note', NULL, NULL, NULL, NULL, '2026-06-11 07:27:22', '2026-06-11 07:27:22'),
(8975, 1430, 'item_name', 'ພາກວິຊາເຄມີສາດ', NULL, NULL, NULL, '2026-06-11 07:27:22', '2026-06-11 07:27:22'),
(8976, 1430, 'reference', NULL, NULL, NULL, NULL, '2026-06-11 07:27:22', '2026-06-11 07:27:22'),
(8977, 1430, 'yearly_total', NULL, 0.00, NULL, NULL, '2026-06-11 07:27:22', '2026-06-11 07:27:22'),
(8978, 1430, 'note', NULL, NULL, NULL, NULL, '2026-06-11 07:27:22', '2026-06-11 07:27:22'),
(8979, 1431, 'item_name', 'ພາກວິຊາຊີວະວິທະຍາ', NULL, NULL, NULL, '2026-06-11 07:27:22', '2026-06-11 07:27:22'),
(8980, 1431, 'reference', NULL, NULL, NULL, NULL, '2026-06-11 07:27:22', '2026-06-11 07:27:22'),
(8981, 1431, 'yearly_total', NULL, 0.00, NULL, NULL, '2026-06-11 07:27:22', '2026-06-11 07:27:22'),
(8982, 1431, 'note', NULL, NULL, NULL, NULL, '2026-06-11 07:27:22', '2026-06-11 07:27:22'),
(8983, 1432, 'item_name', 'ພາກວິຊາວິທະຍາສາດຄອມພີວເຕີ', NULL, NULL, NULL, '2026-06-11 07:27:22', '2026-06-11 07:27:22'),
(8984, 1432, 'reference', NULL, NULL, NULL, NULL, '2026-06-11 07:27:22', '2026-06-11 07:27:22'),
(8985, 1432, 'yearly_total', NULL, 0.00, NULL, NULL, '2026-06-11 07:27:22', '2026-06-11 07:27:22'),
(8986, 1432, 'note', NULL, NULL, NULL, NULL, '2026-06-11 07:27:22', '2026-06-11 07:27:22'),
(8987, 1433, 'item_name', 'ປັບປຸງ ແລະ ພັດທະນາຫຼັກສູດ ປໍໂທ+ເອກ', NULL, NULL, NULL, '2026-06-11 07:27:22', '2026-06-11 07:27:22'),
(8988, 1433, 'reference', NULL, NULL, NULL, NULL, '2026-06-11 07:27:22', '2026-06-11 07:27:22'),
(8989, 1433, 'yearly_total', NULL, 0.00, NULL, NULL, '2026-06-11 07:27:22', '2026-06-11 07:27:22'),
(8990, 1433, 'note', NULL, NULL, NULL, NULL, '2026-06-11 07:27:22', '2026-06-11 07:27:22'),
(8991, 1434, 'item_name', 'ພາກວິຊາຄະນິດສາດ', NULL, NULL, NULL, '2026-06-11 07:27:22', '2026-06-11 07:27:22'),
(8992, 1434, 'reference', NULL, NULL, NULL, NULL, '2026-06-11 07:27:22', '2026-06-11 07:27:22'),
(8993, 1434, 'unit_price', NULL, 0.00, NULL, NULL, '2026-06-11 07:27:22', '2026-06-11 07:27:22'),
(8994, 1434, 'quantity', NULL, 1.00, NULL, NULL, '2026-06-11 07:27:22', '2026-06-11 07:27:22'),
(8995, 1434, 'yearly_total', NULL, 0.00, NULL, NULL, '2026-06-11 07:27:22', '2026-06-11 07:27:22'),
(8996, 1434, 'note', NULL, NULL, NULL, NULL, '2026-06-11 07:27:22', '2026-06-11 07:27:22'),
(8997, 1435, 'item_name', 'ພາກວິຊາຟິຊິກສາດ', NULL, NULL, NULL, '2026-06-11 07:27:22', '2026-06-11 07:27:22'),
(8998, 1435, 'reference', NULL, NULL, NULL, NULL, '2026-06-11 07:27:22', '2026-06-11 07:27:22'),
(8999, 1435, 'unit_price', NULL, 0.00, NULL, NULL, '2026-06-11 07:27:22', '2026-06-11 07:27:22'),
(9000, 1435, 'quantity', NULL, 1.00, NULL, NULL, '2026-06-11 07:27:22', '2026-06-11 07:27:22'),
(9001, 1435, 'yearly_total', NULL, 0.00, NULL, NULL, '2026-06-11 07:27:22', '2026-06-11 07:27:22'),
(9002, 1435, 'note', NULL, NULL, NULL, NULL, '2026-06-11 07:27:22', '2026-06-11 07:27:22'),
(9003, 1436, 'item_name', 'ພາກວິຊາເຄມີສາດ', NULL, NULL, NULL, '2026-06-11 07:27:22', '2026-06-11 07:27:22'),
(9004, 1436, 'reference', NULL, NULL, NULL, NULL, '2026-06-11 07:27:22', '2026-06-11 07:27:22'),
(9005, 1436, 'unit_price', NULL, 0.00, NULL, NULL, '2026-06-11 07:27:22', '2026-06-11 07:27:22'),
(9006, 1436, 'quantity', NULL, 1.00, NULL, NULL, '2026-06-11 07:27:22', '2026-06-11 07:27:22'),
(9007, 1436, 'yearly_total', NULL, 0.00, NULL, NULL, '2026-06-11 07:27:22', '2026-06-11 07:27:22'),
(9008, 1436, 'note', NULL, NULL, NULL, NULL, '2026-06-11 07:27:22', '2026-06-11 07:27:22'),
(9009, 1437, 'item_name', 'ພາກວິຊາຊີວະວິທະຍາ', NULL, NULL, NULL, '2026-06-11 07:27:22', '2026-06-11 07:27:22'),
(9010, 1437, 'reference', NULL, NULL, NULL, NULL, '2026-06-11 07:27:22', '2026-06-11 07:27:22'),
(9011, 1437, 'unit_price', NULL, 0.00, NULL, NULL, '2026-06-11 07:27:22', '2026-06-11 07:27:22'),
(9012, 1437, 'quantity', NULL, 1.00, NULL, NULL, '2026-06-11 07:27:22', '2026-06-11 07:27:22'),
(9013, 1437, 'yearly_total', NULL, 0.00, NULL, NULL, '2026-06-11 07:27:22', '2026-06-11 07:27:22'),
(9014, 1437, 'note', NULL, NULL, NULL, NULL, '2026-06-11 07:27:22', '2026-06-11 07:27:22'),
(9015, 1438, 'item_name', 'ພາກວິຊາວິທະຍາສາດຄອມພິວເຕີ', NULL, NULL, NULL, '2026-06-11 07:27:22', '2026-06-11 07:27:22'),
(9016, 1438, 'reference', NULL, NULL, NULL, NULL, '2026-06-11 07:27:22', '2026-06-11 07:27:22'),
(9017, 1438, 'unit_price', NULL, 0.00, NULL, NULL, '2026-06-11 07:27:22', '2026-06-11 07:27:22'),
(9018, 1438, 'quantity', NULL, 1.00, NULL, NULL, '2026-06-11 07:27:22', '2026-06-11 07:27:22'),
(9019, 1438, 'yearly_total', NULL, 0.00, NULL, NULL, '2026-06-11 07:27:22', '2026-06-11 07:27:22'),
(9020, 1438, 'note', NULL, NULL, NULL, NULL, '2026-06-11 07:27:22', '2026-06-11 07:27:22'),
(9021, 1439, 'item_name', 'ຊື້ອຸປະກອນທົດລອງ', NULL, NULL, NULL, '2026-06-11 07:27:22', '2026-06-11 07:27:22'),
(9022, 1439, 'reference', NULL, NULL, NULL, NULL, '2026-06-11 07:27:22', '2026-06-11 07:27:22'),
(9023, 1439, 'unit_price', NULL, 0.00, NULL, NULL, '2026-06-11 07:27:22', '2026-06-11 07:27:22'),
(9024, 1439, 'quantity', NULL, 1.00, NULL, NULL, '2026-06-11 07:27:22', '2026-06-11 07:27:22'),
(9025, 1439, 'yearly_total', NULL, 0.00, NULL, NULL, '2026-06-11 07:27:22', '2026-06-11 07:27:22'),
(9026, 1439, 'note', NULL, NULL, NULL, NULL, '2026-06-11 07:27:22', '2026-06-11 07:27:22'),
(9027, 1440, 'item_name', 'ອູປະກອນທົດລອງຟິຊິກສາດ', NULL, NULL, NULL, '2026-06-11 07:27:22', '2026-06-11 07:27:22'),
(9028, 1440, 'reference', NULL, NULL, NULL, NULL, '2026-06-11 07:27:22', '2026-06-11 07:27:22'),
(9029, 1440, 'unit_price', NULL, 0.00, NULL, NULL, '2026-06-11 07:27:22', '2026-06-11 07:27:22'),
(9030, 1440, 'quantity', NULL, 1.00, NULL, NULL, '2026-06-11 07:27:22', '2026-06-11 07:27:22'),
(9031, 1440, 'yearly_total', NULL, 0.00, NULL, NULL, '2026-06-11 07:27:22', '2026-06-11 07:27:22'),
(9032, 1440, 'note', NULL, NULL, NULL, NULL, '2026-06-11 07:27:22', '2026-06-11 07:27:22'),
(9033, 1441, 'item_name', 'ອຸປະກອນທົດລອງເຄມີສາດ', NULL, NULL, NULL, '2026-06-11 07:27:22', '2026-06-11 07:27:22'),
(9034, 1441, 'reference', NULL, NULL, NULL, NULL, '2026-06-11 07:27:22', '2026-06-11 07:27:22'),
(9035, 1441, 'unit_price', NULL, 0.00, NULL, NULL, '2026-06-11 07:27:22', '2026-06-11 07:27:22'),
(9036, 1441, 'quantity', NULL, 1.00, NULL, NULL, '2026-06-11 07:27:22', '2026-06-11 07:27:22'),
(9037, 1441, 'yearly_total', NULL, 0.00, NULL, NULL, '2026-06-11 07:27:22', '2026-06-11 07:27:22'),
(9038, 1441, 'note', NULL, NULL, NULL, NULL, '2026-06-11 07:27:22', '2026-06-11 07:27:22'),
(9039, 1442, 'item_name', 'ອຸປະກອນທົດລອງຊີວະວິທະຍາ', NULL, NULL, NULL, '2026-06-11 07:27:22', '2026-06-11 07:27:22'),
(9040, 1442, 'reference', NULL, NULL, NULL, NULL, '2026-06-11 07:27:22', '2026-06-11 07:27:22'),
(9041, 1442, 'unit_price', NULL, 0.00, NULL, NULL, '2026-06-11 07:27:22', '2026-06-11 07:27:22'),
(9042, 1442, 'quantity', NULL, 1.00, NULL, NULL, '2026-06-11 07:27:22', '2026-06-11 07:27:22'),
(9043, 1442, 'yearly_total', NULL, 0.00, NULL, NULL, '2026-06-11 07:27:22', '2026-06-11 07:27:22'),
(9044, 1442, 'note', NULL, NULL, NULL, NULL, '2026-06-11 07:27:22', '2026-06-11 07:27:22'),
(9045, 1443, 'item_name', 'ຄອມພິວເຕີຕັ້່ງໂຕະ (PC)', NULL, NULL, NULL, '2026-06-11 07:27:22', '2026-06-11 07:27:22'),
(9046, 1443, 'reference', NULL, NULL, NULL, NULL, '2026-06-11 07:27:22', '2026-06-11 07:27:22'),
(9047, 1443, 'unit_price', NULL, 0.00, NULL, NULL, '2026-06-11 07:27:22', '2026-06-11 07:27:22'),
(9048, 1443, 'quantity', NULL, 1.00, NULL, NULL, '2026-06-11 07:27:22', '2026-06-11 07:27:22'),
(9049, 1443, 'yearly_total', NULL, 0.00, NULL, NULL, '2026-06-11 07:27:22', '2026-06-11 07:27:22'),
(9050, 1443, 'note', NULL, NULL, NULL, NULL, '2026-06-11 07:27:22', '2026-06-11 07:27:22'),
(9051, 1444, 'item_name', 'ໂປຣເຈັກເຕີໃສ່ຫ້ອງຮຽນ', NULL, NULL, NULL, '2026-06-11 07:27:22', '2026-06-11 07:27:22'),
(9052, 1444, 'reference', NULL, NULL, NULL, NULL, '2026-06-11 07:27:22', '2026-06-11 07:27:22'),
(9053, 1444, 'unit_price', NULL, 0.00, NULL, NULL, '2026-06-11 07:27:22', '2026-06-11 07:27:22'),
(9054, 1444, 'quantity', NULL, 1.00, NULL, NULL, '2026-06-11 07:27:22', '2026-06-11 07:27:22'),
(9055, 1444, 'yearly_total', NULL, 0.00, NULL, NULL, '2026-06-11 07:27:22', '2026-06-11 07:27:22'),
(9056, 1444, 'note', NULL, NULL, NULL, NULL, '2026-06-11 07:27:22', '2026-06-11 07:27:22'),
(9057, 1445, 'item_name', 'ພິທີສະຫຼຸບຊຸດຮຽນ ແລະ ເປີດສົກຮຽນໃໝ່ ປໍໂທ', NULL, NULL, NULL, '2026-06-11 07:27:22', '2026-06-11 07:27:22'),
(9058, 1445, 'reference', NULL, NULL, NULL, NULL, '2026-06-11 07:27:22', '2026-06-11 07:27:22'),
(9059, 1445, 'unit_price', NULL, 0.00, NULL, NULL, '2026-06-11 07:27:22', '2026-06-11 07:27:22'),
(9060, 1445, 'quantity', NULL, 1.00, NULL, NULL, '2026-06-11 07:27:22', '2026-06-11 07:27:22'),
(9061, 1445, 'yearly_total', NULL, 0.00, NULL, NULL, '2026-06-11 07:27:22', '2026-06-11 07:27:22'),
(9062, 1445, 'note', NULL, NULL, NULL, NULL, '2026-06-11 07:27:22', '2026-06-11 07:27:22'),
(9063, 1446, 'item_name', 'ກອງປະຊຸມສໍາມະນາວິຊາການ ປໍໂທ', NULL, NULL, NULL, '2026-06-11 07:27:22', '2026-06-11 07:27:22'),
(9064, 1446, 'reference', NULL, NULL, NULL, NULL, '2026-06-11 07:27:22', '2026-06-11 07:27:22'),
(9065, 1446, 'unit_price', NULL, 0.00, NULL, NULL, '2026-06-11 07:27:22', '2026-06-11 07:27:22'),
(9066, 1446, 'quantity', NULL, 1.00, NULL, NULL, '2026-06-11 07:27:22', '2026-06-11 07:27:22'),
(9067, 1446, 'yearly_total', NULL, 0.00, NULL, NULL, '2026-06-11 07:27:22', '2026-06-11 07:27:22'),
(9068, 1446, 'note', NULL, NULL, NULL, NULL, '2026-06-11 07:27:22', '2026-06-11 07:27:22'),
(9069, 1447, 'item_name', 'ກອງປະຊຸມຜູ້ຊົງຄຸນວຸດທິ ປໍໂທ', NULL, NULL, NULL, '2026-06-11 07:27:22', '2026-06-11 07:27:22'),
(9070, 1447, 'reference', NULL, NULL, NULL, NULL, '2026-06-11 07:27:22', '2026-06-11 07:27:22'),
(9071, 1447, 'unit_price', NULL, 0.00, NULL, NULL, '2026-06-11 07:27:22', '2026-06-11 07:27:22'),
(9072, 1447, 'quantity', NULL, 1.00, NULL, NULL, '2026-06-11 07:27:22', '2026-06-11 07:27:22'),
(9073, 1447, 'yearly_total', NULL, 0.00, NULL, NULL, '2026-06-11 07:27:22', '2026-06-11 07:27:22'),
(9074, 1447, 'note', NULL, NULL, NULL, NULL, '2026-06-11 07:27:22', '2026-06-11 07:27:22'),
(9075, 1448, 'item_name', 'ຊື້ປື້ມໃສ່ຫ້ອງອ່ານ', NULL, NULL, NULL, '2026-06-11 07:27:22', '2026-06-11 07:27:22'),
(9076, 1448, 'reference', NULL, NULL, NULL, NULL, '2026-06-11 07:27:22', '2026-06-11 07:27:22'),
(9077, 1448, 'unit_price', NULL, 0.00, NULL, NULL, '2026-06-11 07:27:22', '2026-06-11 07:27:22'),
(9078, 1448, 'quantity', NULL, 1.00, NULL, NULL, '2026-06-11 07:27:22', '2026-06-11 07:27:22'),
(9079, 1448, 'yearly_total', NULL, 0.00, NULL, NULL, '2026-06-11 07:27:22', '2026-06-11 07:27:22'),
(9080, 1448, 'note', NULL, NULL, NULL, NULL, '2026-06-11 07:27:22', '2026-06-11 07:27:22'),
(9081, 1449, 'item_name', 'ຊື້ຮ້ານປື້ມໃສ່ຫ້ອງອ່ານ', NULL, NULL, NULL, '2026-06-11 07:27:22', '2026-06-11 07:27:22'),
(9082, 1449, 'reference', NULL, NULL, NULL, NULL, '2026-06-11 07:27:22', '2026-06-11 07:27:22'),
(9083, 1449, 'unit_price', NULL, 0.00, NULL, NULL, '2026-06-11 07:27:22', '2026-06-11 07:27:22'),
(9084, 1449, 'quantity', NULL, 1.00, NULL, NULL, '2026-06-11 07:27:22', '2026-06-11 07:27:22'),
(9085, 1449, 'yearly_total', NULL, 0.00, NULL, NULL, '2026-06-11 07:27:22', '2026-06-11 07:27:22'),
(9086, 1449, 'note', NULL, NULL, NULL, NULL, '2026-06-11 07:27:22', '2026-06-11 07:27:22'),
(9087, 1450, 'item_name', 'ສົ່ງພະນັກງານໄປຍົກລະດັບໄລຍະຍາວ', NULL, NULL, NULL, '2026-06-11 07:27:22', '2026-06-11 07:27:22'),
(9088, 1450, 'reference', NULL, NULL, NULL, NULL, '2026-06-11 07:27:22', '2026-06-11 07:27:22'),
(9089, 1450, 'unit_price', NULL, 0.00, NULL, NULL, '2026-06-11 07:27:22', '2026-06-11 07:27:22'),
(9090, 1450, 'quantity', NULL, 1.00, NULL, NULL, '2026-06-11 07:27:22', '2026-06-11 07:27:22'),
(9091, 1450, 'yearly_total', NULL, 0.00, NULL, NULL, '2026-06-11 07:27:22', '2026-06-11 07:27:22'),
(9092, 1450, 'note', NULL, NULL, NULL, NULL, '2026-06-11 07:27:22', '2026-06-11 07:27:22'),
(9093, 1451, 'item_name', 'ງົບປະມານຕິດຕາມຫຼັກສູດ ປໍໂທ', NULL, NULL, NULL, '2026-06-11 07:27:22', '2026-06-11 07:27:22'),
(9094, 1451, 'reference', NULL, NULL, NULL, NULL, '2026-06-11 07:27:22', '2026-06-11 07:27:22'),
(9095, 1451, 'unit_price', NULL, 0.00, NULL, NULL, '2026-06-11 07:27:22', '2026-06-11 07:27:22'),
(9096, 1451, 'quantity', NULL, 1.00, NULL, NULL, '2026-06-11 07:27:22', '2026-06-11 07:27:22'),
(9097, 1451, 'yearly_total', NULL, 0.00, NULL, NULL, '2026-06-11 07:27:22', '2026-06-11 07:27:22'),
(9098, 1451, 'note', NULL, NULL, NULL, NULL, '2026-06-11 07:27:22', '2026-06-11 07:27:22'),
(9099, 1452, 'item_name', 'ສົ່ງເສີມວິຊາການສ່ວນກາງ', NULL, NULL, NULL, '2026-06-11 07:27:22', '2026-06-11 07:27:22'),
(9100, 1452, 'reference', NULL, NULL, NULL, NULL, '2026-06-11 07:27:22', '2026-06-11 07:27:22'),
(9101, 1452, 'unit_price', NULL, 0.00, NULL, NULL, '2026-06-11 07:27:22', '2026-06-11 07:27:22'),
(9102, 1452, 'quantity', NULL, 1.00, NULL, NULL, '2026-06-11 07:27:22', '2026-06-11 07:27:22'),
(9103, 1452, 'yearly_total', NULL, 0.00, NULL, NULL, '2026-06-11 07:27:22', '2026-06-11 07:27:22'),
(9104, 1452, 'note', NULL, NULL, NULL, NULL, '2026-06-11 07:27:22', '2026-06-11 07:27:22'),
(9105, 1453, 'item_name', 'ກອງປະຊຸມສຳມະນາການເງິນ (ພະແນກການເງິນ )', NULL, NULL, NULL, '2026-06-11 07:27:22', '2026-06-11 07:27:22'),
(9106, 1453, 'reference', NULL, NULL, NULL, NULL, '2026-06-11 07:27:22', '2026-06-11 07:27:22'),
(9107, 1453, 'unit_price', NULL, 0.00, NULL, NULL, '2026-06-11 07:27:22', '2026-06-11 07:27:22'),
(9108, 1453, 'quantity', NULL, 1.00, NULL, NULL, '2026-06-11 07:27:22', '2026-06-11 07:27:22'),
(9109, 1453, 'yearly_total', NULL, 0.00, NULL, NULL, '2026-06-11 07:27:22', '2026-06-11 07:27:22'),
(9110, 1453, 'note', 'ຂື້ນຢູ່ພາກ 62', NULL, NULL, NULL, '2026-06-11 07:27:22', '2026-06-11 07:27:22'),
(9111, 1454, 'item_name', 'ພະແນກບໍລິຫານສັງລວມ', NULL, NULL, NULL, '2026-06-11 07:27:22', '2026-06-11 07:27:22'),
(9112, 1454, 'reference', NULL, NULL, NULL, NULL, '2026-06-11 07:27:22', '2026-06-11 07:27:22'),
(9113, 1454, 'unit_price', NULL, 0.00, NULL, NULL, '2026-06-11 07:27:22', '2026-06-11 07:27:22'),
(9114, 1454, 'quantity', NULL, 1.00, NULL, NULL, '2026-06-11 07:27:22', '2026-06-11 07:27:22'),
(9115, 1454, 'yearly_total', NULL, 0.00, NULL, NULL, '2026-06-11 07:27:22', '2026-06-11 07:27:22'),
(9116, 1454, 'note', 'ຂື້ນຢູ່ພາກ 62', NULL, NULL, NULL, '2026-06-11 07:27:22', '2026-06-11 07:27:22'),
(9117, 1455, 'item_name', 'ໜ່ວຍງານ ICT', NULL, NULL, NULL, '2026-06-11 07:27:22', '2026-06-11 07:27:22'),
(9118, 1455, 'reference', NULL, NULL, NULL, NULL, '2026-06-11 07:27:22', '2026-06-11 07:27:22'),
(9119, 1455, 'unit_price', NULL, 0.00, NULL, NULL, '2026-06-11 07:27:22', '2026-06-11 07:27:22'),
(9120, 1455, 'quantity', NULL, 1.00, NULL, NULL, '2026-06-11 07:27:22', '2026-06-11 07:27:22'),
(9121, 1455, 'yearly_total', NULL, 0.00, NULL, NULL, '2026-06-11 07:27:22', '2026-06-11 07:27:22'),
(9122, 1455, 'note', 'ຂື້ນຢູ່ພາກ 62', NULL, NULL, NULL, '2026-06-11 07:27:22', '2026-06-11 07:27:22'),
(9123, 1456, 'item_name', 'ຫຼັງປະລິນຍາຕີ', NULL, NULL, NULL, '2026-06-11 07:27:22', '2026-06-11 07:27:22'),
(9124, 1456, 'reference', NULL, NULL, NULL, NULL, '2026-06-11 07:27:22', '2026-06-11 07:27:22'),
(9125, 1456, 'unit_price', NULL, 0.00, NULL, NULL, '2026-06-11 07:27:22', '2026-06-11 07:27:22'),
(9126, 1456, 'quantity', NULL, 1.00, NULL, NULL, '2026-06-11 07:27:22', '2026-06-11 07:27:22'),
(9127, 1456, 'yearly_total', NULL, 0.00, NULL, NULL, '2026-06-11 07:27:22', '2026-06-11 07:27:22'),
(9128, 1456, 'note', 'ຂື້ນຢູ່ພາກ 62', NULL, NULL, NULL, '2026-06-11 07:27:22', '2026-06-11 07:27:22'),
(9129, 1457, 'item_name', 'ຄົ້ນຄ້ວາ ແລະ ບໍລິການວິຊາການ', NULL, NULL, NULL, '2026-06-11 07:27:22', '2026-06-11 07:27:22'),
(9130, 1457, 'reference', NULL, NULL, NULL, NULL, '2026-06-11 07:27:22', '2026-06-11 07:27:22'),
(9131, 1457, 'unit_price', NULL, 0.00, NULL, NULL, '2026-06-11 07:27:22', '2026-06-11 07:27:22'),
(9132, 1457, 'quantity', NULL, 1.00, NULL, NULL, '2026-06-11 07:27:22', '2026-06-11 07:27:22'),
(9133, 1457, 'yearly_total', NULL, 0.00, NULL, NULL, '2026-06-11 07:27:22', '2026-06-11 07:27:22'),
(9134, 1457, 'note', 'ຂື້ນຢູ່ພາກ 62', NULL, NULL, NULL, '2026-06-11 07:27:22', '2026-06-11 07:27:22'),
(9135, 1458, 'item_name', 'ພັດທະນາຫຸ່ນຍົນ (Robot)', NULL, NULL, NULL, '2026-06-11 07:27:22', '2026-06-11 07:27:22'),
(9136, 1458, 'reference', NULL, NULL, NULL, NULL, '2026-06-11 07:27:22', '2026-06-11 07:27:22'),
(9137, 1458, 'unit_price', NULL, 0.00, NULL, NULL, '2026-06-11 07:27:22', '2026-06-11 07:27:22'),
(9138, 1458, 'quantity', NULL, 1.00, NULL, NULL, '2026-06-11 07:27:22', '2026-06-11 07:27:22'),
(9139, 1458, 'yearly_total', NULL, 0.00, NULL, NULL, '2026-06-11 07:27:22', '2026-06-11 07:27:22'),
(9140, 1458, 'note', 'ຂື້ນຢູ່ພາກ 62', NULL, NULL, NULL, '2026-06-11 07:27:22', '2026-06-11 07:27:22'),
(9141, 1459, 'item_name', 'ພະແນກວິຊາການ', NULL, NULL, NULL, '2026-06-11 07:27:22', '2026-06-11 07:27:22'),
(9142, 1459, 'reference', NULL, NULL, NULL, NULL, '2026-06-11 07:27:22', '2026-06-11 07:27:22'),
(9143, 1459, 'unit_price', NULL, 0.00, NULL, NULL, '2026-06-11 07:27:22', '2026-06-11 07:27:22'),
(9144, 1459, 'quantity', NULL, 1.00, NULL, NULL, '2026-06-11 07:27:22', '2026-06-11 07:27:22'),
(9145, 1459, 'yearly_total', NULL, 0.00, NULL, NULL, '2026-06-11 07:27:22', '2026-06-11 07:27:22'),
(9146, 1459, 'note', 'ຂື້ນຢູ່ພາກ 62', NULL, NULL, NULL, '2026-06-11 07:27:22', '2026-06-11 07:27:22'),
(9147, 1460, 'item_name', 'ພະແນກຄຸ້ມຄອງນັກສຶກສາ', NULL, NULL, NULL, '2026-06-11 07:27:22', '2026-06-11 07:27:22'),
(9148, 1460, 'reference', NULL, NULL, NULL, NULL, '2026-06-11 07:27:22', '2026-06-11 07:27:22'),
(9149, 1460, 'unit_price', NULL, 0.00, NULL, NULL, '2026-06-11 07:27:22', '2026-06-11 07:27:22'),
(9150, 1460, 'quantity', NULL, 1.00, NULL, NULL, '2026-06-11 07:27:22', '2026-06-11 07:27:22'),
(9151, 1460, 'yearly_total', NULL, 0.00, NULL, NULL, '2026-06-11 07:27:22', '2026-06-11 07:27:22'),
(9152, 1460, 'note', 'ຂື້ນຢູ່ພາກ 62', NULL, NULL, NULL, '2026-06-11 07:27:22', '2026-06-11 07:27:22'),
(9153, 1461, 'item_name', 'ພາກວິຊາຄະນິດສາດ', NULL, NULL, NULL, '2026-06-11 07:27:22', '2026-06-11 07:27:22'),
(9154, 1461, 'reference', NULL, NULL, NULL, NULL, '2026-06-11 07:27:22', '2026-06-11 07:27:22'),
(9155, 1461, 'unit_price', NULL, 0.00, NULL, NULL, '2026-06-11 07:27:22', '2026-06-11 07:27:22'),
(9156, 1461, 'quantity', NULL, 1.00, NULL, NULL, '2026-06-11 07:27:22', '2026-06-11 07:27:22'),
(9157, 1461, 'yearly_total', NULL, 0.00, NULL, NULL, '2026-06-11 07:27:22', '2026-06-11 07:27:22'),
(9158, 1461, 'note', NULL, NULL, NULL, NULL, '2026-06-11 07:27:22', '2026-06-11 07:27:22'),
(9159, 1462, 'item_name', 'ພາກວິຊາຟີຊິກສາດ', NULL, NULL, NULL, '2026-06-11 07:27:22', '2026-06-11 07:27:22'),
(9160, 1462, 'reference', NULL, NULL, NULL, NULL, '2026-06-11 07:27:22', '2026-06-11 07:27:22'),
(9161, 1462, 'unit_price', NULL, 0.00, NULL, NULL, '2026-06-11 07:27:22', '2026-06-11 07:27:22'),
(9162, 1462, 'quantity', NULL, 1.00, NULL, NULL, '2026-06-11 07:27:22', '2026-06-11 07:27:22'),
(9163, 1462, 'yearly_total', NULL, 0.00, NULL, NULL, '2026-06-11 07:27:22', '2026-06-11 07:27:22'),
(9164, 1462, 'note', NULL, NULL, NULL, NULL, '2026-06-11 07:27:22', '2026-06-11 07:27:22'),
(9165, 1463, 'item_name', 'ພາກວິຊາເຄມີສາດ', NULL, NULL, NULL, '2026-06-11 07:27:22', '2026-06-11 07:27:22'),
(9166, 1463, 'reference', NULL, NULL, NULL, NULL, '2026-06-11 07:27:22', '2026-06-11 07:27:22'),
(9167, 1463, 'unit_price', NULL, 0.00, NULL, NULL, '2026-06-11 07:27:22', '2026-06-11 07:27:22'),
(9168, 1463, 'quantity', NULL, 1.00, NULL, NULL, '2026-06-11 07:27:22', '2026-06-11 07:27:22'),
(9169, 1463, 'yearly_total', NULL, 0.00, NULL, NULL, '2026-06-11 07:27:22', '2026-06-11 07:27:22'),
(9170, 1463, 'note', NULL, NULL, NULL, NULL, '2026-06-11 07:27:22', '2026-06-11 07:27:22'),
(9171, 1464, 'item_name', 'ພາກວິຊາຊີວະວິທະຍາ', NULL, NULL, NULL, '2026-06-11 07:27:22', '2026-06-11 07:27:22'),
(9172, 1464, 'reference', NULL, NULL, NULL, NULL, '2026-06-11 07:27:22', '2026-06-11 07:27:22'),
(9173, 1464, 'unit_price', NULL, 0.00, NULL, NULL, '2026-06-11 07:27:22', '2026-06-11 07:27:22'),
(9174, 1464, 'quantity', NULL, 1.00, NULL, NULL, '2026-06-11 07:27:22', '2026-06-11 07:27:22'),
(9175, 1464, 'yearly_total', NULL, 0.00, NULL, NULL, '2026-06-11 07:27:22', '2026-06-11 07:27:22'),
(9176, 1464, 'note', NULL, NULL, NULL, NULL, '2026-06-11 07:27:22', '2026-06-11 07:27:22'),
(9177, 1465, 'item_name', 'ພາກວິຊາວິທະຍາສາດຄອມພີວເຕີ', NULL, NULL, NULL, '2026-06-11 07:27:22', '2026-06-11 07:27:22'),
(9178, 1465, 'reference', NULL, NULL, NULL, NULL, '2026-06-11 07:27:22', '2026-06-11 07:27:22'),
(9179, 1465, 'unit_price', NULL, 0.00, NULL, NULL, '2026-06-11 07:27:22', '2026-06-11 07:27:22'),
(9180, 1465, 'quantity', NULL, 1.00, NULL, NULL, '2026-06-11 07:27:22', '2026-06-11 07:27:22'),
(9181, 1465, 'yearly_total', NULL, 0.00, NULL, NULL, '2026-06-11 07:27:22', '2026-06-11 07:27:22'),
(9182, 1465, 'note', NULL, NULL, NULL, NULL, '2026-06-11 07:27:22', '2026-06-11 07:27:22'),
(9183, 1466, 'item_name', 'ສາມອົງການຈັດຕັ້ງມະຫາຊົນ', NULL, NULL, NULL, '2026-06-11 07:27:22', '2026-06-11 07:27:22'),
(9184, 1466, 'reference', NULL, NULL, NULL, NULL, '2026-06-11 07:27:22', '2026-06-11 07:27:22'),
(9185, 1466, 'unit_price', NULL, 0.00, NULL, NULL, '2026-06-11 07:27:22', '2026-06-11 07:27:22'),
(9186, 1466, 'quantity', NULL, 1.00, NULL, NULL, '2026-06-11 07:27:22', '2026-06-11 07:27:22'),
(9187, 1466, 'yearly_total', NULL, 0.00, NULL, NULL, '2026-06-11 07:27:22', '2026-06-11 07:27:22'),
(9188, 1466, 'note', NULL, NULL, NULL, NULL, '2026-06-11 07:27:22', '2026-06-11 07:27:22'),
(9189, 1467, 'item_name', 'ເຄື່ອນໄຫວວຽກວິຊາການອື່ນໆ', NULL, NULL, NULL, '2026-06-11 07:27:22', '2026-06-11 07:27:22'),
(9190, 1467, 'reference', NULL, NULL, NULL, NULL, '2026-06-11 07:27:22', '2026-06-11 07:27:22'),
(9191, 1467, 'unit_price', NULL, 0.00, NULL, NULL, '2026-06-11 07:27:22', '2026-06-11 07:27:22'),
(9192, 1467, 'quantity', NULL, 1.00, NULL, NULL, '2026-06-11 07:27:22', '2026-06-11 07:27:22'),
(9193, 1467, 'yearly_total', NULL, 0.00, NULL, NULL, '2026-06-11 07:27:22', '2026-06-11 07:27:22'),
(9194, 1467, 'note', NULL, NULL, NULL, NULL, '2026-06-11 07:27:22', '2026-06-11 07:27:22'),
(9195, 1468, 'item_name', 'ສຳນັກຄະນະບໍດີ', NULL, NULL, NULL, '2026-06-11 07:27:22', '2026-06-11 07:27:22'),
(9196, 1468, 'reference', NULL, NULL, NULL, NULL, '2026-06-11 07:27:22', '2026-06-11 07:27:22'),
(9197, 1468, 'unit_price', NULL, 0.00, NULL, NULL, '2026-06-11 07:27:22', '2026-06-11 07:27:22'),
(9198, 1468, 'quantity', NULL, 1.00, NULL, NULL, '2026-06-11 07:27:22', '2026-06-11 07:27:22'),
(9199, 1468, 'yearly_total', NULL, 0.00, NULL, NULL, '2026-06-11 07:27:22', '2026-06-11 07:27:22'),
(9200, 1468, 'note', NULL, NULL, NULL, NULL, '2026-06-11 07:27:22', '2026-06-11 07:27:22'),
(9201, 1469, 'item_name', 'ພາກວິຊາຄະນິດສາດ', NULL, NULL, NULL, '2026-06-11 07:27:22', '2026-06-11 07:27:22'),
(9202, 1469, 'reference', NULL, NULL, NULL, NULL, '2026-06-11 07:27:22', '2026-06-11 07:27:22'),
(9203, 1469, 'unit_price', NULL, 0.00, NULL, NULL, '2026-06-11 07:27:22', '2026-06-11 07:27:22'),
(9204, 1469, 'quantity', NULL, 1.00, NULL, NULL, '2026-06-11 07:27:22', '2026-06-11 07:27:22'),
(9205, 1469, 'yearly_total', NULL, 0.00, NULL, NULL, '2026-06-11 07:27:22', '2026-06-11 07:27:22'),
(9206, 1469, 'note', NULL, NULL, NULL, NULL, '2026-06-11 07:27:22', '2026-06-11 07:27:22'),
(9207, 1470, 'item_name', 'ພາກວິຊາຟິຊິກສາດ', NULL, NULL, NULL, '2026-06-11 07:27:22', '2026-06-11 07:27:22'),
(9208, 1470, 'reference', NULL, NULL, NULL, NULL, '2026-06-11 07:27:22', '2026-06-11 07:27:22'),
(9209, 1470, 'unit_price', NULL, 0.00, NULL, NULL, '2026-06-11 07:27:22', '2026-06-11 07:27:22'),
(9210, 1470, 'quantity', NULL, 1.00, NULL, NULL, '2026-06-11 07:27:22', '2026-06-11 07:27:22'),
(9211, 1470, 'yearly_total', NULL, 0.00, NULL, NULL, '2026-06-11 07:27:22', '2026-06-11 07:27:22'),
(9212, 1470, 'note', NULL, NULL, NULL, NULL, '2026-06-11 07:27:22', '2026-06-11 07:27:22'),
(9213, 1471, 'item_name', 'ພາກວິຊາເຄມີສາດ', NULL, NULL, NULL, '2026-06-11 07:27:22', '2026-06-11 07:27:22'),
(9214, 1471, 'reference', NULL, NULL, NULL, NULL, '2026-06-11 07:27:22', '2026-06-11 07:27:22'),
(9215, 1471, 'unit_price', NULL, 0.00, NULL, NULL, '2026-06-11 07:27:22', '2026-06-11 07:27:22'),
(9216, 1471, 'quantity', NULL, 1.00, NULL, NULL, '2026-06-11 07:27:22', '2026-06-11 07:27:22'),
(9217, 1471, 'yearly_total', NULL, 0.00, NULL, NULL, '2026-06-11 07:27:22', '2026-06-11 07:27:22'),
(9218, 1471, 'note', NULL, NULL, NULL, NULL, '2026-06-11 07:27:22', '2026-06-11 07:27:22'),
(9219, 1472, 'item_name', 'ພາກວິຊາຊີວະວິທະຍາ', NULL, NULL, NULL, '2026-06-11 07:27:22', '2026-06-11 07:27:22'),
(9220, 1472, 'reference', NULL, NULL, NULL, NULL, '2026-06-11 07:27:22', '2026-06-11 07:27:22'),
(9221, 1472, 'unit_price', NULL, 0.00, NULL, NULL, '2026-06-11 07:27:22', '2026-06-11 07:27:22'),
(9222, 1472, 'quantity', NULL, 1.00, NULL, NULL, '2026-06-11 07:27:22', '2026-06-11 07:27:22'),
(9223, 1472, 'yearly_total', NULL, 0.00, NULL, NULL, '2026-06-11 07:27:22', '2026-06-11 07:27:22'),
(9224, 1472, 'note', NULL, NULL, NULL, NULL, '2026-06-11 07:27:22', '2026-06-11 07:27:22'),
(9225, 1473, 'item_name', 'ພາກວິຊາວິທະຍາສາດຄອມພິວເຕີ', NULL, NULL, NULL, '2026-06-11 07:27:22', '2026-06-11 07:27:22'),
(9226, 1473, 'reference', NULL, NULL, NULL, NULL, '2026-06-11 07:27:22', '2026-06-11 07:27:22'),
(9227, 1473, 'unit_price', NULL, 0.00, NULL, NULL, '2026-06-11 07:27:22', '2026-06-11 07:27:22'),
(9228, 1473, 'quantity', NULL, 1.00, NULL, NULL, '2026-06-11 07:27:22', '2026-06-11 07:27:22'),
(9229, 1473, 'yearly_total', NULL, 0.00, NULL, NULL, '2026-06-11 07:27:22', '2026-06-11 07:27:22'),
(9230, 1473, 'note', NULL, NULL, NULL, NULL, '2026-06-11 07:27:22', '2026-06-11 07:27:22'),
(9231, 1474, 'item_name', 'ສຳນັກຄະນະບໍດີ', NULL, NULL, NULL, '2026-06-11 07:27:22', '2026-06-11 07:27:22'),
(9232, 1474, 'reference', NULL, NULL, NULL, NULL, '2026-06-11 07:27:22', '2026-06-11 07:27:22'),
(9233, 1474, 'unit_price', NULL, 0.00, NULL, NULL, '2026-06-11 07:27:22', '2026-06-11 07:27:22'),
(9234, 1474, 'quantity', NULL, 1.00, NULL, NULL, '2026-06-11 07:27:22', '2026-06-11 07:27:22'),
(9235, 1474, 'yearly_total', NULL, 0.00, NULL, NULL, '2026-06-11 07:27:22', '2026-06-11 07:27:22'),
(9236, 1474, 'note', NULL, NULL, NULL, NULL, '2026-06-11 07:27:22', '2026-06-11 07:27:22'),
(9237, 1475, 'item_name', 'ພາກວິຊາຄະນິດສາດ', NULL, NULL, NULL, '2026-06-11 07:27:22', '2026-06-11 07:27:22'),
(9238, 1475, 'reference', NULL, NULL, NULL, NULL, '2026-06-11 07:27:22', '2026-06-11 07:27:22'),
(9239, 1475, 'unit_price', NULL, 0.00, NULL, NULL, '2026-06-11 07:27:22', '2026-06-11 07:27:22'),
(9240, 1475, 'quantity', NULL, 1.00, NULL, NULL, '2026-06-11 07:27:22', '2026-06-11 07:27:22'),
(9241, 1475, 'yearly_total', NULL, 0.00, NULL, NULL, '2026-06-11 07:27:22', '2026-06-11 07:27:22'),
(9242, 1475, 'note', NULL, NULL, NULL, NULL, '2026-06-11 07:27:22', '2026-06-11 07:27:22'),
(9243, 1476, 'item_name', 'ພາກວິຊາຟິຊິກສາດ', NULL, NULL, NULL, '2026-06-11 07:27:22', '2026-06-11 07:27:22'),
(9244, 1476, 'reference', NULL, NULL, NULL, NULL, '2026-06-11 07:27:22', '2026-06-11 07:27:22'),
(9245, 1476, 'unit_price', NULL, 0.00, NULL, NULL, '2026-06-11 07:27:22', '2026-06-11 07:27:22'),
(9246, 1476, 'quantity', NULL, 1.00, NULL, NULL, '2026-06-11 07:27:22', '2026-06-11 07:27:22'),
(9247, 1476, 'yearly_total', NULL, 0.00, NULL, NULL, '2026-06-11 07:27:22', '2026-06-11 07:27:22'),
(9248, 1476, 'note', NULL, NULL, NULL, NULL, '2026-06-11 07:27:22', '2026-06-11 07:27:22'),
(9249, 1477, 'item_name', 'ພາກວິຊາເຄມີສາດ', NULL, NULL, NULL, '2026-06-11 07:27:22', '2026-06-11 07:27:22'),
(9250, 1477, 'reference', NULL, NULL, NULL, NULL, '2026-06-11 07:27:22', '2026-06-11 07:27:22'),
(9251, 1477, 'unit_price', NULL, 0.00, NULL, NULL, '2026-06-11 07:27:22', '2026-06-11 07:27:22'),
(9252, 1477, 'quantity', NULL, 1.00, NULL, NULL, '2026-06-11 07:27:22', '2026-06-11 07:27:22'),
(9253, 1477, 'yearly_total', NULL, 0.00, NULL, NULL, '2026-06-11 07:27:22', '2026-06-11 07:27:22'),
(9254, 1477, 'note', NULL, NULL, NULL, NULL, '2026-06-11 07:27:22', '2026-06-11 07:27:22'),
(9255, 1478, 'item_name', 'ພາກວິຊາຊີວະວິທະຍາ', NULL, NULL, NULL, '2026-06-11 07:27:22', '2026-06-11 07:27:22'),
(9256, 1478, 'reference', NULL, NULL, NULL, NULL, '2026-06-11 07:27:22', '2026-06-11 07:27:22'),
(9257, 1478, 'unit_price', NULL, 0.00, NULL, NULL, '2026-06-11 07:27:22', '2026-06-11 07:27:22'),
(9258, 1478, 'quantity', NULL, 1.00, NULL, NULL, '2026-06-11 07:27:22', '2026-06-11 07:27:22'),
(9259, 1478, 'yearly_total', NULL, 0.00, NULL, NULL, '2026-06-11 07:27:22', '2026-06-11 07:27:22'),
(9260, 1478, 'note', NULL, NULL, NULL, NULL, '2026-06-11 07:27:22', '2026-06-11 07:27:22'),
(9261, 1479, 'item_name', 'ພາກວິຊາວິທະຍາສາດຄອມພິວເຕີ', NULL, NULL, NULL, '2026-06-11 07:27:22', '2026-06-11 07:27:22'),
(9262, 1479, 'reference', NULL, NULL, NULL, NULL, '2026-06-11 07:27:22', '2026-06-11 07:27:22'),
(9263, 1479, 'unit_price', NULL, 0.00, NULL, NULL, '2026-06-11 07:27:22', '2026-06-11 07:27:22'),
(9264, 1479, 'quantity', NULL, 1.00, NULL, NULL, '2026-06-11 07:27:22', '2026-06-11 07:27:22'),
(9265, 1479, 'yearly_total', NULL, 0.00, NULL, NULL, '2026-06-11 07:27:22', '2026-06-11 07:27:22'),
(9266, 1479, 'note', NULL, NULL, NULL, NULL, '2026-06-11 07:27:22', '2026-06-11 07:27:22'),
(9267, 1480, 'item_name', 'ຄະນະບໍດີ', NULL, NULL, NULL, '2026-06-11 07:27:22', '2026-06-11 07:27:22'),
(9268, 1480, 'reference', NULL, NULL, NULL, NULL, '2026-06-11 07:27:22', '2026-06-11 07:27:22'),
(9269, 1480, 'amount_per_month', NULL, 0.00, NULL, NULL, '2026-06-11 07:27:22', '2026-06-11 07:27:22'),
(9270, 1480, 'month_count', NULL, 1.00, NULL, NULL, '2026-06-11 07:27:22', '2026-06-11 07:27:22'),
(9271, 1480, 'yearly_total', NULL, 0.00, NULL, NULL, '2026-06-11 07:27:22', '2026-06-11 07:27:22'),
(9272, 1480, 'note', 'ຈ່າງງົບລັດ', NULL, NULL, NULL, '2026-06-11 07:27:22', '2026-06-11 07:27:22'),
(9273, 1481, 'item_name', 'ຮອງຄະນະບໍດີ', NULL, NULL, NULL, '2026-06-11 07:27:22', '2026-06-11 07:27:22'),
(9274, 1481, 'reference', NULL, NULL, NULL, NULL, '2026-06-11 07:27:22', '2026-06-11 07:27:22'),
(9275, 1481, 'amount_per_month', NULL, 0.00, NULL, NULL, '2026-06-11 07:27:22', '2026-06-11 07:27:22'),
(9276, 1481, 'month_count', NULL, 1.00, NULL, NULL, '2026-06-11 07:27:22', '2026-06-11 07:27:22'),
(9277, 1481, 'yearly_total', NULL, 0.00, NULL, NULL, '2026-06-11 07:27:22', '2026-06-11 07:27:22'),
(9278, 1481, 'note', 'ຈ່າງງົບລັດ', NULL, NULL, NULL, '2026-06-11 07:27:22', '2026-06-11 07:27:22'),
(9279, 1482, 'item_name', 'ຫົວໜ້າພາກວິຊາ', NULL, NULL, NULL, '2026-06-11 07:27:22', '2026-06-11 07:27:22'),
(9280, 1482, 'reference', NULL, NULL, NULL, NULL, '2026-06-11 07:27:22', '2026-06-11 07:27:22'),
(9281, 1482, 'amount_per_month', NULL, 0.00, NULL, NULL, '2026-06-11 07:27:22', '2026-06-11 07:27:22'),
(9282, 1482, 'month_count', NULL, 1.00, NULL, NULL, '2026-06-11 07:27:22', '2026-06-11 07:27:22'),
(9283, 1482, 'yearly_total', NULL, 0.00, NULL, NULL, '2026-06-11 07:27:22', '2026-06-11 07:27:22'),
(9284, 1482, 'note', 'ຈ່າງງົບລັດ', NULL, NULL, NULL, '2026-06-11 07:27:22', '2026-06-11 07:27:22'),
(9285, 1483, 'item_name', 'ຫົວໜ້າພະແນກ', NULL, NULL, NULL, '2026-06-11 07:27:22', '2026-06-11 07:27:22'),
(9286, 1483, 'reference', NULL, NULL, NULL, NULL, '2026-06-11 07:27:22', '2026-06-11 07:27:22'),
(9287, 1483, 'amount_per_month', NULL, 0.00, NULL, NULL, '2026-06-11 07:27:22', '2026-06-11 07:27:22'),
(9288, 1483, 'month_count', NULL, 1.00, NULL, NULL, '2026-06-11 07:27:22', '2026-06-11 07:27:22'),
(9289, 1483, 'yearly_total', NULL, 0.00, NULL, NULL, '2026-06-11 07:27:22', '2026-06-11 07:27:22'),
(9290, 1483, 'note', 'ຈ່າງງົບລັດ', NULL, NULL, NULL, '2026-06-11 07:27:22', '2026-06-11 07:27:22'),
(9291, 1484, 'item_name', 'ຮອງຫົວໜ້າພາກວິຊາ', NULL, NULL, NULL, '2026-06-11 07:27:22', '2026-06-11 07:27:22'),
(9292, 1484, 'reference', NULL, NULL, NULL, NULL, '2026-06-11 07:27:22', '2026-06-11 07:27:22'),
(9293, 1484, 'amount_per_month', NULL, 0.00, NULL, NULL, '2026-06-11 07:27:22', '2026-06-11 07:27:22'),
(9294, 1484, 'month_count', NULL, 1.00, NULL, NULL, '2026-06-11 07:27:22', '2026-06-11 07:27:22'),
(9295, 1484, 'yearly_total', NULL, 0.00, NULL, NULL, '2026-06-11 07:27:22', '2026-06-11 07:27:22'),
(9296, 1484, 'note', 'ຈ່າງງົບລັດ', NULL, NULL, NULL, '2026-06-11 07:27:22', '2026-06-11 07:27:22'),
(9297, 1485, 'item_name', 'ຮອງຫົວໜ້າພະແນກ', NULL, NULL, NULL, '2026-06-11 07:27:22', '2026-06-11 07:27:22'),
(9298, 1485, 'reference', NULL, NULL, NULL, NULL, '2026-06-11 07:27:22', '2026-06-11 07:27:22'),
(9299, 1485, 'amount_per_month', NULL, 0.00, NULL, NULL, '2026-06-11 07:27:22', '2026-06-11 07:27:22'),
(9300, 1485, 'month_count', NULL, 1.00, NULL, NULL, '2026-06-11 07:27:22', '2026-06-11 07:27:22'),
(9301, 1485, 'yearly_total', NULL, 0.00, NULL, NULL, '2026-06-11 07:27:22', '2026-06-11 07:27:22'),
(9302, 1485, 'note', 'ຈ່າງງົບລັດ', NULL, NULL, NULL, '2026-06-11 07:27:22', '2026-06-11 07:27:22'),
(9303, 1486, 'item_name', 'ຫົວໜ້າໜ່ວຍງານ, ເລຂາ', NULL, NULL, NULL, '2026-06-11 07:27:22', '2026-06-11 07:27:22'),
(9304, 1486, 'reference', NULL, NULL, NULL, NULL, '2026-06-11 07:27:22', '2026-06-11 07:27:22'),
(9305, 1486, 'amount_per_month', NULL, 0.00, NULL, NULL, '2026-06-11 07:27:22', '2026-06-11 07:27:22'),
(9306, 1486, 'month_count', NULL, 1.00, NULL, NULL, '2026-06-11 07:27:22', '2026-06-11 07:27:22'),
(9307, 1486, 'yearly_total', NULL, 0.00, NULL, NULL, '2026-06-11 07:27:22', '2026-06-11 07:27:22'),
(9308, 1486, 'note', 'ຈ່າງງົບລັດ', NULL, NULL, NULL, '2026-06-11 07:27:22', '2026-06-11 07:27:22'),
(9309, 1487, 'item_name', 'ຫົວໜ້າໜ່ວຍວິຊາ', NULL, NULL, NULL, '2026-06-11 07:27:22', '2026-06-11 07:27:22'),
(9310, 1487, 'reference', NULL, NULL, NULL, NULL, '2026-06-11 07:27:22', '2026-06-11 07:27:22'),
(9311, 1487, 'amount_per_month', NULL, 0.00, NULL, NULL, '2026-06-11 07:27:22', '2026-06-11 07:27:22'),
(9312, 1487, 'month_count', NULL, 1.00, NULL, NULL, '2026-06-11 07:27:22', '2026-06-11 07:27:22'),
(9313, 1487, 'yearly_total', NULL, 0.00, NULL, NULL, '2026-06-11 07:27:22', '2026-06-11 07:27:22'),
(9314, 1487, 'note', 'ຈ່າງງົບລັດ', NULL, NULL, NULL, '2026-06-11 07:27:22', '2026-06-11 07:27:22'),
(9315, 1488, 'item_name', 'ໜ່ວຍງານ, ສາມອົງການຈັດຕັ້ງ', NULL, NULL, NULL, '2026-06-11 07:27:22', '2026-06-11 07:27:22'),
(9316, 1488, 'reference', NULL, NULL, NULL, NULL, '2026-06-11 07:27:22', '2026-06-11 07:27:22'),
(9317, 1488, 'amount_per_month', NULL, 0.00, NULL, NULL, '2026-06-11 07:27:22', '2026-06-11 07:27:22'),
(9318, 1488, 'month_count', NULL, 1.00, NULL, NULL, '2026-06-11 07:27:22', '2026-06-11 07:27:22'),
(9319, 1488, 'yearly_total', NULL, 0.00, NULL, NULL, '2026-06-11 07:27:22', '2026-06-11 07:27:22'),
(9320, 1488, 'note', 'ຈ່າງງົບລັດ', NULL, NULL, NULL, '2026-06-11 07:27:22', '2026-06-11 07:27:22'),
(9321, 1489, 'item_name', 'ສາມອົງການຈັດຕັ້ງມະຫາຊົນ', NULL, NULL, NULL, '2026-06-11 07:27:22', '2026-06-11 07:27:22'),
(9322, 1489, 'reference', NULL, NULL, NULL, NULL, '2026-06-11 07:27:22', '2026-06-11 07:27:22'),
(9323, 1489, 'amount_per_month', NULL, 0.00, NULL, NULL, '2026-06-11 07:27:22', '2026-06-11 07:27:22'),
(9324, 1489, 'month_count', NULL, 1.00, NULL, NULL, '2026-06-11 07:27:22', '2026-06-11 07:27:22'),
(9325, 1489, 'yearly_total', NULL, 0.00, NULL, NULL, '2026-06-11 07:27:22', '2026-06-11 07:27:22'),
(9326, 1489, 'note', 'ຈ່າງງົບລັດ', NULL, NULL, NULL, '2026-06-11 07:27:22', '2026-06-11 07:27:22'),
(9327, 1490, 'item_name', 'ຄະນະບໍດີ', NULL, NULL, NULL, '2026-06-11 07:27:22', '2026-06-11 07:27:22'),
(9328, 1490, 'reference', NULL, NULL, NULL, NULL, '2026-06-11 07:27:22', '2026-06-11 07:27:22'),
(9329, 1490, 'amount_per_month', NULL, 0.00, NULL, NULL, '2026-06-11 07:27:22', '2026-06-11 07:27:22'),
(9330, 1490, 'month_count', NULL, 1.00, NULL, NULL, '2026-06-11 07:27:22', '2026-06-11 07:27:22'),
(9331, 1490, 'yearly_total', NULL, 0.00, NULL, NULL, '2026-06-11 07:27:22', '2026-06-11 07:27:22'),
(9332, 1490, 'note', 'ໃຊ້ງົບລັດ', NULL, NULL, NULL, '2026-06-11 07:27:22', '2026-06-11 07:27:22'),
(9333, 1491, 'item_name', 'ຮອງຄະນະບໍດີ, ຫົວໜ້າພາກວິຊາ', NULL, NULL, NULL, '2026-06-11 07:27:22', '2026-06-11 07:27:22'),
(9334, 1491, 'reference', NULL, NULL, NULL, NULL, '2026-06-11 07:27:22', '2026-06-11 07:27:22'),
(9335, 1491, 'amount_per_month', NULL, 0.00, NULL, NULL, '2026-06-11 07:27:22', '2026-06-11 07:27:22'),
(9336, 1491, 'month_count', NULL, 1.00, NULL, NULL, '2026-06-11 07:27:22', '2026-06-11 07:27:22'),
(9337, 1491, 'yearly_total', NULL, 0.00, NULL, NULL, '2026-06-11 07:27:22', '2026-06-11 07:27:22'),
(9338, 1491, 'note', 'ໃຊ້ງົບລັດ', NULL, NULL, NULL, '2026-06-11 07:27:22', '2026-06-11 07:27:22'),
(9339, 1492, 'item_name', 'ຫົວໜ້າພະແນກ, ຮອງພາກວິຊາ', NULL, NULL, NULL, '2026-06-11 07:27:22', '2026-06-11 07:27:22'),
(9340, 1492, 'reference', NULL, NULL, NULL, NULL, '2026-06-11 07:27:22', '2026-06-11 07:27:22'),
(9341, 1492, 'amount_per_month', NULL, 0.00, NULL, NULL, '2026-06-11 07:27:22', '2026-06-11 07:27:22'),
(9342, 1492, 'month_count', NULL, 1.00, NULL, NULL, '2026-06-11 07:27:22', '2026-06-11 07:27:22'),
(9343, 1492, 'yearly_total', NULL, 0.00, NULL, NULL, '2026-06-11 07:27:22', '2026-06-11 07:27:22'),
(9344, 1492, 'note', 'ໃຊ້ງົບລັດ', NULL, NULL, NULL, '2026-06-11 07:27:22', '2026-06-11 07:27:22'),
(9345, 1493, 'item_name', 'ຮອງຫົວໜ້າພະແນກ, ຮສ ແລະ ຫົວໜ້າໜ່ວຍວິຊາ', NULL, NULL, NULL, '2026-06-11 07:27:22', '2026-06-11 07:27:22'),
(9346, 1493, 'reference', NULL, NULL, NULL, NULL, '2026-06-11 07:27:22', '2026-06-11 07:27:22'),
(9347, 1493, 'amount_per_month', NULL, 0.00, NULL, NULL, '2026-06-11 07:27:22', '2026-06-11 07:27:22'),
(9348, 1493, 'month_count', NULL, 1.00, NULL, NULL, '2026-06-11 07:27:22', '2026-06-11 07:27:22'),
(9349, 1493, 'yearly_total', NULL, 0.00, NULL, NULL, '2026-06-11 07:27:22', '2026-06-11 07:27:22'),
(9350, 1493, 'note', 'ໃຊ້ງົບລັດ', NULL, NULL, NULL, '2026-06-11 07:27:22', '2026-06-11 07:27:22'),
(9351, 1494, 'item_name', 'ຮອງຫົວໜ້າໜ່ວຍວິຊາ, ຫົວໜ້າໜ່ວຍງານ', NULL, NULL, NULL, '2026-06-11 07:27:22', '2026-06-11 07:27:22'),
(9352, 1494, 'reference', NULL, NULL, NULL, NULL, '2026-06-11 07:27:22', '2026-06-11 07:27:22'),
(9353, 1494, 'amount_per_month', NULL, 0.00, NULL, NULL, '2026-06-11 07:27:22', '2026-06-11 07:27:22'),
(9354, 1494, 'month_count', NULL, 1.00, NULL, NULL, '2026-06-11 07:27:22', '2026-06-11 07:27:22'),
(9355, 1494, 'yearly_total', NULL, 0.00, NULL, NULL, '2026-06-11 07:27:22', '2026-06-11 07:27:22'),
(9356, 1494, 'note', 'ໃຊ້ງົບລັດ', NULL, NULL, NULL, '2026-06-11 07:27:22', '2026-06-11 07:27:22'),
(9357, 1495, 'item_name', 'ຮອງຫົວໜ້າໜ່ວຍງານ', NULL, NULL, NULL, '2026-06-11 07:27:22', '2026-06-11 07:27:22'),
(9358, 1495, 'reference', NULL, NULL, NULL, NULL, '2026-06-11 07:27:22', '2026-06-11 07:27:22'),
(9359, 1495, 'amount_per_month', NULL, 0.00, NULL, NULL, '2026-06-11 07:27:22', '2026-06-11 07:27:22'),
(9360, 1495, 'month_count', NULL, 1.00, NULL, NULL, '2026-06-11 07:27:22', '2026-06-11 07:27:22'),
(9361, 1495, 'yearly_total', NULL, 0.00, NULL, NULL, '2026-06-11 07:27:22', '2026-06-11 07:27:22'),
(9362, 1495, 'note', 'ໃຊ້ງົບລັດ', NULL, NULL, NULL, '2026-06-11 07:27:22', '2026-06-11 07:27:22'),
(9363, 1496, 'item_name', 'ອາຈານ ແລະ ພະນັກງານທົ່ວໄປ', NULL, NULL, NULL, '2026-06-11 07:27:22', '2026-06-11 07:27:22'),
(9364, 1496, 'reference', NULL, NULL, NULL, NULL, '2026-06-11 07:27:22', '2026-06-11 07:27:22'),
(9365, 1496, 'amount_per_month', NULL, 0.00, NULL, NULL, '2026-06-11 07:27:22', '2026-06-11 07:27:22'),
(9366, 1496, 'month_count', NULL, 1.00, NULL, NULL, '2026-06-11 07:27:22', '2026-06-11 07:27:22'),
(9367, 1496, 'yearly_total', NULL, 0.00, NULL, NULL, '2026-06-11 07:27:22', '2026-06-11 07:27:22'),
(9368, 1496, 'note', 'ໃຊ້ງົບລັດ', NULL, NULL, NULL, '2026-06-11 07:27:22', '2026-06-11 07:27:22'),
(9369, 1497, 'item_name', 'ຄ່າແຮງງານພະນັກງານສັນຍາຈ້າງສຳນັກ', NULL, NULL, NULL, '2026-06-11 07:27:22', '2026-06-11 07:27:22'),
(9370, 1497, 'reference', NULL, NULL, NULL, NULL, '2026-06-11 07:27:22', '2026-06-11 07:27:22'),
(9371, 1497, 'amount_per_month', NULL, 0.00, NULL, NULL, '2026-06-11 07:27:22', '2026-06-11 07:27:22'),
(9372, 1497, 'month_count', NULL, 1.00, NULL, NULL, '2026-06-11 07:27:22', '2026-06-11 07:27:22'),
(9373, 1497, 'yearly_total', NULL, 0.00, NULL, NULL, '2026-06-11 07:27:22', '2026-06-11 07:27:22'),
(9374, 1497, 'note', NULL, NULL, NULL, NULL, '2026-06-11 07:27:22', '2026-06-11 07:27:22'),
(9375, 1498, 'item_name', 'ຄ່າແຮງງານພະນັກງານສັນຍາຈ້າງຂັບລົດ', NULL, NULL, NULL, '2026-06-11 07:27:22', '2026-06-11 07:27:22'),
(9376, 1498, 'reference', NULL, NULL, NULL, NULL, '2026-06-11 07:27:22', '2026-06-11 07:27:22'),
(9377, 1498, 'amount_per_month', NULL, 0.00, NULL, NULL, '2026-06-11 07:27:22', '2026-06-11 07:27:22'),
(9378, 1498, 'month_count', NULL, 1.00, NULL, NULL, '2026-06-11 07:27:22', '2026-06-11 07:27:22'),
(9379, 1498, 'yearly_total', NULL, 0.00, NULL, NULL, '2026-06-11 07:27:22', '2026-06-11 07:27:22'),
(9380, 1498, 'note', NULL, NULL, NULL, NULL, '2026-06-11 07:27:22', '2026-06-11 07:27:22'),
(9381, 1499, 'item_name', 'ສັນຍາຈ້າງບຳລູງຮັກສາລະບົບຂໍ້ມູນຂ່າວສານ (ICT)', NULL, NULL, NULL, '2026-06-11 07:27:22', '2026-06-11 07:27:22'),
(9382, 1499, 'reference', NULL, NULL, NULL, NULL, '2026-06-11 07:27:22', '2026-06-11 07:27:22'),
(9383, 1499, 'amount_per_month', NULL, 0.00, NULL, NULL, '2026-06-11 07:27:22', '2026-06-11 07:27:22'),
(9384, 1499, 'month_count', NULL, 1.00, NULL, NULL, '2026-06-11 07:27:22', '2026-06-11 07:27:22'),
(9385, 1499, 'yearly_total', NULL, 0.00, NULL, NULL, '2026-06-11 07:27:22', '2026-06-11 07:27:22'),
(9386, 1499, 'note', NULL, NULL, NULL, NULL, '2026-06-11 07:27:22', '2026-06-11 07:27:22'),
(9387, 1500, 'item_name', 'ອຸດໜູນພະນັກງານລົງທະບຽນ', NULL, NULL, NULL, '2026-06-11 07:27:22', '2026-06-11 07:27:22'),
(9388, 1500, 'reference', NULL, NULL, NULL, NULL, '2026-06-11 07:27:22', '2026-06-11 07:27:22'),
(9389, 1500, 'amount_per_month', NULL, 0.00, NULL, NULL, '2026-06-11 07:27:22', '2026-06-11 07:27:22'),
(9390, 1500, 'month_count', NULL, 1.00, NULL, NULL, '2026-06-11 07:27:22', '2026-06-11 07:27:22'),
(9391, 1500, 'yearly_total', NULL, 0.00, NULL, NULL, '2026-06-11 07:27:22', '2026-06-11 07:27:22'),
(9392, 1500, 'note', NULL, NULL, NULL, NULL, '2026-06-11 07:27:22', '2026-06-11 07:27:22'),
(9393, 1501, 'item_name', 'ອຸໜູນການສອບເສັງ', NULL, NULL, NULL, '2026-06-11 07:27:22', '2026-06-11 07:27:22'),
(9394, 1501, 'reference', NULL, NULL, NULL, NULL, '2026-06-11 07:27:22', '2026-06-11 07:27:22'),
(9395, 1501, 'amount_per_month', NULL, 0.00, NULL, NULL, '2026-06-11 07:27:22', '2026-06-11 07:27:22'),
(9396, 1501, 'month_count', NULL, 1.00, NULL, NULL, '2026-06-11 07:27:22', '2026-06-11 07:27:22'),
(9397, 1501, 'yearly_total', NULL, 0.00, NULL, NULL, '2026-06-11 07:27:22', '2026-06-11 07:27:22'),
(9398, 1501, 'note', NULL, NULL, NULL, NULL, '2026-06-11 07:27:22', '2026-06-11 07:27:22'),
(9399, 1502, 'item_name', 'ອຸດໜູນການກວດສອບງົບປະມານ', NULL, NULL, NULL, '2026-06-11 07:27:22', '2026-06-11 07:27:22'),
(9400, 1502, 'reference', NULL, NULL, NULL, NULL, '2026-06-11 07:27:22', '2026-06-11 07:27:22'),
(9401, 1502, 'amount_per_month', NULL, 0.00, NULL, NULL, '2026-06-11 07:27:22', '2026-06-11 07:27:22'),
(9402, 1502, 'month_count', NULL, 1.00, NULL, NULL, '2026-06-11 07:27:22', '2026-06-11 07:27:22'),
(9403, 1502, 'yearly_total', NULL, 0.00, NULL, NULL, '2026-06-11 07:27:22', '2026-06-11 07:27:22'),
(9404, 1502, 'note', NULL, NULL, NULL, NULL, '2026-06-11 07:27:22', '2026-06-11 07:27:22'),
(9405, 1503, 'item_name', 'ອຸດໜູນການເຮັດວຽກຕາມຂໍ້ຕົກລົງຕ່າງໆ', NULL, NULL, NULL, '2026-06-11 07:27:22', '2026-06-11 07:27:22'),
(9406, 1503, 'reference', NULL, NULL, NULL, NULL, '2026-06-11 07:27:22', '2026-06-11 07:27:22'),
(9407, 1503, 'amount_per_month', NULL, 0.00, NULL, NULL, '2026-06-11 07:27:22', '2026-06-11 07:27:22'),
(9408, 1503, 'month_count', NULL, 1.00, NULL, NULL, '2026-06-11 07:27:22', '2026-06-11 07:27:22'),
(9409, 1503, 'yearly_total', NULL, 0.00, NULL, NULL, '2026-06-11 07:27:22', '2026-06-11 07:27:22'),
(9410, 1503, 'note', NULL, NULL, NULL, NULL, '2026-06-11 07:27:22', '2026-06-11 07:27:22'),
(9411, 1504, 'item_name', 'ອຸດໜູນການບໍລິຫານເທີມສາມ', NULL, NULL, NULL, '2026-06-11 07:27:22', '2026-06-11 07:27:22'),
(9412, 1504, 'reference', NULL, NULL, NULL, NULL, '2026-06-11 07:27:22', '2026-06-11 07:27:22'),
(9413, 1504, 'amount_per_month', NULL, 0.00, NULL, NULL, '2026-06-11 07:27:22', '2026-06-11 07:27:22'),
(9414, 1504, 'month_count', NULL, 1.00, NULL, NULL, '2026-06-11 07:27:22', '2026-06-11 07:27:22'),
(9415, 1504, 'yearly_total', NULL, 0.00, NULL, NULL, '2026-06-11 07:27:22', '2026-06-11 07:27:22'),
(9416, 1504, 'note', NULL, NULL, NULL, NULL, '2026-06-11 07:27:22', '2026-06-11 07:27:22'),
(9417, 1505, 'item_name', 'ອຸດໜູນກະກຽມສະຫລຸບການເງິນ', NULL, NULL, NULL, '2026-06-11 07:27:22', '2026-06-11 07:27:22');
INSERT INTO `expense_plan_values` (`id`, `expense_plan_id`, `field_key`, `value_text`, `value_number`, `value_date`, `value_boolean`, `created_at`, `updated_at`) VALUES
(9418, 1505, 'reference', NULL, NULL, NULL, NULL, '2026-06-11 07:27:22', '2026-06-11 07:27:22'),
(9419, 1505, 'amount_per_month', NULL, 0.00, NULL, NULL, '2026-06-11 07:27:22', '2026-06-11 07:27:22'),
(9420, 1505, 'month_count', NULL, 1.00, NULL, NULL, '2026-06-11 07:27:22', '2026-06-11 07:27:22'),
(9421, 1505, 'yearly_total', NULL, 0.00, NULL, NULL, '2026-06-11 07:27:22', '2026-06-11 07:27:22'),
(9422, 1505, 'note', NULL, NULL, NULL, NULL, '2026-06-11 07:27:22', '2026-06-11 07:27:22'),
(9423, 1506, 'item_name', 'ອຸດໜູນການບໍລິຫານ ປໍ ໂທ', NULL, NULL, NULL, '2026-06-11 07:27:22', '2026-06-11 07:27:22'),
(9424, 1506, 'reference', NULL, NULL, NULL, NULL, '2026-06-11 07:27:22', '2026-06-11 07:27:22'),
(9425, 1506, 'amount_per_month', NULL, 0.00, NULL, NULL, '2026-06-11 07:27:22', '2026-06-11 07:27:22'),
(9426, 1506, 'month_count', NULL, 1.00, NULL, NULL, '2026-06-11 07:27:22', '2026-06-11 07:27:22'),
(9427, 1506, 'yearly_total', NULL, 0.00, NULL, NULL, '2026-06-11 07:27:22', '2026-06-11 07:27:22'),
(9428, 1506, 'note', NULL, NULL, NULL, NULL, '2026-06-11 07:27:22', '2026-06-11 07:27:22'),
(9429, 1507, 'item_name', 'ອຸດໜູນການນໍາພາບົດວິທະຍານິພົນ', NULL, NULL, NULL, '2026-06-11 07:27:22', '2026-06-11 07:27:22'),
(9430, 1507, 'reference', NULL, NULL, NULL, NULL, '2026-06-11 07:27:22', '2026-06-11 07:27:22'),
(9431, 1507, 'amount_per_month', NULL, 0.00, NULL, NULL, '2026-06-11 07:27:22', '2026-06-11 07:27:22'),
(9432, 1507, 'month_count', NULL, 1.00, NULL, NULL, '2026-06-11 07:27:22', '2026-06-11 07:27:22'),
(9433, 1507, 'yearly_total', NULL, 0.00, NULL, NULL, '2026-06-11 07:27:22', '2026-06-11 07:27:22'),
(9434, 1507, 'note', NULL, NULL, NULL, NULL, '2026-06-11 07:27:22', '2026-06-11 07:27:22'),
(9435, 1508, 'item_name', 'ຄ່າຊົ່ວໂມງສອນພາກພິເສດ', NULL, NULL, NULL, '2026-06-11 07:27:22', '2026-06-11 07:27:22'),
(9436, 1508, 'reference', NULL, NULL, NULL, NULL, '2026-06-11 07:27:22', '2026-06-11 07:27:22'),
(9437, 1508, 'unit_price', NULL, 0.00, NULL, NULL, '2026-06-11 07:27:22', '2026-06-11 07:27:22'),
(9438, 1508, 'quantity', NULL, 1.00, NULL, NULL, '2026-06-11 07:27:22', '2026-06-11 07:27:22'),
(9439, 1508, 'frequency_count', NULL, 1.00, NULL, NULL, '2026-06-11 07:27:22', '2026-06-11 07:27:22'),
(9440, 1508, 'yearly_total', NULL, 0.00, NULL, NULL, '2026-06-11 07:27:22', '2026-06-11 07:27:22'),
(9441, 1508, 'note', NULL, NULL, NULL, NULL, '2026-06-11 07:27:22', '2026-06-11 07:27:22'),
(9442, 1509, 'item_name', 'ຄ່າຊົ່ວໂມງສອນເທີມສາມ', NULL, NULL, NULL, '2026-06-11 07:27:22', '2026-06-11 07:27:22'),
(9443, 1509, 'reference', NULL, NULL, NULL, NULL, '2026-06-11 07:27:22', '2026-06-11 07:27:22'),
(9444, 1509, 'unit_price', NULL, 0.00, NULL, NULL, '2026-06-11 07:27:22', '2026-06-11 07:27:22'),
(9445, 1509, 'quantity', NULL, 1.00, NULL, NULL, '2026-06-11 07:27:22', '2026-06-11 07:27:22'),
(9446, 1509, 'frequency_count', NULL, 1.00, NULL, NULL, '2026-06-11 07:27:22', '2026-06-11 07:27:22'),
(9447, 1509, 'yearly_total', NULL, 0.00, NULL, NULL, '2026-06-11 07:27:22', '2026-06-11 07:27:22'),
(9448, 1509, 'note', NULL, NULL, NULL, NULL, '2026-06-11 07:27:22', '2026-06-11 07:27:22'),
(9449, 1510, 'item_name', 'ຄ່າຊົ່ວໂມງສອນປະລິນຍາໂທ', NULL, NULL, NULL, '2026-06-11 07:27:22', '2026-06-11 07:27:22'),
(9450, 1510, 'reference', NULL, NULL, NULL, NULL, '2026-06-11 07:27:22', '2026-06-11 07:27:22'),
(9451, 1510, 'unit_price', NULL, 0.00, NULL, NULL, '2026-06-11 07:27:22', '2026-06-11 07:27:22'),
(9452, 1510, 'quantity', NULL, 1.00, NULL, NULL, '2026-06-11 07:27:22', '2026-06-11 07:27:22'),
(9453, 1510, 'frequency_count', NULL, 1.00, NULL, NULL, '2026-06-11 07:27:22', '2026-06-11 07:27:22'),
(9454, 1510, 'yearly_total', NULL, 0.00, NULL, NULL, '2026-06-11 07:27:22', '2026-06-11 07:27:22'),
(9455, 1510, 'note', NULL, NULL, NULL, NULL, '2026-06-11 07:27:22', '2026-06-11 07:27:22'),
(9456, 1511, 'item_name', 'ຄ່າກຳມະການສອບເສັງຈົບຊັ້ນ', NULL, NULL, NULL, '2026-06-11 07:27:22', '2026-06-11 07:27:22'),
(9457, 1511, 'reference', NULL, NULL, NULL, NULL, '2026-06-11 07:27:22', '2026-06-11 07:27:22'),
(9458, 1511, 'unit_price', NULL, 0.00, NULL, NULL, '2026-06-11 07:27:22', '2026-06-11 07:27:22'),
(9459, 1511, 'quantity', NULL, 1.00, NULL, NULL, '2026-06-11 07:27:22', '2026-06-11 07:27:22'),
(9460, 1511, 'frequency_count', NULL, 1.00, NULL, NULL, '2026-06-11 07:27:22', '2026-06-11 07:27:22'),
(9461, 1511, 'yearly_total', NULL, 0.00, NULL, NULL, '2026-06-11 07:27:22', '2026-06-11 07:27:22'),
(9462, 1511, 'note', NULL, NULL, NULL, NULL, '2026-06-11 07:27:22', '2026-06-11 07:27:22'),
(9463, 1512, 'item_name', 'ຄ່າຍາມຫ້ອງເສັງ', NULL, NULL, NULL, '2026-06-11 07:27:22', '2026-06-11 07:27:22'),
(9464, 1512, 'reference', NULL, NULL, NULL, NULL, '2026-06-11 07:27:22', '2026-06-11 07:27:22'),
(9465, 1512, 'unit_price', NULL, 0.00, NULL, NULL, '2026-06-11 07:27:22', '2026-06-11 07:27:22'),
(9466, 1512, 'quantity', NULL, 1.00, NULL, NULL, '2026-06-11 07:27:22', '2026-06-11 07:27:22'),
(9467, 1512, 'frequency_count', NULL, 1.00, NULL, NULL, '2026-06-11 07:27:22', '2026-06-11 07:27:22'),
(9468, 1512, 'yearly_total', NULL, 0.00, NULL, NULL, '2026-06-11 07:27:22', '2026-06-11 07:27:22'),
(9469, 1512, 'note', NULL, NULL, NULL, NULL, '2026-06-11 07:27:22', '2026-06-11 07:27:22'),
(9470, 1513, 'item_name', 'ຄ່າອອກຫົວບົດ ແລະ ກວດບົດ', NULL, NULL, NULL, '2026-06-11 07:27:22', '2026-06-11 07:27:22'),
(9471, 1513, 'reference', NULL, NULL, NULL, NULL, '2026-06-11 07:27:22', '2026-06-11 07:27:22'),
(9472, 1513, 'unit_price', NULL, 0.00, NULL, NULL, '2026-06-11 07:27:22', '2026-06-11 07:27:22'),
(9473, 1513, 'quantity', NULL, 1.00, NULL, NULL, '2026-06-11 07:27:22', '2026-06-11 07:27:22'),
(9474, 1513, 'frequency_count', NULL, 1.00, NULL, NULL, '2026-06-11 07:27:22', '2026-06-11 07:27:22'),
(9475, 1513, 'yearly_total', NULL, 0.00, NULL, NULL, '2026-06-11 07:27:22', '2026-06-11 07:27:22'),
(9476, 1513, 'note', NULL, NULL, NULL, NULL, '2026-06-11 07:27:22', '2026-06-11 07:27:22'),
(9477, 1514, 'item_name', 'ຄ່າບໍລິການສອບເສັງປະລິນຍາໂທ', NULL, NULL, NULL, '2026-06-11 07:27:22', '2026-06-11 07:27:22'),
(9478, 1514, 'reference', NULL, NULL, NULL, NULL, '2026-06-11 07:27:22', '2026-06-11 07:27:22'),
(9479, 1514, 'unit_price', NULL, 0.00, NULL, NULL, '2026-06-11 07:27:22', '2026-06-11 07:27:22'),
(9480, 1514, 'quantity', NULL, 1.00, NULL, NULL, '2026-06-11 07:27:22', '2026-06-11 07:27:22'),
(9481, 1514, 'frequency_count', NULL, 1.00, NULL, NULL, '2026-06-11 07:27:22', '2026-06-11 07:27:22'),
(9482, 1514, 'yearly_total', NULL, 0.00, NULL, NULL, '2026-06-11 07:27:22', '2026-06-11 07:27:22'),
(9483, 1514, 'note', NULL, NULL, NULL, NULL, '2026-06-11 07:27:22', '2026-06-11 07:27:22'),
(9484, 1515, 'item_name', 'ຄ່າຊີ້ນຳບົດໂຄງການຈົບຊັ້ນ', NULL, NULL, NULL, '2026-06-11 07:27:22', '2026-06-11 07:27:22'),
(9485, 1515, 'reference', NULL, NULL, NULL, NULL, '2026-06-11 07:27:22', '2026-06-11 07:27:22'),
(9486, 1515, 'unit_price', NULL, 0.00, NULL, NULL, '2026-06-11 07:27:22', '2026-06-11 07:27:22'),
(9487, 1515, 'quantity', NULL, 1.00, NULL, NULL, '2026-06-11 07:27:22', '2026-06-11 07:27:22'),
(9488, 1515, 'frequency_count', NULL, 1.00, NULL, NULL, '2026-06-11 07:27:22', '2026-06-11 07:27:22'),
(9489, 1515, 'yearly_total', NULL, 0.00, NULL, NULL, '2026-06-11 07:27:22', '2026-06-11 07:27:22'),
(9490, 1515, 'note', NULL, NULL, NULL, NULL, '2026-06-11 07:27:22', '2026-06-11 07:27:22'),
(9491, 1516, 'item_name', 'ຄ່າກຳມະການປ້ອງກັນບົດຈົບຊັ້ນ', NULL, NULL, NULL, '2026-06-11 07:27:22', '2026-06-11 07:27:22'),
(9492, 1516, 'reference', NULL, NULL, NULL, NULL, '2026-06-11 07:27:22', '2026-06-11 07:27:22'),
(9493, 1516, 'unit_price', NULL, 0.00, NULL, NULL, '2026-06-11 07:27:22', '2026-06-11 07:27:22'),
(9494, 1516, 'quantity', NULL, 1.00, NULL, NULL, '2026-06-11 07:27:22', '2026-06-11 07:27:22'),
(9495, 1516, 'frequency_count', NULL, 1.00, NULL, NULL, '2026-06-11 07:27:22', '2026-06-11 07:27:22'),
(9496, 1516, 'yearly_total', NULL, 0.00, NULL, NULL, '2026-06-11 07:27:22', '2026-06-11 07:27:22'),
(9497, 1516, 'note', NULL, NULL, NULL, NULL, '2026-06-11 07:27:22', '2026-06-11 07:27:22'),
(9498, 1517, 'item_name', 'ຄ່າດຳເນີນບົດໂຄງການຈົບຊັ້ນປະລິນຍາໂທ', NULL, NULL, NULL, '2026-06-11 07:27:22', '2026-06-11 07:27:22'),
(9499, 1517, 'reference', NULL, NULL, NULL, NULL, '2026-06-11 07:27:22', '2026-06-11 07:27:22'),
(9500, 1517, 'unit_price', NULL, 0.00, NULL, NULL, '2026-06-11 07:27:22', '2026-06-11 07:27:22'),
(9501, 1517, 'quantity', NULL, 1.00, NULL, NULL, '2026-06-11 07:27:22', '2026-06-11 07:27:22'),
(9502, 1517, 'frequency_count', NULL, 1.00, NULL, NULL, '2026-06-11 07:27:22', '2026-06-11 07:27:22'),
(9503, 1517, 'yearly_total', NULL, 0.00, NULL, NULL, '2026-06-11 07:27:22', '2026-06-11 07:27:22'),
(9504, 1517, 'note', NULL, NULL, NULL, NULL, '2026-06-11 07:27:22', '2026-06-11 07:27:22'),
(9505, 1518, 'item_name', 'ບໍລິຈາກເລືອດຄັ້ງທີ I', NULL, NULL, NULL, '2026-06-11 07:27:22', '2026-06-11 07:27:22'),
(9506, 1518, 'reference', NULL, NULL, NULL, NULL, '2026-06-11 07:27:22', '2026-06-11 07:27:22'),
(9507, 1518, 'unit_price', NULL, 0.00, NULL, NULL, '2026-06-11 07:27:22', '2026-06-11 07:27:22'),
(9508, 1518, 'event_count', NULL, 1.00, NULL, NULL, '2026-06-11 07:27:22', '2026-06-11 07:27:22'),
(9509, 1518, 'people_count', NULL, 1.00, NULL, NULL, '2026-06-11 07:27:22', '2026-06-11 07:27:22'),
(9510, 1518, 'yearly_total', NULL, 0.00, NULL, NULL, '2026-06-11 07:27:22', '2026-06-11 07:27:22'),
(9511, 1518, 'note', NULL, NULL, NULL, NULL, '2026-06-11 07:27:22', '2026-06-11 07:27:22'),
(9512, 1519, 'item_name', 'ບໍລິຈາກເລືອດຄັ້ງທີ II', NULL, NULL, NULL, '2026-06-11 07:27:22', '2026-06-11 07:27:22'),
(9513, 1519, 'reference', NULL, NULL, NULL, NULL, '2026-06-11 07:27:22', '2026-06-11 07:27:22'),
(9514, 1519, 'unit_price', NULL, 0.00, NULL, NULL, '2026-06-11 07:27:22', '2026-06-11 07:27:22'),
(9515, 1519, 'event_count', NULL, 1.00, NULL, NULL, '2026-06-11 07:27:22', '2026-06-11 07:27:22'),
(9516, 1519, 'people_count', NULL, 1.00, NULL, NULL, '2026-06-11 07:27:22', '2026-06-11 07:27:22'),
(9517, 1519, 'yearly_total', NULL, 0.00, NULL, NULL, '2026-06-11 07:27:22', '2026-06-11 07:27:22'),
(9518, 1519, 'note', NULL, NULL, NULL, NULL, '2026-06-11 07:27:22', '2026-06-11 07:27:22'),
(9519, 1520, 'item_name', 'ການແຂ່ງຂັນກິລາຊາວໜຸ່ມ', NULL, NULL, NULL, '2026-06-11 07:27:22', '2026-06-11 07:27:22'),
(9520, 1520, 'reference', NULL, NULL, NULL, NULL, '2026-06-11 07:27:22', '2026-06-11 07:27:22'),
(9521, 1520, 'yearly_total', NULL, 0.00, NULL, NULL, '2026-06-11 07:27:22', '2026-06-11 07:27:22'),
(9522, 1520, 'note', NULL, NULL, NULL, NULL, '2026-06-11 07:27:22', '2026-06-11 07:27:22'),
(9523, 1521, 'item_name', 'ການເຄື່ອງໄຫວກິລາພາຍໃນ', NULL, NULL, NULL, '2026-06-11 07:27:22', '2026-06-11 07:27:22'),
(9524, 1521, 'reference', NULL, NULL, NULL, NULL, '2026-06-11 07:27:22', '2026-06-11 07:27:22'),
(9525, 1521, 'yearly_total', NULL, 0.00, NULL, NULL, '2026-06-11 07:27:22', '2026-06-11 07:27:22'),
(9526, 1521, 'note', NULL, NULL, NULL, NULL, '2026-06-11 07:27:22', '2026-06-11 07:27:22'),
(9527, 1522, 'item_name', 'ການເຄື່ອນໄຫວກິລາກັບທາງນອກ', NULL, NULL, NULL, '2026-06-11 07:27:22', '2026-06-11 07:27:22'),
(9528, 1522, 'reference', NULL, NULL, NULL, NULL, '2026-06-11 07:27:22', '2026-06-11 07:27:22'),
(9529, 1522, 'yearly_total', NULL, 0.00, NULL, NULL, '2026-06-11 07:27:22', '2026-06-11 07:27:22'),
(9530, 1522, 'note', NULL, NULL, NULL, NULL, '2026-06-11 07:27:22', '2026-06-11 07:27:22'),
(9531, 1523, 'item_name', 'ການເຄື່ອນໄຫວສິນລະປະກຳຂອງນັກສຶກສາ', NULL, NULL, NULL, '2026-06-11 07:27:22', '2026-06-11 07:27:22'),
(9532, 1523, 'reference', NULL, NULL, NULL, NULL, '2026-06-11 07:27:22', '2026-06-11 07:27:22'),
(9533, 1523, 'yearly_total', NULL, 0.00, NULL, NULL, '2026-06-11 07:27:22', '2026-06-11 07:27:22'),
(9534, 1523, 'note', NULL, NULL, NULL, NULL, '2026-06-11 07:27:22', '2026-06-11 07:27:22'),
(9535, 1524, 'item_name', 'ການຝຶກຊ້ອມສິນລະປະວັນນະຄະດີ', NULL, NULL, NULL, '2026-06-11 07:27:22', '2026-06-11 07:27:22'),
(9536, 1524, 'reference', NULL, NULL, NULL, NULL, '2026-06-11 07:27:22', '2026-06-11 07:27:22'),
(9537, 1524, 'yearly_total', NULL, 0.00, NULL, NULL, '2026-06-11 07:27:22', '2026-06-11 07:27:22'),
(9538, 1524, 'note', NULL, NULL, NULL, NULL, '2026-06-11 07:27:22', '2026-06-11 07:27:22'),
(9539, 1525, 'item_name', 'ອານາໄມຫ້ອງຮຽນ, ຫ້ອງການ', NULL, NULL, NULL, '2026-06-11 07:27:22', '2026-06-11 07:27:22'),
(9540, 1525, 'reference', NULL, NULL, NULL, NULL, '2026-06-11 07:27:22', '2026-06-11 07:27:22'),
(9541, 1525, 'yearly_total', NULL, 0.00, NULL, NULL, '2026-06-11 07:27:22', '2026-06-11 07:27:22'),
(9542, 1525, 'note', NULL, NULL, NULL, NULL, '2026-06-11 07:27:22', '2026-06-11 07:27:22'),
(9543, 1526, 'item_name', 'ອານາໄມສະຖານທີ່ຮັບຜິດຊອບ', NULL, NULL, NULL, '2026-06-11 07:27:22', '2026-06-11 07:27:22'),
(9544, 1526, 'reference', NULL, NULL, NULL, NULL, '2026-06-11 07:27:22', '2026-06-11 07:27:22'),
(9545, 1526, 'yearly_total', NULL, 0.00, NULL, NULL, '2026-06-11 07:27:22', '2026-06-11 07:27:22'),
(9546, 1526, 'note', NULL, NULL, NULL, NULL, '2026-06-11 07:27:22', '2026-06-11 07:27:22'),
(9547, 1527, 'item_name', 'ປຸກຕົ້ນໄມ້', NULL, NULL, NULL, '2026-06-11 07:27:22', '2026-06-11 07:27:22'),
(9548, 1527, 'reference', NULL, NULL, NULL, NULL, '2026-06-11 07:27:22', '2026-06-11 07:27:22'),
(9549, 1527, 'yearly_total', NULL, 0.00, NULL, NULL, '2026-06-11 07:27:22', '2026-06-11 07:27:22'),
(9550, 1527, 'note', NULL, NULL, NULL, NULL, '2026-06-11 07:27:22', '2026-06-11 07:27:22'),
(9551, 1528, 'item_name', 'ຄ່າເຊົ່າຫ້ອງປະຊຸມ 1 ວັນ', NULL, NULL, NULL, '2026-06-11 07:27:22', '2026-06-11 07:27:22'),
(9552, 1528, 'reference', NULL, NULL, NULL, NULL, '2026-06-11 07:27:22', '2026-06-11 07:27:22'),
(9553, 1528, 'yearly_total', NULL, 0.00, NULL, NULL, '2026-06-11 07:27:22', '2026-06-11 07:27:22'),
(9554, 1528, 'note', NULL, NULL, NULL, NULL, '2026-06-11 07:27:22', '2026-06-11 07:27:22'),
(9555, 1529, 'item_name', 'ຄ່ານ້ຳດື່ມມື້ຈັດງານ', NULL, NULL, NULL, '2026-06-11 07:27:22', '2026-06-11 07:27:22'),
(9556, 1529, 'reference', NULL, NULL, NULL, NULL, '2026-06-11 07:27:22', '2026-06-11 07:27:22'),
(9557, 1529, 'yearly_total', NULL, 0.00, NULL, NULL, '2026-06-11 07:27:22', '2026-06-11 07:27:22'),
(9558, 1529, 'note', NULL, NULL, NULL, NULL, '2026-06-11 07:27:22', '2026-06-11 07:27:22'),
(9559, 1530, 'item_name', 'ຄ່າຂັນລາງວັນ', NULL, NULL, NULL, '2026-06-11 07:27:22', '2026-06-11 07:27:22'),
(9560, 1530, 'reference', NULL, NULL, NULL, NULL, '2026-06-11 07:27:22', '2026-06-11 07:27:22'),
(9561, 1530, 'yearly_total', NULL, 0.00, NULL, NULL, '2026-06-11 07:27:22', '2026-06-11 07:27:22'),
(9562, 1530, 'note', NULL, NULL, NULL, NULL, '2026-06-11 07:27:22', '2026-06-11 07:27:22'),
(9563, 1531, 'item_name', 'ຄ່າອອກຄຳຖາມ', NULL, NULL, NULL, '2026-06-11 07:27:22', '2026-06-11 07:27:22'),
(9564, 1531, 'reference', NULL, NULL, NULL, NULL, '2026-06-11 07:27:22', '2026-06-11 07:27:22'),
(9565, 1531, 'yearly_total', NULL, 0.00, NULL, NULL, '2026-06-11 07:27:22', '2026-06-11 07:27:22'),
(9566, 1531, 'note', NULL, NULL, NULL, NULL, '2026-06-11 07:27:22', '2026-06-11 07:27:22'),
(9567, 1338, 'item_name', 'ຊືເຄື່ອງໃຊ້ຫ້ອງການ', NULL, NULL, NULL, '2026-06-11 07:29:25', '2026-06-11 07:29:25'),
(9568, 1338, 'reference', '62100201', NULL, NULL, NULL, '2026-06-11 07:29:25', '2026-06-11 07:29:25'),
(9569, 1338, 'amount_per_month', NULL, 1000000.00, NULL, NULL, '2026-06-11 07:29:25', '2026-06-11 07:29:25'),
(9570, 1338, 'month_count', NULL, 1.00, NULL, NULL, '2026-06-11 07:29:25', '2026-06-11 07:29:25'),
(9571, 1338, 'yearly_total', NULL, 1000000.00, NULL, NULL, '2026-06-11 07:29:25', '2026-06-11 07:29:25'),
(9572, 1338, 'note', NULL, NULL, NULL, NULL, '2026-06-11 07:29:25', '2026-06-11 07:29:25'),
(9573, 1532, 'item_name', 'ເຄື່ອງໃຊ້ຫ້ອງການ', NULL, NULL, NULL, '2026-06-11 07:30:54', '2026-06-11 07:30:54'),
(9574, 1532, 'reference', NULL, NULL, NULL, NULL, '2026-06-11 07:30:54', '2026-06-11 07:30:54'),
(9575, 1532, 'amount_per_month', NULL, 0.00, NULL, NULL, '2026-06-11 07:30:54', '2026-06-11 07:30:54'),
(9576, 1532, 'month_count', NULL, 1.00, NULL, NULL, '2026-06-11 07:30:54', '2026-06-11 07:30:54'),
(9577, 1532, 'yearly_total', NULL, 0.00, NULL, NULL, '2026-06-11 07:30:54', '2026-06-11 07:30:54'),
(9578, 1532, 'note', NULL, NULL, NULL, NULL, '2026-06-11 07:30:54', '2026-06-11 07:30:54'),
(9591, 1535, 'item_name', 'ວາລະສານ ແລະ ໜັງສືພິມ', NULL, NULL, NULL, '2026-06-11 07:45:26', '2026-06-11 07:45:26'),
(9592, 1535, 'reference', NULL, NULL, NULL, NULL, '2026-06-11 07:45:26', '2026-06-11 07:45:26'),
(9593, 1535, 'amount_per_month', NULL, 0.00, NULL, NULL, '2026-06-11 07:45:26', '2026-06-11 07:45:26'),
(9594, 1535, 'month_count', NULL, 1.00, NULL, NULL, '2026-06-11 07:45:26', '2026-06-11 07:45:26'),
(9595, 1535, 'yearly_total', NULL, 0.00, NULL, NULL, '2026-06-11 07:45:26', '2026-06-11 07:45:26'),
(9596, 1535, 'note', NULL, NULL, NULL, NULL, '2026-06-11 07:45:26', '2026-06-11 07:45:26'),
(9603, 1537, 'item_name', 'ໂທລະສັບບໍລິຫານ', NULL, NULL, NULL, '2026-06-11 07:45:26', '2026-06-11 07:45:26'),
(9604, 1537, 'reference', NULL, NULL, NULL, NULL, '2026-06-11 07:45:26', '2026-06-11 07:45:26'),
(9605, 1537, 'amount_per_month', NULL, 0.00, NULL, NULL, '2026-06-11 07:45:26', '2026-06-11 07:45:26'),
(9606, 1537, 'month_count', NULL, 1.00, NULL, NULL, '2026-06-11 07:45:26', '2026-06-11 07:45:26'),
(9607, 1537, 'yearly_total', NULL, 0.00, NULL, NULL, '2026-06-11 07:45:26', '2026-06-11 07:45:26'),
(9608, 1537, 'note', NULL, NULL, NULL, NULL, '2026-06-11 07:45:26', '2026-06-11 07:45:26'),
(9609, 1538, 'item_name', 'ຄ່າໄປສະນີ', NULL, NULL, NULL, '2026-06-11 07:45:26', '2026-06-11 07:45:26'),
(9610, 1538, 'reference', NULL, NULL, NULL, NULL, '2026-06-11 07:45:26', '2026-06-11 07:45:26'),
(9611, 1538, 'amount_per_month', NULL, 0.00, NULL, NULL, '2026-06-11 07:45:26', '2026-06-11 07:45:26'),
(9612, 1538, 'month_count', NULL, 1.00, NULL, NULL, '2026-06-11 07:45:26', '2026-06-11 07:45:26'),
(9613, 1538, 'yearly_total', NULL, 0.00, NULL, NULL, '2026-06-11 07:45:26', '2026-06-11 07:45:26'),
(9614, 1538, 'note', NULL, NULL, NULL, NULL, '2026-06-11 07:45:26', '2026-06-11 07:45:26'),
(9615, 1539, 'item_name', 'ຄ່າບໍລິການທະນາຄານ', NULL, NULL, NULL, '2026-06-11 07:45:26', '2026-06-11 07:45:26'),
(9616, 1539, 'reference', NULL, NULL, NULL, NULL, '2026-06-11 07:45:26', '2026-06-11 07:45:26'),
(9617, 1539, 'amount_per_month', NULL, 0.00, NULL, NULL, '2026-06-11 07:45:26', '2026-06-11 07:45:26'),
(9618, 1539, 'month_count', NULL, 1.00, NULL, NULL, '2026-06-11 07:45:26', '2026-06-11 07:45:26'),
(9619, 1539, 'yearly_total', NULL, 0.00, NULL, NULL, '2026-06-11 07:45:26', '2026-06-11 07:45:26'),
(9620, 1539, 'note', NULL, NULL, NULL, NULL, '2026-06-11 07:45:26', '2026-06-11 07:45:26'),
(9621, 1540, 'item_name', 'ຊື້ຂອງຂັວນຂອງຕ້ອນ', NULL, NULL, NULL, '2026-06-11 07:45:26', '2026-06-11 07:45:26'),
(9622, 1540, 'reference', NULL, NULL, NULL, NULL, '2026-06-11 07:45:26', '2026-06-11 07:45:26'),
(9623, 1540, 'amount_per_month', NULL, 0.00, NULL, NULL, '2026-06-11 07:45:26', '2026-06-11 07:45:26'),
(9624, 1540, 'month_count', NULL, 1.00, NULL, NULL, '2026-06-11 07:45:26', '2026-06-11 07:45:26'),
(9625, 1540, 'yearly_total', NULL, 0.00, NULL, NULL, '2026-06-11 07:45:26', '2026-06-11 07:45:26'),
(9626, 1540, 'note', NULL, NULL, NULL, NULL, '2026-06-11 07:45:26', '2026-06-11 07:45:26'),
(9627, 1541, 'item_name', 'ວັນບຸນລະດັບຊາດ', NULL, NULL, NULL, '2026-06-11 07:45:26', '2026-06-11 07:45:26'),
(9628, 1541, 'reference', NULL, NULL, NULL, NULL, '2026-06-11 07:45:26', '2026-06-11 07:45:26'),
(9629, 1541, 'amount_per_month', NULL, 0.00, NULL, NULL, '2026-06-11 07:45:26', '2026-06-11 07:45:26'),
(9630, 1541, 'month_count', NULL, 1.00, NULL, NULL, '2026-06-11 07:45:26', '2026-06-11 07:45:26'),
(9631, 1541, 'yearly_total', NULL, 0.00, NULL, NULL, '2026-06-11 07:45:26', '2026-06-11 07:45:26'),
(9632, 1541, 'note', NULL, NULL, NULL, NULL, '2026-06-11 07:45:26', '2026-06-11 07:45:26'),
(9633, 1542, 'item_name', 'ອຸດໜູນວຽກປ້ອງກັນ', NULL, NULL, NULL, '2026-06-11 07:45:26', '2026-06-11 07:45:26'),
(9634, 1542, 'reference', NULL, NULL, NULL, NULL, '2026-06-11 07:45:26', '2026-06-11 07:45:26'),
(9635, 1542, 'amount_per_month', NULL, 0.00, NULL, NULL, '2026-06-11 07:45:26', '2026-06-11 07:45:26'),
(9636, 1542, 'month_count', NULL, 1.00, NULL, NULL, '2026-06-11 07:45:26', '2026-06-11 07:45:26'),
(9637, 1542, 'yearly_total', NULL, 0.00, NULL, NULL, '2026-06-11 07:45:26', '2026-06-11 07:45:26'),
(9638, 1542, 'note', 'ຂື້ນຢູ່ງົບລັດ', NULL, NULL, NULL, '2026-06-11 07:45:26', '2026-06-11 07:45:26'),
(9639, 1543, 'item_name', 'ຄ່ານ້ຳມັນບໍລິຫານຫ້ອງການ', NULL, NULL, NULL, '2026-06-11 07:45:26', '2026-06-11 07:45:26'),
(9640, 1543, 'reference', NULL, NULL, NULL, NULL, '2026-06-11 07:45:26', '2026-06-11 07:45:26'),
(9641, 1543, 'amount_per_month', NULL, 0.00, NULL, NULL, '2026-06-11 07:45:26', '2026-06-11 07:45:26'),
(9642, 1543, 'month_count', NULL, 1.00, NULL, NULL, '2026-06-11 07:45:26', '2026-06-11 07:45:26'),
(9643, 1543, 'yearly_total', NULL, 0.00, NULL, NULL, '2026-06-11 07:45:26', '2026-06-11 07:45:26'),
(9644, 1543, 'note', 'ຂື້ນຢູ່ງົບລັດ', NULL, NULL, NULL, '2026-06-11 07:45:26', '2026-06-11 07:45:26'),
(9645, 1544, 'item_name', 'ຄ່ານ້ຳມັນເຄື່ອງ', NULL, NULL, NULL, '2026-06-11 07:45:26', '2026-06-11 07:45:26'),
(9646, 1544, 'reference', NULL, NULL, NULL, NULL, '2026-06-11 07:45:26', '2026-06-11 07:45:26'),
(9647, 1544, 'amount_per_month', NULL, 0.00, NULL, NULL, '2026-06-11 07:45:26', '2026-06-11 07:45:26'),
(9648, 1544, 'month_count', NULL, 1.00, NULL, NULL, '2026-06-11 07:45:26', '2026-06-11 07:45:26'),
(9649, 1544, 'yearly_total', NULL, 0.00, NULL, NULL, '2026-06-11 07:45:26', '2026-06-11 07:45:26'),
(9650, 1544, 'note', 'ຂື້ນຢູ່ງົບລັດ', NULL, NULL, NULL, '2026-06-11 07:45:26', '2026-06-11 07:45:26'),
(9651, 1545, 'item_name', 'ບຳລຸງຮັກສາຄອມພີວເຕີ', NULL, NULL, NULL, '2026-06-11 07:45:26', '2026-06-11 07:45:26'),
(9652, 1545, 'reference', NULL, NULL, NULL, NULL, '2026-06-11 07:45:26', '2026-06-11 07:45:26'),
(9653, 1545, 'amount_per_month', NULL, 0.00, NULL, NULL, '2026-06-11 07:45:26', '2026-06-11 07:45:26'),
(9654, 1545, 'month_count', NULL, 1.00, NULL, NULL, '2026-06-11 07:45:26', '2026-06-11 07:45:26'),
(9655, 1545, 'yearly_total', NULL, 0.00, NULL, NULL, '2026-06-11 07:45:26', '2026-06-11 07:45:26'),
(9656, 1545, 'note', NULL, NULL, NULL, NULL, '2026-06-11 07:45:26', '2026-06-11 07:45:26'),
(9657, 1546, 'item_name', 'ບຳລຸງຮັກສາເຄື່ອງສາຍໂປຣເຈັກເຕີ', NULL, NULL, NULL, '2026-06-11 07:45:26', '2026-06-11 07:45:26'),
(9658, 1546, 'reference', NULL, NULL, NULL, NULL, '2026-06-11 07:45:26', '2026-06-11 07:45:26'),
(9659, 1546, 'amount_per_month', NULL, 0.00, NULL, NULL, '2026-06-11 07:45:26', '2026-06-11 07:45:26'),
(9660, 1546, 'month_count', NULL, 1.00, NULL, NULL, '2026-06-11 07:45:26', '2026-06-11 07:45:26'),
(9661, 1546, 'yearly_total', NULL, 0.00, NULL, NULL, '2026-06-11 07:45:26', '2026-06-11 07:45:26'),
(9662, 1546, 'note', NULL, NULL, NULL, NULL, '2026-06-11 07:45:26', '2026-06-11 07:45:26'),
(9663, 1547, 'item_name', 'ບຳລຸງຮັກສາແອເຢັນ', NULL, NULL, NULL, '2026-06-11 07:45:26', '2026-06-11 07:45:26'),
(9664, 1547, 'reference', NULL, NULL, NULL, NULL, '2026-06-11 07:45:26', '2026-06-11 07:45:26'),
(9665, 1547, 'amount_per_month', NULL, 0.00, NULL, NULL, '2026-06-11 07:45:26', '2026-06-11 07:45:26'),
(9666, 1547, 'month_count', NULL, 1.00, NULL, NULL, '2026-06-11 07:45:26', '2026-06-11 07:45:26'),
(9667, 1547, 'yearly_total', NULL, 0.00, NULL, NULL, '2026-06-11 07:45:26', '2026-06-11 07:45:26'),
(9668, 1547, 'note', NULL, NULL, NULL, NULL, '2026-06-11 07:45:26', '2026-06-11 07:45:26'),
(9669, 1548, 'item_name', 'ບຳລຸງຮັກສາຕູ້ເຢັນ + ຕູ້ນ້ຳເຢັນ', NULL, NULL, NULL, '2026-06-11 07:45:26', '2026-06-11 07:45:26'),
(9670, 1548, 'reference', NULL, NULL, NULL, NULL, '2026-06-11 07:45:26', '2026-06-11 07:45:26'),
(9671, 1548, 'amount_per_month', NULL, 0.00, NULL, NULL, '2026-06-11 07:45:26', '2026-06-11 07:45:26'),
(9672, 1548, 'month_count', NULL, 1.00, NULL, NULL, '2026-06-11 07:45:26', '2026-06-11 07:45:26'),
(9673, 1548, 'yearly_total', NULL, 0.00, NULL, NULL, '2026-06-11 07:45:26', '2026-06-11 07:45:26'),
(9674, 1548, 'note', NULL, NULL, NULL, NULL, '2026-06-11 07:45:26', '2026-06-11 07:45:26'),
(9675, 1549, 'item_name', 'ບຳລຸງຮັກສາພັດລົມ', NULL, NULL, NULL, '2026-06-11 07:45:26', '2026-06-11 07:45:26'),
(9676, 1549, 'reference', NULL, NULL, NULL, NULL, '2026-06-11 07:45:26', '2026-06-11 07:45:26'),
(9677, 1549, 'amount_per_month', NULL, 0.00, NULL, NULL, '2026-06-11 07:45:26', '2026-06-11 07:45:26'),
(9678, 1549, 'month_count', NULL, 1.00, NULL, NULL, '2026-06-11 07:45:26', '2026-06-11 07:45:26'),
(9679, 1549, 'yearly_total', NULL, 0.00, NULL, NULL, '2026-06-11 07:45:26', '2026-06-11 07:45:26'),
(9680, 1549, 'note', NULL, NULL, NULL, NULL, '2026-06-11 07:45:26', '2026-06-11 07:45:26'),
(9681, 1550, 'item_name', 'ບຳລຸງຮັກສາດອກໄຟ', NULL, NULL, NULL, '2026-06-11 07:45:26', '2026-06-11 07:45:26'),
(9682, 1550, 'reference', NULL, NULL, NULL, NULL, '2026-06-11 07:45:26', '2026-06-11 07:45:26'),
(9683, 1550, 'amount_per_month', NULL, 0.00, NULL, NULL, '2026-06-11 07:45:26', '2026-06-11 07:45:26'),
(9684, 1550, 'month_count', NULL, 1.00, NULL, NULL, '2026-06-11 07:45:26', '2026-06-11 07:45:26'),
(9685, 1550, 'yearly_total', NULL, 0.00, NULL, NULL, '2026-06-11 07:45:26', '2026-06-11 07:45:26'),
(9686, 1550, 'note', NULL, NULL, NULL, NULL, '2026-06-11 07:45:26', '2026-06-11 07:45:26'),
(9687, 1551, 'item_name', 'ບຳລຸງຮັກສາເຄື່ອງພິມ', NULL, NULL, NULL, '2026-06-11 07:45:26', '2026-06-11 07:45:26'),
(9688, 1551, 'reference', NULL, NULL, NULL, NULL, '2026-06-11 07:45:26', '2026-06-11 07:45:26'),
(9689, 1551, 'amount_per_month', NULL, 0.00, NULL, NULL, '2026-06-11 07:45:26', '2026-06-11 07:45:26'),
(9690, 1551, 'month_count', NULL, 1.00, NULL, NULL, '2026-06-11 07:45:26', '2026-06-11 07:45:26'),
(9691, 1551, 'yearly_total', NULL, 0.00, NULL, NULL, '2026-06-11 07:45:26', '2026-06-11 07:45:26'),
(9692, 1551, 'note', NULL, NULL, NULL, NULL, '2026-06-11 07:45:26', '2026-06-11 07:45:26'),
(9693, 1552, 'item_name', 'ບຳລຸງຮັກສາຈັກອັດສຳເນົາ', NULL, NULL, NULL, '2026-06-11 07:45:26', '2026-06-11 07:45:26'),
(9694, 1552, 'reference', NULL, NULL, NULL, NULL, '2026-06-11 07:45:26', '2026-06-11 07:45:26'),
(9695, 1552, 'amount_per_month', NULL, 0.00, NULL, NULL, '2026-06-11 07:45:26', '2026-06-11 07:45:26'),
(9696, 1552, 'month_count', NULL, 1.00, NULL, NULL, '2026-06-11 07:45:26', '2026-06-11 07:45:26'),
(9697, 1552, 'yearly_total', NULL, 0.00, NULL, NULL, '2026-06-11 07:45:26', '2026-06-11 07:45:26'),
(9698, 1552, 'note', NULL, NULL, NULL, NULL, '2026-06-11 07:45:26', '2026-06-11 07:45:26'),
(9699, 1553, 'item_name', 'ບຳລຸງຮັກສາໂທລະສັບ', NULL, NULL, NULL, '2026-06-11 07:45:26', '2026-06-11 07:45:26'),
(9700, 1553, 'reference', NULL, NULL, NULL, NULL, '2026-06-11 07:45:26', '2026-06-11 07:45:26'),
(9701, 1553, 'amount_per_month', NULL, 0.00, NULL, NULL, '2026-06-11 07:45:26', '2026-06-11 07:45:26'),
(9702, 1553, 'month_count', NULL, 1.00, NULL, NULL, '2026-06-11 07:45:26', '2026-06-11 07:45:26'),
(9703, 1553, 'yearly_total', NULL, 0.00, NULL, NULL, '2026-06-11 07:45:26', '2026-06-11 07:45:26'),
(9704, 1553, 'note', NULL, NULL, NULL, NULL, '2026-06-11 07:45:26', '2026-06-11 07:45:26'),
(9705, 1554, 'item_name', 'ບຳລຸງຮັກສາກ້ອງຖ່າຍຮູບ', NULL, NULL, NULL, '2026-06-11 07:45:26', '2026-06-11 07:45:26'),
(9706, 1554, 'reference', NULL, NULL, NULL, NULL, '2026-06-11 07:45:26', '2026-06-11 07:45:26'),
(9707, 1554, 'amount_per_month', NULL, 0.00, NULL, NULL, '2026-06-11 07:45:26', '2026-06-11 07:45:26'),
(9708, 1554, 'month_count', NULL, 1.00, NULL, NULL, '2026-06-11 07:45:26', '2026-06-11 07:45:26'),
(9709, 1554, 'yearly_total', NULL, 0.00, NULL, NULL, '2026-06-11 07:45:26', '2026-06-11 07:45:26'),
(9710, 1554, 'note', NULL, NULL, NULL, NULL, '2026-06-11 07:45:26', '2026-06-11 07:45:26'),
(9711, 1555, 'item_name', 'ບຳລຸງຮັກສາໂທລະທັດ', NULL, NULL, NULL, '2026-06-11 07:45:26', '2026-06-11 07:45:26'),
(9712, 1555, 'reference', NULL, NULL, NULL, NULL, '2026-06-11 07:45:26', '2026-06-11 07:45:26'),
(9713, 1555, 'amount_per_month', NULL, 0.00, NULL, NULL, '2026-06-11 07:45:26', '2026-06-11 07:45:26'),
(9714, 1555, 'month_count', NULL, 1.00, NULL, NULL, '2026-06-11 07:45:26', '2026-06-11 07:45:26'),
(9715, 1555, 'yearly_total', NULL, 0.00, NULL, NULL, '2026-06-11 07:45:26', '2026-06-11 07:45:26'),
(9716, 1555, 'note', NULL, NULL, NULL, NULL, '2026-06-11 07:45:26', '2026-06-11 07:45:26'),
(9717, 1556, 'item_name', 'ຈັກປ້ຳນ້ຳອັດຕະໂນມັດ', NULL, NULL, NULL, '2026-06-11 07:45:26', '2026-06-11 07:45:26'),
(9718, 1556, 'reference', NULL, NULL, NULL, NULL, '2026-06-11 07:45:26', '2026-06-11 07:45:26'),
(9719, 1556, 'amount_per_month', NULL, 0.00, NULL, NULL, '2026-06-11 07:45:26', '2026-06-11 07:45:26'),
(9720, 1556, 'month_count', NULL, 1.00, NULL, NULL, '2026-06-11 07:45:26', '2026-06-11 07:45:26'),
(9721, 1556, 'yearly_total', NULL, 0.00, NULL, NULL, '2026-06-11 07:45:26', '2026-06-11 07:45:26'),
(9722, 1556, 'note', NULL, NULL, NULL, NULL, '2026-06-11 07:45:26', '2026-06-11 07:45:26'),
(9723, 1557, 'item_name', 'ຈັກຕັດຫຍ້າ', NULL, NULL, NULL, '2026-06-11 07:45:26', '2026-06-11 07:45:26'),
(9724, 1557, 'reference', NULL, NULL, NULL, NULL, '2026-06-11 07:45:26', '2026-06-11 07:45:26'),
(9725, 1557, 'amount_per_month', NULL, 0.00, NULL, NULL, '2026-06-11 07:45:26', '2026-06-11 07:45:26'),
(9726, 1557, 'month_count', NULL, 1.00, NULL, NULL, '2026-06-11 07:45:26', '2026-06-11 07:45:26'),
(9727, 1557, 'yearly_total', NULL, 0.00, NULL, NULL, '2026-06-11 07:45:26', '2026-06-11 07:45:26'),
(9728, 1557, 'note', NULL, NULL, NULL, NULL, '2026-06-11 07:45:26', '2026-06-11 07:45:26'),
(9729, 1558, 'item_name', 'ສ້ອມແປງອາຄານສໍານັກງານຕ່າງໆ', NULL, NULL, NULL, '2026-06-11 07:45:26', '2026-06-11 07:45:26'),
(9730, 1558, 'reference', NULL, NULL, NULL, NULL, '2026-06-11 07:45:26', '2026-06-11 07:45:26'),
(9731, 1558, 'amount_per_month', NULL, 0.00, NULL, NULL, '2026-06-11 07:45:26', '2026-06-11 07:45:26'),
(9732, 1558, 'month_count', NULL, 1.00, NULL, NULL, '2026-06-11 07:45:26', '2026-06-11 07:45:26'),
(9733, 1558, 'yearly_total', NULL, 0.00, NULL, NULL, '2026-06-11 07:45:26', '2026-06-11 07:45:26'),
(9734, 1558, 'note', NULL, NULL, NULL, NULL, '2026-06-11 07:45:26', '2026-06-11 07:45:26'),
(9735, 1559, 'item_name', 'ປັບປຸງອາຄານຫ້ອງຮຽນ-ຫ້ອງທົດລອງ', NULL, NULL, NULL, '2026-06-11 07:45:26', '2026-06-11 07:45:26'),
(9736, 1559, 'reference', NULL, NULL, NULL, NULL, '2026-06-11 07:45:26', '2026-06-11 07:45:26'),
(9737, 1559, 'amount_per_month', NULL, 0.00, NULL, NULL, '2026-06-11 07:45:26', '2026-06-11 07:45:26'),
(9738, 1559, 'month_count', NULL, 1.00, NULL, NULL, '2026-06-11 07:45:26', '2026-06-11 07:45:26'),
(9739, 1559, 'yearly_total', NULL, 0.00, NULL, NULL, '2026-06-11 07:45:26', '2026-06-11 07:45:26'),
(9740, 1559, 'note', NULL, NULL, NULL, NULL, '2026-06-11 07:45:26', '2026-06-11 07:45:26'),
(9741, 1560, 'item_name', 'ລົດຕູ້', NULL, NULL, NULL, '2026-06-11 07:45:26', '2026-06-11 07:45:26'),
(9742, 1560, 'reference', NULL, NULL, NULL, NULL, '2026-06-11 07:45:26', '2026-06-11 07:45:26'),
(9743, 1560, 'yearly_total', NULL, 0.00, NULL, NULL, '2026-06-11 07:45:26', '2026-06-11 07:45:26'),
(9744, 1560, 'note', NULL, NULL, NULL, NULL, '2026-06-11 07:45:26', '2026-06-11 07:45:26'),
(9745, 1561, 'item_name', 'ລົດຈັກ', NULL, NULL, NULL, '2026-06-11 07:45:26', '2026-06-11 07:45:26'),
(9746, 1561, 'reference', NULL, NULL, NULL, NULL, '2026-06-11 07:45:26', '2026-06-11 07:45:26'),
(9747, 1561, 'yearly_total', NULL, 0.00, NULL, NULL, '2026-06-11 07:45:26', '2026-06-11 07:45:26'),
(9748, 1561, 'note', NULL, NULL, NULL, NULL, '2026-06-11 07:45:26', '2026-06-11 07:45:26'),
(9749, 1562, 'item_name', 'ຊື້ ໂຕະ, ຕັ່ງ', NULL, NULL, NULL, '2026-06-11 07:45:26', '2026-06-11 07:45:26'),
(9750, 1562, 'reference', NULL, NULL, NULL, NULL, '2026-06-11 07:45:26', '2026-06-11 07:45:26'),
(9751, 1562, 'amount_per_month', NULL, 0.00, NULL, NULL, '2026-06-11 07:45:26', '2026-06-11 07:45:26'),
(9752, 1562, 'month_count', NULL, 1.00, NULL, NULL, '2026-06-11 07:45:26', '2026-06-11 07:45:26'),
(9753, 1562, 'yearly_total', NULL, 0.00, NULL, NULL, '2026-06-11 07:45:26', '2026-06-11 07:45:26'),
(9754, 1562, 'note', NULL, NULL, NULL, NULL, '2026-06-11 07:45:26', '2026-06-11 07:45:26'),
(9755, 1563, 'item_name', 'ບຳລຸງຮັກສາ, ສ້ອມແປງ ໂຕະ, ຕັ່ງ', NULL, NULL, NULL, '2026-06-11 07:45:26', '2026-06-11 07:45:26'),
(9756, 1563, 'reference', NULL, NULL, NULL, NULL, '2026-06-11 07:45:26', '2026-06-11 07:45:26'),
(9757, 1563, 'amount_per_month', NULL, 0.00, NULL, NULL, '2026-06-11 07:45:26', '2026-06-11 07:45:26'),
(9758, 1563, 'month_count', NULL, 1.00, NULL, NULL, '2026-06-11 07:45:26', '2026-06-11 07:45:26'),
(9759, 1563, 'yearly_total', NULL, 0.00, NULL, NULL, '2026-06-11 07:45:26', '2026-06-11 07:45:26'),
(9760, 1563, 'note', NULL, NULL, NULL, NULL, '2026-06-11 07:45:26', '2026-06-11 07:45:26'),
(9761, 1564, 'item_name', 'ຊື້ເຄື່ອງຈັກ ແລະ ວັດຖຸອຸປະກອນ', NULL, NULL, NULL, '2026-06-11 07:45:26', '2026-06-11 07:45:26'),
(9762, 1564, 'reference', NULL, NULL, NULL, NULL, '2026-06-11 07:45:26', '2026-06-11 07:45:26'),
(9763, 1564, 'amount_per_month', NULL, 0.00, NULL, NULL, '2026-06-11 07:45:26', '2026-06-11 07:45:26'),
(9764, 1564, 'month_count', NULL, 1.00, NULL, NULL, '2026-06-11 07:45:26', '2026-06-11 07:45:26'),
(9765, 1564, 'yearly_total', NULL, 0.00, NULL, NULL, '2026-06-11 07:45:26', '2026-06-11 07:45:26'),
(9766, 1564, 'note', NULL, NULL, NULL, NULL, '2026-06-11 07:45:26', '2026-06-11 07:45:26'),
(9767, 1565, 'item_name', 'ຊື້ພາຫະນະ', NULL, NULL, NULL, '2026-06-11 07:45:26', '2026-06-11 07:45:26'),
(9768, 1565, 'reference', NULL, NULL, NULL, NULL, '2026-06-11 07:45:26', '2026-06-11 07:45:26'),
(9769, 1565, 'amount_per_month', NULL, 0.00, NULL, NULL, '2026-06-11 07:45:26', '2026-06-11 07:45:26'),
(9770, 1565, 'month_count', NULL, 1.00, NULL, NULL, '2026-06-11 07:45:26', '2026-06-11 07:45:26'),
(9771, 1565, 'yearly_total', NULL, 0.00, NULL, NULL, '2026-06-11 07:45:26', '2026-06-11 07:45:26'),
(9772, 1565, 'note', NULL, NULL, NULL, NULL, '2026-06-11 07:45:26', '2026-06-11 07:45:26'),
(9773, 1566, 'item_name', 'ປະກັນໄພລົດໃຫຍ່', NULL, NULL, NULL, '2026-06-11 07:45:26', '2026-06-11 07:45:26'),
(9774, 1566, 'reference', NULL, NULL, NULL, NULL, '2026-06-11 07:45:26', '2026-06-11 07:45:26'),
(9775, 1566, 'amount_per_month', NULL, 0.00, NULL, NULL, '2026-06-11 07:45:26', '2026-06-11 07:45:26'),
(9776, 1566, 'month_count', NULL, 1.00, NULL, NULL, '2026-06-11 07:45:26', '2026-06-11 07:45:26'),
(9777, 1566, 'yearly_total', NULL, 0.00, NULL, NULL, '2026-06-11 07:45:26', '2026-06-11 07:45:26'),
(9778, 1566, 'note', NULL, NULL, NULL, NULL, '2026-06-11 07:45:26', '2026-06-11 07:45:26'),
(9779, 1567, 'item_name', 'ໄປວຽກທາງການພາຍໃນປະເທດ', NULL, NULL, NULL, '2026-06-11 07:45:26', '2026-06-11 07:45:26'),
(9780, 1567, 'reference', NULL, NULL, NULL, NULL, '2026-06-11 07:45:26', '2026-06-11 07:45:26'),
(9781, 1567, 'amount_per_month', NULL, 0.00, NULL, NULL, '2026-06-11 07:45:26', '2026-06-11 07:45:26'),
(9782, 1567, 'month_count', NULL, 1.00, NULL, NULL, '2026-06-11 07:45:26', '2026-06-11 07:45:26'),
(9783, 1567, 'yearly_total', NULL, 0.00, NULL, NULL, '2026-06-11 07:45:26', '2026-06-11 07:45:26'),
(9784, 1567, 'note', NULL, NULL, NULL, NULL, '2026-06-11 07:45:26', '2026-06-11 07:45:26'),
(9785, 1568, 'item_name', 'ໄປວຽກທາງການຕ່າງປະເທດ', NULL, NULL, NULL, '2026-06-11 07:45:26', '2026-06-11 07:45:26'),
(9786, 1568, 'reference', NULL, NULL, NULL, NULL, '2026-06-11 07:45:26', '2026-06-11 07:45:26'),
(9787, 1568, 'amount_per_month', NULL, 0.00, NULL, NULL, '2026-06-11 07:45:26', '2026-06-11 07:45:26'),
(9788, 1568, 'month_count', NULL, 1.00, NULL, NULL, '2026-06-11 07:45:26', '2026-06-11 07:45:26'),
(9789, 1568, 'yearly_total', NULL, 0.00, NULL, NULL, '2026-06-11 07:45:26', '2026-06-11 07:45:26'),
(9790, 1568, 'note', NULL, NULL, NULL, NULL, '2026-06-11 07:45:26', '2026-06-11 07:45:26'),
(9791, 1569, 'item_name', 'ບຳລຸງຮັກສາວິທະຍາເຂດ', NULL, NULL, NULL, '2026-06-11 07:45:26', '2026-06-11 07:45:26'),
(9792, 1569, 'reference', NULL, NULL, NULL, NULL, '2026-06-11 07:45:26', '2026-06-11 07:45:26'),
(9793, 1569, 'amount_per_month', NULL, 0.00, NULL, NULL, '2026-06-11 07:45:26', '2026-06-11 07:45:26'),
(9794, 1569, 'month_count', NULL, 1.00, NULL, NULL, '2026-06-11 07:45:26', '2026-06-11 07:45:26'),
(9795, 1569, 'yearly_total', NULL, 0.00, NULL, NULL, '2026-06-11 07:45:26', '2026-06-11 07:45:26'),
(9796, 1569, 'note', NULL, NULL, NULL, NULL, '2026-06-11 07:45:26', '2026-06-11 07:45:26'),
(9797, 1570, 'item_name', '- ຕັດຫຍ້າ', NULL, NULL, NULL, '2026-06-11 07:45:26', '2026-06-11 07:45:26'),
(9798, 1570, 'reference', NULL, NULL, NULL, NULL, '2026-06-11 07:45:26', '2026-06-11 07:45:26'),
(9799, 1570, 'amount_per_month', NULL, 0.00, NULL, NULL, '2026-06-11 07:45:26', '2026-06-11 07:45:26'),
(9800, 1570, 'month_count', NULL, 1.00, NULL, NULL, '2026-06-11 07:45:26', '2026-06-11 07:45:26'),
(9801, 1570, 'yearly_total', NULL, 0.00, NULL, NULL, '2026-06-11 07:45:26', '2026-06-11 07:45:26'),
(9802, 1570, 'note', NULL, NULL, NULL, NULL, '2026-06-11 07:45:26', '2026-06-11 07:45:26'),
(9803, 1571, 'item_name', '- ປູກ ແລະ ບົວລະບັດສວນດອກໄມ້', NULL, NULL, NULL, '2026-06-11 07:45:26', '2026-06-11 07:45:26'),
(9804, 1571, 'reference', NULL, NULL, NULL, NULL, '2026-06-11 07:45:26', '2026-06-11 07:45:26'),
(9805, 1571, 'amount_per_month', NULL, 0.00, NULL, NULL, '2026-06-11 07:45:26', '2026-06-11 07:45:26'),
(9806, 1571, 'month_count', NULL, 1.00, NULL, NULL, '2026-06-11 07:45:26', '2026-06-11 07:45:26'),
(9807, 1571, 'yearly_total', NULL, 0.00, NULL, NULL, '2026-06-11 07:45:26', '2026-06-11 07:45:26'),
(9808, 1571, 'note', NULL, NULL, NULL, NULL, '2026-06-11 07:45:26', '2026-06-11 07:45:26'),
(9809, 1572, 'item_name', '- ກ້າເບ້ຍໄມ້', NULL, NULL, NULL, '2026-06-11 07:45:26', '2026-06-11 07:45:26'),
(9810, 1572, 'reference', NULL, NULL, NULL, NULL, '2026-06-11 07:45:26', '2026-06-11 07:45:26'),
(9811, 1572, 'amount_per_month', NULL, 0.00, NULL, NULL, '2026-06-11 07:45:26', '2026-06-11 07:45:26'),
(9812, 1572, 'month_count', NULL, 1.00, NULL, NULL, '2026-06-11 07:45:26', '2026-06-11 07:45:26'),
(9813, 1572, 'yearly_total', NULL, 0.00, NULL, NULL, '2026-06-11 07:45:26', '2026-06-11 07:45:26'),
(9814, 1572, 'note', NULL, NULL, NULL, NULL, '2026-06-11 07:45:26', '2026-06-11 07:45:26'),
(9815, 1573, 'item_name', '- ອານາໄມເດີ່ນ', NULL, NULL, NULL, '2026-06-11 07:45:26', '2026-06-11 07:45:26'),
(9816, 1573, 'reference', NULL, NULL, NULL, NULL, '2026-06-11 07:45:26', '2026-06-11 07:45:26'),
(9817, 1573, 'amount_per_month', NULL, 0.00, NULL, NULL, '2026-06-11 07:45:26', '2026-06-11 07:45:26'),
(9818, 1573, 'month_count', NULL, 1.00, NULL, NULL, '2026-06-11 07:45:26', '2026-06-11 07:45:26'),
(9819, 1573, 'yearly_total', NULL, 0.00, NULL, NULL, '2026-06-11 07:45:26', '2026-06-11 07:45:26'),
(9820, 1573, 'note', NULL, NULL, NULL, NULL, '2026-06-11 07:45:26', '2026-06-11 07:45:26'),
(9821, 1574, 'item_name', 'ອານາໄມອາຄານ', NULL, NULL, NULL, '2026-06-11 07:45:26', '2026-06-11 07:45:26'),
(9822, 1574, 'reference', NULL, NULL, NULL, NULL, '2026-06-11 07:45:26', '2026-06-11 07:45:26'),
(9823, 1574, 'amount_per_month', NULL, 0.00, NULL, NULL, '2026-06-11 07:45:26', '2026-06-11 07:45:26'),
(9824, 1574, 'month_count', NULL, 1.00, NULL, NULL, '2026-06-11 07:45:26', '2026-06-11 07:45:26'),
(9825, 1574, 'yearly_total', NULL, 0.00, NULL, NULL, '2026-06-11 07:45:26', '2026-06-11 07:45:26'),
(9826, 1574, 'note', NULL, NULL, NULL, NULL, '2026-06-11 07:45:26', '2026-06-11 07:45:26'),
(9827, 1575, 'item_name', '- ອານາໄມຫ້ອງຮຽນ', NULL, NULL, NULL, '2026-06-11 07:45:26', '2026-06-11 07:45:26'),
(9828, 1575, 'reference', NULL, NULL, NULL, NULL, '2026-06-11 07:45:26', '2026-06-11 07:45:26'),
(9829, 1575, 'amount_per_month', NULL, 0.00, NULL, NULL, '2026-06-11 07:45:26', '2026-06-11 07:45:26'),
(9830, 1575, 'month_count', NULL, 1.00, NULL, NULL, '2026-06-11 07:45:26', '2026-06-11 07:45:26'),
(9831, 1575, 'yearly_total', NULL, 0.00, NULL, NULL, '2026-06-11 07:45:26', '2026-06-11 07:45:26'),
(9832, 1575, 'note', NULL, NULL, NULL, NULL, '2026-06-11 07:45:26', '2026-06-11 07:45:26'),
(9833, 1576, 'item_name', '- ອານາໄມຫ້ອງການ', NULL, NULL, NULL, '2026-06-11 07:45:26', '2026-06-11 07:45:26'),
(9834, 1576, 'reference', NULL, NULL, NULL, NULL, '2026-06-11 07:45:26', '2026-06-11 07:45:26'),
(9835, 1576, 'amount_per_month', NULL, 0.00, NULL, NULL, '2026-06-11 07:45:26', '2026-06-11 07:45:26'),
(9836, 1576, 'month_count', NULL, 1.00, NULL, NULL, '2026-06-11 07:45:26', '2026-06-11 07:45:26'),
(9837, 1576, 'yearly_total', NULL, 0.00, NULL, NULL, '2026-06-11 07:45:26', '2026-06-11 07:45:26'),
(9838, 1576, 'note', NULL, NULL, NULL, NULL, '2026-06-11 07:45:26', '2026-06-11 07:45:26'),
(9839, 1577, 'item_name', '- ອານາໄມຫ້ອງທົດລອງຄອມພິວເຕີ', NULL, NULL, NULL, '2026-06-11 07:45:26', '2026-06-11 07:45:26'),
(9840, 1577, 'reference', NULL, NULL, NULL, NULL, '2026-06-11 07:45:26', '2026-06-11 07:45:26'),
(9841, 1577, 'amount_per_month', NULL, 0.00, NULL, NULL, '2026-06-11 07:45:26', '2026-06-11 07:45:26'),
(9842, 1577, 'month_count', NULL, 1.00, NULL, NULL, '2026-06-11 07:45:26', '2026-06-11 07:45:26'),
(9843, 1577, 'yearly_total', NULL, 0.00, NULL, NULL, '2026-06-11 07:45:26', '2026-06-11 07:45:26'),
(9844, 1577, 'note', NULL, NULL, NULL, NULL, '2026-06-11 07:45:26', '2026-06-11 07:45:26'),
(9845, 1578, 'item_name', 'ປະຖົມນິເທດນັກສຶກສາ', NULL, NULL, NULL, '2026-06-11 07:45:26', '2026-06-11 07:45:26'),
(9846, 1578, 'reference', NULL, NULL, NULL, NULL, '2026-06-11 07:45:26', '2026-06-11 07:45:26'),
(9847, 1578, 'amount_per_month', NULL, 0.00, NULL, NULL, '2026-06-11 07:45:26', '2026-06-11 07:45:26'),
(9848, 1578, 'month_count', NULL, 1.00, NULL, NULL, '2026-06-11 07:45:26', '2026-06-11 07:45:26'),
(9849, 1578, 'yearly_total', NULL, 0.00, NULL, NULL, '2026-06-11 07:45:26', '2026-06-11 07:45:26'),
(9850, 1578, 'note', NULL, NULL, NULL, NULL, '2026-06-11 07:45:26', '2026-06-11 07:45:26'),
(9851, 1579, 'item_name', 'ກວດສອບການປະຕິບັດລະບຽບວິໃນນັກສຶກສາ', NULL, NULL, NULL, '2026-06-11 07:45:26', '2026-06-11 07:45:26'),
(9852, 1579, 'reference', NULL, NULL, NULL, NULL, '2026-06-11 07:45:26', '2026-06-11 07:45:26'),
(9853, 1579, 'amount_per_month', NULL, 0.00, NULL, NULL, '2026-06-11 07:45:26', '2026-06-11 07:45:26'),
(9854, 1579, 'month_count', NULL, 1.00, NULL, NULL, '2026-06-11 07:45:26', '2026-06-11 07:45:26'),
(9855, 1579, 'yearly_total', NULL, 0.00, NULL, NULL, '2026-06-11 07:45:26', '2026-06-11 07:45:26'),
(9856, 1579, 'note', NULL, NULL, NULL, NULL, '2026-06-11 07:45:26', '2026-06-11 07:45:26'),
(9857, 1580, 'item_name', 'ສຳນັກຄະນະບໍດີ', NULL, NULL, NULL, '2026-06-11 07:45:26', '2026-06-11 07:45:26'),
(9858, 1580, 'reference', NULL, NULL, NULL, NULL, '2026-06-11 07:45:26', '2026-06-11 07:45:26'),
(9859, 1580, 'unit_price', NULL, 0.00, NULL, NULL, '2026-06-11 07:45:26', '2026-06-11 07:45:26'),
(9860, 1580, 'event_count', NULL, 1.00, NULL, NULL, '2026-06-11 07:45:26', '2026-06-11 07:45:26'),
(9861, 1580, 'people_count', NULL, 1.00, NULL, NULL, '2026-06-11 07:45:26', '2026-06-11 07:45:26'),
(9862, 1580, 'yearly_total', NULL, 0.00, NULL, NULL, '2026-06-11 07:45:26', '2026-06-11 07:45:26'),
(9863, 1580, 'note', NULL, NULL, NULL, NULL, '2026-06-11 07:45:26', '2026-06-11 07:45:26'),
(9864, 1581, 'item_name', 'ພາວິຊາຄະນິດສາດ', NULL, NULL, NULL, '2026-06-11 07:45:26', '2026-06-11 07:45:26'),
(9865, 1581, 'reference', NULL, NULL, NULL, NULL, '2026-06-11 07:45:26', '2026-06-11 07:45:26'),
(9866, 1581, 'unit_price', NULL, 0.00, NULL, NULL, '2026-06-11 07:45:26', '2026-06-11 07:45:26'),
(9867, 1581, 'event_count', NULL, 1.00, NULL, NULL, '2026-06-11 07:45:26', '2026-06-11 07:45:26'),
(9868, 1581, 'people_count', NULL, 1.00, NULL, NULL, '2026-06-11 07:45:26', '2026-06-11 07:45:26'),
(9869, 1581, 'yearly_total', NULL, 0.00, NULL, NULL, '2026-06-11 07:45:26', '2026-06-11 07:45:26'),
(9870, 1581, 'note', NULL, NULL, NULL, NULL, '2026-06-11 07:45:26', '2026-06-11 07:45:26'),
(9871, 1582, 'item_name', 'ພາກວິຊາຟິຊິກສາດ', NULL, NULL, NULL, '2026-06-11 07:45:26', '2026-06-11 07:45:26'),
(9872, 1582, 'reference', NULL, NULL, NULL, NULL, '2026-06-11 07:45:26', '2026-06-11 07:45:26'),
(9873, 1582, 'unit_price', NULL, 0.00, NULL, NULL, '2026-06-11 07:45:26', '2026-06-11 07:45:26'),
(9874, 1582, 'event_count', NULL, 1.00, NULL, NULL, '2026-06-11 07:45:26', '2026-06-11 07:45:26'),
(9875, 1582, 'people_count', NULL, 1.00, NULL, NULL, '2026-06-11 07:45:26', '2026-06-11 07:45:26'),
(9876, 1582, 'yearly_total', NULL, 0.00, NULL, NULL, '2026-06-11 07:45:26', '2026-06-11 07:45:26'),
(9877, 1582, 'note', NULL, NULL, NULL, NULL, '2026-06-11 07:45:26', '2026-06-11 07:45:26'),
(9878, 1583, 'item_name', 'ພາກວິຊາເຄມີສາດ', NULL, NULL, NULL, '2026-06-11 07:45:26', '2026-06-11 07:45:26'),
(9879, 1583, 'reference', NULL, NULL, NULL, NULL, '2026-06-11 07:45:26', '2026-06-11 07:45:26'),
(9880, 1583, 'unit_price', NULL, 0.00, NULL, NULL, '2026-06-11 07:45:26', '2026-06-11 07:45:26'),
(9881, 1583, 'event_count', NULL, 1.00, NULL, NULL, '2026-06-11 07:45:26', '2026-06-11 07:45:26'),
(9882, 1583, 'people_count', NULL, 1.00, NULL, NULL, '2026-06-11 07:45:26', '2026-06-11 07:45:26'),
(9883, 1583, 'yearly_total', NULL, 0.00, NULL, NULL, '2026-06-11 07:45:26', '2026-06-11 07:45:26'),
(9884, 1583, 'note', NULL, NULL, NULL, NULL, '2026-06-11 07:45:26', '2026-06-11 07:45:26'),
(9885, 1584, 'item_name', 'ພາກວິຊາຊີວະວິທະຍາ', NULL, NULL, NULL, '2026-06-11 07:45:26', '2026-06-11 07:45:26'),
(9886, 1584, 'reference', NULL, NULL, NULL, NULL, '2026-06-11 07:45:26', '2026-06-11 07:45:26'),
(9887, 1584, 'unit_price', NULL, 0.00, NULL, NULL, '2026-06-11 07:45:26', '2026-06-11 07:45:26'),
(9888, 1584, 'event_count', NULL, 1.00, NULL, NULL, '2026-06-11 07:45:26', '2026-06-11 07:45:26'),
(9889, 1584, 'people_count', NULL, 1.00, NULL, NULL, '2026-06-11 07:45:26', '2026-06-11 07:45:26'),
(9890, 1584, 'yearly_total', NULL, 0.00, NULL, NULL, '2026-06-11 07:45:26', '2026-06-11 07:45:26'),
(9891, 1584, 'note', NULL, NULL, NULL, NULL, '2026-06-11 07:45:26', '2026-06-11 07:45:26'),
(9892, 1585, 'item_name', 'ພາກວິຊາວິທະຍາສາດຄອມພິວເຕີ', NULL, NULL, NULL, '2026-06-11 07:45:26', '2026-06-11 07:45:26'),
(9893, 1585, 'reference', NULL, NULL, NULL, NULL, '2026-06-11 07:45:26', '2026-06-11 07:45:26'),
(9894, 1585, 'unit_price', NULL, 0.00, NULL, NULL, '2026-06-11 07:45:26', '2026-06-11 07:45:26'),
(9895, 1585, 'event_count', NULL, 1.00, NULL, NULL, '2026-06-11 07:45:26', '2026-06-11 07:45:26'),
(9896, 1585, 'people_count', NULL, 1.00, NULL, NULL, '2026-06-11 07:45:26', '2026-06-11 07:45:26'),
(9897, 1585, 'yearly_total', NULL, 0.00, NULL, NULL, '2026-06-11 07:45:26', '2026-06-11 07:45:26'),
(9898, 1585, 'note', NULL, NULL, NULL, NULL, '2026-06-11 07:45:26', '2026-06-11 07:45:26'),
(9899, 1586, 'item_name', 'ພະແນກວິຊາການ', NULL, NULL, NULL, '2026-06-11 07:45:26', '2026-06-11 07:45:26'),
(9900, 1586, 'reference', NULL, NULL, NULL, NULL, '2026-06-11 07:45:26', '2026-06-11 07:45:26'),
(9901, 1586, 'unit_price', NULL, 0.00, NULL, NULL, '2026-06-11 07:45:26', '2026-06-11 07:45:26'),
(9902, 1586, 'event_count', NULL, 1.00, NULL, NULL, '2026-06-11 07:45:26', '2026-06-11 07:45:26'),
(9903, 1586, 'people_count', NULL, 1.00, NULL, NULL, '2026-06-11 07:45:26', '2026-06-11 07:45:26'),
(9904, 1586, 'yearly_total', NULL, 0.00, NULL, NULL, '2026-06-11 07:45:26', '2026-06-11 07:45:26'),
(9905, 1586, 'note', NULL, NULL, NULL, NULL, '2026-06-11 07:45:26', '2026-06-11 07:45:26'),
(9906, 1587, 'item_name', 'ພະແນກຈັດຕັ້ງສັງລວມ', NULL, NULL, NULL, '2026-06-11 07:45:26', '2026-06-11 07:45:26'),
(9907, 1587, 'reference', NULL, NULL, NULL, NULL, '2026-06-11 07:45:26', '2026-06-11 07:45:26'),
(9908, 1587, 'unit_price', NULL, 0.00, NULL, NULL, '2026-06-11 07:45:26', '2026-06-11 07:45:26'),
(9909, 1587, 'event_count', NULL, 1.00, NULL, NULL, '2026-06-11 07:45:26', '2026-06-11 07:45:26'),
(9910, 1587, 'people_count', NULL, 1.00, NULL, NULL, '2026-06-11 07:45:26', '2026-06-11 07:45:26'),
(9911, 1587, 'yearly_total', NULL, 0.00, NULL, NULL, '2026-06-11 07:45:26', '2026-06-11 07:45:26'),
(9912, 1587, 'note', NULL, NULL, NULL, NULL, '2026-06-11 07:45:26', '2026-06-11 07:45:26'),
(9913, 1588, 'item_name', 'ພະແນກການເງິນ-ຊັບສິນ', NULL, NULL, NULL, '2026-06-11 07:45:26', '2026-06-11 07:45:26'),
(9914, 1588, 'reference', NULL, NULL, NULL, NULL, '2026-06-11 07:45:26', '2026-06-11 07:45:26'),
(9915, 1588, 'unit_price', NULL, 0.00, NULL, NULL, '2026-06-11 07:45:26', '2026-06-11 07:45:26'),
(9916, 1588, 'event_count', NULL, 1.00, NULL, NULL, '2026-06-11 07:45:26', '2026-06-11 07:45:26'),
(9917, 1588, 'people_count', NULL, 1.00, NULL, NULL, '2026-06-11 07:45:26', '2026-06-11 07:45:26'),
(9918, 1588, 'yearly_total', NULL, 0.00, NULL, NULL, '2026-06-11 07:45:26', '2026-06-11 07:45:26'),
(9919, 1588, 'note', NULL, NULL, NULL, NULL, '2026-06-11 07:45:26', '2026-06-11 07:45:26'),
(9920, 1589, 'item_name', 'ພະແນກຄຸ້ມຄອງນັກສຶກສາ', NULL, NULL, NULL, '2026-06-11 07:45:26', '2026-06-11 07:45:26'),
(9921, 1589, 'reference', NULL, NULL, NULL, NULL, '2026-06-11 07:45:26', '2026-06-11 07:45:26'),
(9922, 1589, 'unit_price', NULL, 0.00, NULL, NULL, '2026-06-11 07:45:26', '2026-06-11 07:45:26'),
(9923, 1589, 'event_count', NULL, 1.00, NULL, NULL, '2026-06-11 07:45:26', '2026-06-11 07:45:26'),
(9924, 1589, 'people_count', NULL, 1.00, NULL, NULL, '2026-06-11 07:45:26', '2026-06-11 07:45:26'),
(9925, 1589, 'yearly_total', NULL, 0.00, NULL, NULL, '2026-06-11 07:45:26', '2026-06-11 07:45:26'),
(9926, 1589, 'note', NULL, NULL, NULL, NULL, '2026-06-11 07:45:26', '2026-06-11 07:45:26'),
(9927, 1590, 'item_name', 'ພະແນກຄົ້ນຄົ້ວ ແລະ ບໍລິການວິຊາການ', NULL, NULL, NULL, '2026-06-11 07:45:26', '2026-06-11 07:45:26'),
(9928, 1590, 'reference', NULL, NULL, NULL, NULL, '2026-06-11 07:45:26', '2026-06-11 07:45:26'),
(9929, 1590, 'unit_price', NULL, 0.00, NULL, NULL, '2026-06-11 07:45:26', '2026-06-11 07:45:26'),
(9930, 1590, 'event_count', NULL, 1.00, NULL, NULL, '2026-06-11 07:45:26', '2026-06-11 07:45:26'),
(9931, 1590, 'people_count', NULL, 1.00, NULL, NULL, '2026-06-11 07:45:26', '2026-06-11 07:45:26'),
(9932, 1590, 'yearly_total', NULL, 0.00, NULL, NULL, '2026-06-11 07:45:26', '2026-06-11 07:45:26'),
(9933, 1590, 'note', NULL, NULL, NULL, NULL, '2026-06-11 07:45:26', '2026-06-11 07:45:26'),
(9934, 1591, 'item_name', 'ພະແນກຫຼັງປະລິນຍາຕີ', NULL, NULL, NULL, '2026-06-11 07:45:26', '2026-06-11 07:45:26'),
(9935, 1591, 'reference', NULL, NULL, NULL, NULL, '2026-06-11 07:45:26', '2026-06-11 07:45:26'),
(9936, 1591, 'unit_price', NULL, 0.00, NULL, NULL, '2026-06-11 07:45:26', '2026-06-11 07:45:26'),
(9937, 1591, 'event_count', NULL, 1.00, NULL, NULL, '2026-06-11 07:45:26', '2026-06-11 07:45:26'),
(9938, 1591, 'people_count', NULL, 1.00, NULL, NULL, '2026-06-11 07:45:26', '2026-06-11 07:45:26'),
(9939, 1591, 'yearly_total', NULL, 0.00, NULL, NULL, '2026-06-11 07:45:26', '2026-06-11 07:45:26');
INSERT INTO `expense_plan_values` (`id`, `expense_plan_id`, `field_key`, `value_text`, `value_number`, `value_date`, `value_boolean`, `created_at`, `updated_at`) VALUES
(9940, 1591, 'note', NULL, NULL, NULL, NULL, '2026-06-11 07:45:26', '2026-06-11 07:45:26'),
(9941, 1592, 'item_name', 'ສຳນັກຄະນະບໍດີ', NULL, NULL, NULL, '2026-06-11 07:45:26', '2026-06-11 07:45:26'),
(9942, 1592, 'reference', NULL, NULL, NULL, NULL, '2026-06-11 07:45:26', '2026-06-11 07:45:26'),
(9943, 1592, 'unit_price', NULL, 0.00, NULL, NULL, '2026-06-11 07:45:26', '2026-06-11 07:45:26'),
(9944, 1592, 'event_count', NULL, 1.00, NULL, NULL, '2026-06-11 07:45:26', '2026-06-11 07:45:26'),
(9945, 1592, 'people_count', NULL, 1.00, NULL, NULL, '2026-06-11 07:45:26', '2026-06-11 07:45:26'),
(9946, 1592, 'yearly_total', NULL, 0.00, NULL, NULL, '2026-06-11 07:45:26', '2026-06-11 07:45:26'),
(9947, 1592, 'note', NULL, NULL, NULL, NULL, '2026-06-11 07:45:26', '2026-06-11 07:45:26'),
(9948, 1593, 'item_name', 'ພາວິຊາຄະນິດສາດ', NULL, NULL, NULL, '2026-06-11 07:45:26', '2026-06-11 07:45:26'),
(9949, 1593, 'reference', NULL, NULL, NULL, NULL, '2026-06-11 07:45:26', '2026-06-11 07:45:26'),
(9950, 1593, 'unit_price', NULL, 0.00, NULL, NULL, '2026-06-11 07:45:26', '2026-06-11 07:45:26'),
(9951, 1593, 'event_count', NULL, 1.00, NULL, NULL, '2026-06-11 07:45:26', '2026-06-11 07:45:26'),
(9952, 1593, 'people_count', NULL, 1.00, NULL, NULL, '2026-06-11 07:45:26', '2026-06-11 07:45:26'),
(9953, 1593, 'yearly_total', NULL, 0.00, NULL, NULL, '2026-06-11 07:45:26', '2026-06-11 07:45:26'),
(9954, 1593, 'note', 'ຂື້ນຢູ່ພາກ 63', NULL, NULL, NULL, '2026-06-11 07:45:26', '2026-06-11 07:45:26'),
(9955, 1594, 'item_name', 'ພາກວິຊາຟິຊິກສາດ', NULL, NULL, NULL, '2026-06-11 07:45:26', '2026-06-11 07:45:26'),
(9956, 1594, 'reference', NULL, NULL, NULL, NULL, '2026-06-11 07:45:26', '2026-06-11 07:45:26'),
(9957, 1594, 'unit_price', NULL, 0.00, NULL, NULL, '2026-06-11 07:45:26', '2026-06-11 07:45:26'),
(9958, 1594, 'event_count', NULL, 1.00, NULL, NULL, '2026-06-11 07:45:26', '2026-06-11 07:45:26'),
(9959, 1594, 'people_count', NULL, 1.00, NULL, NULL, '2026-06-11 07:45:26', '2026-06-11 07:45:26'),
(9960, 1594, 'yearly_total', NULL, 0.00, NULL, NULL, '2026-06-11 07:45:26', '2026-06-11 07:45:26'),
(9961, 1594, 'note', 'ຂື້ນຢູ່ພາກ 63', NULL, NULL, NULL, '2026-06-11 07:45:26', '2026-06-11 07:45:26'),
(9962, 1595, 'item_name', 'ພາກວິຊາເຄມີສາດ', NULL, NULL, NULL, '2026-06-11 07:45:26', '2026-06-11 07:45:26'),
(9963, 1595, 'reference', NULL, NULL, NULL, NULL, '2026-06-11 07:45:26', '2026-06-11 07:45:26'),
(9964, 1595, 'unit_price', NULL, 0.00, NULL, NULL, '2026-06-11 07:45:26', '2026-06-11 07:45:26'),
(9965, 1595, 'event_count', NULL, 1.00, NULL, NULL, '2026-06-11 07:45:26', '2026-06-11 07:45:26'),
(9966, 1595, 'people_count', NULL, 1.00, NULL, NULL, '2026-06-11 07:45:26', '2026-06-11 07:45:26'),
(9967, 1595, 'yearly_total', NULL, 0.00, NULL, NULL, '2026-06-11 07:45:26', '2026-06-11 07:45:26'),
(9968, 1595, 'note', 'ຂື້ນຢູ່ພາກ 63', NULL, NULL, NULL, '2026-06-11 07:45:26', '2026-06-11 07:45:26'),
(9969, 1596, 'item_name', 'ພາກວິຊາຊີວະວິທະຍາ', NULL, NULL, NULL, '2026-06-11 07:45:26', '2026-06-11 07:45:26'),
(9970, 1596, 'reference', NULL, NULL, NULL, NULL, '2026-06-11 07:45:26', '2026-06-11 07:45:26'),
(9971, 1596, 'unit_price', NULL, 0.00, NULL, NULL, '2026-06-11 07:45:26', '2026-06-11 07:45:26'),
(9972, 1596, 'event_count', NULL, 1.00, NULL, NULL, '2026-06-11 07:45:26', '2026-06-11 07:45:26'),
(9973, 1596, 'people_count', NULL, 1.00, NULL, NULL, '2026-06-11 07:45:26', '2026-06-11 07:45:26'),
(9974, 1596, 'yearly_total', NULL, 0.00, NULL, NULL, '2026-06-11 07:45:26', '2026-06-11 07:45:26'),
(9975, 1596, 'note', 'ຂື້ນຢູ່ພາກ 63', NULL, NULL, NULL, '2026-06-11 07:45:26', '2026-06-11 07:45:26'),
(9976, 1597, 'item_name', 'ພາກວິຊາວິທະຍາສາດຄອມພິວເຕີ', NULL, NULL, NULL, '2026-06-11 07:45:26', '2026-06-11 07:45:26'),
(9977, 1597, 'reference', NULL, NULL, NULL, NULL, '2026-06-11 07:45:26', '2026-06-11 07:45:26'),
(9978, 1597, 'unit_price', NULL, 0.00, NULL, NULL, '2026-06-11 07:45:26', '2026-06-11 07:45:26'),
(9979, 1597, 'event_count', NULL, 1.00, NULL, NULL, '2026-06-11 07:45:26', '2026-06-11 07:45:26'),
(9980, 1597, 'people_count', NULL, 1.00, NULL, NULL, '2026-06-11 07:45:26', '2026-06-11 07:45:26'),
(9981, 1597, 'yearly_total', NULL, 0.00, NULL, NULL, '2026-06-11 07:45:26', '2026-06-11 07:45:26'),
(9982, 1597, 'note', 'ຂື້ນຢູ່ພາກ 63', NULL, NULL, NULL, '2026-06-11 07:45:26', '2026-06-11 07:45:26'),
(9983, 1598, 'item_name', 'ພະແນກວິຊາການ', NULL, NULL, NULL, '2026-06-11 07:45:26', '2026-06-11 07:45:26'),
(9984, 1598, 'reference', NULL, NULL, NULL, NULL, '2026-06-11 07:45:26', '2026-06-11 07:45:26'),
(9985, 1598, 'unit_price', NULL, 0.00, NULL, NULL, '2026-06-11 07:45:26', '2026-06-11 07:45:26'),
(9986, 1598, 'event_count', NULL, 1.00, NULL, NULL, '2026-06-11 07:45:26', '2026-06-11 07:45:26'),
(9987, 1598, 'people_count', NULL, 1.00, NULL, NULL, '2026-06-11 07:45:26', '2026-06-11 07:45:26'),
(9988, 1598, 'yearly_total', NULL, 0.00, NULL, NULL, '2026-06-11 07:45:26', '2026-06-11 07:45:26'),
(9989, 1598, 'note', NULL, NULL, NULL, NULL, '2026-06-11 07:45:26', '2026-06-11 07:45:26'),
(9990, 1599, 'item_name', 'ພະແນກຈັດຕັ້ງສັງລວມ', NULL, NULL, NULL, '2026-06-11 07:45:26', '2026-06-11 07:45:26'),
(9991, 1599, 'reference', NULL, NULL, NULL, NULL, '2026-06-11 07:45:26', '2026-06-11 07:45:26'),
(9992, 1599, 'unit_price', NULL, 0.00, NULL, NULL, '2026-06-11 07:45:26', '2026-06-11 07:45:26'),
(9993, 1599, 'event_count', NULL, 1.00, NULL, NULL, '2026-06-11 07:45:26', '2026-06-11 07:45:26'),
(9994, 1599, 'people_count', NULL, 1.00, NULL, NULL, '2026-06-11 07:45:26', '2026-06-11 07:45:26'),
(9995, 1599, 'yearly_total', NULL, 0.00, NULL, NULL, '2026-06-11 07:45:26', '2026-06-11 07:45:26'),
(9996, 1599, 'note', NULL, NULL, NULL, NULL, '2026-06-11 07:45:26', '2026-06-11 07:45:26'),
(9997, 1600, 'item_name', 'ພະແນກການເງິນ-ຊັບສິນ', NULL, NULL, NULL, '2026-06-11 07:45:26', '2026-06-11 07:45:26'),
(9998, 1600, 'reference', NULL, NULL, NULL, NULL, '2026-06-11 07:45:26', '2026-06-11 07:45:26'),
(9999, 1600, 'unit_price', NULL, 0.00, NULL, NULL, '2026-06-11 07:45:26', '2026-06-11 07:45:26'),
(10000, 1600, 'event_count', NULL, 1.00, NULL, NULL, '2026-06-11 07:45:26', '2026-06-11 07:45:26'),
(10001, 1600, 'people_count', NULL, 1.00, NULL, NULL, '2026-06-11 07:45:26', '2026-06-11 07:45:26'),
(10002, 1600, 'yearly_total', NULL, 0.00, NULL, NULL, '2026-06-11 07:45:26', '2026-06-11 07:45:26'),
(10003, 1600, 'note', NULL, NULL, NULL, NULL, '2026-06-11 07:45:26', '2026-06-11 07:45:26'),
(10004, 1601, 'item_name', 'ພະແນກຄຸ້ມຄອງນັກສຶກສາ', NULL, NULL, NULL, '2026-06-11 07:45:26', '2026-06-11 07:45:26'),
(10005, 1601, 'reference', NULL, NULL, NULL, NULL, '2026-06-11 07:45:26', '2026-06-11 07:45:26'),
(10006, 1601, 'unit_price', NULL, 0.00, NULL, NULL, '2026-06-11 07:45:26', '2026-06-11 07:45:26'),
(10007, 1601, 'event_count', NULL, 1.00, NULL, NULL, '2026-06-11 07:45:26', '2026-06-11 07:45:26'),
(10008, 1601, 'people_count', NULL, 1.00, NULL, NULL, '2026-06-11 07:45:26', '2026-06-11 07:45:26'),
(10009, 1601, 'yearly_total', NULL, 0.00, NULL, NULL, '2026-06-11 07:45:26', '2026-06-11 07:45:26'),
(10010, 1601, 'note', NULL, NULL, NULL, NULL, '2026-06-11 07:45:26', '2026-06-11 07:45:26'),
(10011, 1602, 'item_name', 'ພະແນກຄົ້ນຄົ້ວ ແລະ ບໍລິການວິຊາການ', NULL, NULL, NULL, '2026-06-11 07:45:26', '2026-06-11 07:45:26'),
(10012, 1602, 'reference', NULL, NULL, NULL, NULL, '2026-06-11 07:45:26', '2026-06-11 07:45:26'),
(10013, 1602, 'unit_price', NULL, 0.00, NULL, NULL, '2026-06-11 07:45:26', '2026-06-11 07:45:26'),
(10014, 1602, 'event_count', NULL, 1.00, NULL, NULL, '2026-06-11 07:45:26', '2026-06-11 07:45:26'),
(10015, 1602, 'people_count', NULL, 1.00, NULL, NULL, '2026-06-11 07:45:26', '2026-06-11 07:45:26'),
(10016, 1602, 'yearly_total', NULL, 0.00, NULL, NULL, '2026-06-11 07:45:26', '2026-06-11 07:45:26'),
(10017, 1602, 'note', NULL, NULL, NULL, NULL, '2026-06-11 07:45:26', '2026-06-11 07:45:26'),
(10018, 1603, 'item_name', 'ພະແນກຫຼັງປະລິນຍາຕີ', NULL, NULL, NULL, '2026-06-11 07:45:26', '2026-06-11 07:45:26'),
(10019, 1603, 'reference', NULL, NULL, NULL, NULL, '2026-06-11 07:45:26', '2026-06-11 07:45:26'),
(10020, 1603, 'unit_price', NULL, 0.00, NULL, NULL, '2026-06-11 07:45:26', '2026-06-11 07:45:26'),
(10021, 1603, 'event_count', NULL, 1.00, NULL, NULL, '2026-06-11 07:45:26', '2026-06-11 07:45:26'),
(10022, 1603, 'people_count', NULL, 1.00, NULL, NULL, '2026-06-11 07:45:26', '2026-06-11 07:45:26'),
(10023, 1603, 'yearly_total', NULL, 0.00, NULL, NULL, '2026-06-11 07:45:26', '2026-06-11 07:45:26'),
(10024, 1603, 'note', NULL, NULL, NULL, NULL, '2026-06-11 07:45:26', '2026-06-11 07:45:26'),
(10025, 1604, 'item_name', 'ສຳນັກຄະນະບໍດີ', NULL, NULL, NULL, '2026-06-11 07:45:26', '2026-06-11 07:45:26'),
(10026, 1604, 'reference', NULL, NULL, NULL, NULL, '2026-06-11 07:45:26', '2026-06-11 07:45:26'),
(10027, 1604, 'unit_price', NULL, 0.00, NULL, NULL, '2026-06-11 07:45:26', '2026-06-11 07:45:26'),
(10028, 1604, 'event_count', NULL, 1.00, NULL, NULL, '2026-06-11 07:45:26', '2026-06-11 07:45:26'),
(10029, 1604, 'people_count', NULL, 1.00, NULL, NULL, '2026-06-11 07:45:26', '2026-06-11 07:45:26'),
(10030, 1604, 'yearly_total', NULL, 0.00, NULL, NULL, '2026-06-11 07:45:26', '2026-06-11 07:45:26'),
(10031, 1604, 'note', NULL, NULL, NULL, NULL, '2026-06-11 07:45:26', '2026-06-11 07:45:26'),
(10032, 1605, 'item_name', 'ພາວິຊາຄະນິດສາດ', NULL, NULL, NULL, '2026-06-11 07:45:26', '2026-06-11 07:45:26'),
(10033, 1605, 'reference', NULL, NULL, NULL, NULL, '2026-06-11 07:45:26', '2026-06-11 07:45:26'),
(10034, 1605, 'unit_price', NULL, 0.00, NULL, NULL, '2026-06-11 07:45:26', '2026-06-11 07:45:26'),
(10035, 1605, 'event_count', NULL, 1.00, NULL, NULL, '2026-06-11 07:45:26', '2026-06-11 07:45:26'),
(10036, 1605, 'people_count', NULL, 1.00, NULL, NULL, '2026-06-11 07:45:26', '2026-06-11 07:45:26'),
(10037, 1605, 'yearly_total', NULL, 0.00, NULL, NULL, '2026-06-11 07:45:26', '2026-06-11 07:45:26'),
(10038, 1605, 'note', 'ຂື້ນຢູ່ພາກ 63', NULL, NULL, NULL, '2026-06-11 07:45:26', '2026-06-11 07:45:26'),
(10039, 1606, 'item_name', 'ພາກວິຊາຟິຊິກສາດ', NULL, NULL, NULL, '2026-06-11 07:45:26', '2026-06-11 07:45:26'),
(10040, 1606, 'reference', NULL, NULL, NULL, NULL, '2026-06-11 07:45:26', '2026-06-11 07:45:26'),
(10041, 1606, 'unit_price', NULL, 0.00, NULL, NULL, '2026-06-11 07:45:26', '2026-06-11 07:45:26'),
(10042, 1606, 'event_count', NULL, 1.00, NULL, NULL, '2026-06-11 07:45:26', '2026-06-11 07:45:26'),
(10043, 1606, 'people_count', NULL, 1.00, NULL, NULL, '2026-06-11 07:45:26', '2026-06-11 07:45:26'),
(10044, 1606, 'yearly_total', NULL, 0.00, NULL, NULL, '2026-06-11 07:45:26', '2026-06-11 07:45:26'),
(10045, 1606, 'note', 'ຂື້ນຢູ່ພາກ 63', NULL, NULL, NULL, '2026-06-11 07:45:26', '2026-06-11 07:45:26'),
(10046, 1607, 'item_name', 'ພາກວິຊາເຄມີສາດ', NULL, NULL, NULL, '2026-06-11 07:45:26', '2026-06-11 07:45:26'),
(10047, 1607, 'reference', NULL, NULL, NULL, NULL, '2026-06-11 07:45:26', '2026-06-11 07:45:26'),
(10048, 1607, 'unit_price', NULL, 0.00, NULL, NULL, '2026-06-11 07:45:26', '2026-06-11 07:45:26'),
(10049, 1607, 'event_count', NULL, 1.00, NULL, NULL, '2026-06-11 07:45:26', '2026-06-11 07:45:26'),
(10050, 1607, 'people_count', NULL, 1.00, NULL, NULL, '2026-06-11 07:45:26', '2026-06-11 07:45:26'),
(10051, 1607, 'yearly_total', NULL, 0.00, NULL, NULL, '2026-06-11 07:45:26', '2026-06-11 07:45:26'),
(10052, 1607, 'note', 'ຂື້ນຢູ່ພາກ 63', NULL, NULL, NULL, '2026-06-11 07:45:26', '2026-06-11 07:45:26'),
(10053, 1608, 'item_name', 'ພາກວິຊາຊີວະວິທະຍາ', NULL, NULL, NULL, '2026-06-11 07:45:26', '2026-06-11 07:45:26'),
(10054, 1608, 'reference', NULL, NULL, NULL, NULL, '2026-06-11 07:45:26', '2026-06-11 07:45:26'),
(10055, 1608, 'unit_price', NULL, 0.00, NULL, NULL, '2026-06-11 07:45:26', '2026-06-11 07:45:26'),
(10056, 1608, 'event_count', NULL, 1.00, NULL, NULL, '2026-06-11 07:45:26', '2026-06-11 07:45:26'),
(10057, 1608, 'people_count', NULL, 1.00, NULL, NULL, '2026-06-11 07:45:26', '2026-06-11 07:45:26'),
(10058, 1608, 'yearly_total', NULL, 0.00, NULL, NULL, '2026-06-11 07:45:26', '2026-06-11 07:45:26'),
(10059, 1608, 'note', 'ຂື້ນຢູ່ພາກ 63', NULL, NULL, NULL, '2026-06-11 07:45:26', '2026-06-11 07:45:26'),
(10060, 1609, 'item_name', 'ພາກວິຊາວິທະຍາສາດຄອມພິວເຕີ', NULL, NULL, NULL, '2026-06-11 07:45:26', '2026-06-11 07:45:26'),
(10061, 1609, 'reference', NULL, NULL, NULL, NULL, '2026-06-11 07:45:26', '2026-06-11 07:45:26'),
(10062, 1609, 'unit_price', NULL, 0.00, NULL, NULL, '2026-06-11 07:45:26', '2026-06-11 07:45:26'),
(10063, 1609, 'event_count', NULL, 1.00, NULL, NULL, '2026-06-11 07:45:26', '2026-06-11 07:45:26'),
(10064, 1609, 'people_count', NULL, 1.00, NULL, NULL, '2026-06-11 07:45:26', '2026-06-11 07:45:26'),
(10065, 1609, 'yearly_total', NULL, 0.00, NULL, NULL, '2026-06-11 07:45:26', '2026-06-11 07:45:26'),
(10066, 1609, 'note', 'ຂື້ນຢູ່ພາກ 63', NULL, NULL, NULL, '2026-06-11 07:45:26', '2026-06-11 07:45:26'),
(10067, 1610, 'item_name', 'ພະແນກວິຊາການ', NULL, NULL, NULL, '2026-06-11 07:45:26', '2026-06-11 07:45:26'),
(10068, 1610, 'reference', NULL, NULL, NULL, NULL, '2026-06-11 07:45:26', '2026-06-11 07:45:26'),
(10069, 1610, 'unit_price', NULL, 0.00, NULL, NULL, '2026-06-11 07:45:26', '2026-06-11 07:45:26'),
(10070, 1610, 'event_count', NULL, 1.00, NULL, NULL, '2026-06-11 07:45:26', '2026-06-11 07:45:26'),
(10071, 1610, 'people_count', NULL, 1.00, NULL, NULL, '2026-06-11 07:45:26', '2026-06-11 07:45:26'),
(10072, 1610, 'yearly_total', NULL, 0.00, NULL, NULL, '2026-06-11 07:45:26', '2026-06-11 07:45:26'),
(10073, 1610, 'note', NULL, NULL, NULL, NULL, '2026-06-11 07:45:26', '2026-06-11 07:45:26'),
(10074, 1611, 'item_name', 'ພະແນກຈັດຕັ້ງສັງລວມ', NULL, NULL, NULL, '2026-06-11 07:45:26', '2026-06-11 07:45:26'),
(10075, 1611, 'reference', NULL, NULL, NULL, NULL, '2026-06-11 07:45:26', '2026-06-11 07:45:26'),
(10076, 1611, 'unit_price', NULL, 0.00, NULL, NULL, '2026-06-11 07:45:26', '2026-06-11 07:45:26'),
(10077, 1611, 'event_count', NULL, 1.00, NULL, NULL, '2026-06-11 07:45:26', '2026-06-11 07:45:26'),
(10078, 1611, 'people_count', NULL, 1.00, NULL, NULL, '2026-06-11 07:45:26', '2026-06-11 07:45:26'),
(10079, 1611, 'yearly_total', NULL, 0.00, NULL, NULL, '2026-06-11 07:45:26', '2026-06-11 07:45:26'),
(10080, 1611, 'note', NULL, NULL, NULL, NULL, '2026-06-11 07:45:26', '2026-06-11 07:45:26'),
(10081, 1612, 'item_name', 'ພະແນກການເງິນ-ຊັບສິນ', NULL, NULL, NULL, '2026-06-11 07:45:26', '2026-06-11 07:45:26'),
(10082, 1612, 'reference', NULL, NULL, NULL, NULL, '2026-06-11 07:45:26', '2026-06-11 07:45:26'),
(10083, 1612, 'unit_price', NULL, 0.00, NULL, NULL, '2026-06-11 07:45:26', '2026-06-11 07:45:26'),
(10084, 1612, 'event_count', NULL, 1.00, NULL, NULL, '2026-06-11 07:45:26', '2026-06-11 07:45:26'),
(10085, 1612, 'people_count', NULL, 1.00, NULL, NULL, '2026-06-11 07:45:26', '2026-06-11 07:45:26'),
(10086, 1612, 'yearly_total', NULL, 0.00, NULL, NULL, '2026-06-11 07:45:26', '2026-06-11 07:45:26'),
(10087, 1612, 'note', NULL, NULL, NULL, NULL, '2026-06-11 07:45:26', '2026-06-11 07:45:26'),
(10088, 1613, 'item_name', 'ພະແນກຄຸ້ມຄອງນັກສຶກສາ', NULL, NULL, NULL, '2026-06-11 07:45:26', '2026-06-11 07:45:26'),
(10089, 1613, 'reference', NULL, NULL, NULL, NULL, '2026-06-11 07:45:26', '2026-06-11 07:45:26'),
(10090, 1613, 'unit_price', NULL, 0.00, NULL, NULL, '2026-06-11 07:45:26', '2026-06-11 07:45:26'),
(10091, 1613, 'event_count', NULL, 1.00, NULL, NULL, '2026-06-11 07:45:26', '2026-06-11 07:45:26'),
(10092, 1613, 'people_count', NULL, 1.00, NULL, NULL, '2026-06-11 07:45:26', '2026-06-11 07:45:26'),
(10093, 1613, 'yearly_total', NULL, 0.00, NULL, NULL, '2026-06-11 07:45:26', '2026-06-11 07:45:26'),
(10094, 1613, 'note', NULL, NULL, NULL, NULL, '2026-06-11 07:45:26', '2026-06-11 07:45:26'),
(10095, 1614, 'item_name', 'ພະແນກຄົ້ນຄົ້ວ ແລະ ບໍລິການວິຊາການ', NULL, NULL, NULL, '2026-06-11 07:45:26', '2026-06-11 07:45:26'),
(10096, 1614, 'reference', NULL, NULL, NULL, NULL, '2026-06-11 07:45:26', '2026-06-11 07:45:26'),
(10097, 1614, 'unit_price', NULL, 0.00, NULL, NULL, '2026-06-11 07:45:26', '2026-06-11 07:45:26'),
(10098, 1614, 'event_count', NULL, 1.00, NULL, NULL, '2026-06-11 07:45:26', '2026-06-11 07:45:26'),
(10099, 1614, 'people_count', NULL, 1.00, NULL, NULL, '2026-06-11 07:45:26', '2026-06-11 07:45:26'),
(10100, 1614, 'yearly_total', NULL, 0.00, NULL, NULL, '2026-06-11 07:45:26', '2026-06-11 07:45:26'),
(10101, 1614, 'note', NULL, NULL, NULL, NULL, '2026-06-11 07:45:26', '2026-06-11 07:45:26'),
(10102, 1615, 'item_name', 'ພະແນກຫຼັງປະລິນຍາຕີ', NULL, NULL, NULL, '2026-06-11 07:45:26', '2026-06-11 07:45:26'),
(10103, 1615, 'reference', NULL, NULL, NULL, NULL, '2026-06-11 07:45:26', '2026-06-11 07:45:26'),
(10104, 1615, 'unit_price', NULL, 0.00, NULL, NULL, '2026-06-11 07:45:26', '2026-06-11 07:45:26'),
(10105, 1615, 'event_count', NULL, 1.00, NULL, NULL, '2026-06-11 07:45:26', '2026-06-11 07:45:26'),
(10106, 1615, 'people_count', NULL, 1.00, NULL, NULL, '2026-06-11 07:45:26', '2026-06-11 07:45:26'),
(10107, 1615, 'yearly_total', NULL, 0.00, NULL, NULL, '2026-06-11 07:45:26', '2026-06-11 07:45:26'),
(10108, 1615, 'note', NULL, NULL, NULL, NULL, '2026-06-11 07:45:26', '2026-06-11 07:45:26'),
(10109, 1616, 'item_name', 'ອຸປະກອນການຮຽນ-ການສອນ', NULL, NULL, NULL, '2026-06-11 07:45:26', '2026-06-11 07:45:26'),
(10110, 1616, 'reference', NULL, NULL, NULL, NULL, '2026-06-11 07:45:26', '2026-06-11 07:45:26'),
(10111, 1616, 'unit_price', NULL, 0.00, NULL, NULL, '2026-06-11 07:45:26', '2026-06-11 07:45:26'),
(10112, 1616, 'quantity', NULL, 1.00, NULL, NULL, '2026-06-11 07:45:26', '2026-06-11 07:45:26'),
(10113, 1616, 'times_per_year', NULL, 1.00, NULL, NULL, '2026-06-11 07:45:26', '2026-06-11 07:45:26'),
(10114, 1616, 'yearly_total', NULL, 0.00, NULL, NULL, '2026-06-11 07:45:26', '2026-06-11 07:45:26'),
(10115, 1616, 'note', NULL, NULL, NULL, NULL, '2026-06-11 07:45:26', '2026-06-11 07:45:26'),
(10116, 1617, 'item_name', 'ອຸປະກອນການສອບເສັງ', NULL, NULL, NULL, '2026-06-11 07:45:26', '2026-06-11 07:45:26'),
(10117, 1617, 'reference', NULL, NULL, NULL, NULL, '2026-06-11 07:45:26', '2026-06-11 07:45:26'),
(10118, 1617, 'unit_price', NULL, 0.00, NULL, NULL, '2026-06-11 07:45:26', '2026-06-11 07:45:26'),
(10119, 1617, 'quantity', NULL, 1.00, NULL, NULL, '2026-06-11 07:45:26', '2026-06-11 07:45:26'),
(10120, 1617, 'times_per_year', NULL, 1.00, NULL, NULL, '2026-06-11 07:45:26', '2026-06-11 07:45:26'),
(10121, 1617, 'yearly_total', NULL, 0.00, NULL, NULL, '2026-06-11 07:45:26', '2026-06-11 07:45:26'),
(10122, 1617, 'note', NULL, NULL, NULL, NULL, '2026-06-11 07:45:26', '2026-06-11 07:45:26'),
(10123, 1618, 'item_name', 'ພາກວິຊາຄະນິດສາດ', NULL, NULL, NULL, '2026-06-11 07:45:26', '2026-06-11 07:45:26'),
(10124, 1618, 'reference', NULL, NULL, NULL, NULL, '2026-06-11 07:45:26', '2026-06-11 07:45:26'),
(10125, 1618, 'yearly_total', NULL, 0.00, NULL, NULL, '2026-06-11 07:45:26', '2026-06-11 07:45:26'),
(10126, 1618, 'note', NULL, NULL, NULL, NULL, '2026-06-11 07:45:26', '2026-06-11 07:45:26'),
(10127, 1619, 'item_name', 'ພາກວິຊາຟີຊິກສາດ', NULL, NULL, NULL, '2026-06-11 07:45:26', '2026-06-11 07:45:26'),
(10128, 1619, 'reference', NULL, NULL, NULL, NULL, '2026-06-11 07:45:26', '2026-06-11 07:45:26'),
(10129, 1619, 'yearly_total', NULL, 0.00, NULL, NULL, '2026-06-11 07:45:26', '2026-06-11 07:45:26'),
(10130, 1619, 'note', NULL, NULL, NULL, NULL, '2026-06-11 07:45:26', '2026-06-11 07:45:26'),
(10131, 1620, 'item_name', 'ພາກວິຊາເຄມີສາດ', NULL, NULL, NULL, '2026-06-11 07:45:26', '2026-06-11 07:45:26'),
(10132, 1620, 'reference', NULL, NULL, NULL, NULL, '2026-06-11 07:45:26', '2026-06-11 07:45:26'),
(10133, 1620, 'yearly_total', NULL, 0.00, NULL, NULL, '2026-06-11 07:45:26', '2026-06-11 07:45:26'),
(10134, 1620, 'note', NULL, NULL, NULL, NULL, '2026-06-11 07:45:26', '2026-06-11 07:45:26'),
(10135, 1621, 'item_name', 'ພາກວິຊາຊີວະວິທະຍາ', NULL, NULL, NULL, '2026-06-11 07:45:26', '2026-06-11 07:45:26'),
(10136, 1621, 'reference', NULL, NULL, NULL, NULL, '2026-06-11 07:45:26', '2026-06-11 07:45:26'),
(10137, 1621, 'yearly_total', NULL, 0.00, NULL, NULL, '2026-06-11 07:45:26', '2026-06-11 07:45:26'),
(10138, 1621, 'note', NULL, NULL, NULL, NULL, '2026-06-11 07:45:26', '2026-06-11 07:45:26'),
(10139, 1622, 'item_name', 'ພາກວິຊາວິທະຍາສາດຄອມພີວເຕີ', NULL, NULL, NULL, '2026-06-11 07:45:26', '2026-06-11 07:45:26'),
(10140, 1622, 'reference', NULL, NULL, NULL, NULL, '2026-06-11 07:45:26', '2026-06-11 07:45:26'),
(10141, 1622, 'yearly_total', NULL, 0.00, NULL, NULL, '2026-06-11 07:45:26', '2026-06-11 07:45:26'),
(10142, 1622, 'note', NULL, NULL, NULL, NULL, '2026-06-11 07:45:26', '2026-06-11 07:45:26'),
(10143, 1623, 'item_name', 'ພາກວິຊາຄະນິດສາດ', NULL, NULL, NULL, '2026-06-11 07:45:26', '2026-06-11 07:45:26'),
(10144, 1623, 'reference', NULL, NULL, NULL, NULL, '2026-06-11 07:45:26', '2026-06-11 07:45:26'),
(10145, 1623, 'yearly_total', NULL, 0.00, NULL, NULL, '2026-06-11 07:45:26', '2026-06-11 07:45:26'),
(10146, 1623, 'note', NULL, NULL, NULL, NULL, '2026-06-11 07:45:26', '2026-06-11 07:45:26'),
(10147, 1624, 'item_name', 'ພາກວິຊາຟີຊິກສາດ', NULL, NULL, NULL, '2026-06-11 07:45:26', '2026-06-11 07:45:26'),
(10148, 1624, 'reference', NULL, NULL, NULL, NULL, '2026-06-11 07:45:26', '2026-06-11 07:45:26'),
(10149, 1624, 'yearly_total', NULL, 0.00, NULL, NULL, '2026-06-11 07:45:26', '2026-06-11 07:45:26'),
(10150, 1624, 'note', NULL, NULL, NULL, NULL, '2026-06-11 07:45:26', '2026-06-11 07:45:26'),
(10151, 1625, 'item_name', 'ພາກວິຊາເຄມີສາດ', NULL, NULL, NULL, '2026-06-11 07:45:26', '2026-06-11 07:45:26'),
(10152, 1625, 'reference', NULL, NULL, NULL, NULL, '2026-06-11 07:45:26', '2026-06-11 07:45:26'),
(10153, 1625, 'yearly_total', NULL, 0.00, NULL, NULL, '2026-06-11 07:45:26', '2026-06-11 07:45:26'),
(10154, 1625, 'note', NULL, NULL, NULL, NULL, '2026-06-11 07:45:26', '2026-06-11 07:45:26'),
(10155, 1626, 'item_name', 'ພາກວິຊາຊີວະວິທະຍາ', NULL, NULL, NULL, '2026-06-11 07:45:26', '2026-06-11 07:45:26'),
(10156, 1626, 'reference', NULL, NULL, NULL, NULL, '2026-06-11 07:45:26', '2026-06-11 07:45:26'),
(10157, 1626, 'yearly_total', NULL, 0.00, NULL, NULL, '2026-06-11 07:45:26', '2026-06-11 07:45:26'),
(10158, 1626, 'note', NULL, NULL, NULL, NULL, '2026-06-11 07:45:26', '2026-06-11 07:45:26'),
(10159, 1627, 'item_name', 'ພາກວິຊາວິທະຍາສາດຄອມພີວເຕີ', NULL, NULL, NULL, '2026-06-11 07:45:26', '2026-06-11 07:45:26'),
(10160, 1627, 'reference', NULL, NULL, NULL, NULL, '2026-06-11 07:45:26', '2026-06-11 07:45:26'),
(10161, 1627, 'yearly_total', NULL, 0.00, NULL, NULL, '2026-06-11 07:45:26', '2026-06-11 07:45:26'),
(10162, 1627, 'note', NULL, NULL, NULL, NULL, '2026-06-11 07:45:26', '2026-06-11 07:45:26'),
(10163, 1628, 'item_name', 'ປັບປຸງ ແລະ ພັດທະນາຫຼັກສູດ ປໍໂທ+ເອກ', NULL, NULL, NULL, '2026-06-11 07:45:26', '2026-06-11 07:45:26'),
(10164, 1628, 'reference', NULL, NULL, NULL, NULL, '2026-06-11 07:45:26', '2026-06-11 07:45:26'),
(10165, 1628, 'yearly_total', NULL, 0.00, NULL, NULL, '2026-06-11 07:45:26', '2026-06-11 07:45:26'),
(10166, 1628, 'note', NULL, NULL, NULL, NULL, '2026-06-11 07:45:26', '2026-06-11 07:45:26'),
(10167, 1629, 'item_name', 'ພາກວິຊາຄະນິດສາດ', NULL, NULL, NULL, '2026-06-11 07:45:26', '2026-06-11 07:45:26'),
(10168, 1629, 'reference', NULL, NULL, NULL, NULL, '2026-06-11 07:45:26', '2026-06-11 07:45:26'),
(10169, 1629, 'unit_price', NULL, 0.00, NULL, NULL, '2026-06-11 07:45:26', '2026-06-11 07:45:26'),
(10170, 1629, 'quantity', NULL, 1.00, NULL, NULL, '2026-06-11 07:45:26', '2026-06-11 07:45:26'),
(10171, 1629, 'yearly_total', NULL, 0.00, NULL, NULL, '2026-06-11 07:45:26', '2026-06-11 07:45:26'),
(10172, 1629, 'note', NULL, NULL, NULL, NULL, '2026-06-11 07:45:26', '2026-06-11 07:45:26'),
(10173, 1630, 'item_name', 'ພາກວິຊາຟິຊິກສາດ', NULL, NULL, NULL, '2026-06-11 07:45:26', '2026-06-11 07:45:26'),
(10174, 1630, 'reference', NULL, NULL, NULL, NULL, '2026-06-11 07:45:26', '2026-06-11 07:45:26'),
(10175, 1630, 'unit_price', NULL, 0.00, NULL, NULL, '2026-06-11 07:45:26', '2026-06-11 07:45:26'),
(10176, 1630, 'quantity', NULL, 1.00, NULL, NULL, '2026-06-11 07:45:26', '2026-06-11 07:45:26'),
(10177, 1630, 'yearly_total', NULL, 0.00, NULL, NULL, '2026-06-11 07:45:26', '2026-06-11 07:45:26'),
(10178, 1630, 'note', NULL, NULL, NULL, NULL, '2026-06-11 07:45:26', '2026-06-11 07:45:26'),
(10179, 1631, 'item_name', 'ພາກວິຊາເຄມີສາດ', NULL, NULL, NULL, '2026-06-11 07:45:26', '2026-06-11 07:45:26'),
(10180, 1631, 'reference', NULL, NULL, NULL, NULL, '2026-06-11 07:45:26', '2026-06-11 07:45:26'),
(10181, 1631, 'unit_price', NULL, 0.00, NULL, NULL, '2026-06-11 07:45:26', '2026-06-11 07:45:26'),
(10182, 1631, 'quantity', NULL, 1.00, NULL, NULL, '2026-06-11 07:45:26', '2026-06-11 07:45:26'),
(10183, 1631, 'yearly_total', NULL, 0.00, NULL, NULL, '2026-06-11 07:45:26', '2026-06-11 07:45:26'),
(10184, 1631, 'note', NULL, NULL, NULL, NULL, '2026-06-11 07:45:26', '2026-06-11 07:45:26'),
(10185, 1632, 'item_name', 'ພາກວິຊາຊີວະວິທະຍາ', NULL, NULL, NULL, '2026-06-11 07:45:26', '2026-06-11 07:45:26'),
(10186, 1632, 'reference', NULL, NULL, NULL, NULL, '2026-06-11 07:45:26', '2026-06-11 07:45:26'),
(10187, 1632, 'unit_price', NULL, 0.00, NULL, NULL, '2026-06-11 07:45:26', '2026-06-11 07:45:26'),
(10188, 1632, 'quantity', NULL, 1.00, NULL, NULL, '2026-06-11 07:45:26', '2026-06-11 07:45:26'),
(10189, 1632, 'yearly_total', NULL, 0.00, NULL, NULL, '2026-06-11 07:45:26', '2026-06-11 07:45:26'),
(10190, 1632, 'note', NULL, NULL, NULL, NULL, '2026-06-11 07:45:26', '2026-06-11 07:45:26'),
(10191, 1633, 'item_name', 'ພາກວິຊາວິທະຍາສາດຄອມພິວເຕີ', NULL, NULL, NULL, '2026-06-11 07:45:26', '2026-06-11 07:45:26'),
(10192, 1633, 'reference', NULL, NULL, NULL, NULL, '2026-06-11 07:45:26', '2026-06-11 07:45:26'),
(10193, 1633, 'unit_price', NULL, 0.00, NULL, NULL, '2026-06-11 07:45:26', '2026-06-11 07:45:26'),
(10194, 1633, 'quantity', NULL, 1.00, NULL, NULL, '2026-06-11 07:45:26', '2026-06-11 07:45:26'),
(10195, 1633, 'yearly_total', NULL, 0.00, NULL, NULL, '2026-06-11 07:45:26', '2026-06-11 07:45:26'),
(10196, 1633, 'note', NULL, NULL, NULL, NULL, '2026-06-11 07:45:26', '2026-06-11 07:45:26'),
(10197, 1634, 'item_name', 'ຊື້ອຸປະກອນທົດລອງ', NULL, NULL, NULL, '2026-06-11 07:45:26', '2026-06-11 07:45:26'),
(10198, 1634, 'reference', NULL, NULL, NULL, NULL, '2026-06-11 07:45:26', '2026-06-11 07:45:26'),
(10199, 1634, 'unit_price', NULL, 0.00, NULL, NULL, '2026-06-11 07:45:26', '2026-06-11 07:45:26'),
(10200, 1634, 'quantity', NULL, 1.00, NULL, NULL, '2026-06-11 07:45:26', '2026-06-11 07:45:26'),
(10201, 1634, 'yearly_total', NULL, 0.00, NULL, NULL, '2026-06-11 07:45:26', '2026-06-11 07:45:26'),
(10202, 1634, 'note', NULL, NULL, NULL, NULL, '2026-06-11 07:45:26', '2026-06-11 07:45:26'),
(10203, 1635, 'item_name', 'ອູປະກອນທົດລອງຟິຊິກສາດ', NULL, NULL, NULL, '2026-06-11 07:45:26', '2026-06-11 07:45:26'),
(10204, 1635, 'reference', NULL, NULL, NULL, NULL, '2026-06-11 07:45:26', '2026-06-11 07:45:26'),
(10205, 1635, 'unit_price', NULL, 0.00, NULL, NULL, '2026-06-11 07:45:26', '2026-06-11 07:45:26'),
(10206, 1635, 'quantity', NULL, 1.00, NULL, NULL, '2026-06-11 07:45:26', '2026-06-11 07:45:26'),
(10207, 1635, 'yearly_total', NULL, 0.00, NULL, NULL, '2026-06-11 07:45:26', '2026-06-11 07:45:26'),
(10208, 1635, 'note', NULL, NULL, NULL, NULL, '2026-06-11 07:45:26', '2026-06-11 07:45:26'),
(10209, 1636, 'item_name', 'ອຸປະກອນທົດລອງເຄມີສາດ', NULL, NULL, NULL, '2026-06-11 07:45:26', '2026-06-11 07:45:26'),
(10210, 1636, 'reference', NULL, NULL, NULL, NULL, '2026-06-11 07:45:26', '2026-06-11 07:45:26'),
(10211, 1636, 'unit_price', NULL, 0.00, NULL, NULL, '2026-06-11 07:45:26', '2026-06-11 07:45:26'),
(10212, 1636, 'quantity', NULL, 1.00, NULL, NULL, '2026-06-11 07:45:26', '2026-06-11 07:45:26'),
(10213, 1636, 'yearly_total', NULL, 0.00, NULL, NULL, '2026-06-11 07:45:26', '2026-06-11 07:45:26'),
(10214, 1636, 'note', NULL, NULL, NULL, NULL, '2026-06-11 07:45:26', '2026-06-11 07:45:26'),
(10215, 1637, 'item_name', 'ອຸປະກອນທົດລອງຊີວະວິທະຍາ', NULL, NULL, NULL, '2026-06-11 07:45:26', '2026-06-11 07:45:26'),
(10216, 1637, 'reference', NULL, NULL, NULL, NULL, '2026-06-11 07:45:26', '2026-06-11 07:45:26'),
(10217, 1637, 'unit_price', NULL, 0.00, NULL, NULL, '2026-06-11 07:45:26', '2026-06-11 07:45:26'),
(10218, 1637, 'quantity', NULL, 1.00, NULL, NULL, '2026-06-11 07:45:26', '2026-06-11 07:45:26'),
(10219, 1637, 'yearly_total', NULL, 0.00, NULL, NULL, '2026-06-11 07:45:26', '2026-06-11 07:45:26'),
(10220, 1637, 'note', NULL, NULL, NULL, NULL, '2026-06-11 07:45:26', '2026-06-11 07:45:26'),
(10221, 1638, 'item_name', 'ຄອມພິວເຕີຕັ້່ງໂຕະ (PC)', NULL, NULL, NULL, '2026-06-11 07:45:26', '2026-06-11 07:45:26'),
(10222, 1638, 'reference', NULL, NULL, NULL, NULL, '2026-06-11 07:45:26', '2026-06-11 07:45:26'),
(10223, 1638, 'unit_price', NULL, 0.00, NULL, NULL, '2026-06-11 07:45:26', '2026-06-11 07:45:26'),
(10224, 1638, 'quantity', NULL, 1.00, NULL, NULL, '2026-06-11 07:45:26', '2026-06-11 07:45:26'),
(10225, 1638, 'yearly_total', NULL, 0.00, NULL, NULL, '2026-06-11 07:45:26', '2026-06-11 07:45:26'),
(10226, 1638, 'note', NULL, NULL, NULL, NULL, '2026-06-11 07:45:26', '2026-06-11 07:45:26'),
(10227, 1639, 'item_name', 'ໂປຣເຈັກເຕີໃສ່ຫ້ອງຮຽນ', NULL, NULL, NULL, '2026-06-11 07:45:26', '2026-06-11 07:45:26'),
(10228, 1639, 'reference', NULL, NULL, NULL, NULL, '2026-06-11 07:45:26', '2026-06-11 07:45:26'),
(10229, 1639, 'unit_price', NULL, 0.00, NULL, NULL, '2026-06-11 07:45:26', '2026-06-11 07:45:26'),
(10230, 1639, 'quantity', NULL, 1.00, NULL, NULL, '2026-06-11 07:45:26', '2026-06-11 07:45:26'),
(10231, 1639, 'yearly_total', NULL, 0.00, NULL, NULL, '2026-06-11 07:45:26', '2026-06-11 07:45:26'),
(10232, 1639, 'note', NULL, NULL, NULL, NULL, '2026-06-11 07:45:26', '2026-06-11 07:45:26'),
(10233, 1640, 'item_name', 'ພິທີສະຫຼຸບຊຸດຮຽນ ແລະ ເປີດສົກຮຽນໃໝ່ ປໍໂທ', NULL, NULL, NULL, '2026-06-11 07:45:26', '2026-06-11 07:45:26'),
(10234, 1640, 'reference', NULL, NULL, NULL, NULL, '2026-06-11 07:45:26', '2026-06-11 07:45:26'),
(10235, 1640, 'unit_price', NULL, 0.00, NULL, NULL, '2026-06-11 07:45:26', '2026-06-11 07:45:26'),
(10236, 1640, 'quantity', NULL, 1.00, NULL, NULL, '2026-06-11 07:45:26', '2026-06-11 07:45:26'),
(10237, 1640, 'yearly_total', NULL, 0.00, NULL, NULL, '2026-06-11 07:45:26', '2026-06-11 07:45:26'),
(10238, 1640, 'note', NULL, NULL, NULL, NULL, '2026-06-11 07:45:26', '2026-06-11 07:45:26'),
(10239, 1641, 'item_name', 'ກອງປະຊຸມສໍາມະນາວິຊາການ ປໍໂທ', NULL, NULL, NULL, '2026-06-11 07:45:26', '2026-06-11 07:45:26'),
(10240, 1641, 'reference', NULL, NULL, NULL, NULL, '2026-06-11 07:45:26', '2026-06-11 07:45:26'),
(10241, 1641, 'unit_price', NULL, 0.00, NULL, NULL, '2026-06-11 07:45:26', '2026-06-11 07:45:26'),
(10242, 1641, 'quantity', NULL, 1.00, NULL, NULL, '2026-06-11 07:45:26', '2026-06-11 07:45:26'),
(10243, 1641, 'yearly_total', NULL, 0.00, NULL, NULL, '2026-06-11 07:45:26', '2026-06-11 07:45:26'),
(10244, 1641, 'note', NULL, NULL, NULL, NULL, '2026-06-11 07:45:26', '2026-06-11 07:45:26'),
(10245, 1642, 'item_name', 'ກອງປະຊຸມຜູ້ຊົງຄຸນວຸດທິ ປໍໂທ', NULL, NULL, NULL, '2026-06-11 07:45:26', '2026-06-11 07:45:26'),
(10246, 1642, 'reference', NULL, NULL, NULL, NULL, '2026-06-11 07:45:26', '2026-06-11 07:45:26'),
(10247, 1642, 'unit_price', NULL, 0.00, NULL, NULL, '2026-06-11 07:45:26', '2026-06-11 07:45:26'),
(10248, 1642, 'quantity', NULL, 1.00, NULL, NULL, '2026-06-11 07:45:26', '2026-06-11 07:45:26'),
(10249, 1642, 'yearly_total', NULL, 0.00, NULL, NULL, '2026-06-11 07:45:26', '2026-06-11 07:45:26'),
(10250, 1642, 'note', NULL, NULL, NULL, NULL, '2026-06-11 07:45:26', '2026-06-11 07:45:26'),
(10251, 1643, 'item_name', 'ຊື້ປື້ມໃສ່ຫ້ອງອ່ານ', NULL, NULL, NULL, '2026-06-11 07:45:26', '2026-06-11 07:45:26'),
(10252, 1643, 'reference', NULL, NULL, NULL, NULL, '2026-06-11 07:45:26', '2026-06-11 07:45:26'),
(10253, 1643, 'unit_price', NULL, 0.00, NULL, NULL, '2026-06-11 07:45:26', '2026-06-11 07:45:26'),
(10254, 1643, 'quantity', NULL, 1.00, NULL, NULL, '2026-06-11 07:45:26', '2026-06-11 07:45:26'),
(10255, 1643, 'yearly_total', NULL, 0.00, NULL, NULL, '2026-06-11 07:45:26', '2026-06-11 07:45:26'),
(10256, 1643, 'note', NULL, NULL, NULL, NULL, '2026-06-11 07:45:26', '2026-06-11 07:45:26'),
(10257, 1644, 'item_name', 'ຊື້ຮ້ານປື້ມໃສ່ຫ້ອງອ່ານ', NULL, NULL, NULL, '2026-06-11 07:45:26', '2026-06-11 07:45:26'),
(10258, 1644, 'reference', NULL, NULL, NULL, NULL, '2026-06-11 07:45:26', '2026-06-11 07:45:26'),
(10259, 1644, 'unit_price', NULL, 0.00, NULL, NULL, '2026-06-11 07:45:26', '2026-06-11 07:45:26'),
(10260, 1644, 'quantity', NULL, 1.00, NULL, NULL, '2026-06-11 07:45:26', '2026-06-11 07:45:26'),
(10261, 1644, 'yearly_total', NULL, 0.00, NULL, NULL, '2026-06-11 07:45:26', '2026-06-11 07:45:26'),
(10262, 1644, 'note', NULL, NULL, NULL, NULL, '2026-06-11 07:45:26', '2026-06-11 07:45:26'),
(10263, 1645, 'item_name', 'ສົ່ງພະນັກງານໄປຍົກລະດັບໄລຍະຍາວ', NULL, NULL, NULL, '2026-06-11 07:45:26', '2026-06-11 07:45:26'),
(10264, 1645, 'reference', NULL, NULL, NULL, NULL, '2026-06-11 07:45:26', '2026-06-11 07:45:26'),
(10265, 1645, 'unit_price', NULL, 0.00, NULL, NULL, '2026-06-11 07:45:26', '2026-06-11 07:45:26'),
(10266, 1645, 'quantity', NULL, 1.00, NULL, NULL, '2026-06-11 07:45:26', '2026-06-11 07:45:26'),
(10267, 1645, 'yearly_total', NULL, 0.00, NULL, NULL, '2026-06-11 07:45:26', '2026-06-11 07:45:26'),
(10268, 1645, 'note', NULL, NULL, NULL, NULL, '2026-06-11 07:45:26', '2026-06-11 07:45:26'),
(10269, 1646, 'item_name', 'ງົບປະມານຕິດຕາມຫຼັກສູດ ປໍໂທ', NULL, NULL, NULL, '2026-06-11 07:45:26', '2026-06-11 07:45:26'),
(10270, 1646, 'reference', NULL, NULL, NULL, NULL, '2026-06-11 07:45:26', '2026-06-11 07:45:26'),
(10271, 1646, 'unit_price', NULL, 0.00, NULL, NULL, '2026-06-11 07:45:26', '2026-06-11 07:45:26'),
(10272, 1646, 'quantity', NULL, 1.00, NULL, NULL, '2026-06-11 07:45:26', '2026-06-11 07:45:26'),
(10273, 1646, 'yearly_total', NULL, 0.00, NULL, NULL, '2026-06-11 07:45:26', '2026-06-11 07:45:26'),
(10274, 1646, 'note', NULL, NULL, NULL, NULL, '2026-06-11 07:45:26', '2026-06-11 07:45:26'),
(10275, 1647, 'item_name', 'ສົ່ງເສີມວິຊາການສ່ວນກາງ', NULL, NULL, NULL, '2026-06-11 07:45:26', '2026-06-11 07:45:26'),
(10276, 1647, 'reference', NULL, NULL, NULL, NULL, '2026-06-11 07:45:26', '2026-06-11 07:45:26'),
(10277, 1647, 'unit_price', NULL, 0.00, NULL, NULL, '2026-06-11 07:45:26', '2026-06-11 07:45:26'),
(10278, 1647, 'quantity', NULL, 1.00, NULL, NULL, '2026-06-11 07:45:26', '2026-06-11 07:45:26'),
(10279, 1647, 'yearly_total', NULL, 0.00, NULL, NULL, '2026-06-11 07:45:26', '2026-06-11 07:45:26'),
(10280, 1647, 'note', NULL, NULL, NULL, NULL, '2026-06-11 07:45:26', '2026-06-11 07:45:26'),
(10281, 1648, 'item_name', 'ກອງປະຊຸມສຳມະນາການເງິນ (ພະແນກການເງິນ )', NULL, NULL, NULL, '2026-06-11 07:45:26', '2026-06-11 07:45:26'),
(10282, 1648, 'reference', NULL, NULL, NULL, NULL, '2026-06-11 07:45:26', '2026-06-11 07:45:26'),
(10283, 1648, 'unit_price', NULL, 0.00, NULL, NULL, '2026-06-11 07:45:26', '2026-06-11 07:45:26'),
(10284, 1648, 'quantity', NULL, 1.00, NULL, NULL, '2026-06-11 07:45:26', '2026-06-11 07:45:26'),
(10285, 1648, 'yearly_total', NULL, 0.00, NULL, NULL, '2026-06-11 07:45:26', '2026-06-11 07:45:26'),
(10286, 1648, 'note', 'ຂື້ນຢູ່ພາກ 62', NULL, NULL, NULL, '2026-06-11 07:45:26', '2026-06-11 07:45:26'),
(10287, 1649, 'item_name', 'ພະແນກບໍລິຫານສັງລວມ', NULL, NULL, NULL, '2026-06-11 07:45:26', '2026-06-11 07:45:26'),
(10288, 1649, 'reference', NULL, NULL, NULL, NULL, '2026-06-11 07:45:26', '2026-06-11 07:45:26'),
(10289, 1649, 'unit_price', NULL, 0.00, NULL, NULL, '2026-06-11 07:45:26', '2026-06-11 07:45:26'),
(10290, 1649, 'quantity', NULL, 1.00, NULL, NULL, '2026-06-11 07:45:26', '2026-06-11 07:45:26'),
(10291, 1649, 'yearly_total', NULL, 0.00, NULL, NULL, '2026-06-11 07:45:26', '2026-06-11 07:45:26'),
(10292, 1649, 'note', 'ຂື້ນຢູ່ພາກ 62', NULL, NULL, NULL, '2026-06-11 07:45:26', '2026-06-11 07:45:26'),
(10293, 1650, 'item_name', 'ໜ່ວຍງານ ICT', NULL, NULL, NULL, '2026-06-11 07:45:26', '2026-06-11 07:45:26'),
(10294, 1650, 'reference', NULL, NULL, NULL, NULL, '2026-06-11 07:45:26', '2026-06-11 07:45:26'),
(10295, 1650, 'unit_price', NULL, 0.00, NULL, NULL, '2026-06-11 07:45:26', '2026-06-11 07:45:26'),
(10296, 1650, 'quantity', NULL, 1.00, NULL, NULL, '2026-06-11 07:45:26', '2026-06-11 07:45:26'),
(10297, 1650, 'yearly_total', NULL, 0.00, NULL, NULL, '2026-06-11 07:45:26', '2026-06-11 07:45:26'),
(10298, 1650, 'note', 'ຂື້ນຢູ່ພາກ 62', NULL, NULL, NULL, '2026-06-11 07:45:26', '2026-06-11 07:45:26'),
(10299, 1651, 'item_name', 'ຫຼັງປະລິນຍາຕີ', NULL, NULL, NULL, '2026-06-11 07:45:26', '2026-06-11 07:45:26'),
(10300, 1651, 'reference', NULL, NULL, NULL, NULL, '2026-06-11 07:45:26', '2026-06-11 07:45:26'),
(10301, 1651, 'unit_price', NULL, 0.00, NULL, NULL, '2026-06-11 07:45:26', '2026-06-11 07:45:26'),
(10302, 1651, 'quantity', NULL, 1.00, NULL, NULL, '2026-06-11 07:45:26', '2026-06-11 07:45:26'),
(10303, 1651, 'yearly_total', NULL, 0.00, NULL, NULL, '2026-06-11 07:45:26', '2026-06-11 07:45:26'),
(10304, 1651, 'note', 'ຂື້ນຢູ່ພາກ 62', NULL, NULL, NULL, '2026-06-11 07:45:26', '2026-06-11 07:45:26'),
(10305, 1652, 'item_name', 'ຄົ້ນຄ້ວາ ແລະ ບໍລິການວິຊາການ', NULL, NULL, NULL, '2026-06-11 07:45:26', '2026-06-11 07:45:26'),
(10306, 1652, 'reference', NULL, NULL, NULL, NULL, '2026-06-11 07:45:26', '2026-06-11 07:45:26'),
(10307, 1652, 'unit_price', NULL, 0.00, NULL, NULL, '2026-06-11 07:45:26', '2026-06-11 07:45:26'),
(10308, 1652, 'quantity', NULL, 1.00, NULL, NULL, '2026-06-11 07:45:26', '2026-06-11 07:45:26'),
(10309, 1652, 'yearly_total', NULL, 0.00, NULL, NULL, '2026-06-11 07:45:26', '2026-06-11 07:45:26'),
(10310, 1652, 'note', 'ຂື້ນຢູ່ພາກ 62', NULL, NULL, NULL, '2026-06-11 07:45:26', '2026-06-11 07:45:26'),
(10311, 1653, 'item_name', 'ພັດທະນາຫຸ່ນຍົນ (Robot)', NULL, NULL, NULL, '2026-06-11 07:45:26', '2026-06-11 07:45:26'),
(10312, 1653, 'reference', NULL, NULL, NULL, NULL, '2026-06-11 07:45:26', '2026-06-11 07:45:26'),
(10313, 1653, 'unit_price', NULL, 0.00, NULL, NULL, '2026-06-11 07:45:26', '2026-06-11 07:45:26'),
(10314, 1653, 'quantity', NULL, 1.00, NULL, NULL, '2026-06-11 07:45:26', '2026-06-11 07:45:26'),
(10315, 1653, 'yearly_total', NULL, 0.00, NULL, NULL, '2026-06-11 07:45:26', '2026-06-11 07:45:26'),
(10316, 1653, 'note', 'ຂື້ນຢູ່ພາກ 62', NULL, NULL, NULL, '2026-06-11 07:45:26', '2026-06-11 07:45:26'),
(10317, 1654, 'item_name', 'ພະແນກວິຊາການ', NULL, NULL, NULL, '2026-06-11 07:45:26', '2026-06-11 07:45:26'),
(10318, 1654, 'reference', NULL, NULL, NULL, NULL, '2026-06-11 07:45:26', '2026-06-11 07:45:26'),
(10319, 1654, 'unit_price', NULL, 0.00, NULL, NULL, '2026-06-11 07:45:26', '2026-06-11 07:45:26'),
(10320, 1654, 'quantity', NULL, 1.00, NULL, NULL, '2026-06-11 07:45:26', '2026-06-11 07:45:26'),
(10321, 1654, 'yearly_total', NULL, 0.00, NULL, NULL, '2026-06-11 07:45:26', '2026-06-11 07:45:26'),
(10322, 1654, 'note', 'ຂື້ນຢູ່ພາກ 62', NULL, NULL, NULL, '2026-06-11 07:45:26', '2026-06-11 07:45:26'),
(10323, 1655, 'item_name', 'ພະແນກຄຸ້ມຄອງນັກສຶກສາ', NULL, NULL, NULL, '2026-06-11 07:45:26', '2026-06-11 07:45:26'),
(10324, 1655, 'reference', NULL, NULL, NULL, NULL, '2026-06-11 07:45:26', '2026-06-11 07:45:26'),
(10325, 1655, 'unit_price', NULL, 0.00, NULL, NULL, '2026-06-11 07:45:26', '2026-06-11 07:45:26'),
(10326, 1655, 'quantity', NULL, 1.00, NULL, NULL, '2026-06-11 07:45:26', '2026-06-11 07:45:26'),
(10327, 1655, 'yearly_total', NULL, 0.00, NULL, NULL, '2026-06-11 07:45:26', '2026-06-11 07:45:26'),
(10328, 1655, 'note', 'ຂື້ນຢູ່ພາກ 62', NULL, NULL, NULL, '2026-06-11 07:45:26', '2026-06-11 07:45:26'),
(10329, 1656, 'item_name', 'ພາກວິຊາຄະນິດສາດ', NULL, NULL, NULL, '2026-06-11 07:45:26', '2026-06-11 07:45:26'),
(10330, 1656, 'reference', NULL, NULL, NULL, NULL, '2026-06-11 07:45:26', '2026-06-11 07:45:26'),
(10331, 1656, 'unit_price', NULL, 0.00, NULL, NULL, '2026-06-11 07:45:26', '2026-06-11 07:45:26'),
(10332, 1656, 'quantity', NULL, 1.00, NULL, NULL, '2026-06-11 07:45:26', '2026-06-11 07:45:26'),
(10333, 1656, 'yearly_total', NULL, 0.00, NULL, NULL, '2026-06-11 07:45:26', '2026-06-11 07:45:26'),
(10334, 1656, 'note', NULL, NULL, NULL, NULL, '2026-06-11 07:45:26', '2026-06-11 07:45:26'),
(10335, 1657, 'item_name', 'ພາກວິຊາຟີຊິກສາດ', NULL, NULL, NULL, '2026-06-11 07:45:26', '2026-06-11 07:45:26'),
(10336, 1657, 'reference', NULL, NULL, NULL, NULL, '2026-06-11 07:45:26', '2026-06-11 07:45:26'),
(10337, 1657, 'unit_price', NULL, 0.00, NULL, NULL, '2026-06-11 07:45:26', '2026-06-11 07:45:26'),
(10338, 1657, 'quantity', NULL, 1.00, NULL, NULL, '2026-06-11 07:45:26', '2026-06-11 07:45:26'),
(10339, 1657, 'yearly_total', NULL, 0.00, NULL, NULL, '2026-06-11 07:45:26', '2026-06-11 07:45:26'),
(10340, 1657, 'note', NULL, NULL, NULL, NULL, '2026-06-11 07:45:26', '2026-06-11 07:45:26'),
(10341, 1658, 'item_name', 'ພາກວິຊາເຄມີສາດ', NULL, NULL, NULL, '2026-06-11 07:45:26', '2026-06-11 07:45:26'),
(10342, 1658, 'reference', NULL, NULL, NULL, NULL, '2026-06-11 07:45:26', '2026-06-11 07:45:26'),
(10343, 1658, 'unit_price', NULL, 0.00, NULL, NULL, '2026-06-11 07:45:26', '2026-06-11 07:45:26'),
(10344, 1658, 'quantity', NULL, 1.00, NULL, NULL, '2026-06-11 07:45:26', '2026-06-11 07:45:26'),
(10345, 1658, 'yearly_total', NULL, 0.00, NULL, NULL, '2026-06-11 07:45:26', '2026-06-11 07:45:26'),
(10346, 1658, 'note', NULL, NULL, NULL, NULL, '2026-06-11 07:45:26', '2026-06-11 07:45:26'),
(10347, 1659, 'item_name', 'ພາກວິຊາຊີວະວິທະຍາ', NULL, NULL, NULL, '2026-06-11 07:45:26', '2026-06-11 07:45:26'),
(10348, 1659, 'reference', NULL, NULL, NULL, NULL, '2026-06-11 07:45:26', '2026-06-11 07:45:26'),
(10349, 1659, 'unit_price', NULL, 0.00, NULL, NULL, '2026-06-11 07:45:26', '2026-06-11 07:45:26'),
(10350, 1659, 'quantity', NULL, 1.00, NULL, NULL, '2026-06-11 07:45:26', '2026-06-11 07:45:26'),
(10351, 1659, 'yearly_total', NULL, 0.00, NULL, NULL, '2026-06-11 07:45:26', '2026-06-11 07:45:26'),
(10352, 1659, 'note', NULL, NULL, NULL, NULL, '2026-06-11 07:45:26', '2026-06-11 07:45:26'),
(10353, 1660, 'item_name', 'ພາກວິຊາວິທະຍາສາດຄອມພີວເຕີ', NULL, NULL, NULL, '2026-06-11 07:45:26', '2026-06-11 07:45:26'),
(10354, 1660, 'reference', NULL, NULL, NULL, NULL, '2026-06-11 07:45:26', '2026-06-11 07:45:26'),
(10355, 1660, 'unit_price', NULL, 0.00, NULL, NULL, '2026-06-11 07:45:26', '2026-06-11 07:45:26'),
(10356, 1660, 'quantity', NULL, 1.00, NULL, NULL, '2026-06-11 07:45:26', '2026-06-11 07:45:26'),
(10357, 1660, 'yearly_total', NULL, 0.00, NULL, NULL, '2026-06-11 07:45:26', '2026-06-11 07:45:26'),
(10358, 1660, 'note', NULL, NULL, NULL, NULL, '2026-06-11 07:45:26', '2026-06-11 07:45:26'),
(10359, 1661, 'item_name', 'ສາມອົງການຈັດຕັ້ງມະຫາຊົນ', NULL, NULL, NULL, '2026-06-11 07:45:26', '2026-06-11 07:45:26'),
(10360, 1661, 'reference', NULL, NULL, NULL, NULL, '2026-06-11 07:45:26', '2026-06-11 07:45:26'),
(10361, 1661, 'unit_price', NULL, 0.00, NULL, NULL, '2026-06-11 07:45:26', '2026-06-11 07:45:26'),
(10362, 1661, 'quantity', NULL, 1.00, NULL, NULL, '2026-06-11 07:45:26', '2026-06-11 07:45:26'),
(10363, 1661, 'yearly_total', NULL, 0.00, NULL, NULL, '2026-06-11 07:45:26', '2026-06-11 07:45:26'),
(10364, 1661, 'note', NULL, NULL, NULL, NULL, '2026-06-11 07:45:26', '2026-06-11 07:45:26'),
(10365, 1662, 'item_name', 'ເຄື່ອນໄຫວວຽກວິຊາການອື່ນໆ', NULL, NULL, NULL, '2026-06-11 07:45:26', '2026-06-11 07:45:26'),
(10366, 1662, 'reference', NULL, NULL, NULL, NULL, '2026-06-11 07:45:26', '2026-06-11 07:45:26'),
(10367, 1662, 'unit_price', NULL, 0.00, NULL, NULL, '2026-06-11 07:45:26', '2026-06-11 07:45:26'),
(10368, 1662, 'quantity', NULL, 1.00, NULL, NULL, '2026-06-11 07:45:26', '2026-06-11 07:45:26'),
(10369, 1662, 'yearly_total', NULL, 0.00, NULL, NULL, '2026-06-11 07:45:26', '2026-06-11 07:45:26'),
(10370, 1662, 'note', NULL, NULL, NULL, NULL, '2026-06-11 07:45:26', '2026-06-11 07:45:26'),
(10371, 1663, 'item_name', 'ສຳນັກຄະນະບໍດີ', NULL, NULL, NULL, '2026-06-11 07:45:26', '2026-06-11 07:45:26'),
(10372, 1663, 'reference', NULL, NULL, NULL, NULL, '2026-06-11 07:45:26', '2026-06-11 07:45:26'),
(10373, 1663, 'unit_price', NULL, 0.00, NULL, NULL, '2026-06-11 07:45:26', '2026-06-11 07:45:26'),
(10374, 1663, 'quantity', NULL, 1.00, NULL, NULL, '2026-06-11 07:45:26', '2026-06-11 07:45:26'),
(10375, 1663, 'yearly_total', NULL, 0.00, NULL, NULL, '2026-06-11 07:45:26', '2026-06-11 07:45:26'),
(10376, 1663, 'note', NULL, NULL, NULL, NULL, '2026-06-11 07:45:26', '2026-06-11 07:45:26'),
(10377, 1664, 'item_name', 'ພາກວິຊາຄະນິດສາດ', NULL, NULL, NULL, '2026-06-11 07:45:26', '2026-06-11 07:45:26'),
(10378, 1664, 'reference', NULL, NULL, NULL, NULL, '2026-06-11 07:45:26', '2026-06-11 07:45:26'),
(10379, 1664, 'unit_price', NULL, 0.00, NULL, NULL, '2026-06-11 07:45:26', '2026-06-11 07:45:26'),
(10380, 1664, 'quantity', NULL, 1.00, NULL, NULL, '2026-06-11 07:45:26', '2026-06-11 07:45:26'),
(10381, 1664, 'yearly_total', NULL, 0.00, NULL, NULL, '2026-06-11 07:45:26', '2026-06-11 07:45:26'),
(10382, 1664, 'note', NULL, NULL, NULL, NULL, '2026-06-11 07:45:26', '2026-06-11 07:45:26'),
(10383, 1665, 'item_name', 'ພາກວິຊາຟິຊິກສາດ', NULL, NULL, NULL, '2026-06-11 07:45:26', '2026-06-11 07:45:26'),
(10384, 1665, 'reference', NULL, NULL, NULL, NULL, '2026-06-11 07:45:26', '2026-06-11 07:45:26'),
(10385, 1665, 'unit_price', NULL, 0.00, NULL, NULL, '2026-06-11 07:45:26', '2026-06-11 07:45:26'),
(10386, 1665, 'quantity', NULL, 1.00, NULL, NULL, '2026-06-11 07:45:26', '2026-06-11 07:45:26'),
(10387, 1665, 'yearly_total', NULL, 0.00, NULL, NULL, '2026-06-11 07:45:26', '2026-06-11 07:45:26'),
(10388, 1665, 'note', NULL, NULL, NULL, NULL, '2026-06-11 07:45:26', '2026-06-11 07:45:26'),
(10389, 1666, 'item_name', 'ພາກວິຊາເຄມີສາດ', NULL, NULL, NULL, '2026-06-11 07:45:26', '2026-06-11 07:45:26'),
(10390, 1666, 'reference', NULL, NULL, NULL, NULL, '2026-06-11 07:45:26', '2026-06-11 07:45:26'),
(10391, 1666, 'unit_price', NULL, 0.00, NULL, NULL, '2026-06-11 07:45:26', '2026-06-11 07:45:26'),
(10392, 1666, 'quantity', NULL, 1.00, NULL, NULL, '2026-06-11 07:45:26', '2026-06-11 07:45:26'),
(10393, 1666, 'yearly_total', NULL, 0.00, NULL, NULL, '2026-06-11 07:45:26', '2026-06-11 07:45:26'),
(10394, 1666, 'note', NULL, NULL, NULL, NULL, '2026-06-11 07:45:26', '2026-06-11 07:45:26'),
(10395, 1667, 'item_name', 'ພາກວິຊາຊີວະວິທະຍາ', NULL, NULL, NULL, '2026-06-11 07:45:26', '2026-06-11 07:45:26'),
(10396, 1667, 'reference', NULL, NULL, NULL, NULL, '2026-06-11 07:45:26', '2026-06-11 07:45:26'),
(10397, 1667, 'unit_price', NULL, 0.00, NULL, NULL, '2026-06-11 07:45:26', '2026-06-11 07:45:26'),
(10398, 1667, 'quantity', NULL, 1.00, NULL, NULL, '2026-06-11 07:45:26', '2026-06-11 07:45:26'),
(10399, 1667, 'yearly_total', NULL, 0.00, NULL, NULL, '2026-06-11 07:45:26', '2026-06-11 07:45:26'),
(10400, 1667, 'note', NULL, NULL, NULL, NULL, '2026-06-11 07:45:26', '2026-06-11 07:45:26'),
(10401, 1668, 'item_name', 'ພາກວິຊາວິທະຍາສາດຄອມພິວເຕີ', NULL, NULL, NULL, '2026-06-11 07:45:26', '2026-06-11 07:45:26'),
(10402, 1668, 'reference', NULL, NULL, NULL, NULL, '2026-06-11 07:45:26', '2026-06-11 07:45:26'),
(10403, 1668, 'unit_price', NULL, 0.00, NULL, NULL, '2026-06-11 07:45:26', '2026-06-11 07:45:26'),
(10404, 1668, 'quantity', NULL, 1.00, NULL, NULL, '2026-06-11 07:45:26', '2026-06-11 07:45:26'),
(10405, 1668, 'yearly_total', NULL, 0.00, NULL, NULL, '2026-06-11 07:45:26', '2026-06-11 07:45:26'),
(10406, 1668, 'note', NULL, NULL, NULL, NULL, '2026-06-11 07:45:26', '2026-06-11 07:45:26'),
(10407, 1669, 'item_name', 'ສຳນັກຄະນະບໍດີ', NULL, NULL, NULL, '2026-06-11 07:45:26', '2026-06-11 07:45:26'),
(10408, 1669, 'reference', NULL, NULL, NULL, NULL, '2026-06-11 07:45:26', '2026-06-11 07:45:26'),
(10409, 1669, 'unit_price', NULL, 0.00, NULL, NULL, '2026-06-11 07:45:26', '2026-06-11 07:45:26'),
(10410, 1669, 'quantity', NULL, 1.00, NULL, NULL, '2026-06-11 07:45:26', '2026-06-11 07:45:26'),
(10411, 1669, 'yearly_total', NULL, 0.00, NULL, NULL, '2026-06-11 07:45:26', '2026-06-11 07:45:26'),
(10412, 1669, 'note', NULL, NULL, NULL, NULL, '2026-06-11 07:45:26', '2026-06-11 07:45:26'),
(10413, 1670, 'item_name', 'ພາກວິຊາຄະນິດສາດ', NULL, NULL, NULL, '2026-06-11 07:45:26', '2026-06-11 07:45:26'),
(10414, 1670, 'reference', NULL, NULL, NULL, NULL, '2026-06-11 07:45:26', '2026-06-11 07:45:26'),
(10415, 1670, 'unit_price', NULL, 0.00, NULL, NULL, '2026-06-11 07:45:26', '2026-06-11 07:45:26'),
(10416, 1670, 'quantity', NULL, 1.00, NULL, NULL, '2026-06-11 07:45:26', '2026-06-11 07:45:26'),
(10417, 1670, 'yearly_total', NULL, 0.00, NULL, NULL, '2026-06-11 07:45:26', '2026-06-11 07:45:26'),
(10418, 1670, 'note', NULL, NULL, NULL, NULL, '2026-06-11 07:45:26', '2026-06-11 07:45:26'),
(10419, 1671, 'item_name', 'ພາກວິຊາຟິຊິກສາດ', NULL, NULL, NULL, '2026-06-11 07:45:26', '2026-06-11 07:45:26'),
(10420, 1671, 'reference', NULL, NULL, NULL, NULL, '2026-06-11 07:45:26', '2026-06-11 07:45:26'),
(10421, 1671, 'unit_price', NULL, 0.00, NULL, NULL, '2026-06-11 07:45:26', '2026-06-11 07:45:26'),
(10422, 1671, 'quantity', NULL, 1.00, NULL, NULL, '2026-06-11 07:45:26', '2026-06-11 07:45:26'),
(10423, 1671, 'yearly_total', NULL, 0.00, NULL, NULL, '2026-06-11 07:45:26', '2026-06-11 07:45:26'),
(10424, 1671, 'note', NULL, NULL, NULL, NULL, '2026-06-11 07:45:26', '2026-06-11 07:45:26'),
(10425, 1672, 'item_name', 'ພາກວິຊາເຄມີສາດ', NULL, NULL, NULL, '2026-06-11 07:45:26', '2026-06-11 07:45:26'),
(10426, 1672, 'reference', NULL, NULL, NULL, NULL, '2026-06-11 07:45:26', '2026-06-11 07:45:26'),
(10427, 1672, 'unit_price', NULL, 0.00, NULL, NULL, '2026-06-11 07:45:26', '2026-06-11 07:45:26'),
(10428, 1672, 'quantity', NULL, 1.00, NULL, NULL, '2026-06-11 07:45:26', '2026-06-11 07:45:26'),
(10429, 1672, 'yearly_total', NULL, 0.00, NULL, NULL, '2026-06-11 07:45:26', '2026-06-11 07:45:26'),
(10430, 1672, 'note', NULL, NULL, NULL, NULL, '2026-06-11 07:45:26', '2026-06-11 07:45:26'),
(10431, 1673, 'item_name', 'ພາກວິຊາຊີວະວິທະຍາ', NULL, NULL, NULL, '2026-06-11 07:45:26', '2026-06-11 07:45:26'),
(10432, 1673, 'reference', NULL, NULL, NULL, NULL, '2026-06-11 07:45:26', '2026-06-11 07:45:26'),
(10433, 1673, 'unit_price', NULL, 0.00, NULL, NULL, '2026-06-11 07:45:26', '2026-06-11 07:45:26'),
(10434, 1673, 'quantity', NULL, 1.00, NULL, NULL, '2026-06-11 07:45:26', '2026-06-11 07:45:26'),
(10435, 1673, 'yearly_total', NULL, 0.00, NULL, NULL, '2026-06-11 07:45:26', '2026-06-11 07:45:26'),
(10436, 1673, 'note', NULL, NULL, NULL, NULL, '2026-06-11 07:45:26', '2026-06-11 07:45:26'),
(10437, 1674, 'item_name', 'ພາກວິຊາວິທະຍາສາດຄອມພິວເຕີ', NULL, NULL, NULL, '2026-06-11 07:45:26', '2026-06-11 07:45:26'),
(10438, 1674, 'reference', NULL, NULL, NULL, NULL, '2026-06-11 07:45:26', '2026-06-11 07:45:26'),
(10439, 1674, 'unit_price', NULL, 0.00, NULL, NULL, '2026-06-11 07:45:26', '2026-06-11 07:45:26'),
(10440, 1674, 'quantity', NULL, 1.00, NULL, NULL, '2026-06-11 07:45:26', '2026-06-11 07:45:26'),
(10441, 1674, 'yearly_total', NULL, 0.00, NULL, NULL, '2026-06-11 07:45:26', '2026-06-11 07:45:26'),
(10442, 1674, 'note', NULL, NULL, NULL, NULL, '2026-06-11 07:45:26', '2026-06-11 07:45:26');
INSERT INTO `expense_plan_values` (`id`, `expense_plan_id`, `field_key`, `value_text`, `value_number`, `value_date`, `value_boolean`, `created_at`, `updated_at`) VALUES
(10443, 1675, 'item_name', 'ຄະນະບໍດີ', NULL, NULL, NULL, '2026-06-11 07:45:26', '2026-06-11 07:45:26'),
(10444, 1675, 'reference', NULL, NULL, NULL, NULL, '2026-06-11 07:45:26', '2026-06-11 07:45:26'),
(10445, 1675, 'amount_per_month', NULL, 0.00, NULL, NULL, '2026-06-11 07:45:26', '2026-06-11 07:45:26'),
(10446, 1675, 'month_count', NULL, 1.00, NULL, NULL, '2026-06-11 07:45:26', '2026-06-11 07:45:26'),
(10447, 1675, 'yearly_total', NULL, 0.00, NULL, NULL, '2026-06-11 07:45:26', '2026-06-11 07:45:26'),
(10448, 1675, 'note', 'ຈ່າງງົບລັດ', NULL, NULL, NULL, '2026-06-11 07:45:26', '2026-06-11 07:45:26'),
(10449, 1676, 'item_name', 'ຮອງຄະນະບໍດີ', NULL, NULL, NULL, '2026-06-11 07:45:26', '2026-06-11 07:45:26'),
(10450, 1676, 'reference', NULL, NULL, NULL, NULL, '2026-06-11 07:45:26', '2026-06-11 07:45:26'),
(10451, 1676, 'amount_per_month', NULL, 0.00, NULL, NULL, '2026-06-11 07:45:26', '2026-06-11 07:45:26'),
(10452, 1676, 'month_count', NULL, 1.00, NULL, NULL, '2026-06-11 07:45:26', '2026-06-11 07:45:26'),
(10453, 1676, 'yearly_total', NULL, 0.00, NULL, NULL, '2026-06-11 07:45:26', '2026-06-11 07:45:26'),
(10454, 1676, 'note', 'ຈ່າງງົບລັດ', NULL, NULL, NULL, '2026-06-11 07:45:26', '2026-06-11 07:45:26'),
(10455, 1677, 'item_name', 'ຫົວໜ້າພາກວິຊາ', NULL, NULL, NULL, '2026-06-11 07:45:26', '2026-06-11 07:45:26'),
(10456, 1677, 'reference', NULL, NULL, NULL, NULL, '2026-06-11 07:45:26', '2026-06-11 07:45:26'),
(10457, 1677, 'amount_per_month', NULL, 0.00, NULL, NULL, '2026-06-11 07:45:26', '2026-06-11 07:45:26'),
(10458, 1677, 'month_count', NULL, 1.00, NULL, NULL, '2026-06-11 07:45:26', '2026-06-11 07:45:26'),
(10459, 1677, 'yearly_total', NULL, 0.00, NULL, NULL, '2026-06-11 07:45:26', '2026-06-11 07:45:26'),
(10460, 1677, 'note', 'ຈ່າງງົບລັດ', NULL, NULL, NULL, '2026-06-11 07:45:26', '2026-06-11 07:45:26'),
(10461, 1678, 'item_name', 'ຫົວໜ້າພະແນກ', NULL, NULL, NULL, '2026-06-11 07:45:26', '2026-06-11 07:45:26'),
(10462, 1678, 'reference', NULL, NULL, NULL, NULL, '2026-06-11 07:45:26', '2026-06-11 07:45:26'),
(10463, 1678, 'amount_per_month', NULL, 0.00, NULL, NULL, '2026-06-11 07:45:26', '2026-06-11 07:45:26'),
(10464, 1678, 'month_count', NULL, 1.00, NULL, NULL, '2026-06-11 07:45:26', '2026-06-11 07:45:26'),
(10465, 1678, 'yearly_total', NULL, 0.00, NULL, NULL, '2026-06-11 07:45:26', '2026-06-11 07:45:26'),
(10466, 1678, 'note', 'ຈ່າງງົບລັດ', NULL, NULL, NULL, '2026-06-11 07:45:26', '2026-06-11 07:45:26'),
(10467, 1679, 'item_name', 'ຮອງຫົວໜ້າພາກວິຊາ', NULL, NULL, NULL, '2026-06-11 07:45:26', '2026-06-11 07:45:26'),
(10468, 1679, 'reference', NULL, NULL, NULL, NULL, '2026-06-11 07:45:26', '2026-06-11 07:45:26'),
(10469, 1679, 'amount_per_month', NULL, 0.00, NULL, NULL, '2026-06-11 07:45:26', '2026-06-11 07:45:26'),
(10470, 1679, 'month_count', NULL, 1.00, NULL, NULL, '2026-06-11 07:45:26', '2026-06-11 07:45:26'),
(10471, 1679, 'yearly_total', NULL, 0.00, NULL, NULL, '2026-06-11 07:45:26', '2026-06-11 07:45:26'),
(10472, 1679, 'note', 'ຈ່າງງົບລັດ', NULL, NULL, NULL, '2026-06-11 07:45:26', '2026-06-11 07:45:26'),
(10473, 1680, 'item_name', 'ຮອງຫົວໜ້າພະແນກ', NULL, NULL, NULL, '2026-06-11 07:45:26', '2026-06-11 07:45:26'),
(10474, 1680, 'reference', NULL, NULL, NULL, NULL, '2026-06-11 07:45:26', '2026-06-11 07:45:26'),
(10475, 1680, 'amount_per_month', NULL, 0.00, NULL, NULL, '2026-06-11 07:45:26', '2026-06-11 07:45:26'),
(10476, 1680, 'month_count', NULL, 1.00, NULL, NULL, '2026-06-11 07:45:26', '2026-06-11 07:45:26'),
(10477, 1680, 'yearly_total', NULL, 0.00, NULL, NULL, '2026-06-11 07:45:26', '2026-06-11 07:45:26'),
(10478, 1680, 'note', 'ຈ່າງງົບລັດ', NULL, NULL, NULL, '2026-06-11 07:45:26', '2026-06-11 07:45:26'),
(10479, 1681, 'item_name', 'ຫົວໜ້າໜ່ວຍງານ, ເລຂາ', NULL, NULL, NULL, '2026-06-11 07:45:26', '2026-06-11 07:45:26'),
(10480, 1681, 'reference', NULL, NULL, NULL, NULL, '2026-06-11 07:45:26', '2026-06-11 07:45:26'),
(10481, 1681, 'amount_per_month', NULL, 0.00, NULL, NULL, '2026-06-11 07:45:26', '2026-06-11 07:45:26'),
(10482, 1681, 'month_count', NULL, 1.00, NULL, NULL, '2026-06-11 07:45:26', '2026-06-11 07:45:26'),
(10483, 1681, 'yearly_total', NULL, 0.00, NULL, NULL, '2026-06-11 07:45:26', '2026-06-11 07:45:26'),
(10484, 1681, 'note', 'ຈ່າງງົບລັດ', NULL, NULL, NULL, '2026-06-11 07:45:26', '2026-06-11 07:45:26'),
(10485, 1682, 'item_name', 'ຫົວໜ້າໜ່ວຍວິຊາ', NULL, NULL, NULL, '2026-06-11 07:45:26', '2026-06-11 07:45:26'),
(10486, 1682, 'reference', NULL, NULL, NULL, NULL, '2026-06-11 07:45:26', '2026-06-11 07:45:26'),
(10487, 1682, 'amount_per_month', NULL, 0.00, NULL, NULL, '2026-06-11 07:45:26', '2026-06-11 07:45:26'),
(10488, 1682, 'month_count', NULL, 1.00, NULL, NULL, '2026-06-11 07:45:26', '2026-06-11 07:45:26'),
(10489, 1682, 'yearly_total', NULL, 0.00, NULL, NULL, '2026-06-11 07:45:26', '2026-06-11 07:45:26'),
(10490, 1682, 'note', 'ຈ່າງງົບລັດ', NULL, NULL, NULL, '2026-06-11 07:45:26', '2026-06-11 07:45:26'),
(10491, 1683, 'item_name', 'ໜ່ວຍງານ, ສາມອົງການຈັດຕັ້ງ', NULL, NULL, NULL, '2026-06-11 07:45:26', '2026-06-11 07:45:26'),
(10492, 1683, 'reference', NULL, NULL, NULL, NULL, '2026-06-11 07:45:26', '2026-06-11 07:45:26'),
(10493, 1683, 'amount_per_month', NULL, 0.00, NULL, NULL, '2026-06-11 07:45:26', '2026-06-11 07:45:26'),
(10494, 1683, 'month_count', NULL, 1.00, NULL, NULL, '2026-06-11 07:45:26', '2026-06-11 07:45:26'),
(10495, 1683, 'yearly_total', NULL, 0.00, NULL, NULL, '2026-06-11 07:45:26', '2026-06-11 07:45:26'),
(10496, 1683, 'note', 'ຈ່າງງົບລັດ', NULL, NULL, NULL, '2026-06-11 07:45:26', '2026-06-11 07:45:26'),
(10497, 1684, 'item_name', 'ສາມອົງການຈັດຕັ້ງມະຫາຊົນ', NULL, NULL, NULL, '2026-06-11 07:45:26', '2026-06-11 07:45:26'),
(10498, 1684, 'reference', NULL, NULL, NULL, NULL, '2026-06-11 07:45:26', '2026-06-11 07:45:26'),
(10499, 1684, 'amount_per_month', NULL, 0.00, NULL, NULL, '2026-06-11 07:45:26', '2026-06-11 07:45:26'),
(10500, 1684, 'month_count', NULL, 1.00, NULL, NULL, '2026-06-11 07:45:26', '2026-06-11 07:45:26'),
(10501, 1684, 'yearly_total', NULL, 0.00, NULL, NULL, '2026-06-11 07:45:26', '2026-06-11 07:45:26'),
(10502, 1684, 'note', 'ຈ່າງງົບລັດ', NULL, NULL, NULL, '2026-06-11 07:45:26', '2026-06-11 07:45:26'),
(10503, 1685, 'item_name', 'ຄະນະບໍດີ', NULL, NULL, NULL, '2026-06-11 07:45:26', '2026-06-11 07:45:26'),
(10504, 1685, 'reference', NULL, NULL, NULL, NULL, '2026-06-11 07:45:26', '2026-06-11 07:45:26'),
(10505, 1685, 'amount_per_month', NULL, 0.00, NULL, NULL, '2026-06-11 07:45:26', '2026-06-11 07:45:26'),
(10506, 1685, 'month_count', NULL, 1.00, NULL, NULL, '2026-06-11 07:45:26', '2026-06-11 07:45:26'),
(10507, 1685, 'yearly_total', NULL, 0.00, NULL, NULL, '2026-06-11 07:45:26', '2026-06-11 07:45:26'),
(10508, 1685, 'note', 'ໃຊ້ງົບລັດ', NULL, NULL, NULL, '2026-06-11 07:45:26', '2026-06-11 07:45:26'),
(10509, 1686, 'item_name', 'ຮອງຄະນະບໍດີ, ຫົວໜ້າພາກວິຊາ', NULL, NULL, NULL, '2026-06-11 07:45:26', '2026-06-11 07:45:26'),
(10510, 1686, 'reference', NULL, NULL, NULL, NULL, '2026-06-11 07:45:26', '2026-06-11 07:45:26'),
(10511, 1686, 'amount_per_month', NULL, 0.00, NULL, NULL, '2026-06-11 07:45:26', '2026-06-11 07:45:26'),
(10512, 1686, 'month_count', NULL, 1.00, NULL, NULL, '2026-06-11 07:45:26', '2026-06-11 07:45:26'),
(10513, 1686, 'yearly_total', NULL, 0.00, NULL, NULL, '2026-06-11 07:45:26', '2026-06-11 07:45:26'),
(10514, 1686, 'note', 'ໃຊ້ງົບລັດ', NULL, NULL, NULL, '2026-06-11 07:45:26', '2026-06-11 07:45:26'),
(10515, 1687, 'item_name', 'ຫົວໜ້າພະແນກ, ຮອງພາກວິຊາ', NULL, NULL, NULL, '2026-06-11 07:45:26', '2026-06-11 07:45:26'),
(10516, 1687, 'reference', NULL, NULL, NULL, NULL, '2026-06-11 07:45:26', '2026-06-11 07:45:26'),
(10517, 1687, 'amount_per_month', NULL, 0.00, NULL, NULL, '2026-06-11 07:45:26', '2026-06-11 07:45:26'),
(10518, 1687, 'month_count', NULL, 1.00, NULL, NULL, '2026-06-11 07:45:26', '2026-06-11 07:45:26'),
(10519, 1687, 'yearly_total', NULL, 0.00, NULL, NULL, '2026-06-11 07:45:26', '2026-06-11 07:45:26'),
(10520, 1687, 'note', 'ໃຊ້ງົບລັດ', NULL, NULL, NULL, '2026-06-11 07:45:26', '2026-06-11 07:45:26'),
(10521, 1688, 'item_name', 'ຮອງຫົວໜ້າພະແນກ, ຮສ ແລະ ຫົວໜ້າໜ່ວຍວິຊາ', NULL, NULL, NULL, '2026-06-11 07:45:26', '2026-06-11 07:45:26'),
(10522, 1688, 'reference', NULL, NULL, NULL, NULL, '2026-06-11 07:45:26', '2026-06-11 07:45:26'),
(10523, 1688, 'amount_per_month', NULL, 0.00, NULL, NULL, '2026-06-11 07:45:26', '2026-06-11 07:45:26'),
(10524, 1688, 'month_count', NULL, 1.00, NULL, NULL, '2026-06-11 07:45:26', '2026-06-11 07:45:26'),
(10525, 1688, 'yearly_total', NULL, 0.00, NULL, NULL, '2026-06-11 07:45:26', '2026-06-11 07:45:26'),
(10526, 1688, 'note', 'ໃຊ້ງົບລັດ', NULL, NULL, NULL, '2026-06-11 07:45:26', '2026-06-11 07:45:26'),
(10527, 1689, 'item_name', 'ຮອງຫົວໜ້າໜ່ວຍວິຊາ, ຫົວໜ້າໜ່ວຍງານ', NULL, NULL, NULL, '2026-06-11 07:45:26', '2026-06-11 07:45:26'),
(10528, 1689, 'reference', NULL, NULL, NULL, NULL, '2026-06-11 07:45:26', '2026-06-11 07:45:26'),
(10529, 1689, 'amount_per_month', NULL, 0.00, NULL, NULL, '2026-06-11 07:45:26', '2026-06-11 07:45:26'),
(10530, 1689, 'month_count', NULL, 1.00, NULL, NULL, '2026-06-11 07:45:26', '2026-06-11 07:45:26'),
(10531, 1689, 'yearly_total', NULL, 0.00, NULL, NULL, '2026-06-11 07:45:26', '2026-06-11 07:45:26'),
(10532, 1689, 'note', 'ໃຊ້ງົບລັດ', NULL, NULL, NULL, '2026-06-11 07:45:26', '2026-06-11 07:45:26'),
(10533, 1690, 'item_name', 'ຮອງຫົວໜ້າໜ່ວຍງານ', NULL, NULL, NULL, '2026-06-11 07:45:26', '2026-06-11 07:45:26'),
(10534, 1690, 'reference', NULL, NULL, NULL, NULL, '2026-06-11 07:45:26', '2026-06-11 07:45:26'),
(10535, 1690, 'amount_per_month', NULL, 0.00, NULL, NULL, '2026-06-11 07:45:26', '2026-06-11 07:45:26'),
(10536, 1690, 'month_count', NULL, 1.00, NULL, NULL, '2026-06-11 07:45:26', '2026-06-11 07:45:26'),
(10537, 1690, 'yearly_total', NULL, 0.00, NULL, NULL, '2026-06-11 07:45:26', '2026-06-11 07:45:26'),
(10538, 1690, 'note', 'ໃຊ້ງົບລັດ', NULL, NULL, NULL, '2026-06-11 07:45:26', '2026-06-11 07:45:26'),
(10539, 1691, 'item_name', 'ອາຈານ ແລະ ພະນັກງານທົ່ວໄປ', NULL, NULL, NULL, '2026-06-11 07:45:26', '2026-06-11 07:45:26'),
(10540, 1691, 'reference', NULL, NULL, NULL, NULL, '2026-06-11 07:45:26', '2026-06-11 07:45:26'),
(10541, 1691, 'amount_per_month', NULL, 0.00, NULL, NULL, '2026-06-11 07:45:26', '2026-06-11 07:45:26'),
(10542, 1691, 'month_count', NULL, 1.00, NULL, NULL, '2026-06-11 07:45:26', '2026-06-11 07:45:26'),
(10543, 1691, 'yearly_total', NULL, 0.00, NULL, NULL, '2026-06-11 07:45:26', '2026-06-11 07:45:26'),
(10544, 1691, 'note', 'ໃຊ້ງົບລັດ', NULL, NULL, NULL, '2026-06-11 07:45:26', '2026-06-11 07:45:26'),
(10545, 1692, 'item_name', 'ຄ່າແຮງງານພະນັກງານສັນຍາຈ້າງສຳນັກ', NULL, NULL, NULL, '2026-06-11 07:45:26', '2026-06-11 07:45:26'),
(10546, 1692, 'reference', NULL, NULL, NULL, NULL, '2026-06-11 07:45:26', '2026-06-11 07:45:26'),
(10547, 1692, 'amount_per_month', NULL, 0.00, NULL, NULL, '2026-06-11 07:45:26', '2026-06-11 07:45:26'),
(10548, 1692, 'month_count', NULL, 1.00, NULL, NULL, '2026-06-11 07:45:26', '2026-06-11 07:45:26'),
(10549, 1692, 'yearly_total', NULL, 0.00, NULL, NULL, '2026-06-11 07:45:26', '2026-06-11 07:45:26'),
(10550, 1692, 'note', NULL, NULL, NULL, NULL, '2026-06-11 07:45:26', '2026-06-11 07:45:26'),
(10551, 1693, 'item_name', 'ຄ່າແຮງງານພະນັກງານສັນຍາຈ້າງຂັບລົດ', NULL, NULL, NULL, '2026-06-11 07:45:26', '2026-06-11 07:45:26'),
(10552, 1693, 'reference', NULL, NULL, NULL, NULL, '2026-06-11 07:45:26', '2026-06-11 07:45:26'),
(10553, 1693, 'amount_per_month', NULL, 0.00, NULL, NULL, '2026-06-11 07:45:26', '2026-06-11 07:45:26'),
(10554, 1693, 'month_count', NULL, 1.00, NULL, NULL, '2026-06-11 07:45:26', '2026-06-11 07:45:26'),
(10555, 1693, 'yearly_total', NULL, 0.00, NULL, NULL, '2026-06-11 07:45:26', '2026-06-11 07:45:26'),
(10556, 1693, 'note', NULL, NULL, NULL, NULL, '2026-06-11 07:45:26', '2026-06-11 07:45:26'),
(10557, 1694, 'item_name', 'ສັນຍາຈ້າງບຳລູງຮັກສາລະບົບຂໍ້ມູນຂ່າວສານ (ICT)', NULL, NULL, NULL, '2026-06-11 07:45:26', '2026-06-11 07:45:26'),
(10558, 1694, 'reference', NULL, NULL, NULL, NULL, '2026-06-11 07:45:26', '2026-06-11 07:45:26'),
(10559, 1694, 'amount_per_month', NULL, 0.00, NULL, NULL, '2026-06-11 07:45:26', '2026-06-11 07:45:26'),
(10560, 1694, 'month_count', NULL, 1.00, NULL, NULL, '2026-06-11 07:45:26', '2026-06-11 07:45:26'),
(10561, 1694, 'yearly_total', NULL, 0.00, NULL, NULL, '2026-06-11 07:45:26', '2026-06-11 07:45:26'),
(10562, 1694, 'note', NULL, NULL, NULL, NULL, '2026-06-11 07:45:26', '2026-06-11 07:45:26'),
(10563, 1695, 'item_name', 'ອຸດໜູນພະນັກງານລົງທະບຽນ', NULL, NULL, NULL, '2026-06-11 07:45:26', '2026-06-11 07:45:26'),
(10564, 1695, 'reference', NULL, NULL, NULL, NULL, '2026-06-11 07:45:26', '2026-06-11 07:45:26'),
(10565, 1695, 'amount_per_month', NULL, 0.00, NULL, NULL, '2026-06-11 07:45:26', '2026-06-11 07:45:26'),
(10566, 1695, 'month_count', NULL, 1.00, NULL, NULL, '2026-06-11 07:45:26', '2026-06-11 07:45:26'),
(10567, 1695, 'yearly_total', NULL, 0.00, NULL, NULL, '2026-06-11 07:45:26', '2026-06-11 07:45:26'),
(10568, 1695, 'note', NULL, NULL, NULL, NULL, '2026-06-11 07:45:26', '2026-06-11 07:45:26'),
(10569, 1696, 'item_name', 'ອຸໜູນການສອບເສັງ', NULL, NULL, NULL, '2026-06-11 07:45:26', '2026-06-11 07:45:26'),
(10570, 1696, 'reference', NULL, NULL, NULL, NULL, '2026-06-11 07:45:26', '2026-06-11 07:45:26'),
(10571, 1696, 'amount_per_month', NULL, 0.00, NULL, NULL, '2026-06-11 07:45:26', '2026-06-11 07:45:26'),
(10572, 1696, 'month_count', NULL, 1.00, NULL, NULL, '2026-06-11 07:45:26', '2026-06-11 07:45:26'),
(10573, 1696, 'yearly_total', NULL, 0.00, NULL, NULL, '2026-06-11 07:45:26', '2026-06-11 07:45:26'),
(10574, 1696, 'note', NULL, NULL, NULL, NULL, '2026-06-11 07:45:26', '2026-06-11 07:45:26'),
(10575, 1697, 'item_name', 'ອຸດໜູນການກວດສອບງົບປະມານ', NULL, NULL, NULL, '2026-06-11 07:45:26', '2026-06-11 07:45:26'),
(10576, 1697, 'reference', NULL, NULL, NULL, NULL, '2026-06-11 07:45:26', '2026-06-11 07:45:26'),
(10577, 1697, 'amount_per_month', NULL, 0.00, NULL, NULL, '2026-06-11 07:45:26', '2026-06-11 07:45:26'),
(10578, 1697, 'month_count', NULL, 1.00, NULL, NULL, '2026-06-11 07:45:26', '2026-06-11 07:45:26'),
(10579, 1697, 'yearly_total', NULL, 0.00, NULL, NULL, '2026-06-11 07:45:26', '2026-06-11 07:45:26'),
(10580, 1697, 'note', NULL, NULL, NULL, NULL, '2026-06-11 07:45:26', '2026-06-11 07:45:26'),
(10581, 1698, 'item_name', 'ອຸດໜູນການເຮັດວຽກຕາມຂໍ້ຕົກລົງຕ່າງໆ', NULL, NULL, NULL, '2026-06-11 07:45:26', '2026-06-11 07:45:26'),
(10582, 1698, 'reference', NULL, NULL, NULL, NULL, '2026-06-11 07:45:26', '2026-06-11 07:45:26'),
(10583, 1698, 'amount_per_month', NULL, 0.00, NULL, NULL, '2026-06-11 07:45:26', '2026-06-11 07:45:26'),
(10584, 1698, 'month_count', NULL, 1.00, NULL, NULL, '2026-06-11 07:45:26', '2026-06-11 07:45:26'),
(10585, 1698, 'yearly_total', NULL, 0.00, NULL, NULL, '2026-06-11 07:45:26', '2026-06-11 07:45:26'),
(10586, 1698, 'note', NULL, NULL, NULL, NULL, '2026-06-11 07:45:26', '2026-06-11 07:45:26'),
(10587, 1699, 'item_name', 'ອຸດໜູນການບໍລິຫານເທີມສາມ', NULL, NULL, NULL, '2026-06-11 07:45:26', '2026-06-11 07:45:26'),
(10588, 1699, 'reference', NULL, NULL, NULL, NULL, '2026-06-11 07:45:26', '2026-06-11 07:45:26'),
(10589, 1699, 'amount_per_month', NULL, 0.00, NULL, NULL, '2026-06-11 07:45:26', '2026-06-11 07:45:26'),
(10590, 1699, 'month_count', NULL, 1.00, NULL, NULL, '2026-06-11 07:45:26', '2026-06-11 07:45:26'),
(10591, 1699, 'yearly_total', NULL, 0.00, NULL, NULL, '2026-06-11 07:45:26', '2026-06-11 07:45:26'),
(10592, 1699, 'note', NULL, NULL, NULL, NULL, '2026-06-11 07:45:26', '2026-06-11 07:45:26'),
(10593, 1700, 'item_name', 'ອຸດໜູນກະກຽມສະຫລຸບການເງິນ', NULL, NULL, NULL, '2026-06-11 07:45:26', '2026-06-11 07:45:26'),
(10594, 1700, 'reference', NULL, NULL, NULL, NULL, '2026-06-11 07:45:26', '2026-06-11 07:45:26'),
(10595, 1700, 'amount_per_month', NULL, 0.00, NULL, NULL, '2026-06-11 07:45:26', '2026-06-11 07:45:26'),
(10596, 1700, 'month_count', NULL, 1.00, NULL, NULL, '2026-06-11 07:45:26', '2026-06-11 07:45:26'),
(10597, 1700, 'yearly_total', NULL, 0.00, NULL, NULL, '2026-06-11 07:45:26', '2026-06-11 07:45:26'),
(10598, 1700, 'note', NULL, NULL, NULL, NULL, '2026-06-11 07:45:26', '2026-06-11 07:45:26'),
(10599, 1701, 'item_name', 'ອຸດໜູນການບໍລິຫານ ປໍ ໂທ', NULL, NULL, NULL, '2026-06-11 07:45:26', '2026-06-11 07:45:26'),
(10600, 1701, 'reference', NULL, NULL, NULL, NULL, '2026-06-11 07:45:26', '2026-06-11 07:45:26'),
(10601, 1701, 'amount_per_month', NULL, 0.00, NULL, NULL, '2026-06-11 07:45:26', '2026-06-11 07:45:26'),
(10602, 1701, 'month_count', NULL, 1.00, NULL, NULL, '2026-06-11 07:45:26', '2026-06-11 07:45:26'),
(10603, 1701, 'yearly_total', NULL, 0.00, NULL, NULL, '2026-06-11 07:45:26', '2026-06-11 07:45:26'),
(10604, 1701, 'note', NULL, NULL, NULL, NULL, '2026-06-11 07:45:26', '2026-06-11 07:45:26'),
(10605, 1702, 'item_name', 'ອຸດໜູນການນໍາພາບົດວິທະຍານິພົນ', NULL, NULL, NULL, '2026-06-11 07:45:26', '2026-06-11 07:45:26'),
(10606, 1702, 'reference', NULL, NULL, NULL, NULL, '2026-06-11 07:45:26', '2026-06-11 07:45:26'),
(10607, 1702, 'amount_per_month', NULL, 0.00, NULL, NULL, '2026-06-11 07:45:26', '2026-06-11 07:45:26'),
(10608, 1702, 'month_count', NULL, 1.00, NULL, NULL, '2026-06-11 07:45:26', '2026-06-11 07:45:26'),
(10609, 1702, 'yearly_total', NULL, 0.00, NULL, NULL, '2026-06-11 07:45:26', '2026-06-11 07:45:26'),
(10610, 1702, 'note', NULL, NULL, NULL, NULL, '2026-06-11 07:45:26', '2026-06-11 07:45:26'),
(10611, 1703, 'item_name', 'ຄ່າຊົ່ວໂມງສອນພາກພິເສດ', NULL, NULL, NULL, '2026-06-11 07:45:26', '2026-06-11 07:45:26'),
(10612, 1703, 'reference', NULL, NULL, NULL, NULL, '2026-06-11 07:45:26', '2026-06-11 07:45:26'),
(10613, 1703, 'unit_price', NULL, 0.00, NULL, NULL, '2026-06-11 07:45:26', '2026-06-11 07:45:26'),
(10614, 1703, 'quantity', NULL, 1.00, NULL, NULL, '2026-06-11 07:45:26', '2026-06-11 07:45:26'),
(10615, 1703, 'frequency_count', NULL, 1.00, NULL, NULL, '2026-06-11 07:45:26', '2026-06-11 07:45:26'),
(10616, 1703, 'yearly_total', NULL, 0.00, NULL, NULL, '2026-06-11 07:45:26', '2026-06-11 07:45:26'),
(10617, 1703, 'note', NULL, NULL, NULL, NULL, '2026-06-11 07:45:26', '2026-06-11 07:45:26'),
(10618, 1704, 'item_name', 'ຄ່າຊົ່ວໂມງສອນເທີມສາມ', NULL, NULL, NULL, '2026-06-11 07:45:26', '2026-06-11 07:45:26'),
(10619, 1704, 'reference', NULL, NULL, NULL, NULL, '2026-06-11 07:45:26', '2026-06-11 07:45:26'),
(10620, 1704, 'unit_price', NULL, 0.00, NULL, NULL, '2026-06-11 07:45:26', '2026-06-11 07:45:26'),
(10621, 1704, 'quantity', NULL, 1.00, NULL, NULL, '2026-06-11 07:45:26', '2026-06-11 07:45:26'),
(10622, 1704, 'frequency_count', NULL, 1.00, NULL, NULL, '2026-06-11 07:45:26', '2026-06-11 07:45:26'),
(10623, 1704, 'yearly_total', NULL, 0.00, NULL, NULL, '2026-06-11 07:45:26', '2026-06-11 07:45:26'),
(10624, 1704, 'note', NULL, NULL, NULL, NULL, '2026-06-11 07:45:26', '2026-06-11 07:45:26'),
(10625, 1705, 'item_name', 'ຄ່າຊົ່ວໂມງສອນປະລິນຍາໂທ', NULL, NULL, NULL, '2026-06-11 07:45:26', '2026-06-11 07:45:26'),
(10626, 1705, 'reference', NULL, NULL, NULL, NULL, '2026-06-11 07:45:26', '2026-06-11 07:45:26'),
(10627, 1705, 'unit_price', NULL, 0.00, NULL, NULL, '2026-06-11 07:45:26', '2026-06-11 07:45:26'),
(10628, 1705, 'quantity', NULL, 1.00, NULL, NULL, '2026-06-11 07:45:26', '2026-06-11 07:45:26'),
(10629, 1705, 'frequency_count', NULL, 1.00, NULL, NULL, '2026-06-11 07:45:26', '2026-06-11 07:45:26'),
(10630, 1705, 'yearly_total', NULL, 0.00, NULL, NULL, '2026-06-11 07:45:26', '2026-06-11 07:45:26'),
(10631, 1705, 'note', NULL, NULL, NULL, NULL, '2026-06-11 07:45:26', '2026-06-11 07:45:26'),
(10632, 1706, 'item_name', 'ຄ່າກຳມະການສອບເສັງຈົບຊັ້ນ', NULL, NULL, NULL, '2026-06-11 07:45:26', '2026-06-11 07:45:26'),
(10633, 1706, 'reference', NULL, NULL, NULL, NULL, '2026-06-11 07:45:26', '2026-06-11 07:45:26'),
(10634, 1706, 'unit_price', NULL, 0.00, NULL, NULL, '2026-06-11 07:45:26', '2026-06-11 07:45:26'),
(10635, 1706, 'quantity', NULL, 1.00, NULL, NULL, '2026-06-11 07:45:26', '2026-06-11 07:45:26'),
(10636, 1706, 'frequency_count', NULL, 1.00, NULL, NULL, '2026-06-11 07:45:26', '2026-06-11 07:45:26'),
(10637, 1706, 'yearly_total', NULL, 0.00, NULL, NULL, '2026-06-11 07:45:26', '2026-06-11 07:45:26'),
(10638, 1706, 'note', NULL, NULL, NULL, NULL, '2026-06-11 07:45:26', '2026-06-11 07:45:26'),
(10639, 1707, 'item_name', 'ຄ່າຍາມຫ້ອງເສັງ', NULL, NULL, NULL, '2026-06-11 07:45:26', '2026-06-11 07:45:26'),
(10640, 1707, 'reference', NULL, NULL, NULL, NULL, '2026-06-11 07:45:26', '2026-06-11 07:45:26'),
(10641, 1707, 'unit_price', NULL, 0.00, NULL, NULL, '2026-06-11 07:45:26', '2026-06-11 07:45:26'),
(10642, 1707, 'quantity', NULL, 1.00, NULL, NULL, '2026-06-11 07:45:26', '2026-06-11 07:45:26'),
(10643, 1707, 'frequency_count', NULL, 1.00, NULL, NULL, '2026-06-11 07:45:26', '2026-06-11 07:45:26'),
(10644, 1707, 'yearly_total', NULL, 0.00, NULL, NULL, '2026-06-11 07:45:26', '2026-06-11 07:45:26'),
(10645, 1707, 'note', NULL, NULL, NULL, NULL, '2026-06-11 07:45:26', '2026-06-11 07:45:26'),
(10646, 1708, 'item_name', 'ຄ່າອອກຫົວບົດ ແລະ ກວດບົດ', NULL, NULL, NULL, '2026-06-11 07:45:26', '2026-06-11 07:45:26'),
(10647, 1708, 'reference', NULL, NULL, NULL, NULL, '2026-06-11 07:45:26', '2026-06-11 07:45:26'),
(10648, 1708, 'unit_price', NULL, 0.00, NULL, NULL, '2026-06-11 07:45:26', '2026-06-11 07:45:26'),
(10649, 1708, 'quantity', NULL, 1.00, NULL, NULL, '2026-06-11 07:45:26', '2026-06-11 07:45:26'),
(10650, 1708, 'frequency_count', NULL, 1.00, NULL, NULL, '2026-06-11 07:45:26', '2026-06-11 07:45:26'),
(10651, 1708, 'yearly_total', NULL, 0.00, NULL, NULL, '2026-06-11 07:45:26', '2026-06-11 07:45:26'),
(10652, 1708, 'note', NULL, NULL, NULL, NULL, '2026-06-11 07:45:26', '2026-06-11 07:45:26'),
(10653, 1709, 'item_name', 'ຄ່າບໍລິການສອບເສັງປະລິນຍາໂທ', NULL, NULL, NULL, '2026-06-11 07:45:26', '2026-06-11 07:45:26'),
(10654, 1709, 'reference', NULL, NULL, NULL, NULL, '2026-06-11 07:45:26', '2026-06-11 07:45:26'),
(10655, 1709, 'unit_price', NULL, 0.00, NULL, NULL, '2026-06-11 07:45:26', '2026-06-11 07:45:26'),
(10656, 1709, 'quantity', NULL, 1.00, NULL, NULL, '2026-06-11 07:45:26', '2026-06-11 07:45:26'),
(10657, 1709, 'frequency_count', NULL, 1.00, NULL, NULL, '2026-06-11 07:45:26', '2026-06-11 07:45:26'),
(10658, 1709, 'yearly_total', NULL, 0.00, NULL, NULL, '2026-06-11 07:45:26', '2026-06-11 07:45:26'),
(10659, 1709, 'note', NULL, NULL, NULL, NULL, '2026-06-11 07:45:26', '2026-06-11 07:45:26'),
(10660, 1710, 'item_name', 'ຄ່າຊີ້ນຳບົດໂຄງການຈົບຊັ້ນ', NULL, NULL, NULL, '2026-06-11 07:45:26', '2026-06-11 07:45:26'),
(10661, 1710, 'reference', NULL, NULL, NULL, NULL, '2026-06-11 07:45:26', '2026-06-11 07:45:26'),
(10662, 1710, 'unit_price', NULL, 0.00, NULL, NULL, '2026-06-11 07:45:26', '2026-06-11 07:45:26'),
(10663, 1710, 'quantity', NULL, 1.00, NULL, NULL, '2026-06-11 07:45:26', '2026-06-11 07:45:26'),
(10664, 1710, 'frequency_count', NULL, 1.00, NULL, NULL, '2026-06-11 07:45:26', '2026-06-11 07:45:26'),
(10665, 1710, 'yearly_total', NULL, 0.00, NULL, NULL, '2026-06-11 07:45:26', '2026-06-11 07:45:26'),
(10666, 1710, 'note', NULL, NULL, NULL, NULL, '2026-06-11 07:45:26', '2026-06-11 07:45:26'),
(10667, 1711, 'item_name', 'ຄ່າກຳມະການປ້ອງກັນບົດຈົບຊັ້ນ', NULL, NULL, NULL, '2026-06-11 07:45:26', '2026-06-11 07:45:26'),
(10668, 1711, 'reference', NULL, NULL, NULL, NULL, '2026-06-11 07:45:26', '2026-06-11 07:45:26'),
(10669, 1711, 'unit_price', NULL, 0.00, NULL, NULL, '2026-06-11 07:45:26', '2026-06-11 07:45:26'),
(10670, 1711, 'quantity', NULL, 1.00, NULL, NULL, '2026-06-11 07:45:26', '2026-06-11 07:45:26'),
(10671, 1711, 'frequency_count', NULL, 1.00, NULL, NULL, '2026-06-11 07:45:26', '2026-06-11 07:45:26'),
(10672, 1711, 'yearly_total', NULL, 0.00, NULL, NULL, '2026-06-11 07:45:26', '2026-06-11 07:45:26'),
(10673, 1711, 'note', NULL, NULL, NULL, NULL, '2026-06-11 07:45:26', '2026-06-11 07:45:26'),
(10674, 1712, 'item_name', 'ຄ່າດຳເນີນບົດໂຄງການຈົບຊັ້ນປະລິນຍາໂທ', NULL, NULL, NULL, '2026-06-11 07:45:26', '2026-06-11 07:45:26'),
(10675, 1712, 'reference', NULL, NULL, NULL, NULL, '2026-06-11 07:45:26', '2026-06-11 07:45:26'),
(10676, 1712, 'unit_price', NULL, 0.00, NULL, NULL, '2026-06-11 07:45:26', '2026-06-11 07:45:26'),
(10677, 1712, 'quantity', NULL, 1.00, NULL, NULL, '2026-06-11 07:45:26', '2026-06-11 07:45:26'),
(10678, 1712, 'frequency_count', NULL, 1.00, NULL, NULL, '2026-06-11 07:45:26', '2026-06-11 07:45:26'),
(10679, 1712, 'yearly_total', NULL, 0.00, NULL, NULL, '2026-06-11 07:45:26', '2026-06-11 07:45:26'),
(10680, 1712, 'note', NULL, NULL, NULL, NULL, '2026-06-11 07:45:26', '2026-06-11 07:45:26'),
(10681, 1713, 'item_name', 'ບໍລິຈາກເລືອດຄັ້ງທີ I', NULL, NULL, NULL, '2026-06-11 07:45:26', '2026-06-11 07:45:26'),
(10682, 1713, 'reference', NULL, NULL, NULL, NULL, '2026-06-11 07:45:26', '2026-06-11 07:45:26'),
(10683, 1713, 'unit_price', NULL, 0.00, NULL, NULL, '2026-06-11 07:45:26', '2026-06-11 07:45:26'),
(10684, 1713, 'event_count', NULL, 1.00, NULL, NULL, '2026-06-11 07:45:26', '2026-06-11 07:45:26'),
(10685, 1713, 'people_count', NULL, 1.00, NULL, NULL, '2026-06-11 07:45:26', '2026-06-11 07:45:26'),
(10686, 1713, 'yearly_total', NULL, 0.00, NULL, NULL, '2026-06-11 07:45:26', '2026-06-11 07:45:26'),
(10687, 1713, 'note', NULL, NULL, NULL, NULL, '2026-06-11 07:45:26', '2026-06-11 07:45:26'),
(10688, 1714, 'item_name', 'ບໍລິຈາກເລືອດຄັ້ງທີ II', NULL, NULL, NULL, '2026-06-11 07:45:26', '2026-06-11 07:45:26'),
(10689, 1714, 'reference', NULL, NULL, NULL, NULL, '2026-06-11 07:45:26', '2026-06-11 07:45:26'),
(10690, 1714, 'unit_price', NULL, 0.00, NULL, NULL, '2026-06-11 07:45:26', '2026-06-11 07:45:26'),
(10691, 1714, 'event_count', NULL, 1.00, NULL, NULL, '2026-06-11 07:45:26', '2026-06-11 07:45:26'),
(10692, 1714, 'people_count', NULL, 1.00, NULL, NULL, '2026-06-11 07:45:26', '2026-06-11 07:45:26'),
(10693, 1714, 'yearly_total', NULL, 0.00, NULL, NULL, '2026-06-11 07:45:26', '2026-06-11 07:45:26'),
(10694, 1714, 'note', NULL, NULL, NULL, NULL, '2026-06-11 07:45:26', '2026-06-11 07:45:26'),
(10695, 1715, 'item_name', 'ການແຂ່ງຂັນກິລາຊາວໜຸ່ມ', NULL, NULL, NULL, '2026-06-11 07:45:26', '2026-06-11 07:45:26'),
(10696, 1715, 'reference', NULL, NULL, NULL, NULL, '2026-06-11 07:45:26', '2026-06-11 07:45:26'),
(10697, 1715, 'yearly_total', NULL, 0.00, NULL, NULL, '2026-06-11 07:45:26', '2026-06-11 07:45:26'),
(10698, 1715, 'note', NULL, NULL, NULL, NULL, '2026-06-11 07:45:26', '2026-06-11 07:45:26'),
(10699, 1716, 'item_name', 'ການເຄື່ອງໄຫວກິລາພາຍໃນ', NULL, NULL, NULL, '2026-06-11 07:45:26', '2026-06-11 07:45:26'),
(10700, 1716, 'reference', NULL, NULL, NULL, NULL, '2026-06-11 07:45:26', '2026-06-11 07:45:26'),
(10701, 1716, 'yearly_total', NULL, 0.00, NULL, NULL, '2026-06-11 07:45:26', '2026-06-11 07:45:26'),
(10702, 1716, 'note', NULL, NULL, NULL, NULL, '2026-06-11 07:45:26', '2026-06-11 07:45:26'),
(10703, 1717, 'item_name', 'ການເຄື່ອນໄຫວກິລາກັບທາງນອກ', NULL, NULL, NULL, '2026-06-11 07:45:26', '2026-06-11 07:45:26'),
(10704, 1717, 'reference', NULL, NULL, NULL, NULL, '2026-06-11 07:45:26', '2026-06-11 07:45:26'),
(10705, 1717, 'yearly_total', NULL, 0.00, NULL, NULL, '2026-06-11 07:45:26', '2026-06-11 07:45:26'),
(10706, 1717, 'note', NULL, NULL, NULL, NULL, '2026-06-11 07:45:26', '2026-06-11 07:45:26'),
(10707, 1718, 'item_name', 'ການເຄື່ອນໄຫວສິນລະປະກຳຂອງນັກສຶກສາ', NULL, NULL, NULL, '2026-06-11 07:45:26', '2026-06-11 07:45:26'),
(10708, 1718, 'reference', NULL, NULL, NULL, NULL, '2026-06-11 07:45:26', '2026-06-11 07:45:26'),
(10709, 1718, 'yearly_total', NULL, 0.00, NULL, NULL, '2026-06-11 07:45:26', '2026-06-11 07:45:26'),
(10710, 1718, 'note', NULL, NULL, NULL, NULL, '2026-06-11 07:45:26', '2026-06-11 07:45:26'),
(10711, 1719, 'item_name', 'ການຝຶກຊ້ອມສິນລະປະວັນນະຄະດີ', NULL, NULL, NULL, '2026-06-11 07:45:26', '2026-06-11 07:45:26'),
(10712, 1719, 'reference', NULL, NULL, NULL, NULL, '2026-06-11 07:45:26', '2026-06-11 07:45:26'),
(10713, 1719, 'yearly_total', NULL, 0.00, NULL, NULL, '2026-06-11 07:45:26', '2026-06-11 07:45:26'),
(10714, 1719, 'note', NULL, NULL, NULL, NULL, '2026-06-11 07:45:26', '2026-06-11 07:45:26'),
(10715, 1720, 'item_name', 'ອານາໄມຫ້ອງຮຽນ, ຫ້ອງການ', NULL, NULL, NULL, '2026-06-11 07:45:26', '2026-06-11 07:45:26'),
(10716, 1720, 'reference', NULL, NULL, NULL, NULL, '2026-06-11 07:45:26', '2026-06-11 07:45:26'),
(10717, 1720, 'yearly_total', NULL, 0.00, NULL, NULL, '2026-06-11 07:45:26', '2026-06-11 07:45:26'),
(10718, 1720, 'note', NULL, NULL, NULL, NULL, '2026-06-11 07:45:26', '2026-06-11 07:45:26'),
(10719, 1721, 'item_name', 'ອານາໄມສະຖານທີ່ຮັບຜິດຊອບ', NULL, NULL, NULL, '2026-06-11 07:45:26', '2026-06-11 07:45:26'),
(10720, 1721, 'reference', NULL, NULL, NULL, NULL, '2026-06-11 07:45:26', '2026-06-11 07:45:26'),
(10721, 1721, 'yearly_total', NULL, 0.00, NULL, NULL, '2026-06-11 07:45:26', '2026-06-11 07:45:26'),
(10722, 1721, 'note', NULL, NULL, NULL, NULL, '2026-06-11 07:45:26', '2026-06-11 07:45:26'),
(10723, 1722, 'item_name', 'ປຸກຕົ້ນໄມ້', NULL, NULL, NULL, '2026-06-11 07:45:26', '2026-06-11 07:45:26'),
(10724, 1722, 'reference', NULL, NULL, NULL, NULL, '2026-06-11 07:45:26', '2026-06-11 07:45:26'),
(10725, 1722, 'yearly_total', NULL, 0.00, NULL, NULL, '2026-06-11 07:45:26', '2026-06-11 07:45:26'),
(10726, 1722, 'note', NULL, NULL, NULL, NULL, '2026-06-11 07:45:26', '2026-06-11 07:45:26'),
(10727, 1723, 'item_name', 'ຄ່າເຊົ່າຫ້ອງປະຊຸມ 1 ວັນ', NULL, NULL, NULL, '2026-06-11 07:45:26', '2026-06-11 07:45:26'),
(10728, 1723, 'reference', NULL, NULL, NULL, NULL, '2026-06-11 07:45:26', '2026-06-11 07:45:26'),
(10729, 1723, 'yearly_total', NULL, 0.00, NULL, NULL, '2026-06-11 07:45:26', '2026-06-11 07:45:26'),
(10730, 1723, 'note', NULL, NULL, NULL, NULL, '2026-06-11 07:45:26', '2026-06-11 07:45:26'),
(10731, 1724, 'item_name', 'ຄ່ານ້ຳດື່ມມື້ຈັດງານ', NULL, NULL, NULL, '2026-06-11 07:45:26', '2026-06-11 07:45:26'),
(10732, 1724, 'reference', NULL, NULL, NULL, NULL, '2026-06-11 07:45:26', '2026-06-11 07:45:26'),
(10733, 1724, 'yearly_total', NULL, 0.00, NULL, NULL, '2026-06-11 07:45:26', '2026-06-11 07:45:26'),
(10734, 1724, 'note', NULL, NULL, NULL, NULL, '2026-06-11 07:45:26', '2026-06-11 07:45:26'),
(10735, 1725, 'item_name', 'ຄ່າຂັນລາງວັນ', NULL, NULL, NULL, '2026-06-11 07:45:26', '2026-06-11 07:45:26'),
(10736, 1725, 'reference', NULL, NULL, NULL, NULL, '2026-06-11 07:45:26', '2026-06-11 07:45:26'),
(10737, 1725, 'yearly_total', NULL, 0.00, NULL, NULL, '2026-06-11 07:45:26', '2026-06-11 07:45:26'),
(10738, 1725, 'note', NULL, NULL, NULL, NULL, '2026-06-11 07:45:26', '2026-06-11 07:45:26'),
(10739, 1726, 'item_name', 'ຄ່າອອກຄຳຖາມ', NULL, NULL, NULL, '2026-06-11 07:45:26', '2026-06-11 07:45:26'),
(10740, 1726, 'reference', NULL, NULL, NULL, NULL, '2026-06-11 07:45:26', '2026-06-11 07:45:26'),
(10741, 1726, 'yearly_total', NULL, 0.00, NULL, NULL, '2026-06-11 07:45:26', '2026-06-11 07:45:26'),
(10742, 1726, 'note', NULL, NULL, NULL, NULL, '2026-06-11 07:45:26', '2026-06-11 07:45:26'),
(10743, 1533, 'item_name', 'ຊືເຄື່ອງໃຊ້ຫ້ອງການ', NULL, NULL, NULL, '2026-06-11 10:30:40', '2026-06-11 10:30:40'),
(10744, 1533, 'reference', '62100201', NULL, NULL, NULL, '2026-06-11 10:30:40', '2026-06-11 10:30:40'),
(10745, 1533, 'amount_per_month', NULL, 0.00, NULL, NULL, '2026-06-11 10:30:40', '2026-06-11 10:30:40'),
(10746, 1533, 'month_count', NULL, 1.00, NULL, NULL, '2026-06-11 10:30:40', '2026-06-11 10:30:40'),
(10747, 1533, 'yearly_total', NULL, 0.00, NULL, NULL, '2026-06-11 10:30:40', '2026-06-11 10:30:40'),
(10748, 1533, 'note', NULL, NULL, NULL, NULL, '2026-06-11 10:30:40', '2026-06-11 10:30:40'),
(10749, 1534, 'item_name', 'ຊືແບບພິມ', NULL, NULL, NULL, '2026-06-11 10:30:42', '2026-06-11 10:30:42'),
(10750, 1534, 'reference', '62100202', NULL, NULL, NULL, '2026-06-11 10:30:42', '2026-06-11 10:30:42'),
(10751, 1534, 'amount_per_month', NULL, 0.00, NULL, NULL, '2026-06-11 10:30:42', '2026-06-11 10:30:42'),
(10752, 1534, 'month_count', NULL, 1.00, NULL, NULL, '2026-06-11 10:30:42', '2026-06-11 10:30:42'),
(10753, 1534, 'yearly_total', NULL, 0.00, NULL, NULL, '2026-06-11 10:30:42', '2026-06-11 10:30:42'),
(10754, 1534, 'note', NULL, NULL, NULL, NULL, '2026-06-11 10:30:42', '2026-06-11 10:30:42'),
(10755, 1536, 'item_name', 'ລາຍຈ່າຍຊືຂອງຂວັນ ແລະ ຂອງຕ້ອນ', NULL, NULL, NULL, '2026-06-11 10:55:54', '2026-06-11 10:55:54'),
(10756, 1536, 'reference', '62600000', NULL, NULL, NULL, '2026-06-11 10:55:55', '2026-06-11 10:55:55'),
(10757, 1536, 'amount_per_month', NULL, 0.00, NULL, NULL, '2026-06-11 10:55:55', '2026-06-11 10:55:55'),
(10758, 1536, 'month_count', NULL, 1.00, NULL, NULL, '2026-06-11 10:55:55', '2026-06-11 10:55:55'),
(10759, 1536, 'yearly_total', NULL, 0.00, NULL, NULL, '2026-06-11 10:55:55', '2026-06-11 10:55:55'),
(10760, 1536, 'note', NULL, NULL, NULL, NULL, '2026-06-11 10:55:55', '2026-06-11 10:55:55'),
(10761, 1727, 'item_name', 'ເຄື່ອງໃຊ້ຫ້ອງການ', NULL, NULL, NULL, '2026-06-11 11:07:14', '2026-06-11 11:07:14'),
(10762, 1727, 'reference', NULL, NULL, NULL, NULL, '2026-06-11 11:07:14', '2026-06-11 11:07:14'),
(10763, 1727, 'amount_per_month', NULL, 0.00, NULL, NULL, '2026-06-11 11:07:14', '2026-06-11 11:07:14'),
(10764, 1727, 'month_count', NULL, 1.00, NULL, NULL, '2026-06-11 11:07:14', '2026-06-11 11:07:14'),
(10765, 1727, 'yearly_total', NULL, 0.00, NULL, NULL, '2026-06-11 11:07:14', '2026-06-11 11:07:14'),
(10766, 1727, 'note', NULL, NULL, NULL, NULL, '2026-06-11 11:07:14', '2026-06-11 11:07:14'),
(10767, 1728, 'item_name', 'ແບບພິມ', NULL, NULL, NULL, '2026-06-11 11:07:14', '2026-06-11 11:07:14'),
(10768, 1728, 'reference', NULL, NULL, NULL, NULL, '2026-06-11 11:07:14', '2026-06-11 11:07:14'),
(10769, 1728, 'amount_per_month', NULL, 0.00, NULL, NULL, '2026-06-11 11:07:14', '2026-06-11 11:07:14'),
(10770, 1728, 'month_count', NULL, 1.00, NULL, NULL, '2026-06-11 11:07:14', '2026-06-11 11:07:14'),
(10771, 1728, 'yearly_total', NULL, 0.00, NULL, NULL, '2026-06-11 11:07:14', '2026-06-11 11:07:14'),
(10772, 1728, 'note', NULL, NULL, NULL, NULL, '2026-06-11 11:07:14', '2026-06-11 11:07:14'),
(10773, 1729, 'item_name', 'ຮັບແຂກ', NULL, NULL, NULL, '2026-06-11 11:07:14', '2026-06-11 11:07:14'),
(10774, 1729, 'reference', NULL, NULL, NULL, NULL, '2026-06-11 11:07:14', '2026-06-11 11:07:14'),
(10775, 1729, 'amount_per_month', NULL, 0.00, NULL, NULL, '2026-06-11 11:07:14', '2026-06-11 11:07:14'),
(10776, 1729, 'month_count', NULL, 1.00, NULL, NULL, '2026-06-11 11:07:14', '2026-06-11 11:07:14'),
(10777, 1729, 'yearly_total', NULL, 0.00, NULL, NULL, '2026-06-11 11:07:14', '2026-06-11 11:07:14'),
(10778, 1729, 'note', NULL, NULL, NULL, NULL, '2026-06-11 11:07:14', '2026-06-11 11:07:14');

-- --------------------------------------------------------

--
-- Table structure for table `expense_sections`
--

CREATE TABLE `expense_sections` (
  `id` bigint UNSIGNED NOT NULL,
  `planning_year_id` bigint UNSIGNED NOT NULL,
  `code` varchar(20) CHARACTER SET utf8mb4 COLLATE utf8mb4_unicode_ci NOT NULL,
  `name` varchar(255) CHARACTER SET utf8mb4 COLLATE utf8mb4_unicode_ci NOT NULL,
  `description` text CHARACTER SET utf8mb4 COLLATE utf8mb4_unicode_ci,
  `display_order` int UNSIGNED NOT NULL DEFAULT '0',
  `summary_period_count` decimal(10,2) NOT NULL DEFAULT '12.00',
  `is_active` tinyint(1) NOT NULL DEFAULT '1',
  `created_at` timestamp NULL DEFAULT NULL,
  `updated_at` timestamp NULL DEFAULT NULL
) ENGINE=InnoDB DEFAULT CHARSET=utf8mb4 COLLATE=utf8mb4_unicode_ci;

--
-- Dumping data for table `expense_sections`
--

INSERT INTO `expense_sections` (`id`, `planning_year_id`, `code`, `name`, `description`, `display_order`, `summary_period_count`, `is_active`, `created_at`, `updated_at`) VALUES
(1, 1, '2.1', 'ແຜນງົບປະມານລາຍຈ່າຍບໍລິຫານປົກກະຕິຂອງ ຄວທ ປະຈຳສົກປີ 2026', NULL, 1, 12.00, 1, '2026-06-05 00:00:00', '2026-06-05 00:00:00'),
(2, 1, '2.2', 'ແຜນງົບປະມານລາຍຈ່າຍປັບປຸງ ແລະ ສົ່ງເສີມວິຊາການຂອງ ຄວທ ປະຈຳສົກປີ 2026', NULL, 2, 12.00, 1, '2026-06-05 00:00:00', '2026-06-05 00:00:00'),
(3, 1, '2.3', 'ແຜນງົບປະມານລາຍຈ່າຍດັດສົມ, ສົ່ງເສີມ ແລະ ບຳລຸງຮັກສາຂອງ ຄວທ ປະຈຳສົກປີ 2026', NULL, 3, 12.00, 1, '2026-06-05 00:00:00', '2026-06-05 00:00:00'),
(4, 1, '2.4', 'ແຜນງົບປະມານລາຍຈ່າຍບໍລິຫານອຸດໜູນກົງຈັກ ສົກປີ 2026', NULL, 4, 12.00, 1, '2026-06-05 00:00:00', '2026-06-05 00:00:00'),
(5, 1, '2.5', 'ແຜນງົບປະມານລາຍຈ່າຍຄ່າສິດສອນ ແລະ ການປະເມີນ ສົກປີ 2026', NULL, 5, 12.00, 1, '2026-06-05 00:00:00', '2026-06-05 00:00:00'),
(6, 1, '2.6', 'ແຜນລາຍຈ່າຍເຄື່ອນໄຫວນອກຫຼັກສູດ ປະຈຳສົກປີ 2026', NULL, 6, 12.00, 1, '2026-06-05 00:00:00', '2026-06-05 00:00:00'),
(13, 4, '2.1', 'ແຜນງົບປະມານລາຍຈ່າຍບໍລິຫານປົກກະຕິຂອງ ຄວທ ປະຈຳສົກປີ 2026', NULL, 1, 12.00, 1, '2026-06-08 06:13:56', '2026-06-08 06:13:56'),
(14, 4, '2.2', 'ແຜນງົບປະມານລາຍຈ່າຍປັບປຸງ ແລະ ສົ່ງເສີມວິຊາການຂອງ ຄວທ ປະຈຳສົກປີ 2026', NULL, 2, 12.00, 1, '2026-06-08 06:13:57', '2026-06-08 06:13:57'),
(15, 4, '2.3', 'ແຜນງົບປະມານລາຍຈ່າຍດັດສົມ, ສົ່ງເສີມ ແລະ ບຳລຸງຮັກສາຂອງ ຄວທ ປະຈຳສົກປີ 2026', NULL, 3, 12.00, 1, '2026-06-08 06:13:57', '2026-06-08 06:13:57'),
(16, 4, '2.4', 'ແຜນງົບປະມານລາຍຈ່າຍບໍລິຫານອຸດໜູນກົງຈັກ ສົກປີ 2026', NULL, 4, 12.00, 1, '2026-06-08 06:13:58', '2026-06-08 06:13:58'),
(17, 4, '2.5', 'ແຜນງົບປະມານລາຍຈ່າຍຄ່າສິດສອນ ແລະ ການປະເມີນ ສົກປີ 2026', NULL, 5, 12.00, 1, '2026-06-08 06:13:58', '2026-06-08 06:13:58'),
(18, 4, '2.6', 'ແຜນລາຍຈ່າຍເຄື່ອນໄຫວນອກຫຼັກສູດ ປະຈຳສົກປີ 2026', NULL, 6, 12.00, 1, '2026-06-08 06:13:58', '2026-06-08 06:13:58'),
(19, 5, '2.1', 'ແຜນງົບປະມານລາຍຈ່າຍບໍລິຫານປົກກະຕິຂອງ ຄວທ ປະຈຳສົກປີ 2026', NULL, 1, 12.00, 1, '2026-06-11 07:45:19', '2026-06-11 07:45:19'),
(20, 5, '2.2', 'ແຜນງົບປະມານລາຍຈ່າຍປັບປຸງ ແລະ ສົ່ງເສີມວິຊາການຂອງ ຄວທ ປະຈຳສົກປີ 2026', NULL, 2, 12.00, 1, '2026-06-11 07:45:19', '2026-06-11 07:45:19'),
(21, 5, '2.3', 'ແຜນງົບປະມານລາຍຈ່າຍດັດສົມ, ສົ່ງເສີມ ແລະ ບຳລຸງຮັກສາຂອງ ຄວທ ປະຈຳສົກປີ 2026', NULL, 3, 12.00, 1, '2026-06-11 07:45:20', '2026-06-11 07:45:20'),
(22, 5, '2.4', 'ແຜນງົບປະມານລາຍຈ່າຍບໍລິຫານອຸດໜູນກົງຈັກ ສົກປີ 2026', NULL, 4, 12.00, 1, '2026-06-11 07:45:20', '2026-06-11 07:45:20'),
(23, 5, '2.5', 'ແຜນງົບປະມານລາຍຈ່າຍຄ່າສິດສອນ ແລະ ການປະເມີນ ສົກປີ 2026', NULL, 5, 12.00, 1, '2026-06-11 07:45:20', '2026-06-11 07:45:20'),
(24, 5, '2.6', 'ແຜນລາຍຈ່າຍເຄື່ອນໄຫວນອກຫຼັກສູດ ປະຈຳສົກປີ 2026', NULL, 6, 12.00, 1, '2026-06-11 07:45:21', '2026-06-11 07:45:21');

-- --------------------------------------------------------

--
-- Table structure for table `expense_subsections`
--

CREATE TABLE `expense_subsections` (
  `id` bigint UNSIGNED NOT NULL,
  `section_id` bigint UNSIGNED NOT NULL,
  `code` varchar(20) CHARACTER SET utf8mb4 COLLATE utf8mb4_unicode_ci NOT NULL,
  `name` varchar(255) CHARACTER SET utf8mb4 COLLATE utf8mb4_unicode_ci NOT NULL,
  `description` text CHARACTER SET utf8mb4 COLLATE utf8mb4_unicode_ci,
  `default_pattern_id` bigint UNSIGNED DEFAULT NULL,
  `summary_period_count` decimal(10,2) NOT NULL DEFAULT '12.00',
  `display_order` int UNSIGNED NOT NULL DEFAULT '0',
  `is_active` tinyint(1) NOT NULL DEFAULT '1',
  `created_at` timestamp NULL DEFAULT NULL,
  `updated_at` timestamp NULL DEFAULT NULL,
  `parent_id` bigint UNSIGNED DEFAULT NULL
) ENGINE=InnoDB DEFAULT CHARSET=utf8mb4 COLLATE=utf8mb4_unicode_ci;

--
-- Dumping data for table `expense_subsections`
--

INSERT INTO `expense_subsections` (`id`, `section_id`, `code`, `name`, `description`, `default_pattern_id`, `summary_period_count`, `display_order`, `is_active`, `created_at`, `updated_at`, `parent_id`) VALUES
(1, 1, '2.1.1', 'ບໍລິຫານສັງລວມ', NULL, 1, 12.00, 1, 1, '2026-06-05 00:00:00', '2026-06-11 08:21:21', NULL),
(2, 1, '2.1.2', 'ບຳລຸງຮັກສາ, ສ້ອມແປງ ແລະ ຕິດຕັ້ງ', NULL, 1, 12.00, 2, 1, '2026-06-05 00:00:00', '2026-06-11 08:21:21', NULL),
(3, 1, '2.1.3', 'ສ້ອມແປງ ແລະ ປັບປຸງອາຄານຫ້ອງຮຽນ', NULL, 1, 12.00, 3, 1, '2026-06-05 00:00:00', '2026-06-11 08:21:22', NULL),
(4, 1, '2.1.4', 'ສ້ອມແປງພາຫານະ', NULL, 1, 12.00, 4, 1, '2026-06-05 00:00:00', '2026-06-11 08:21:22', NULL),
(5, 1, '2.1.5', 'ຊື້ເຄື່ອງຈັກ, ວັດຖຸອຸປະກອນ', NULL, 1, 12.00, 5, 1, '2026-06-05 00:00:00', '2026-06-11 08:21:22', NULL),
(6, 1, '2.1.6', 'ຄ່າປະກັນໄພພາຫະນະ', NULL, 1, 12.00, 6, 1, '2026-06-05 00:00:00', '2026-06-11 08:21:22', NULL),
(7, 1, '2.1.7', 'ລາຍຈ່າຍໄປວຽກທາງການ', NULL, 1, 12.00, 7, 1, '2026-06-05 00:00:00', '2026-06-11 08:21:22', NULL),
(8, 1, '2.1.8', 'ປົກປັກຮັກສາ ແລະ ອານາໄມອາຄານ, ສະຖານທີ່', NULL, 1, 12.00, 8, 1, '2026-06-05 00:00:00', '2026-06-11 08:21:22', NULL),
(9, 1, '2.1.9', 'ວຽກງານກິດຈະກຳນັກສຶກສາ', NULL, 1, 12.00, 9, 1, '2026-06-05 00:00:00', '2026-06-11 08:21:22', NULL),
(10, 1, '2.1.10', 'ລາຍຈ່າຍກອງປະຊຸມ, ສຳມະນາ ແລະ ຝຶກອົບຮົມ', NULL, 1, 12.00, 10, 1, '2026-06-05 00:00:00', '2026-06-11 08:21:22', NULL),
(11, 1, '2.1.11', 'ລາຍຈ່າຍບໍຂລິຫານປົກກະຕິອື່ນໆ', NULL, 1, 12.00, 14, 1, '2026-06-05 00:00:00', '2026-06-11 08:21:22', NULL),
(12, 2, '2.2.1', 'ຊື້ວັດຖຸ, ອຸປະກອນການຮຽນ ແລະ ການສິດສອນ', NULL, 3, 12.00, 1, 1, '2026-06-05 00:00:00', '2026-06-11 08:21:22', NULL),
(13, 2, '2.2.2', 'ປັບປຸງແລະພັດທະນາການສຶກສາ(ປັບປຸງຫຼັກສູດ, ພິມປື້ມ)', NULL, 2, 12.00, 2, 1, '2026-06-05 00:00:00', '2026-06-11 08:21:22', NULL),
(14, 2, '2.2.3', 'ບຳລຸງຫ້ອງທົດລອງ', NULL, 2, 12.00, 5, 1, '2026-06-05 00:00:00', '2026-06-11 08:21:22', NULL),
(15, 2, '2.2.4', 'ຊື້ອຸປະກອນທົດລອງ', NULL, 2, 12.00, 6, 1, '2026-06-05 00:00:00', '2026-06-11 08:21:22', NULL),
(16, 2, '2.2.5', 'ລາຍຈ່າຍກອງປະຊຸມວິຊາການ', NULL, 2, 12.00, 7, 1, '2026-06-05 00:00:00', '2026-06-11 08:21:22', NULL),
(17, 2, '2.2.6', 'ບຳລຸງຫ້ອງອ່ານ', NULL, 2, 12.00, 8, 1, '2026-06-05 00:00:00', '2026-06-11 08:21:22', NULL),
(18, 2, '2.2.7', 'ການຍົກລະດັບໄລຍະຍາວ', NULL, 2, 12.00, 9, 1, '2026-06-05 00:00:00', '2026-06-11 08:21:23', NULL),
(19, 2, '2.2.8', 'ລາຍຈ່າຍຕິດຕາມການປະຕິບັດຫຼັກສູດ', NULL, 2, 12.00, 10, 1, '2026-06-05 00:00:00', '2026-06-11 08:21:23', NULL),
(20, 3, '2.3.1', 'ບໍລິຫານວິຊາການ', NULL, 2, 12.00, 1, 1, '2026-06-05 00:00:00', '2026-06-11 08:21:23', NULL),
(21, 3, '2.3.2', 'ບູລະນະ ແລະ ປົກປັກຮັກສາວັດທະນະທຳ', NULL, 2, 12.00, 2, 1, '2026-06-05 00:00:00', '2026-06-11 08:21:23', NULL),
(22, 3, '2.3.3', 'ໄປທັດສະນະສຶກສາ', NULL, 2, 12.00, 3, 1, '2026-06-05 00:00:00', '2026-06-11 08:21:23', NULL),
(23, 4, '2.4.1', 'ອຸດໜູນຄ່າບັດໂທລະສັບປະຈຳຕຳແໜ່ງ', NULL, 1, 12.00, 1, 1, '2026-06-05 00:00:00', '2026-06-11 08:21:23', NULL),
(24, 4, '2.4.2', 'ອຸດໜູນຄ່ານ້ຳມັນປະຈຳຕຳແໜ່ງ', NULL, 1, 12.00, 2, 1, '2026-06-05 00:00:00', '2026-06-11 08:21:23', NULL),
(25, 4, '2.4.3', 'ເງິນເດືອນສັນຍາຈ້າງ ແລະ ຄ່າແຮງງານ', NULL, 1, 12.00, 3, 1, '2026-06-05 00:00:00', '2026-06-11 08:21:23', NULL),
(26, 4, '2.4.4', 'ອຸດໜູນການເຮັດວຽກເພີ່ມ', NULL, 1, 12.00, 4, 1, '2026-06-05 00:00:00', '2026-06-11 08:21:23', NULL),
(27, 4, '2.4.5', 'ອຸດໜູນຄ່າຄອງຊີບ', NULL, 1, 12.00, 5, 1, '2026-06-05 00:00:00', '2026-06-11 08:21:23', NULL),
(28, 5, '2.5.1', 'ຄ່າສອນລະບົບພິເສດ', NULL, 4, 12.00, 1, 1, '2026-06-05 00:00:00', '2026-06-11 08:21:23', NULL),
(29, 5, '2.5.2', 'ຄ່າບໍລິການສອບເສັງ', NULL, 4, 12.00, 2, 1, '2026-06-05 00:00:00', '2026-06-11 08:21:23', NULL),
(30, 5, '2.5.3', 'ບົດໂຄງການຈົບຊັ້ນ', NULL, 4, 12.00, 3, 1, '2026-06-05 00:00:00', '2026-06-11 08:21:23', NULL),
(31, 5, '2.5.4', 'ອຸດໜູນການລົງທະບຽນ', NULL, 4, 12.00, 4, 1, '2026-06-05 00:00:00', '2026-06-11 08:21:23', NULL),
(63, 13, '2.1.1', 'ບໍລິຫານສັງລວມ', NULL, 1, 12.00, 1, 1, '2026-06-08 06:13:56', '2026-06-11 08:21:21', NULL),
(64, 13, '2.1.2', 'ບຳລຸງຮັກສາ, ສ້ອມແປງ ແລະ ຕິດຕັ້ງ', NULL, 1, 12.00, 2, 1, '2026-06-08 06:13:56', '2026-06-11 08:21:21', NULL),
(65, 13, '2.1.3', 'ສ້ອມແປງ ແລະ ປັບປຸງອາຄານຫ້ອງຮຽນ', NULL, 1, 12.00, 3, 1, '2026-06-08 06:13:56', '2026-06-11 08:21:22', NULL),
(66, 13, '2.1.4', 'ສ້ອມແປງພາຫານະ', NULL, 3, 12.00, 4, 1, '2026-06-08 06:13:56', '2026-06-11 08:21:22', NULL),
(67, 13, '2.1.5', 'ຊື້ເຄື່ອງຈັກ, ວັດຖຸອຸປະກອນ', NULL, 1, 12.00, 5, 1, '2026-06-08 06:13:57', '2026-06-11 08:21:22', NULL),
(68, 13, '2.1.6', 'ຄ່າປະກັນໄພພາຫະນະ', NULL, 1, 12.00, 6, 1, '2026-06-08 06:13:57', '2026-06-11 08:21:22', NULL),
(69, 13, '2.1.7', 'ລາຍຈ່າຍໄປວຽກທາງການ', NULL, 1, 12.00, 7, 1, '2026-06-08 06:13:57', '2026-06-11 08:21:22', NULL),
(70, 13, '2.1.8', 'ປົກປັກຮັກສາ ແລະ ອານາໄມອາຄານ, ສະຖານທີ່', NULL, 1, 12.00, 8, 1, '2026-06-08 06:13:57', '2026-06-11 08:21:22', NULL),
(71, 13, '2.1.9', 'ວຽກງານກິດຈະກຳນັກສຶກສາ', NULL, 1, 12.00, 9, 1, '2026-06-08 06:13:57', '2026-06-11 08:21:22', NULL),
(72, 13, '2.1.10', 'ລາຍຈ່າຍກອງປະຊຸມ, ສຳມະນາ ແລະ ຝຶກອົບຮົມ', NULL, 1, 12.00, 10, 1, '2026-06-08 06:13:57', '2026-06-11 08:21:22', NULL),
(74, 14, '2.2.1', 'ຊື້ວັດຖຸ, ອຸປະກອນການຮຽນ ແລະ ການສິດສອນ', NULL, 3, 12.00, 1, 1, '2026-06-08 06:13:57', '2026-06-11 08:21:22', NULL),
(75, 14, '2.2.2', 'ປັບປຸງແລະພັດທະນາການສຶກສາ(ປັບປຸງຫຼັກສູດ, ພິມປື້ມ)', NULL, 2, 12.00, 2, 1, '2026-06-08 06:13:57', '2026-06-11 08:21:22', NULL),
(76, 14, '2.2.3', 'ບຳລຸງຫ້ອງທົດລອງ', NULL, 2, 12.00, 5, 1, '2026-06-08 06:13:57', '2026-06-11 08:21:22', NULL),
(77, 14, '2.2.4', 'ຊື້ອຸປະກອນທົດລອງ', NULL, 2, 12.00, 6, 1, '2026-06-08 06:13:57', '2026-06-11 08:21:22', NULL),
(78, 14, '2.2.5', 'ລາຍຈ່າຍກອງປະຊຸມວິຊາການ', NULL, 2, 12.00, 7, 1, '2026-06-08 06:13:57', '2026-06-11 08:21:22', NULL),
(79, 14, '2.2.6', 'ບຳລຸງຫ້ອງອ່ານ', NULL, 2, 12.00, 8, 1, '2026-06-08 06:13:57', '2026-06-11 08:21:22', NULL),
(80, 14, '2.2.7', 'ການຍົກລະດັບໄລຍະຍາວ', NULL, 2, 12.00, 9, 1, '2026-06-08 06:13:57', '2026-06-11 08:21:23', NULL),
(81, 14, '2.2.8', 'ລາຍຈ່າຍຕິດຕາມການປະຕິບັດຫຼັກສູດ', NULL, 2, 12.00, 10, 1, '2026-06-08 06:13:57', '2026-06-11 08:21:23', NULL),
(82, 15, '2.3.1', 'ບໍລິຫານວິຊາການ', NULL, 2, 12.00, 1, 1, '2026-06-08 06:13:57', '2026-06-11 08:21:23', NULL),
(83, 15, '2.3.2', 'ບູລະນະ ແລະ ປົກປັກຮັກສາວັດທະນະທຳ', NULL, 2, 12.00, 2, 1, '2026-06-08 06:13:58', '2026-06-11 08:21:23', NULL),
(84, 15, '2.3.3', 'ໄປທັດສະນະສຶກສາ', NULL, 2, 12.00, 3, 1, '2026-06-08 06:13:58', '2026-06-11 08:21:23', NULL),
(85, 16, '2.4.1', 'ອຸດໜູນຄ່າບັດໂທລະສັບປະຈຳຕຳແໜ່ງ', NULL, 1, 12.00, 1, 1, '2026-06-08 06:13:58', '2026-06-11 08:21:23', NULL),
(86, 16, '2.4.2', 'ອຸດໜູນຄ່ານ້ຳມັນປະຈຳຕຳແໜ່ງ', NULL, 1, 12.00, 2, 1, '2026-06-08 06:13:58', '2026-06-11 08:21:23', NULL),
(87, 16, '2.4.3', 'ເງິນເດືອນສັນຍາຈ້າງ ແລະ ຄ່າແຮງງານ', NULL, 1, 12.00, 3, 1, '2026-06-08 06:13:58', '2026-06-11 08:21:23', NULL),
(88, 16, '2.4.4', 'ອຸດໜູນການເຮັດວຽກເພີ່ມ', NULL, 1, 12.00, 4, 1, '2026-06-08 06:13:58', '2026-06-11 08:21:23', NULL),
(89, 16, '2.4.5', 'ອຸດໜູນຄ່າຄອງຊີບ', NULL, 1, 12.00, 5, 1, '2026-06-08 06:13:58', '2026-06-11 08:21:23', NULL),
(90, 17, '2.5.1', 'ຄ່າສອນລະບົບພິເສດ', NULL, 4, 12.00, 1, 1, '2026-06-08 06:13:58', '2026-06-11 08:21:23', NULL),
(91, 17, '2.5.2', 'ຄ່າບໍລິການສອບເສັງ', NULL, 4, 12.00, 2, 1, '2026-06-08 06:13:58', '2026-06-11 08:21:23', NULL),
(92, 17, '2.5.3', 'ບົດໂຄງການຈົບຊັ້ນ', NULL, 4, 12.00, 3, 1, '2026-06-08 06:13:58', '2026-06-11 08:21:23', NULL),
(93, 17, '2.5.4', 'ອຸດໜູນການລົງທະບຽນ', NULL, 4, 12.00, 4, 1, '2026-06-08 06:13:58', '2026-06-11 08:21:23', NULL),
(94, 6, '2.6.1', 'ບໍລິຈາກເລືອດໃຫ້ອົງການກາແດງລາວ', NULL, 5, 12.00, 1, 1, '2026-06-08 06:30:53', '2026-06-11 08:21:46', NULL),
(96, 1, '2.1.10.1', 'ລາຍຈ່າຍກອງປະຊຸມ', NULL, 5, 12.00, 11, 1, '2026-06-08 09:44:24', '2026-06-11 04:22:19', 10),
(97, 1, '2.1.10.2', 'ລາຍຈ່າຍສຳມະນາ', NULL, 5, 12.00, 12, 1, '2026-06-08 09:44:25', '2026-06-11 04:22:19', 10),
(98, 1, '2.1.10.3', 'ລາຍຈ່າຍຝຶກອົບຮົມ', NULL, 5, 12.00, 13, 1, '2026-06-08 09:44:25', '2026-06-11 04:22:19', 10),
(99, 2, '2.2.2.1', 'ງົບປະມານໃນການສ້າງຕຳລາຮຽນ (ພິມປື້ມ)', NULL, 2, 12.00, 3, 1, '2026-06-08 09:44:25', '2026-06-08 09:44:25', 13),
(100, 2, '2.2.2.2', 'ງົບປະມານໃນການພັດທະນາ ແລະ ປັບປຸງຫຼັກສູດ', NULL, 2, 12.00, 4, 1, '2026-06-08 09:44:25', '2026-06-08 09:44:25', 13),
(101, 6, '2.6.2', 'ເຄື່ອນໄຫວກິລາ ແລະ ສິນລະປະ', NULL, 5, 12.00, 2, 1, '2026-06-08 09:44:28', '2026-06-11 08:21:46', NULL),
(102, 6, '2.6.3', 'ອອກແຮງງານລວມ', NULL, 5, 12.00, 3, 1, '2026-06-08 09:44:28', '2026-06-11 08:21:46', NULL),
(103, 6, '2.6.4', 'ຈັດການແຂ່ງຂັນຖາມ-ຕອບວິທະຍາສາດ', NULL, 5, 12.00, 4, 1, '2026-06-08 09:44:28', '2026-06-11 08:21:46', NULL),
(104, 13, '2.1.10.1', 'ລາຍຈ່າຍກອງປະຊຸມ', NULL, 5, 12.00, 11, 1, '2026-06-08 09:44:29', '2026-06-11 04:22:19', 72),
(105, 13, '2.1.10.2', 'ລາຍຈ່າຍສຳມະນາ', NULL, 5, 12.00, 12, 1, '2026-06-08 09:44:29', '2026-06-11 04:22:19', 72),
(106, 13, '2.1.10.3', 'ລາຍຈ່າຍຝຶກອົບຮົມ', NULL, 5, 12.00, 13, 1, '2026-06-08 09:44:29', '2026-06-11 04:22:19', 72),
(107, 14, '2.2.2.1', 'ງົບປະມານໃນການສ້າງຕຳລາຮຽນ (ພິມປື້ມ)', NULL, 2, 12.00, 3, 1, '2026-06-08 09:44:30', '2026-06-08 09:44:30', 75),
(108, 14, '2.2.2.2', 'ງົບປະມານໃນການພັດທະນາ ແລະ ປັບປຸງຫຼັກສູດ', NULL, 2, 12.00, 4, 1, '2026-06-08 09:44:30', '2026-06-08 09:44:30', 75),
(109, 18, '2.6.1', 'ບໍລິຈາກເລືອດໃຫ້ອົງການກາແດງລາວ', NULL, 5, 12.00, 1, 1, '2026-06-08 09:44:33', '2026-06-11 08:21:46', NULL),
(110, 18, '2.6.2', 'ເຄື່ອນໄຫວກິລາ ແລະ ສິນລະປະ', NULL, 5, 12.00, 2, 1, '2026-06-08 09:44:33', '2026-06-11 08:21:46', NULL),
(111, 18, '2.6.3', 'ອອກແຮງງານລວມ', NULL, 5, 12.00, 3, 1, '2026-06-08 09:44:33', '2026-06-11 08:21:46', NULL),
(112, 18, '2.6.4', 'ຈັດການແຂ່ງຂັນຖາມ-ຕອບວິທະຍາສາດ', NULL, 5, 12.00, 4, 1, '2026-06-08 09:44:33', '2026-06-11 08:21:46', NULL),
(113, 19, '2.1.1', 'ບໍລິຫານສັງລວມ', NULL, 1, 12.00, 1, 1, '2026-06-11 07:45:19', '2026-06-11 08:21:21', NULL),
(114, 19, '2.1.2', 'ບຳລຸງຮັກສາ, ສ້ອມແປງ ແລະ ຕິດຕັ້ງ', NULL, 1, 12.00, 2, 1, '2026-06-11 07:45:19', '2026-06-11 08:21:21', NULL),
(115, 19, '2.1.3', 'ສ້ອມແປງ ແລະ ປັບປຸງອາຄານຫ້ອງຮຽນ', NULL, 1, 12.00, 3, 1, '2026-06-11 07:45:19', '2026-06-11 08:21:22', NULL),
(116, 19, '2.1.4', 'ສ້ອມແປງພາຫານະ', NULL, 3, 12.00, 4, 1, '2026-06-11 07:45:19', '2026-06-11 08:21:22', NULL),
(117, 19, '2.1.5', 'ຊື້ເຄື່ອງຈັກ, ວັດຖຸອຸປະກອນ', NULL, 1, 12.00, 5, 1, '2026-06-11 07:45:19', '2026-06-11 08:21:22', NULL),
(118, 19, '2.1.6', 'ຄ່າປະກັນໄພພາຫະນະ', NULL, 1, 12.00, 6, 1, '2026-06-11 07:45:19', '2026-06-11 08:21:22', NULL),
(119, 19, '2.1.7', 'ລາຍຈ່າຍໄປວຽກທາງການ', NULL, 1, 12.00, 7, 1, '2026-06-11 07:45:19', '2026-06-11 08:21:22', NULL),
(120, 19, '2.1.8', 'ປົກປັກຮັກສາ ແລະ ອານາໄມອາຄານ, ສະຖານທີ່', NULL, 1, 12.00, 8, 1, '2026-06-11 07:45:19', '2026-06-11 08:21:22', NULL),
(121, 19, '2.1.9', 'ວຽກງານກິດຈະກຳນັກສຶກສາ', NULL, 1, 1.00, 9, 1, '2026-06-11 07:45:19', '2026-06-11 09:58:15', NULL),
(122, 19, '2.1.10', 'ລາຍຈ່າຍກອງປະຊຸມ, ສຳມະນາ ແລະ ຝຶກອົບຮົມ', NULL, 1, 12.00, 10, 1, '2026-06-11 07:45:19', '2026-06-11 08:21:22', NULL),
(123, 19, '2.1.10.1', 'ລາຍຈ່າຍກອງປະຊຸມ', NULL, 5, 12.00, 11, 1, '2026-06-11 07:45:19', '2026-06-11 07:45:21', 122),
(124, 19, '2.1.10.2', 'ລາຍຈ່າຍສຳມະນາ', NULL, 5, 12.00, 12, 1, '2026-06-11 07:45:19', '2026-06-11 07:45:21', 122),
(125, 19, '2.1.10.3', 'ລາຍຈ່າຍຝຶກອົບຮົມ', NULL, 5, 12.00, 13, 1, '2026-06-11 07:45:19', '2026-06-11 07:45:21', 122),
(126, 20, '2.2.1', 'ຊື້ວັດຖຸ, ອຸປະກອນການຮຽນ ແລະ ການສິດສອນ', NULL, 3, 12.00, 1, 1, '2026-06-11 07:45:19', '2026-06-11 08:21:22', NULL),
(127, 20, '2.2.2', 'ປັບປຸງແລະພັດທະນາການສຶກສາ(ປັບປຸງຫຼັກສູດ, ພິມປື້ມ)', NULL, 2, 12.00, 2, 1, '2026-06-11 07:45:19', '2026-06-11 08:21:22', NULL),
(128, 20, '2.2.2.1', 'ງົບປະມານໃນການສ້າງຕຳລາຮຽນ (ພິມປື້ມ)', NULL, 2, 12.00, 3, 1, '2026-06-11 07:45:19', '2026-06-11 07:45:21', 127),
(129, 20, '2.2.2.2', 'ງົບປະມານໃນການພັດທະນາ ແລະ ປັບປຸງຫຼັກສູດ', NULL, 2, 12.00, 4, 1, '2026-06-11 07:45:19', '2026-06-11 07:45:21', 127),
(130, 20, '2.2.3', 'ບຳລຸງຫ້ອງທົດລອງ', NULL, 2, 12.00, 5, 1, '2026-06-11 07:45:20', '2026-06-11 08:21:22', NULL),
(131, 20, '2.2.4', 'ຊື້ອຸປະກອນທົດລອງ', NULL, 2, 12.00, 6, 1, '2026-06-11 07:45:20', '2026-06-11 08:21:22', NULL),
(132, 20, '2.2.5', 'ລາຍຈ່າຍກອງປະຊຸມວິຊາການ', NULL, 2, 12.00, 7, 1, '2026-06-11 07:45:20', '2026-06-11 08:21:22', NULL),
(133, 20, '2.2.6', 'ບຳລຸງຫ້ອງອ່ານ', NULL, 2, 12.00, 8, 1, '2026-06-11 07:45:20', '2026-06-11 08:21:22', NULL),
(134, 20, '2.2.7', 'ການຍົກລະດັບໄລຍະຍາວ', NULL, 2, 12.00, 9, 1, '2026-06-11 07:45:20', '2026-06-11 08:21:23', NULL),
(135, 20, '2.2.8', 'ລາຍຈ່າຍຕິດຕາມການປະຕິບັດຫຼັກສູດ', NULL, 2, 12.00, 10, 1, '2026-06-11 07:45:20', '2026-06-11 08:21:23', NULL),
(136, 21, '2.3.1', 'ບໍລິຫານວິຊາການ', NULL, 2, 12.00, 1, 1, '2026-06-11 07:45:20', '2026-06-11 08:21:23', NULL),
(137, 21, '2.3.2', 'ບູລະນະ ແລະ ປົກປັກຮັກສາວັດທະນະທຳ', NULL, 2, 12.00, 2, 1, '2026-06-11 07:45:20', '2026-06-11 08:21:23', NULL),
(138, 21, '2.3.3', 'ໄປທັດສະນະສຶກສາ', NULL, 2, 12.00, 3, 1, '2026-06-11 07:45:20', '2026-06-11 08:21:23', NULL),
(139, 22, '2.4.1', 'ອຸດໜູນຄ່າບັດໂທລະສັບປະຈຳຕຳແໜ່ງ', NULL, 1, 12.00, 1, 1, '2026-06-11 07:45:20', '2026-06-11 08:21:23', NULL),
(140, 22, '2.4.2', 'ອຸດໜູນຄ່ານ້ຳມັນປະຈຳຕຳແໜ່ງ', NULL, 1, 12.00, 2, 1, '2026-06-11 07:45:20', '2026-06-11 08:21:23', NULL),
(141, 22, '2.4.3', 'ເງິນເດືອນສັນຍາຈ້າງ ແລະ ຄ່າແຮງງານ', NULL, 1, 12.00, 3, 1, '2026-06-11 07:45:20', '2026-06-11 08:21:23', NULL),
(142, 22, '2.4.4', 'ອຸດໜູນການເຮັດວຽກເພີ່ມ', NULL, 1, 12.00, 4, 1, '2026-06-11 07:45:20', '2026-06-11 08:21:23', NULL),
(143, 22, '2.4.5', 'ອຸດໜູນຄ່າຄອງຊີບ', NULL, 1, 12.00, 5, 1, '2026-06-11 07:45:20', '2026-06-11 08:21:23', NULL),
(144, 23, '2.5.1', 'ຄ່າສອນລະບົບພິເສດ', NULL, 4, 12.00, 1, 1, '2026-06-11 07:45:20', '2026-06-11 08:21:23', NULL),
(145, 23, '2.5.2', 'ຄ່າບໍລິການສອບເສັງ', NULL, 4, 12.00, 2, 1, '2026-06-11 07:45:20', '2026-06-11 08:21:23', NULL),
(146, 23, '2.5.3', 'ບົດໂຄງການຈົບຊັ້ນ', NULL, 4, 12.00, 3, 1, '2026-06-11 07:45:21', '2026-06-11 08:21:23', NULL),
(147, 23, '2.5.4', 'ອຸດໜູນການລົງທະບຽນ', NULL, 4, 12.00, 4, 1, '2026-06-11 07:45:21', '2026-06-11 08:21:23', NULL),
(148, 24, '2.6.1', 'ບໍລິຈາກເລືອດໃຫ້ອົງການກາແດງລາວ', NULL, 5, 12.00, 1, 1, '2026-06-11 07:45:21', '2026-06-11 08:21:46', NULL),
(149, 24, '2.6.2', 'ເຄື່ອນໄຫວກິລາ ແລະ ສິນລະປະ', NULL, 5, 12.00, 2, 1, '2026-06-11 07:45:21', '2026-06-11 08:21:46', NULL),
(150, 24, '2.6.3', 'ອອກແຮງງານລວມ', NULL, 5, 12.00, 3, 1, '2026-06-11 07:45:21', '2026-06-11 08:21:46', NULL),
(151, 24, '2.6.4', 'ຈັດການແຂ່ງຂັນຖາມ-ຕອບວິທະຍາສາດ', NULL, 5, 12.00, 4, 1, '2026-06-11 07:45:21', '2026-06-11 08:21:46', NULL),
(152, 13, '2.1.11', 'ລາຍຈ່າຍບໍຂລິຫານປົກກະຕິອື່ນໆ', NULL, 1, 12.00, 11, 1, '2026-06-11 08:23:21', '2026-06-11 08:23:21', NULL),
(153, 19, '2.1.11', 'ລາຍຈ່າຍບໍຂລິຫານປົກກະຕິອື່ນໆ', NULL, 1, 12.00, 11, 1, '2026-06-11 08:23:21', '2026-06-11 08:23:21', NULL);

-- --------------------------------------------------------

--
-- Table structure for table `expense_subsection_default_rows`
--

CREATE TABLE `expense_subsection_default_rows` (
  `id` bigint UNSIGNED NOT NULL,
  `subsection_code` varchar(30) COLLATE utf8mb4_unicode_ci NOT NULL,
  `item_name` varchar(255) COLLATE utf8mb4_unicode_ci NOT NULL,
  `reference` varchar(80) COLLATE utf8mb4_unicode_ci DEFAULT NULL,
  `chart_of_account_id` int UNSIGNED DEFAULT NULL,
  `note` text COLLATE utf8mb4_unicode_ci,
  `sort_order` int UNSIGNED NOT NULL DEFAULT '1',
  `default_values` json DEFAULT NULL,
  `is_active` tinyint(1) NOT NULL DEFAULT '1',
  `created_at` timestamp NULL DEFAULT NULL,
  `updated_at` timestamp NULL DEFAULT NULL
) ENGINE=InnoDB DEFAULT CHARSET=utf8mb4 COLLATE=utf8mb4_unicode_ci;

--
-- Dumping data for table `expense_subsection_default_rows`
--

INSERT INTO `expense_subsection_default_rows` (`id`, `subsection_code`, `item_name`, `reference`, `chart_of_account_id`, `note`, `sort_order`, `default_values`, `is_active`, `created_at`, `updated_at`) VALUES
(1, '2.1.1', 'ເຄື່ອງໃຊ້ຫ້ອງການ', NULL, NULL, NULL, 1, '{\"month_count\": 1, \"yearly_total\": 0, \"amount_per_month\": 0}', 1, '2026-06-08 09:35:55', '2026-06-11 11:47:32'),
(2, '2.1.1', 'ແບບພິມ', NULL, NULL, NULL, 2, '{\"month_count\": 1, \"yearly_total\": 0, \"amount_per_month\": 0}', 1, '2026-06-08 09:35:55', '2026-06-08 09:35:55'),
(3, '2.1.1', 'ວາລະສານ ແລະ ໜັງສືພິມ', NULL, NULL, NULL, 3, '{\"month_count\": 1, \"yearly_total\": 0, \"amount_per_month\": 0}', 1, '2026-06-08 09:35:55', '2026-06-08 09:35:55'),
(4, '2.1.1', 'ຮັບແຂກ', NULL, NULL, NULL, 4, '{\"month_count\": 1, \"yearly_total\": 0, \"amount_per_month\": 0}', 1, '2026-06-08 09:35:55', '2026-06-08 09:35:55'),
(5, '2.1.1', 'ໂທລະສັບບໍລິຫານ', NULL, NULL, NULL, 5, '{\"month_count\": 1, \"yearly_total\": 0, \"amount_per_month\": 0}', 1, '2026-06-08 09:35:55', '2026-06-08 09:35:55'),
(6, '2.1.1', 'ຄ່າໄປສະນີ', NULL, NULL, NULL, 6, '{\"month_count\": 1, \"yearly_total\": 0, \"amount_per_month\": 0}', 1, '2026-06-08 09:35:55', '2026-06-08 09:35:55'),
(7, '2.1.1', 'ຄ່າບໍລິການທະນາຄານ', NULL, NULL, NULL, 7, '{\"month_count\": 1, \"yearly_total\": 0, \"amount_per_month\": 0}', 1, '2026-06-08 09:35:56', '2026-06-08 09:35:56'),
(8, '2.1.1', 'ຊື້ຂອງຂັວນຂອງຕ້ອນ', NULL, NULL, NULL, 8, '{\"month_count\": 1, \"yearly_total\": 0, \"amount_per_month\": 0}', 1, '2026-06-08 09:35:56', '2026-06-08 09:35:56'),
(9, '2.1.1', 'ວັນບຸນລະດັບຊາດ', NULL, NULL, NULL, 9, '{\"month_count\": 1, \"yearly_total\": 0, \"amount_per_month\": 0}', 1, '2026-06-08 09:35:56', '2026-06-08 09:35:56'),
(10, '2.1.1', 'ອຸດໜູນວຽກປ້ອງກັນ', NULL, NULL, 'ຂື້ນຢູ່ງົບລັດ', 10, '{\"note\": \"ຂື້ນຢູ່ງົບລັດ\", \"month_count\": 1, \"yearly_total\": 0, \"amount_per_month\": 0}', 1, '2026-06-08 09:35:56', '2026-06-08 09:35:56'),
(11, '2.1.1', 'ຄ່ານ້ຳມັນບໍລິຫານຫ້ອງການ', NULL, NULL, 'ຂື້ນຢູ່ງົບລັດ', 11, '{\"note\": \"ຂື້ນຢູ່ງົບລັດ\", \"month_count\": 1, \"yearly_total\": 0, \"amount_per_month\": 0}', 1, '2026-06-08 09:35:56', '2026-06-08 09:35:56'),
(12, '2.1.1', 'ຄ່ານ້ຳມັນເຄື່ອງ', NULL, NULL, 'ຂື້ນຢູ່ງົບລັດ', 12, '{\"note\": \"ຂື້ນຢູ່ງົບລັດ\", \"month_count\": 1, \"yearly_total\": 0, \"amount_per_month\": 0}', 1, '2026-06-08 09:35:56', '2026-06-08 09:35:56'),
(13, '2.1.2', 'ບຳລຸງຮັກສາຄອມພີວເຕີ', NULL, NULL, NULL, 1, '{\"month_count\": 1, \"yearly_total\": 0, \"amount_per_month\": 0}', 1, '2026-06-08 09:35:56', '2026-06-08 09:35:56'),
(14, '2.1.2', 'ບຳລຸງຮັກສາເຄື່ອງສາຍໂປຣເຈັກເຕີ', NULL, NULL, NULL, 2, '{\"month_count\": 1, \"yearly_total\": 0, \"amount_per_month\": 0}', 1, '2026-06-08 09:35:56', '2026-06-08 09:35:56'),
(15, '2.1.2', 'ບຳລຸງຮັກສາແອເຢັນ', NULL, NULL, NULL, 3, '{\"month_count\": 1, \"yearly_total\": 0, \"amount_per_month\": 0}', 1, '2026-06-08 09:35:56', '2026-06-08 09:35:56'),
(16, '2.1.2', 'ບຳລຸງຮັກສາຕູ້ເຢັນ + ຕູ້ນ້ຳເຢັນ', NULL, NULL, NULL, 4, '{\"month_count\": 1, \"yearly_total\": 0, \"amount_per_month\": 0}', 1, '2026-06-08 09:35:56', '2026-06-08 09:35:56'),
(17, '2.1.2', 'ບຳລຸງຮັກສາພັດລົມ', NULL, NULL, NULL, 5, '{\"month_count\": 1, \"yearly_total\": 0, \"amount_per_month\": 0}', 1, '2026-06-08 09:35:56', '2026-06-08 09:35:56'),
(18, '2.1.2', 'ບຳລຸງຮັກສາດອກໄຟ', NULL, NULL, NULL, 6, '{\"month_count\": 1, \"yearly_total\": 0, \"amount_per_month\": 0}', 1, '2026-06-08 09:35:56', '2026-06-08 09:35:56'),
(19, '2.1.2', 'ບຳລຸງຮັກສາເຄື່ອງພິມ', NULL, NULL, NULL, 7, '{\"month_count\": 1, \"yearly_total\": 0, \"amount_per_month\": 0}', 1, '2026-06-08 09:35:56', '2026-06-08 09:35:56'),
(20, '2.1.2', 'ບຳລຸງຮັກສາຈັກອັດສຳເນົາ', NULL, NULL, NULL, 8, '{\"month_count\": 1, \"yearly_total\": 0, \"amount_per_month\": 0}', 1, '2026-06-08 09:35:56', '2026-06-08 09:35:56'),
(21, '2.1.2', 'ບຳລຸງຮັກສາໂທລະສັບ', NULL, NULL, NULL, 9, '{\"month_count\": 1, \"yearly_total\": 0, \"amount_per_month\": 0}', 1, '2026-06-08 09:35:56', '2026-06-08 09:35:56'),
(22, '2.1.2', 'ບຳລຸງຮັກສາກ້ອງຖ່າຍຮູບ', NULL, NULL, NULL, 10, '{\"month_count\": 1, \"yearly_total\": 0, \"amount_per_month\": 0}', 1, '2026-06-08 09:35:56', '2026-06-08 09:35:56'),
(23, '2.1.2', 'ບຳລຸງຮັກສາໂທລະທັດ', NULL, NULL, NULL, 11, '{\"month_count\": 1, \"yearly_total\": 0, \"amount_per_month\": 0}', 1, '2026-06-08 09:35:56', '2026-06-08 09:35:56'),
(24, '2.1.2', 'ຈັກປ້ຳນ້ຳອັດຕະໂນມັດ', NULL, NULL, NULL, 12, '{\"month_count\": 1, \"yearly_total\": 0, \"amount_per_month\": 0}', 1, '2026-06-08 09:35:56', '2026-06-08 09:35:56'),
(25, '2.1.2', 'ຈັກຕັດຫຍ້າ', NULL, NULL, NULL, 13, '{\"month_count\": 1, \"yearly_total\": 0, \"amount_per_month\": 0}', 1, '2026-06-08 09:35:56', '2026-06-08 09:35:56'),
(26, '2.1.3', 'ສ້ອມແປງອາຄານສໍານັກງານຕ່າງໆ', NULL, NULL, NULL, 1, '{\"month_count\": 1, \"yearly_total\": 0, \"amount_per_month\": 0}', 1, '2026-06-08 09:35:57', '2026-06-08 09:35:57'),
(27, '2.1.3', 'ປັບປຸງອາຄານຫ້ອງຮຽນ-ຫ້ອງທົດລອງ', NULL, NULL, NULL, 2, '{\"month_count\": 1, \"yearly_total\": 0, \"amount_per_month\": 0}', 1, '2026-06-08 09:35:57', '2026-06-08 09:35:57'),
(28, '2.1.4', 'ລົດຕູ້', NULL, NULL, NULL, 1, '{\"month_count\": 1, \"yearly_total\": 0, \"amount_per_month\": 0}', 1, '2026-06-08 09:35:57', '2026-06-08 09:35:57'),
(29, '2.1.4', 'ລົດຈັກ', NULL, NULL, NULL, 2, '{\"month_count\": 1, \"yearly_total\": 0, \"amount_per_month\": 0}', 1, '2026-06-08 09:35:57', '2026-06-08 09:35:57'),
(30, '2.1.5', 'ຊື້ ໂຕະ, ຕັ່ງ', NULL, NULL, NULL, 1, '{\"month_count\": 1, \"yearly_total\": 0, \"amount_per_month\": 0}', 1, '2026-06-08 09:35:57', '2026-06-08 09:35:57'),
(31, '2.1.5', 'ບຳລຸງຮັກສາ, ສ້ອມແປງ ໂຕະ, ຕັ່ງ', NULL, NULL, NULL, 2, '{\"month_count\": 1, \"yearly_total\": 0, \"amount_per_month\": 0}', 1, '2026-06-08 09:35:57', '2026-06-08 09:35:57'),
(32, '2.1.5', 'ຊື້ເຄື່ອງຈັກ ແລະ ວັດຖຸອຸປະກອນ', NULL, NULL, NULL, 3, '{\"month_count\": 1, \"yearly_total\": 0, \"amount_per_month\": 0}', 1, '2026-06-08 09:35:57', '2026-06-08 09:35:57'),
(33, '2.1.5', 'ຊື້ພາຫະນະ', NULL, NULL, NULL, 4, '{\"month_count\": 1, \"yearly_total\": 0, \"amount_per_month\": 0}', 1, '2026-06-08 09:35:57', '2026-06-08 09:35:57'),
(34, '2.1.6', 'ປະກັນໄພລົດໃຫຍ່', NULL, NULL, NULL, 1, '{\"month_count\": 1, \"yearly_total\": 0, \"amount_per_month\": 0}', 1, '2026-06-08 09:35:57', '2026-06-08 09:35:57'),
(35, '2.1.7', 'ໄປວຽກທາງການພາຍໃນປະເທດ', NULL, NULL, NULL, 1, '{\"month_count\": 1, \"yearly_total\": 0, \"amount_per_month\": 0}', 1, '2026-06-08 09:35:57', '2026-06-08 09:35:57'),
(36, '2.1.7', 'ໄປວຽກທາງການຕ່າງປະເທດ', NULL, NULL, NULL, 2, '{\"month_count\": 1, \"yearly_total\": 0, \"amount_per_month\": 0}', 1, '2026-06-08 09:35:57', '2026-06-08 09:35:57'),
(37, '2.1.8', 'ບຳລຸງຮັກສາວິທະຍາເຂດ', NULL, NULL, NULL, 1, '{\"month_count\": 1, \"yearly_total\": 0, \"amount_per_month\": 0}', 1, '2026-06-08 09:35:57', '2026-06-08 09:35:57'),
(38, '2.1.8', '- ຕັດຫຍ້າ', NULL, NULL, NULL, 2, '{\"month_count\": 1, \"yearly_total\": 0, \"amount_per_month\": 0}', 1, '2026-06-08 09:35:57', '2026-06-08 09:35:57'),
(39, '2.1.8', '- ປູກ ແລະ ບົວລະບັດສວນດອກໄມ້', NULL, NULL, NULL, 3, '{\"month_count\": 1, \"yearly_total\": 0, \"amount_per_month\": 0}', 1, '2026-06-08 09:35:57', '2026-06-08 09:35:57'),
(40, '2.1.8', '- ກ້າເບ້ຍໄມ້', NULL, NULL, NULL, 4, '{\"month_count\": 1, \"yearly_total\": 0, \"amount_per_month\": 0}', 1, '2026-06-08 09:35:57', '2026-06-08 09:35:57'),
(41, '2.1.8', '- ອານາໄມເດີ່ນ', NULL, NULL, NULL, 5, '{\"month_count\": 1, \"yearly_total\": 0, \"amount_per_month\": 0}', 1, '2026-06-08 09:35:57', '2026-06-08 09:35:57'),
(42, '2.1.8', 'ອານາໄມອາຄານ', NULL, NULL, NULL, 6, '{\"month_count\": 1, \"yearly_total\": 0, \"amount_per_month\": 0}', 1, '2026-06-08 09:35:57', '2026-06-08 09:35:57'),
(43, '2.1.8', '- ອານາໄມຫ້ອງຮຽນ', NULL, NULL, NULL, 7, '{\"month_count\": 1, \"yearly_total\": 0, \"amount_per_month\": 0}', 1, '2026-06-08 09:35:57', '2026-06-08 09:35:57'),
(44, '2.1.8', '- ອານາໄມຫ້ອງການ', NULL, NULL, NULL, 8, '{\"month_count\": 1, \"yearly_total\": 0, \"amount_per_month\": 0}', 1, '2026-06-08 09:35:57', '2026-06-08 09:35:57'),
(45, '2.1.8', '- ອານາໄມຫ້ອງທົດລອງຄອມພິວເຕີ', NULL, NULL, NULL, 9, '{\"month_count\": 1, \"yearly_total\": 0, \"amount_per_month\": 0}', 1, '2026-06-08 09:35:58', '2026-06-08 09:35:58'),
(46, '2.1.9', 'ປະຖົມນິເທດນັກສຶກສາ', NULL, NULL, NULL, 1, '{\"month_count\": 1, \"yearly_total\": 0, \"amount_per_month\": 0}', 1, '2026-06-08 09:35:58', '2026-06-08 09:35:58'),
(47, '2.1.9', 'ກວດສອບການປະຕິບັດລະບຽບວິໃນນັກສຶກສາ', NULL, NULL, NULL, 2, '{\"month_count\": 1, \"yearly_total\": 0, \"amount_per_month\": 0}', 1, '2026-06-08 09:35:58', '2026-06-08 09:35:58'),
(48, '2.1.10.1', 'ສຳນັກຄະນະບໍດີ', NULL, NULL, NULL, 1, '{\"unit_price\": 0, \"event_count\": 1, \"people_count\": 1, \"yearly_total\": 0}', 1, '2026-06-08 09:35:58', '2026-06-11 04:22:19'),
(49, '2.1.10.1', 'ພາວິຊາຄະນິດສາດ', NULL, NULL, NULL, 2, '{\"unit_price\": 0, \"event_count\": 1, \"people_count\": 1, \"yearly_total\": 0}', 1, '2026-06-08 09:35:58', '2026-06-11 04:22:19'),
(50, '2.1.10.1', 'ພາກວິຊາຟິຊິກສາດ', NULL, NULL, NULL, 3, '{\"unit_price\": 0, \"event_count\": 1, \"people_count\": 1, \"yearly_total\": 0}', 1, '2026-06-08 09:35:58', '2026-06-11 04:22:20'),
(51, '2.1.10.1', 'ພາກວິຊາເຄມີສາດ', NULL, NULL, NULL, 4, '{\"unit_price\": 0, \"event_count\": 1, \"people_count\": 1, \"yearly_total\": 0}', 1, '2026-06-08 09:35:58', '2026-06-11 04:22:20'),
(52, '2.1.10.1', 'ພາກວິຊາຊີວະວິທະຍາ', NULL, NULL, NULL, 5, '{\"unit_price\": 0, \"event_count\": 1, \"people_count\": 1, \"yearly_total\": 0}', 1, '2026-06-08 09:35:58', '2026-06-11 04:22:20'),
(53, '2.1.10.1', 'ພາກວິຊາວິທະຍາສາດຄອມພິວເຕີ', NULL, NULL, NULL, 6, '{\"unit_price\": 0, \"event_count\": 1, \"people_count\": 1, \"yearly_total\": 0}', 1, '2026-06-08 09:35:58', '2026-06-11 04:22:20'),
(54, '2.1.10.1', 'ພະແນກວິຊາການ', NULL, NULL, NULL, 7, '{\"unit_price\": 0, \"event_count\": 1, \"people_count\": 1, \"yearly_total\": 0}', 1, '2026-06-08 09:35:58', '2026-06-11 04:22:20'),
(55, '2.1.10.1', 'ພະແນກຈັດຕັ້ງສັງລວມ', NULL, NULL, NULL, 8, '{\"unit_price\": 0, \"event_count\": 1, \"people_count\": 1, \"yearly_total\": 0}', 1, '2026-06-08 09:35:58', '2026-06-11 04:22:20'),
(56, '2.1.10.1', 'ພະແນກການເງິນ-ຊັບສິນ', NULL, NULL, NULL, 9, '{\"unit_price\": 0, \"event_count\": 1, \"people_count\": 1, \"yearly_total\": 0}', 1, '2026-06-08 09:35:58', '2026-06-11 04:22:20'),
(57, '2.1.10.1', 'ພະແນກຄຸ້ມຄອງນັກສຶກສາ', NULL, NULL, NULL, 10, '{\"unit_price\": 0, \"event_count\": 1, \"people_count\": 1, \"yearly_total\": 0}', 1, '2026-06-08 09:35:58', '2026-06-11 04:22:20'),
(58, '2.1.10.1', 'ພະແນກຄົ້ນຄົ້ວ ແລະ ບໍລິການວິຊາການ', NULL, NULL, NULL, 11, '{\"unit_price\": 0, \"event_count\": 1, \"people_count\": 1, \"yearly_total\": 0}', 1, '2026-06-08 09:35:58', '2026-06-11 04:22:20'),
(59, '2.1.10.1', 'ພະແນກຫຼັງປະລິນຍາຕີ', NULL, NULL, NULL, 12, '{\"unit_price\": 0, \"event_count\": 1, \"people_count\": 1, \"yearly_total\": 0}', 1, '2026-06-08 09:35:58', '2026-06-11 04:22:20'),
(60, '2.1.10.2', 'ສຳນັກຄະນະບໍດີ', NULL, NULL, NULL, 1, '{\"unit_price\": 0, \"event_count\": 1, \"people_count\": 1, \"yearly_total\": 0}', 1, '2026-06-08 09:35:58', '2026-06-11 04:22:20'),
(61, '2.1.10.2', 'ພາວິຊາຄະນິດສາດ', NULL, NULL, 'ຂື້ນຢູ່ພາກ 63', 2, '{\"note\": \"ຂື້ນຢູ່ພາກ 63\", \"unit_price\": 0, \"event_count\": 1, \"people_count\": 1, \"yearly_total\": 0}', 1, '2026-06-08 09:35:58', '2026-06-11 04:22:20'),
(62, '2.1.10.2', 'ພາກວິຊາຟິຊິກສາດ', NULL, NULL, 'ຂື້ນຢູ່ພາກ 63', 3, '{\"note\": \"ຂື້ນຢູ່ພາກ 63\", \"unit_price\": 0, \"event_count\": 1, \"people_count\": 1, \"yearly_total\": 0}', 1, '2026-06-08 09:35:58', '2026-06-11 04:22:20'),
(63, '2.1.10.2', 'ພາກວິຊາເຄມີສາດ', NULL, NULL, 'ຂື້ນຢູ່ພາກ 63', 4, '{\"note\": \"ຂື້ນຢູ່ພາກ 63\", \"unit_price\": 0, \"event_count\": 1, \"people_count\": 1, \"yearly_total\": 0}', 1, '2026-06-08 09:35:58', '2026-06-11 04:22:20'),
(64, '2.1.10.2', 'ພາກວິຊາຊີວະວິທະຍາ', NULL, NULL, 'ຂື້ນຢູ່ພາກ 63', 5, '{\"note\": \"ຂື້ນຢູ່ພາກ 63\", \"unit_price\": 0, \"event_count\": 1, \"people_count\": 1, \"yearly_total\": 0}', 1, '2026-06-08 09:35:58', '2026-06-11 04:22:20'),
(65, '2.1.10.2', 'ພາກວິຊາວິທະຍາສາດຄອມພິວເຕີ', NULL, NULL, 'ຂື້ນຢູ່ພາກ 63', 6, '{\"note\": \"ຂື້ນຢູ່ພາກ 63\", \"unit_price\": 0, \"event_count\": 1, \"people_count\": 1, \"yearly_total\": 0}', 1, '2026-06-08 09:35:59', '2026-06-11 04:22:20'),
(66, '2.1.10.2', 'ພະແນກວິຊາການ', NULL, NULL, NULL, 7, '{\"unit_price\": 0, \"event_count\": 1, \"people_count\": 1, \"yearly_total\": 0}', 1, '2026-06-08 09:35:59', '2026-06-11 04:22:20'),
(67, '2.1.10.2', 'ພະແນກຈັດຕັ້ງສັງລວມ', NULL, NULL, NULL, 8, '{\"unit_price\": 0, \"event_count\": 1, \"people_count\": 1, \"yearly_total\": 0}', 1, '2026-06-08 09:35:59', '2026-06-11 04:22:20'),
(68, '2.1.10.2', 'ພະແນກການເງິນ-ຊັບສິນ', NULL, NULL, NULL, 9, '{\"unit_price\": 0, \"event_count\": 1, \"people_count\": 1, \"yearly_total\": 0}', 1, '2026-06-08 09:35:59', '2026-06-11 04:22:20'),
(69, '2.1.10.2', 'ພະແນກຄຸ້ມຄອງນັກສຶກສາ', NULL, NULL, NULL, 10, '{\"unit_price\": 0, \"event_count\": 1, \"people_count\": 1, \"yearly_total\": 0}', 1, '2026-06-08 09:35:59', '2026-06-11 04:22:21'),
(70, '2.1.10.2', 'ພະແນກຄົ້ນຄົ້ວ ແລະ ບໍລິການວິຊາການ', NULL, NULL, NULL, 11, '{\"unit_price\": 0, \"event_count\": 1, \"people_count\": 1, \"yearly_total\": 0}', 1, '2026-06-08 09:35:59', '2026-06-11 04:22:21'),
(71, '2.1.10.2', 'ພະແນກຫຼັງປະລິນຍາຕີ', NULL, NULL, NULL, 12, '{\"unit_price\": 0, \"event_count\": 1, \"people_count\": 1, \"yearly_total\": 0}', 1, '2026-06-08 09:35:59', '2026-06-11 04:22:21'),
(72, '2.1.10.3', 'ສຳນັກຄະນະບໍດີ', NULL, NULL, NULL, 1, '{\"unit_price\": 0, \"event_count\": 1, \"people_count\": 1, \"yearly_total\": 0}', 1, '2026-06-08 09:35:59', '2026-06-11 04:22:21'),
(73, '2.1.10.3', 'ພາວິຊາຄະນິດສາດ', NULL, NULL, 'ຂື້ນຢູ່ພາກ 63', 2, '{\"note\": \"ຂື້ນຢູ່ພາກ 63\", \"unit_price\": 0, \"event_count\": 1, \"people_count\": 1, \"yearly_total\": 0}', 1, '2026-06-08 09:35:59', '2026-06-11 04:22:21'),
(74, '2.1.10.3', 'ພາກວິຊາຟິຊິກສາດ', NULL, NULL, 'ຂື້ນຢູ່ພາກ 63', 3, '{\"note\": \"ຂື້ນຢູ່ພາກ 63\", \"unit_price\": 0, \"event_count\": 1, \"people_count\": 1, \"yearly_total\": 0}', 1, '2026-06-08 09:35:59', '2026-06-11 04:22:21'),
(75, '2.1.10.3', 'ພາກວິຊາເຄມີສາດ', NULL, NULL, 'ຂື້ນຢູ່ພາກ 63', 4, '{\"note\": \"ຂື້ນຢູ່ພາກ 63\", \"unit_price\": 0, \"event_count\": 1, \"people_count\": 1, \"yearly_total\": 0}', 1, '2026-06-08 09:35:59', '2026-06-11 04:22:21'),
(76, '2.1.10.3', 'ພາກວິຊາຊີວະວິທະຍາ', NULL, NULL, 'ຂື້ນຢູ່ພາກ 63', 5, '{\"note\": \"ຂື້ນຢູ່ພາກ 63\", \"unit_price\": 0, \"event_count\": 1, \"people_count\": 1, \"yearly_total\": 0}', 1, '2026-06-08 09:35:59', '2026-06-11 04:22:21'),
(77, '2.1.10.3', 'ພາກວິຊາວິທະຍາສາດຄອມພິວເຕີ', NULL, NULL, 'ຂື້ນຢູ່ພາກ 63', 6, '{\"note\": \"ຂື້ນຢູ່ພາກ 63\", \"unit_price\": 0, \"event_count\": 1, \"people_count\": 1, \"yearly_total\": 0}', 1, '2026-06-08 09:35:59', '2026-06-11 04:22:21'),
(78, '2.1.10.3', 'ພະແນກວິຊາການ', NULL, NULL, NULL, 7, '{\"unit_price\": 0, \"event_count\": 1, \"people_count\": 1, \"yearly_total\": 0}', 1, '2026-06-08 09:35:59', '2026-06-11 04:22:21'),
(79, '2.1.10.3', 'ພະແນກຈັດຕັ້ງສັງລວມ', NULL, NULL, NULL, 8, '{\"unit_price\": 0, \"event_count\": 1, \"people_count\": 1, \"yearly_total\": 0}', 1, '2026-06-08 09:35:59', '2026-06-11 04:22:21'),
(80, '2.1.10.3', 'ພະແນກການເງິນ-ຊັບສິນ', NULL, NULL, NULL, 9, '{\"unit_price\": 0, \"event_count\": 1, \"people_count\": 1, \"yearly_total\": 0}', 1, '2026-06-08 09:35:59', '2026-06-11 04:22:21'),
(81, '2.1.10.3', 'ພະແນກຄຸ້ມຄອງນັກສຶກສາ', NULL, NULL, NULL, 10, '{\"unit_price\": 0, \"event_count\": 1, \"people_count\": 1, \"yearly_total\": 0}', 1, '2026-06-08 09:35:59', '2026-06-11 04:22:21'),
(82, '2.1.10.3', 'ພະແນກຄົ້ນຄົ້ວ ແລະ ບໍລິການວິຊາການ', NULL, NULL, NULL, 11, '{\"unit_price\": 0, \"event_count\": 1, \"people_count\": 1, \"yearly_total\": 0}', 1, '2026-06-08 09:35:59', '2026-06-11 04:22:21'),
(83, '2.1.10.3', 'ພະແນກຫຼັງປະລິນຍາຕີ', NULL, NULL, NULL, 12, '{\"unit_price\": 0, \"event_count\": 1, \"people_count\": 1, \"yearly_total\": 0}', 1, '2026-06-08 09:35:59', '2026-06-11 04:22:21'),
(84, '2.2.1', 'ອຸປະກອນການຮຽນ-ການສອນ', NULL, NULL, NULL, 1, '{\"quantity\": 1, \"unit_price\": 0, \"yearly_total\": 0, \"times_per_year\": 1}', 1, '2026-06-08 09:36:00', '2026-06-08 09:36:00'),
(85, '2.2.1', 'ອຸປະກອນການສອບເສັງ', NULL, NULL, NULL, 2, '{\"quantity\": 1, \"unit_price\": 0, \"yearly_total\": 0, \"times_per_year\": 1}', 1, '2026-06-08 09:36:00', '2026-06-08 09:36:00'),
(86, '2.2.2.1', 'ພາກວິຊາຄະນິດສາດ', NULL, NULL, NULL, 1, '[]', 1, '2026-06-08 09:36:00', '2026-06-08 09:36:00'),
(87, '2.2.2.1', 'ພາກວິຊາຟີຊິກສາດ', NULL, NULL, NULL, 2, '[]', 1, '2026-06-08 09:36:00', '2026-06-08 09:36:00'),
(88, '2.2.2.1', 'ພາກວິຊາເຄມີສາດ', NULL, NULL, NULL, 3, '[]', 1, '2026-06-08 09:36:00', '2026-06-08 09:36:00'),
(89, '2.2.2.1', 'ພາກວິຊາຊີວະວິທະຍາ', NULL, NULL, NULL, 4, '[]', 1, '2026-06-08 09:36:00', '2026-06-08 09:36:00'),
(90, '2.2.2.1', 'ພາກວິຊາວິທະຍາສາດຄອມພີວເຕີ', NULL, NULL, NULL, 5, '[]', 1, '2026-06-08 09:36:00', '2026-06-08 09:36:00'),
(91, '2.2.2.2', 'ພາກວິຊາຄະນິດສາດ', NULL, NULL, NULL, 1, '[]', 1, '2026-06-08 09:36:00', '2026-06-08 09:36:00'),
(92, '2.2.2.2', 'ພາກວິຊາຟີຊິກສາດ', NULL, NULL, NULL, 2, '[]', 1, '2026-06-08 09:36:00', '2026-06-08 09:36:00'),
(93, '2.2.2.2', 'ພາກວິຊາເຄມີສາດ', NULL, NULL, NULL, 3, '[]', 1, '2026-06-08 09:36:00', '2026-06-08 09:36:00'),
(94, '2.2.2.2', 'ພາກວິຊາຊີວະວິທະຍາ', NULL, NULL, NULL, 4, '[]', 1, '2026-06-08 09:36:00', '2026-06-08 09:36:00'),
(95, '2.2.2.2', 'ພາກວິຊາວິທະຍາສາດຄອມພີວເຕີ', NULL, NULL, NULL, 5, '[]', 1, '2026-06-08 09:36:00', '2026-06-08 09:36:00'),
(96, '2.2.2.2', 'ປັບປຸງ ແລະ ພັດທະນາຫຼັກສູດ ປໍໂທ+ເອກ', NULL, NULL, NULL, 6, '[]', 1, '2026-06-08 09:36:00', '2026-06-08 09:36:00'),
(97, '2.2.3', 'ພາກວິຊາຄະນິດສາດ', NULL, NULL, NULL, 1, '{\"quantity\": 1, \"unit_price\": 0, \"yearly_total\": 0}', 1, '2026-06-08 09:36:00', '2026-06-08 09:36:00'),
(98, '2.2.3', 'ພາກວິຊາຟິຊິກສາດ', NULL, NULL, NULL, 2, '{\"quantity\": 1, \"unit_price\": 0, \"yearly_total\": 0}', 1, '2026-06-08 09:36:00', '2026-06-08 09:36:00'),
(99, '2.2.3', 'ພາກວິຊາເຄມີສາດ', NULL, NULL, NULL, 3, '{\"quantity\": 1, \"unit_price\": 0, \"yearly_total\": 0}', 1, '2026-06-08 09:36:00', '2026-06-08 09:36:00'),
(100, '2.2.3', 'ພາກວິຊາຊີວະວິທະຍາ', NULL, NULL, NULL, 4, '{\"quantity\": 1, \"unit_price\": 0, \"yearly_total\": 0}', 1, '2026-06-08 09:36:00', '2026-06-08 09:36:00'),
(101, '2.2.3', 'ພາກວິຊາວິທະຍາສາດຄອມພິວເຕີ', NULL, NULL, NULL, 5, '{\"quantity\": 1, \"unit_price\": 0, \"yearly_total\": 0}', 1, '2026-06-08 09:36:00', '2026-06-08 09:36:00'),
(102, '2.2.3', 'ຊື້ອຸປະກອນທົດລອງ', NULL, NULL, NULL, 6, '{\"quantity\": 1, \"unit_price\": 0, \"yearly_total\": 0}', 1, '2026-06-08 09:36:01', '2026-06-08 09:36:01'),
(103, '2.2.4', 'ອູປະກອນທົດລອງຟິຊິກສາດ', NULL, NULL, NULL, 1, '{\"quantity\": 1, \"unit_price\": 0, \"yearly_total\": 0}', 1, '2026-06-08 09:36:01', '2026-06-08 09:36:01'),
(104, '2.2.4', 'ອຸປະກອນທົດລອງເຄມີສາດ', NULL, NULL, NULL, 2, '{\"quantity\": 1, \"unit_price\": 0, \"yearly_total\": 0}', 1, '2026-06-08 09:36:01', '2026-06-08 09:36:01'),
(105, '2.2.4', 'ອຸປະກອນທົດລອງຊີວະວິທະຍາ', NULL, NULL, NULL, 3, '{\"quantity\": 1, \"unit_price\": 0, \"yearly_total\": 0}', 1, '2026-06-08 09:36:01', '2026-06-08 09:36:01'),
(106, '2.2.4', 'ຄອມພິວເຕີຕັ້່ງໂຕະ (PC)', NULL, NULL, NULL, 4, '{\"quantity\": 1, \"unit_price\": 0, \"yearly_total\": 0}', 1, '2026-06-08 09:36:01', '2026-06-08 09:36:01'),
(107, '2.2.4', 'ໂປຣເຈັກເຕີໃສ່ຫ້ອງຮຽນ', NULL, NULL, NULL, 5, '{\"quantity\": 1, \"unit_price\": 0, \"yearly_total\": 0}', 1, '2026-06-08 09:36:01', '2026-06-08 09:36:01'),
(108, '2.2.5', 'ພິທີສະຫຼຸບຊຸດຮຽນ ແລະ ເປີດສົກຮຽນໃໝ່ ປໍໂທ', NULL, NULL, NULL, 1, '{\"quantity\": 1, \"unit_price\": 0, \"yearly_total\": 0}', 1, '2026-06-08 09:36:01', '2026-06-08 09:36:01'),
(109, '2.2.5', 'ກອງປະຊຸມສໍາມະນາວິຊາການ ປໍໂທ', NULL, NULL, NULL, 2, '{\"quantity\": 1, \"unit_price\": 0, \"yearly_total\": 0}', 1, '2026-06-08 09:36:01', '2026-06-08 09:36:01'),
(110, '2.2.5', 'ກອງປະຊຸມຜູ້ຊົງຄຸນວຸດທິ ປໍໂທ', NULL, NULL, NULL, 3, '{\"quantity\": 1, \"unit_price\": 0, \"yearly_total\": 0}', 1, '2026-06-08 09:36:01', '2026-06-08 09:36:01'),
(111, '2.2.6', 'ຊື້ປື້ມໃສ່ຫ້ອງອ່ານ', NULL, NULL, NULL, 1, '{\"quantity\": 1, \"unit_price\": 0, \"yearly_total\": 0}', 1, '2026-06-08 09:36:01', '2026-06-08 09:36:01'),
(112, '2.2.6', 'ຊື້ຮ້ານປື້ມໃສ່ຫ້ອງອ່ານ', NULL, NULL, NULL, 2, '{\"quantity\": 1, \"unit_price\": 0, \"yearly_total\": 0}', 1, '2026-06-08 09:36:01', '2026-06-08 09:36:01'),
(113, '2.2.7', 'ສົ່ງພະນັກງານໄປຍົກລະດັບໄລຍະຍາວ', NULL, NULL, NULL, 1, '{\"quantity\": 1, \"unit_price\": 0, \"yearly_total\": 0}', 1, '2026-06-08 09:36:01', '2026-06-08 09:36:01'),
(114, '2.2.8', 'ງົບປະມານຕິດຕາມຫຼັກສູດ ປໍໂທ', NULL, NULL, NULL, 1, '{\"quantity\": 1, \"unit_price\": 0, \"yearly_total\": 0}', 1, '2026-06-08 09:36:01', '2026-06-08 09:36:01'),
(115, '2.3.1', 'ສົ່ງເສີມວິຊາການສ່ວນກາງ', NULL, NULL, NULL, 1, '{\"quantity\": 1, \"unit_price\": 0, \"yearly_total\": 0}', 1, '2026-06-08 09:36:01', '2026-06-08 09:36:01'),
(116, '2.3.1', 'ກອງປະຊຸມສຳມະນາການເງິນ (ພະແນກການເງິນ )', NULL, NULL, 'ຂື້ນຢູ່ພາກ 62', 2, '{\"note\": \"ຂື້ນຢູ່ພາກ 62\", \"quantity\": 1, \"unit_price\": 0, \"yearly_total\": 0}', 1, '2026-06-08 09:36:01', '2026-06-08 09:36:01'),
(117, '2.3.1', 'ພະແນກບໍລິຫານສັງລວມ', NULL, NULL, 'ຂື້ນຢູ່ພາກ 62', 3, '{\"note\": \"ຂື້ນຢູ່ພາກ 62\", \"quantity\": 1, \"unit_price\": 0, \"yearly_total\": 0}', 1, '2026-06-08 09:36:01', '2026-06-08 09:36:01'),
(118, '2.3.1', 'ໜ່ວຍງານ ICT', NULL, NULL, 'ຂື້ນຢູ່ພາກ 62', 4, '{\"note\": \"ຂື້ນຢູ່ພາກ 62\", \"quantity\": 1, \"unit_price\": 0, \"yearly_total\": 0}', 1, '2026-06-08 09:36:01', '2026-06-08 09:36:01'),
(119, '2.3.1', 'ຫຼັງປະລິນຍາຕີ', NULL, NULL, 'ຂື້ນຢູ່ພາກ 62', 5, '{\"note\": \"ຂື້ນຢູ່ພາກ 62\", \"quantity\": 1, \"unit_price\": 0, \"yearly_total\": 0}', 1, '2026-06-08 09:36:01', '2026-06-08 09:36:01'),
(120, '2.3.1', 'ຄົ້ນຄ້ວາ ແລະ ບໍລິການວິຊາການ', NULL, NULL, 'ຂື້ນຢູ່ພາກ 62', 6, '{\"note\": \"ຂື້ນຢູ່ພາກ 62\", \"quantity\": 1, \"unit_price\": 0, \"yearly_total\": 0}', 1, '2026-06-08 09:36:01', '2026-06-08 09:36:01'),
(121, '2.3.1', 'ພັດທະນາຫຸ່ນຍົນ (Robot)', NULL, NULL, 'ຂື້ນຢູ່ພາກ 62', 7, '{\"note\": \"ຂື້ນຢູ່ພາກ 62\", \"quantity\": 1, \"unit_price\": 0, \"yearly_total\": 0}', 1, '2026-06-08 09:36:02', '2026-06-08 09:36:02'),
(122, '2.3.1', 'ພະແນກວິຊາການ', NULL, NULL, 'ຂື້ນຢູ່ພາກ 62', 8, '{\"note\": \"ຂື້ນຢູ່ພາກ 62\", \"quantity\": 1, \"unit_price\": 0, \"yearly_total\": 0}', 1, '2026-06-08 09:36:02', '2026-06-08 09:36:02'),
(123, '2.3.1', 'ພະແນກຄຸ້ມຄອງນັກສຶກສາ', NULL, NULL, 'ຂື້ນຢູ່ພາກ 62', 9, '{\"note\": \"ຂື້ນຢູ່ພາກ 62\", \"quantity\": 1, \"unit_price\": 0, \"yearly_total\": 0}', 1, '2026-06-08 09:36:02', '2026-06-08 09:36:02'),
(124, '2.3.1', 'ພາກວິຊາຄະນິດສາດ', NULL, NULL, NULL, 10, '{\"quantity\": 1, \"unit_price\": 0, \"yearly_total\": 0}', 1, '2026-06-08 09:36:02', '2026-06-08 09:36:02'),
(125, '2.3.1', 'ພາກວິຊາຟີຊິກສາດ', NULL, NULL, NULL, 11, '{\"quantity\": 1, \"unit_price\": 0, \"yearly_total\": 0}', 1, '2026-06-08 09:36:02', '2026-06-08 09:36:02'),
(126, '2.3.1', 'ພາກວິຊາເຄມີສາດ', NULL, NULL, NULL, 12, '{\"quantity\": 1, \"unit_price\": 0, \"yearly_total\": 0}', 1, '2026-06-08 09:36:02', '2026-06-08 09:36:02'),
(127, '2.3.1', 'ພາກວິຊາຊີວະວິທະຍາ', NULL, NULL, NULL, 13, '{\"quantity\": 1, \"unit_price\": 0, \"yearly_total\": 0}', 1, '2026-06-08 09:36:02', '2026-06-08 09:36:02'),
(128, '2.3.1', 'ພາກວິຊາວິທະຍາສາດຄອມພີວເຕີ', NULL, NULL, NULL, 14, '{\"quantity\": 1, \"unit_price\": 0, \"yearly_total\": 0}', 1, '2026-06-08 09:36:02', '2026-06-08 09:36:02'),
(129, '2.3.1', 'ສາມອົງການຈັດຕັ້ງມະຫາຊົນ', NULL, NULL, NULL, 15, '{\"quantity\": 1, \"unit_price\": 0, \"yearly_total\": 0}', 1, '2026-06-08 09:36:02', '2026-06-08 09:36:02'),
(130, '2.3.1', 'ເຄື່ອນໄຫວວຽກວິຊາການອື່ນໆ', NULL, NULL, NULL, 16, '{\"quantity\": 1, \"unit_price\": 0, \"yearly_total\": 0}', 1, '2026-06-08 09:36:02', '2026-06-08 09:36:02'),
(131, '2.3.2', 'ສຳນັກຄະນະບໍດີ', NULL, NULL, NULL, 1, '{\"quantity\": 1, \"unit_price\": 0, \"yearly_total\": 0}', 1, '2026-06-08 09:36:02', '2026-06-08 09:36:02'),
(132, '2.3.2', 'ພາກວິຊາຄະນິດສາດ', NULL, NULL, NULL, 2, '{\"quantity\": 1, \"unit_price\": 0, \"yearly_total\": 0}', 1, '2026-06-08 09:36:02', '2026-06-08 09:36:02'),
(133, '2.3.2', 'ພາກວິຊາຟິຊິກສາດ', NULL, NULL, NULL, 3, '{\"quantity\": 1, \"unit_price\": 0, \"yearly_total\": 0}', 1, '2026-06-08 09:36:02', '2026-06-08 09:36:02'),
(134, '2.3.2', 'ພາກວິຊາເຄມີສາດ', NULL, NULL, NULL, 4, '{\"quantity\": 1, \"unit_price\": 0, \"yearly_total\": 0}', 1, '2026-06-08 09:36:02', '2026-06-08 09:36:02'),
(135, '2.3.2', 'ພາກວິຊາຊີວະວິທະຍາ', NULL, NULL, NULL, 5, '{\"quantity\": 1, \"unit_price\": 0, \"yearly_total\": 0}', 1, '2026-06-08 09:36:02', '2026-06-08 09:36:02'),
(136, '2.3.2', 'ພາກວິຊາວິທະຍາສາດຄອມພິວເຕີ', NULL, NULL, NULL, 6, '{\"quantity\": 1, \"unit_price\": 0, \"yearly_total\": 0}', 1, '2026-06-08 09:36:02', '2026-06-08 09:36:02'),
(137, '2.3.3', 'ສຳນັກຄະນະບໍດີ', NULL, NULL, NULL, 1, '{\"quantity\": 1, \"unit_price\": 0, \"yearly_total\": 0}', 1, '2026-06-08 09:36:02', '2026-06-08 09:36:02'),
(138, '2.3.3', 'ພາກວິຊາຄະນິດສາດ', NULL, NULL, NULL, 2, '{\"quantity\": 1, \"unit_price\": 0, \"yearly_total\": 0}', 1, '2026-06-08 09:36:02', '2026-06-08 09:36:02'),
(139, '2.3.3', 'ພາກວິຊາຟິຊິກສາດ', NULL, NULL, NULL, 3, '{\"quantity\": 1, \"unit_price\": 0, \"yearly_total\": 0}', 1, '2026-06-08 09:36:03', '2026-06-08 09:36:03'),
(140, '2.3.3', 'ພາກວິຊາເຄມີສາດ', NULL, NULL, NULL, 4, '{\"quantity\": 1, \"unit_price\": 0, \"yearly_total\": 0}', 1, '2026-06-08 09:36:03', '2026-06-08 09:36:03'),
(141, '2.3.3', 'ພາກວິຊາຊີວະວິທະຍາ', NULL, NULL, NULL, 5, '{\"quantity\": 1, \"unit_price\": 0, \"yearly_total\": 0}', 1, '2026-06-08 09:36:03', '2026-06-08 09:36:03'),
(142, '2.3.3', 'ພາກວິຊາວິທະຍາສາດຄອມພິວເຕີ', NULL, NULL, NULL, 6, '{\"quantity\": 1, \"unit_price\": 0, \"yearly_total\": 0}', 1, '2026-06-08 09:36:03', '2026-06-08 09:36:03'),
(143, '2.4.1', 'ຄະນະບໍດີ', NULL, NULL, 'ຈ່າງງົບລັດ', 1, '{\"note\": \"ຈ່າງງົບລັດ\", \"month_count\": 1, \"yearly_total\": 0, \"amount_per_month\": 0}', 1, '2026-06-08 09:36:03', '2026-06-08 09:36:03'),
(144, '2.4.1', 'ຮອງຄະນະບໍດີ', NULL, NULL, 'ຈ່າງງົບລັດ', 2, '{\"note\": \"ຈ່າງງົບລັດ\", \"month_count\": 1, \"yearly_total\": 0, \"amount_per_month\": 0}', 1, '2026-06-08 09:36:03', '2026-06-08 09:36:03'),
(145, '2.4.1', 'ຫົວໜ້າພາກວິຊາ', NULL, NULL, 'ຈ່າງງົບລັດ', 3, '{\"note\": \"ຈ່າງງົບລັດ\", \"month_count\": 1, \"yearly_total\": 0, \"amount_per_month\": 0}', 1, '2026-06-08 09:36:03', '2026-06-08 09:36:03'),
(146, '2.4.1', 'ຫົວໜ້າພະແນກ', NULL, NULL, 'ຈ່າງງົບລັດ', 4, '{\"note\": \"ຈ່າງງົບລັດ\", \"month_count\": 1, \"yearly_total\": 0, \"amount_per_month\": 0}', 1, '2026-06-08 09:36:03', '2026-06-08 09:36:03'),
(147, '2.4.1', 'ຮອງຫົວໜ້າພາກວິຊາ', NULL, NULL, 'ຈ່າງງົບລັດ', 5, '{\"note\": \"ຈ່າງງົບລັດ\", \"month_count\": 1, \"yearly_total\": 0, \"amount_per_month\": 0}', 1, '2026-06-08 09:36:03', '2026-06-08 09:36:03'),
(148, '2.4.1', 'ຮອງຫົວໜ້າພະແນກ', NULL, NULL, 'ຈ່າງງົບລັດ', 6, '{\"note\": \"ຈ່າງງົບລັດ\", \"month_count\": 1, \"yearly_total\": 0, \"amount_per_month\": 0}', 1, '2026-06-08 09:36:03', '2026-06-08 09:36:03'),
(149, '2.4.1', 'ຫົວໜ້າໜ່ວຍງານ, ເລຂາ', NULL, NULL, 'ຈ່າງງົບລັດ', 7, '{\"note\": \"ຈ່າງງົບລັດ\", \"month_count\": 1, \"yearly_total\": 0, \"amount_per_month\": 0}', 1, '2026-06-08 09:36:03', '2026-06-08 09:36:03'),
(150, '2.4.1', 'ຫົວໜ້າໜ່ວຍວິຊາ', NULL, NULL, 'ຈ່າງງົບລັດ', 8, '{\"note\": \"ຈ່າງງົບລັດ\", \"month_count\": 1, \"yearly_total\": 0, \"amount_per_month\": 0}', 1, '2026-06-08 09:36:03', '2026-06-08 09:36:03'),
(151, '2.4.1', 'ໜ່ວຍງານ, ສາມອົງການຈັດຕັ້ງ', NULL, NULL, 'ຈ່າງງົບລັດ', 9, '{\"note\": \"ຈ່າງງົບລັດ\", \"month_count\": 1, \"yearly_total\": 0, \"amount_per_month\": 0}', 1, '2026-06-08 09:36:03', '2026-06-08 09:36:03'),
(152, '2.4.1', 'ສາມອົງການຈັດຕັ້ງມະຫາຊົນ', NULL, NULL, 'ຈ່າງງົບລັດ', 10, '{\"note\": \"ຈ່າງງົບລັດ\", \"month_count\": 1, \"yearly_total\": 0, \"amount_per_month\": 0}', 1, '2026-06-08 09:36:03', '2026-06-08 09:36:03'),
(153, '2.4.2', 'ຄະນະບໍດີ', NULL, NULL, 'ໃຊ້ງົບລັດ', 1, '{\"note\": \"ໃຊ້ງົບລັດ\", \"month_count\": 1, \"yearly_total\": 0, \"amount_per_month\": 0}', 1, '2026-06-08 09:36:03', '2026-06-08 09:36:03'),
(154, '2.4.2', 'ຮອງຄະນະບໍດີ, ຫົວໜ້າພາກວິຊາ', NULL, NULL, 'ໃຊ້ງົບລັດ', 2, '{\"note\": \"ໃຊ້ງົບລັດ\", \"month_count\": 1, \"yearly_total\": 0, \"amount_per_month\": 0}', 1, '2026-06-08 09:36:03', '2026-06-08 09:36:03'),
(155, '2.4.2', 'ຫົວໜ້າພະແນກ, ຮອງພາກວິຊາ', NULL, NULL, 'ໃຊ້ງົບລັດ', 3, '{\"note\": \"ໃຊ້ງົບລັດ\", \"month_count\": 1, \"yearly_total\": 0, \"amount_per_month\": 0}', 1, '2026-06-08 09:36:03', '2026-06-08 09:36:03'),
(156, '2.4.2', 'ຮອງຫົວໜ້າພະແນກ, ຮສ ແລະ ຫົວໜ້າໜ່ວຍວິຊາ', NULL, NULL, 'ໃຊ້ງົບລັດ', 4, '{\"note\": \"ໃຊ້ງົບລັດ\", \"month_count\": 1, \"yearly_total\": 0, \"amount_per_month\": 0}', 1, '2026-06-08 09:36:03', '2026-06-08 09:36:03'),
(157, '2.4.2', 'ຮອງຫົວໜ້າໜ່ວຍວິຊາ, ຫົວໜ້າໜ່ວຍງານ', NULL, NULL, 'ໃຊ້ງົບລັດ', 5, '{\"note\": \"ໃຊ້ງົບລັດ\", \"month_count\": 1, \"yearly_total\": 0, \"amount_per_month\": 0}', 1, '2026-06-08 09:36:03', '2026-06-08 09:36:03'),
(158, '2.4.2', 'ຮອງຫົວໜ້າໜ່ວຍງານ', NULL, NULL, 'ໃຊ້ງົບລັດ', 6, '{\"note\": \"ໃຊ້ງົບລັດ\", \"month_count\": 1, \"yearly_total\": 0, \"amount_per_month\": 0}', 1, '2026-06-08 09:36:04', '2026-06-08 09:36:04'),
(159, '2.4.2', 'ອາຈານ ແລະ ພະນັກງານທົ່ວໄປ', NULL, NULL, 'ໃຊ້ງົບລັດ', 7, '{\"note\": \"ໃຊ້ງົບລັດ\", \"month_count\": 1, \"yearly_total\": 0, \"amount_per_month\": 0}', 1, '2026-06-08 09:36:04', '2026-06-08 09:36:04'),
(160, '2.4.3', 'ຄ່າແຮງງານພະນັກງານສັນຍາຈ້າງສຳນັກ', NULL, NULL, NULL, 1, '{\"month_count\": 1, \"yearly_total\": 0, \"amount_per_month\": 0}', 1, '2026-06-08 09:36:04', '2026-06-08 09:36:04'),
(161, '2.4.3', 'ຄ່າແຮງງານພະນັກງານສັນຍາຈ້າງຂັບລົດ', NULL, NULL, NULL, 2, '{\"month_count\": 1, \"yearly_total\": 0, \"amount_per_month\": 0}', 1, '2026-06-08 09:36:04', '2026-06-08 09:36:04'),
(162, '2.4.3', 'ສັນຍາຈ້າງບຳລູງຮັກສາລະບົບຂໍ້ມູນຂ່າວສານ (ICT)', NULL, NULL, NULL, 3, '{\"month_count\": 1, \"yearly_total\": 0, \"amount_per_month\": 0}', 1, '2026-06-08 09:36:04', '2026-06-08 09:36:04'),
(163, '2.4.4', 'ອຸດໜູນພະນັກງານລົງທະບຽນ', NULL, NULL, NULL, 1, '{\"month_count\": 1, \"yearly_total\": 0, \"amount_per_month\": 0}', 1, '2026-06-08 09:36:04', '2026-06-08 09:36:04'),
(164, '2.4.4', 'ອຸໜູນການສອບເສັງ', NULL, NULL, NULL, 2, '{\"month_count\": 1, \"yearly_total\": 0, \"amount_per_month\": 0}', 1, '2026-06-08 09:36:04', '2026-06-08 09:36:04'),
(165, '2.4.4', 'ອຸດໜູນການກວດສອບງົບປະມານ', NULL, NULL, NULL, 3, '{\"month_count\": 1, \"yearly_total\": 0, \"amount_per_month\": 0}', 1, '2026-06-08 09:36:04', '2026-06-08 09:36:04'),
(166, '2.4.4', 'ອຸດໜູນການເຮັດວຽກຕາມຂໍ້ຕົກລົງຕ່າງໆ', NULL, NULL, NULL, 4, '{\"month_count\": 1, \"yearly_total\": 0, \"amount_per_month\": 0}', 1, '2026-06-08 09:36:04', '2026-06-08 09:36:04'),
(167, '2.4.4', 'ອຸດໜູນການບໍລິຫານເທີມສາມ', NULL, NULL, NULL, 5, '{\"month_count\": 1, \"yearly_total\": 0, \"amount_per_month\": 0}', 1, '2026-06-08 09:36:04', '2026-06-08 09:36:04'),
(168, '2.4.4', 'ອຸດໜູນກະກຽມສະຫລຸບການເງິນ', NULL, NULL, NULL, 6, '{\"month_count\": 1, \"yearly_total\": 0, \"amount_per_month\": 0}', 1, '2026-06-08 09:36:04', '2026-06-08 09:36:04'),
(169, '2.4.4', 'ອຸດໜູນການບໍລິຫານ ປໍ ໂທ', NULL, NULL, NULL, 7, '{\"month_count\": 1, \"yearly_total\": 0, \"amount_per_month\": 0}', 1, '2026-06-08 09:36:04', '2026-06-08 09:36:04'),
(170, '2.4.4', 'ອຸດໜູນການນໍາພາບົດວິທະຍານິພົນ', NULL, NULL, NULL, 8, '{\"month_count\": 1, \"yearly_total\": 0, \"amount_per_month\": 0}', 1, '2026-06-08 09:36:04', '2026-06-08 09:36:04'),
(171, '2.5.1', 'ຄ່າຊົ່ວໂມງສອນພາກພິເສດ', NULL, NULL, NULL, 1, '{\"quantity\": 1, \"unit_price\": 0, \"yearly_total\": 0, \"frequency_count\": 1}', 1, '2026-06-08 09:36:04', '2026-06-08 09:36:04'),
(172, '2.5.1', 'ຄ່າຊົ່ວໂມງສອນເທີມສາມ', NULL, NULL, NULL, 2, '{\"quantity\": 1, \"unit_price\": 0, \"yearly_total\": 0, \"frequency_count\": 1}', 1, '2026-06-08 09:36:04', '2026-06-08 09:36:04'),
(173, '2.5.1', 'ຄ່າຊົ່ວໂມງສອນປະລິນຍາໂທ', NULL, NULL, NULL, 3, '{\"quantity\": 1, \"unit_price\": 0, \"yearly_total\": 0, \"frequency_count\": 1}', 1, '2026-06-08 09:36:04', '2026-06-08 09:36:04'),
(174, '2.5.2', 'ຄ່າກຳມະການສອບເສັງຈົບຊັ້ນ', NULL, NULL, NULL, 1, '{\"quantity\": 1, \"unit_price\": 0, \"yearly_total\": 0, \"frequency_count\": 1}', 1, '2026-06-08 09:36:04', '2026-06-08 09:36:04'),
(175, '2.5.2', 'ຄ່າຍາມຫ້ອງເສັງ', NULL, NULL, NULL, 2, '{\"quantity\": 1, \"unit_price\": 0, \"yearly_total\": 0, \"frequency_count\": 1}', 1, '2026-06-08 09:36:04', '2026-06-08 09:36:04'),
(176, '2.5.2', 'ຄ່າອອກຫົວບົດ ແລະ ກວດບົດ', NULL, NULL, NULL, 3, '{\"quantity\": 1, \"unit_price\": 0, \"yearly_total\": 0, \"frequency_count\": 1}', 1, '2026-06-08 09:36:05', '2026-06-08 09:36:05'),
(177, '2.5.2', 'ຄ່າບໍລິການສອບເສັງປະລິນຍາໂທ', NULL, NULL, NULL, 4, '{\"quantity\": 1, \"unit_price\": 0, \"yearly_total\": 0, \"frequency_count\": 1}', 1, '2026-06-08 09:36:05', '2026-06-08 09:36:05'),
(178, '2.5.3', 'ຄ່າຊີ້ນຳບົດໂຄງການຈົບຊັ້ນ', NULL, NULL, NULL, 1, '{\"quantity\": 1, \"unit_price\": 0, \"yearly_total\": 0, \"frequency_count\": 1}', 1, '2026-06-08 09:36:05', '2026-06-08 09:36:05'),
(179, '2.5.3', 'ຄ່າກຳມະການປ້ອງກັນບົດຈົບຊັ້ນ', NULL, NULL, NULL, 2, '{\"quantity\": 1, \"unit_price\": 0, \"yearly_total\": 0, \"frequency_count\": 1}', 1, '2026-06-08 09:36:05', '2026-06-08 09:36:05'),
(180, '2.5.3', 'ຄ່າດຳເນີນບົດໂຄງການຈົບຊັ້ນປະລິນຍາໂທ', NULL, NULL, NULL, 3, '{\"quantity\": 1, \"unit_price\": 0, \"yearly_total\": 0, \"frequency_count\": 1}', 1, '2026-06-08 09:36:05', '2026-06-08 09:36:05'),
(181, '2.6.1', 'ບໍລິຈາກເລືອດຄັ້ງທີ I', NULL, NULL, NULL, 1, '{\"unit_price\": 0, \"event_count\": 1, \"people_count\": 1, \"yearly_total\": 0}', 1, '2026-06-08 09:36:05', '2026-06-08 09:36:05'),
(182, '2.6.1', 'ບໍລິຈາກເລືອດຄັ້ງທີ II', NULL, NULL, NULL, 2, '{\"unit_price\": 0, \"event_count\": 1, \"people_count\": 1, \"yearly_total\": 0}', 1, '2026-06-08 09:36:05', '2026-06-08 09:36:05'),
(183, '2.6.2', 'ການແຂ່ງຂັນກິລາຊາວໜຸ່ມ', NULL, NULL, NULL, 1, '[]', 1, '2026-06-08 09:36:05', '2026-06-08 09:36:05'),
(184, '2.6.2', 'ການເຄື່ອງໄຫວກິລາພາຍໃນ', NULL, NULL, NULL, 2, '[]', 1, '2026-06-08 09:36:05', '2026-06-08 09:36:05'),
(185, '2.6.2', 'ການເຄື່ອນໄຫວກິລາກັບທາງນອກ', NULL, NULL, NULL, 3, '[]', 1, '2026-06-08 09:36:05', '2026-06-08 09:36:05'),
(186, '2.6.2', 'ການເຄື່ອນໄຫວສິນລະປະກຳຂອງນັກສຶກສາ', NULL, NULL, NULL, 4, '[]', 1, '2026-06-08 09:36:05', '2026-06-08 09:36:05'),
(187, '2.6.2', 'ການຝຶກຊ້ອມສິນລະປະວັນນະຄະດີ', NULL, NULL, NULL, 5, '[]', 1, '2026-06-08 09:36:05', '2026-06-08 09:36:05'),
(188, '2.6.3', 'ອານາໄມຫ້ອງຮຽນ, ຫ້ອງການ', NULL, NULL, NULL, 1, '[]', 1, '2026-06-08 09:36:05', '2026-06-08 09:36:05'),
(189, '2.6.3', 'ອານາໄມສະຖານທີ່ຮັບຜິດຊອບ', NULL, NULL, NULL, 2, '[]', 1, '2026-06-08 09:36:05', '2026-06-08 09:36:05'),
(190, '2.6.3', 'ປຸກຕົ້ນໄມ້', NULL, NULL, NULL, 3, '[]', 1, '2026-06-08 09:36:05', '2026-06-08 09:36:05'),
(191, '2.6.4', 'ຄ່າເຊົ່າຫ້ອງປະຊຸມ 1 ວັນ', NULL, NULL, NULL, 1, '[]', 1, '2026-06-08 09:36:05', '2026-06-08 09:36:05'),
(192, '2.6.4', 'ຄ່ານ້ຳດື່ມມື້ຈັດງານ', NULL, NULL, NULL, 2, '[]', 1, '2026-06-08 09:36:05', '2026-06-08 09:36:05'),
(193, '2.6.4', 'ຄ່າຂັນລາງວັນ', NULL, NULL, NULL, 3, '[]', 1, '2026-06-08 09:36:05', '2026-06-08 09:36:05'),
(194, '2.6.4', 'ຄ່າອອກຄຳຖາມ', NULL, NULL, NULL, 4, '[]', 1, '2026-06-08 09:36:05', '2026-06-08 09:36:05');

-- --------------------------------------------------------

--
-- Table structure for table `expense_subsection_field_settings`
--

CREATE TABLE `expense_subsection_field_settings` (
  `id` bigint UNSIGNED NOT NULL,
  `subsection_id` bigint UNSIGNED NOT NULL,
  `pattern_field_id` bigint UNSIGNED NOT NULL,
  `label` varchar(255) COLLATE utf8mb4_unicode_ci DEFAULT NULL,
  `display_order` int UNSIGNED DEFAULT NULL,
  `is_required` tinyint(1) DEFAULT NULL,
  `is_active` tinyint(1) NOT NULL DEFAULT '1',
  `default_value` varchar(255) COLLATE utf8mb4_unicode_ci DEFAULT NULL,
  `created_at` timestamp NULL DEFAULT NULL,
  `updated_at` timestamp NULL DEFAULT NULL
) ENGINE=InnoDB DEFAULT CHARSET=utf8mb4 COLLATE=utf8mb4_unicode_ci;

--
-- Dumping data for table `expense_subsection_field_settings`
--

INSERT INTO `expense_subsection_field_settings` (`id`, `subsection_id`, `pattern_field_id`, `label`, `display_order`, `is_required`, `is_active`, `default_value`, `created_at`, `updated_at`) VALUES
(1, 96, 9, 'ລາຍການ', 1, 1, 1, NULL, '2026-06-11 06:38:43', '2026-06-11 06:38:43'),
(2, 96, 29, 'ລາຄາຕໍ່ໜ່ວຍ', 3, 1, 1, NULL, '2026-06-11 06:38:43', '2026-06-11 06:38:43'),
(3, 96, 30, 'ຈຳນວນຄັ້ງ', 4, 1, 1, NULL, '2026-06-11 06:38:44', '2026-06-11 06:38:44'),
(4, 96, 31, 'ຈຳນວນຄົນ', 5, 1, 1, NULL, '2026-06-11 06:38:44', '2026-06-11 06:38:44'),
(5, 96, 32, 'ຈຳນວນເງິນປີ', 6, 0, 1, NULL, '2026-06-11 06:38:44', '2026-06-11 06:38:44'),
(6, 96, 33, 'ໝາຍເຫດ', 7, 0, 1, NULL, '2026-06-11 06:38:44', '2026-06-11 06:38:44'),
(7, 97, 9, 'ລາຍການ', 1, 1, 1, NULL, '2026-06-11 06:38:44', '2026-06-11 06:38:44'),
(8, 97, 29, 'ລາຄາຕໍ່ໜ່ວຍ', 3, 1, 1, NULL, '2026-06-11 06:38:44', '2026-06-11 06:38:44'),
(9, 97, 30, 'ຈຳນວນຄັ້ງ', 4, 1, 1, NULL, '2026-06-11 06:38:44', '2026-06-11 06:38:44'),
(10, 97, 31, 'ຈຳນວນພາກສ່ວນ', 5, 1, 1, NULL, '2026-06-11 06:38:44', '2026-06-11 06:38:44'),
(11, 97, 32, 'ຈຳນວນເງິນປີ', 6, 0, 1, NULL, '2026-06-11 06:38:44', '2026-06-11 06:38:44'),
(12, 97, 33, 'ໝາຍເຫດ', 7, 0, 1, NULL, '2026-06-11 06:38:44', '2026-06-11 06:38:44'),
(13, 98, 9, 'ລາຍການ', 1, 1, 1, NULL, '2026-06-11 06:38:45', '2026-06-11 06:38:45'),
(14, 98, 29, 'ລາຄາຕໍ່ໜ່ວຍ', 3, 1, 1, NULL, '2026-06-11 06:38:45', '2026-06-11 06:38:45'),
(15, 98, 30, 'ຈຳນວນຄັ້ງ', 4, 1, 1, NULL, '2026-06-11 06:38:45', '2026-06-11 06:38:45'),
(16, 98, 31, 'ຈຳນວນພາກສ່ວນ', 5, 1, 1, NULL, '2026-06-11 06:38:45', '2026-06-11 06:38:45'),
(17, 98, 32, 'ຈຳນວນເງິນປີ', 6, 0, 1, NULL, '2026-06-11 06:38:45', '2026-06-11 06:38:45'),
(18, 98, 33, 'ໝາຍເຫດ', 7, 0, 1, NULL, '2026-06-11 06:38:45', '2026-06-11 06:38:45'),
(19, 104, 9, 'ລາຍການ', 1, 1, 1, NULL, '2026-06-11 06:38:45', '2026-06-11 06:38:45'),
(20, 104, 29, 'ລາຄາຕໍ່ໜ່ວຍ', 3, 1, 1, NULL, '2026-06-11 06:38:45', '2026-06-11 06:38:45'),
(21, 104, 30, 'ຈຳນວນຄັ້ງ', 4, 1, 1, NULL, '2026-06-11 06:38:45', '2026-06-11 06:38:45'),
(22, 104, 31, 'ຈຳນວນຄົນ', 5, 1, 1, NULL, '2026-06-11 06:38:45', '2026-06-11 06:38:45'),
(23, 104, 32, 'ຈຳນວນເງິນປີ', 6, 0, 1, NULL, '2026-06-11 06:38:46', '2026-06-11 06:38:46'),
(24, 104, 33, 'ໝາຍເຫດ', 7, 0, 1, NULL, '2026-06-11 06:38:46', '2026-06-11 06:38:46'),
(25, 105, 9, 'ລາຍການ', 1, 1, 1, NULL, '2026-06-11 06:38:46', '2026-06-11 06:38:46'),
(26, 105, 29, 'ລາຄາຕໍ່ໜ່ວຍ', 3, 1, 1, NULL, '2026-06-11 06:38:46', '2026-06-11 06:38:46'),
(27, 105, 30, 'ຈຳນວນຄັ້ງ', 4, 1, 1, NULL, '2026-06-11 06:38:46', '2026-06-11 06:38:46'),
(28, 105, 31, 'ຈຳນວນພາກສ່ວນ', 5, 1, 1, NULL, '2026-06-11 06:38:46', '2026-06-11 06:38:46'),
(29, 105, 32, 'ຈຳນວນເງິນປີ', 6, 0, 1, NULL, '2026-06-11 06:38:46', '2026-06-11 06:38:46'),
(30, 105, 33, 'ໝາຍເຫດ', 7, 0, 1, NULL, '2026-06-11 06:38:46', '2026-06-11 06:38:46'),
(31, 106, 9, 'ລາຍການ', 1, 1, 1, NULL, '2026-06-11 06:38:46', '2026-06-11 06:38:46'),
(32, 106, 29, 'ລາຄາຕໍ່ໜ່ວຍ', 3, 1, 1, NULL, '2026-06-11 06:38:46', '2026-06-11 06:38:46'),
(33, 106, 30, 'ຈຳນວນຄັ້ງ', 4, 1, 1, NULL, '2026-06-11 06:38:47', '2026-06-11 06:38:47'),
(34, 106, 31, 'ຈຳນວນພາກສ່ວນ', 5, 1, 1, NULL, '2026-06-11 06:38:47', '2026-06-11 06:38:47'),
(35, 106, 32, 'ຈຳນວນເງິນປີ', 6, 0, 1, NULL, '2026-06-11 06:38:47', '2026-06-11 06:38:47'),
(36, 106, 33, 'ໝາຍເຫດ', 7, 0, 1, NULL, '2026-06-11 06:38:47', '2026-06-11 06:38:47'),
(37, 66, 5, 'ລາຍການ', 1, 1, 1, NULL, '2026-06-11 07:10:54', '2026-06-11 07:10:54'),
(38, 66, 19, 'ລາຄາຕໍ່ໜ່ວຍ', 3, 1, 1, NULL, '2026-06-11 07:10:54', '2026-06-11 07:10:54'),
(39, 66, 20, 'ຈຳນວນ', 4, 1, 1, NULL, '2026-06-11 07:10:54', '2026-06-11 07:10:54'),
(40, 66, 21, 'ຈຳນວນຄັ້ງ', 5, 1, 1, '1', '2026-06-11 07:10:54', '2026-06-11 07:10:54'),
(41, 66, 22, 'ຈຳນວນເງິນ/ປີ', 6, 0, 1, NULL, '2026-06-11 07:10:54', '2026-06-11 07:10:54'),
(42, 66, 23, 'ໝາຍເຫດ', 7, 0, 1, NULL, '2026-06-11 07:10:54', '2026-06-11 07:10:54'),
(43, 123, 9, 'ລາຍການ', 1, 1, 1, NULL, '2026-06-11 07:45:23', '2026-06-11 07:45:23'),
(44, 123, 29, 'ລາຄາຕໍ່ໜ່ວຍ', 3, 1, 1, NULL, '2026-06-11 07:45:23', '2026-06-11 07:45:23'),
(45, 123, 30, 'ຈຳນວນຄັ້ງ', 4, 1, 1, NULL, '2026-06-11 07:45:23', '2026-06-11 07:45:23'),
(46, 123, 31, 'ຈຳນວນຄົນ', 5, 1, 1, NULL, '2026-06-11 07:45:23', '2026-06-11 07:45:23'),
(47, 123, 32, 'ຈຳນວນເງິນປີ', 6, 0, 1, NULL, '2026-06-11 07:45:23', '2026-06-11 07:45:23'),
(48, 123, 33, 'ໝາຍເຫດ', 7, 0, 1, NULL, '2026-06-11 07:45:23', '2026-06-11 07:45:23'),
(49, 124, 9, 'ລາຍການ', 1, 1, 1, NULL, '2026-06-11 07:45:23', '2026-06-11 07:45:23'),
(50, 124, 29, 'ລາຄາຕໍ່ໜ່ວຍ', 3, 1, 1, NULL, '2026-06-11 07:45:23', '2026-06-11 07:45:23'),
(51, 124, 30, 'ຈຳນວນຄັ້ງ', 4, 1, 1, NULL, '2026-06-11 07:45:24', '2026-06-11 07:45:24'),
(52, 124, 31, 'ຈຳນວນພາກສ່ວນ', 5, 1, 1, NULL, '2026-06-11 07:45:24', '2026-06-11 07:45:24'),
(53, 124, 32, 'ຈຳນວນເງິນປີ', 6, 0, 1, NULL, '2026-06-11 07:45:24', '2026-06-11 07:45:24'),
(54, 124, 33, 'ໝາຍເຫດ', 7, 0, 1, NULL, '2026-06-11 07:45:24', '2026-06-11 07:45:24'),
(55, 125, 9, 'ລາຍການ', 1, 1, 1, NULL, '2026-06-11 07:45:24', '2026-06-11 07:45:24'),
(56, 125, 29, 'ລາຄາຕໍ່ໜ່ວຍ', 3, 1, 1, NULL, '2026-06-11 07:45:24', '2026-06-11 07:45:24'),
(57, 125, 30, 'ຈຳນວນຄັ້ງ', 4, 1, 1, NULL, '2026-06-11 07:45:24', '2026-06-11 07:45:24'),
(58, 125, 31, 'ຈຳນວນພາກສ່ວນ', 5, 1, 1, NULL, '2026-06-11 07:45:24', '2026-06-11 07:45:24'),
(59, 125, 32, 'ຈຳນວນເງິນປີ', 6, 0, 1, NULL, '2026-06-11 07:45:24', '2026-06-11 07:45:24'),
(60, 125, 33, 'ໝາຍເຫດ', 7, 0, 1, NULL, '2026-06-11 07:45:24', '2026-06-11 07:45:24'),
(61, 116, 5, 'ລາຍການ', 1, 1, 1, NULL, '2026-06-11 07:45:24', '2026-06-11 07:45:24'),
(62, 116, 19, 'ລາຄາຕໍ່ໜ່ວຍ', 3, 1, 1, NULL, '2026-06-11 07:45:24', '2026-06-11 07:45:24'),
(63, 116, 20, 'ຈຳນວນ', 4, 1, 1, NULL, '2026-06-11 07:45:24', '2026-06-11 07:45:24'),
(64, 116, 21, 'ຈຳນວນຄັ້ງ', 5, 1, 1, '1', '2026-06-11 07:45:24', '2026-06-11 07:45:24'),
(65, 116, 22, 'ຈຳນວນເງິນ/ປີ', 6, 0, 1, NULL, '2026-06-11 07:45:24', '2026-06-11 07:45:24'),
(66, 116, 23, 'ໝາຍເຫດ', 7, 0, 1, NULL, '2026-06-11 07:45:24', '2026-06-11 07:45:24');

-- --------------------------------------------------------

--
-- Table structure for table `income_rate_settings`
--

CREATE TABLE `income_rate_settings` (
  `id` bigint UNSIGNED NOT NULL,
  `setting_set_id` bigint UNSIGNED DEFAULT NULL,
  `key` varchar(50) CHARACTER SET utf8mb4 COLLATE utf8mb4_unicode_ci NOT NULL,
  `label` varchar(255) CHARACTER SET utf8mb4 COLLATE utf8mb4_unicode_ci NOT NULL,
  `rate` decimal(15,2) NOT NULL DEFAULT '0.00',
  `created_at` timestamp NULL DEFAULT NULL,
  `updated_at` timestamp NULL DEFAULT NULL
) ENGINE=InnoDB DEFAULT CHARSET=utf8mb4 COLLATE=utf8mb4_unicode_ci;

--
-- Dumping data for table `income_rate_settings`
--

INSERT INTO `income_rate_settings` (`id`, `setting_set_id`, `key`, `label`, `rate`, `created_at`, `updated_at`) VALUES
(1, 1, 'item3_rate', 'ຄ່າລົງທະບຽນເທີມສາມ', 90000.00, '2026-05-18 20:31:56', '2026-05-31 23:35:17'),
(2, 1, 'item4_rate', 'ຄ່າບູລະນະຫ້ອງທົດລອງຄອມພິວເຕີ', 50000.00, '2026-05-18 20:31:56', '2026-05-31 23:35:17'),
(3, 1, 'item5_rate', 'ຄ່າບຳລຸງອຸປະກອນຫ້ອງທົດລອງ', 20000.00, '2026-05-18 20:31:56', '2026-05-31 23:35:17'),
(4, 1, 'item6_rate', 'ຄ່າ​ບໍລິການວິຊາການ ແລະ ຄ່າບໍລິການ​ອື່ນໆ', 0.00, '2026-05-18 20:31:56', '2026-05-31 23:35:17');

-- --------------------------------------------------------

--
-- Table structure for table `migrations`
--

CREATE TABLE `migrations` (
  `id` int UNSIGNED NOT NULL,
  `migration` varchar(255) CHARACTER SET utf8mb4 COLLATE utf8mb4_unicode_ci NOT NULL,
  `batch` int NOT NULL
) ENGINE=InnoDB DEFAULT CHARSET=utf8mb4 COLLATE=utf8mb4_unicode_ci;

--
-- Dumping data for table `migrations`
--

INSERT INTO `migrations` (`id`, `migration`, `batch`) VALUES
(4, '2026_05_17_133150_create_degree_programs_table', 1),
(5, '2026_05_17_133151_create_course_credit_settings_table', 1),
(6, '2026_05_17_133151_create_credit_unit_price_settings_table', 1),
(7, '2026_05_17_133154_create_academic_income_plans_table', 2),
(9, '2026_05_17_133154_create_registration_fee_settings_table', 2),
(10, '2026_05_17_133155_create_academic_income_items_table', 3),
(11, '2026_05_17_152605_modify_credit_course_settings_use_level', 4),
(12, '2026_05_17_153113_remove_masters_phd_level', 5),
(13, '2026_05_17_160545_redesign_registration_fee_settings_to_itemized', 6),
(14, '2026_05_17_165401_change_course_credit_settings_to_per_program', 7),
(15, '2026_05_18_000001_create_degree_programs_table', 8),
(16, '2026_05_18_000002_create_course_credit_settings_table', 8),
(17, '2026_05_18_000003_create_credit_unit_price_settings_table', 8),
(18, '2026_05_18_000004_create_registration_fee_settings_table', 8),
(19, '2026_05_18_000005_create_registration_fee_items_table', 8),
(23, '2026_05_18_000009_add_study_year_to_degree_programs', 9),
(24, '2026_05_18_000010_change_nuol_pct_to_level_based', 10),
(25, '2026_05_18_000011_create_nuol_pct_settings_table', 11),
(26, '2026_05_18_000012_create_expense_plans_table', 12),
(27, '2026_05_18_000013_create_expense_categories_table', 13),
(28, '2026_05_18_000013_create_expense_categories_table', 13),
(29, '2026_05_18_000014_create_expense_items_table', 13),
(30, '2026_05_18_000015_add_year1_rate_to_course_credit_settings', 14),
(31, '2026_05_18_000016_replace_year1_rate_with_year1_credit_unit', 15),
(32, '2026_05_18_194752_create_income_rate_settings_table', 16),
(33, '2026_05_19_000017_create_income_rate_settings_table', 17),
(34, '2026_05_19_000018_fix_income_rate_settings_table', 18),
(35, '2026_05_19_000001_add_formula_fields_to_expense_tables', 19),
(39, '2026_05_20_000002_create_salary_plans_table', 20),
(40, '2026_05_20_000003_create_salary_entries_table', 20),
(42, '2026_05_25_000002_drop_academic_income_tables', 22),
(44, '2026_05_18_000006_create_academic_income_plans_table', 23),
(45, '2026_05_18_000007_create_academic_income_items_table', 23),
(46, '2026_05_18_000008_fix_academic_income_items_schema', 23),
(47, '2026_05_25_000001_drop_status_from_academic_income_plans_table', 24),
(48, '2026_05_25_000003_split_nuol_pct_master_phd', 25),
(49, '2026_05_25_123803_alter_registration_fee_settings_section_type_to_string', 26),
(50, '2026_05_21_000001_fix_expense_items_chart_of_account_fk', 27),
(53, '2026_05_28_000002_create_expense_ref_codes_table', 28),
(54, '2026_05_28_000003_drop_expense_categories_and_items_tables', 29),
(55, '2026_05_28_000001_create_expense_entries_table', 30),
(56, '2026_05_28_000004_add_parent_id_to_expense_ref_codes', 31),
(57, '2026_05_28_000005_add_ref_code_id_to_expense_entries', 32),
(58, '2026_05_28_000004_add_account_code_to_expense_ref_codes', 33),
(59, '2026_05_28_000005_add_category_codes_to_expense_entries', 34),
(60, '2026_05_28_000006_drop_entry_date_from_expense_entries', 35),
(61, '2026_05_28_000007_drop_account_code_from_expense_ref_codes', 36),
(73, '2026_05_30_170001_create_budget_plans_table', 37),
(74, '2026_05_30_170002_create_budget_plan_transitions_table', 37),
(75, '2026_05_30_170003_create_budget_plan_comments_table', 37),
(76, '2026_05_30_170004_add_budget_plan_id_to_sub_plans', 37),
(77, '2026_05_30_170005_drop_status_from_sub_plans', 37),
(79, '2026_05_31_000002_add_flat_fields_to_expense_entries', 38),
(80, '2026_06_08_000001_link_income_and_salary_plans_to_planning_years', 39),
(81, '2026_06_08_000002_create_expense_subsection_default_rows_table', 40),
(82, '2026_06_11_000001_create_expense_subsection_field_settings_table', 41),
(84, '2026_06_11_000002_add_summary_period_count_to_expense_tables', 42),
(86, '2026_06_11_000003_add_chart_account_to_expense_subsection_default_rows', 43);

-- --------------------------------------------------------

--
-- Table structure for table `nuol_pct_settings`
--

CREATE TABLE `nuol_pct_settings` (
  `id` bigint UNSIGNED NOT NULL,
  `setting_set_id` bigint UNSIGNED DEFAULT NULL,
  `level` enum('bachelor','master','phd') CHARACTER SET utf8mb4 COLLATE utf8mb4_unicode_ci NOT NULL,
  `percentage` decimal(5,4) NOT NULL,
  `gov_doc_id` varchar(255) CHARACTER SET utf8mb4 COLLATE utf8mb4_unicode_ci DEFAULT NULL,
  `start_year` smallint UNSIGNED NOT NULL,
  `created_at` timestamp NULL DEFAULT NULL,
  `updated_at` timestamp NULL DEFAULT NULL
) ENGINE=InnoDB DEFAULT CHARSET=utf8mb4 COLLATE=utf8mb4_unicode_ci;

--
-- Dumping data for table `nuol_pct_settings`
--

INSERT INTO `nuol_pct_settings` (`id`, `setting_set_id`, `level`, `percentage`, `gov_doc_id`, `start_year`, `created_at`, `updated_at`) VALUES
(2, 1, 'bachelor', 0.1700, NULL, 2026, '2026-05-18 05:32:31', '2026-05-27 04:35:46'),
(3, 1, 'master', 0.1000, NULL, 2026, '2026-05-18 05:32:49', '2026-05-25 11:52:20'),
(4, 1, 'phd', 0.1000, NULL, 2026, '2026-05-25 11:52:20', '2026-05-25 11:52:20');

-- --------------------------------------------------------

--
-- Table structure for table `planning_years`
--

CREATE TABLE `planning_years` (
  `id` bigint UNSIGNED NOT NULL,
  `year` smallint UNSIGNED NOT NULL,
  `name` varchar(255) CHARACTER SET utf8mb4 COLLATE utf8mb4_unicode_ci NOT NULL,
  `description` text CHARACTER SET utf8mb4 COLLATE utf8mb4_unicode_ci,
  `is_active` tinyint(1) NOT NULL DEFAULT '1',
  `created_at` timestamp NULL DEFAULT NULL,
  `updated_at` timestamp NULL DEFAULT NULL
) ENGINE=InnoDB DEFAULT CHARSET=utf8mb4 COLLATE=utf8mb4_unicode_ci;

--
-- Dumping data for table `planning_years`
--

INSERT INTO `planning_years` (`id`, `year`, `name`, `description`, `is_active`, `created_at`, `updated_at`) VALUES
(1, 2026, 'ແຜນງົບປະມານ 2026', 'ແຜນງົບປະມານລາຍຈ່າຍປະຈຳສົກປີ 2026 ນຳເຂົ້າຈາກ Planning 2026.xls', 1, '2026-06-05 00:00:00', '2026-06-05 00:00:00'),
(4, 2027, 'Planning 2027', NULL, 1, '2026-06-08 05:45:43', '2026-06-08 05:45:43'),
(5, 2028, 'unik 2028', 'ggez', 1, '2026-06-11 07:45:18', '2026-06-11 07:45:18');

-- --------------------------------------------------------

--
-- Table structure for table `planning_year_field_settings`
--

CREATE TABLE `planning_year_field_settings` (
  `id` bigint UNSIGNED NOT NULL,
  `planning_year_id` bigint UNSIGNED NOT NULL,
  `pattern_field_id` bigint UNSIGNED NOT NULL,
  `label` varchar(255) CHARACTER SET utf8mb4 COLLATE utf8mb4_unicode_ci NOT NULL,
  `display_order` int UNSIGNED NOT NULL DEFAULT '0',
  `is_required` tinyint(1) NOT NULL DEFAULT '0',
  `is_active` tinyint(1) NOT NULL DEFAULT '1',
  `default_value` varchar(255) CHARACTER SET utf8mb4 COLLATE utf8mb4_unicode_ci DEFAULT NULL,
  `created_at` timestamp NULL DEFAULT NULL,
  `updated_at` timestamp NULL DEFAULT NULL
) ENGINE=InnoDB DEFAULT CHARSET=utf8mb4 COLLATE=utf8mb4_unicode_ci;

--
-- Dumping data for table `planning_year_field_settings`
--

INSERT INTO `planning_year_field_settings` (`id`, `planning_year_id`, `pattern_field_id`, `label`, `display_order`, `is_required`, `is_active`, `default_value`, `created_at`, `updated_at`) VALUES
(1, 1, 1, 'ລາຍການ', 1, 1, 1, NULL, '2026-06-05 00:00:00', '2026-06-05 00:00:00'),
(2, 1, 2, 'ອ້າງອີງ', 2, 0, 1, NULL, '2026-06-05 00:00:00', '2026-06-05 00:00:00'),
(3, 1, 3, 'ລາຍການ', 1, 1, 1, NULL, '2026-06-05 00:00:00', '2026-06-05 00:00:00'),
(4, 1, 4, 'ອ້າງອີງ', 2, 0, 1, NULL, '2026-06-05 00:00:00', '2026-06-05 00:00:00'),
(5, 1, 5, 'ລາຍການ', 1, 1, 1, NULL, '2026-06-05 00:00:00', '2026-06-05 00:00:00'),
(6, 1, 6, 'ອ້າງອີງ', 2, 0, 1, NULL, '2026-06-05 00:00:00', '2026-06-05 00:00:00'),
(7, 1, 7, 'ລາຍການ', 1, 1, 1, NULL, '2026-06-05 00:00:00', '2026-06-05 00:00:00'),
(8, 1, 8, 'ອ້າງອີງ', 2, 0, 1, NULL, '2026-06-05 00:00:00', '2026-06-05 00:00:00'),
(9, 1, 9, 'ລາຍການ', 1, 1, 1, NULL, '2026-06-05 00:00:00', '2026-06-05 00:00:00'),
(10, 1, 10, 'ອ້າງອີງ', 2, 0, 1, NULL, '2026-06-05 00:00:00', '2026-06-05 00:00:00'),
(11, 1, 11, 'ຕໍ່ເດືອນ', 3, 1, 1, NULL, '2026-06-05 00:00:00', '2026-06-05 00:00:00'),
(12, 1, 12, 'ຈ/ນ', 4, 1, 1, '12', '2026-06-05 00:00:00', '2026-06-05 00:00:00'),
(13, 1, 13, 'ໝົດປີ', 5, 0, 1, NULL, '2026-06-05 00:00:00', '2026-06-05 00:00:00'),
(14, 1, 14, 'ໝາຍເຫດ', 6, 0, 1, NULL, '2026-06-05 00:00:00', '2026-06-05 00:00:00'),
(15, 1, 15, 'ລາຄາຕໍ່ໜ່ວຍ', 3, 1, 1, NULL, '2026-06-05 00:00:00', '2026-06-05 00:00:00'),
(16, 1, 16, 'ຈຳນວນ', 4, 1, 1, NULL, '2026-06-05 00:00:00', '2026-06-05 00:00:00'),
(17, 1, 17, 'ຈຳນວນເງິນ/ປີ', 5, 0, 1, NULL, '2026-06-05 00:00:00', '2026-06-05 00:00:00'),
(18, 1, 18, 'ໝາຍເຫດ', 6, 0, 1, NULL, '2026-06-05 00:00:00', '2026-06-05 00:00:00'),
(19, 1, 19, 'ລາຄາຕໍ່ໜ່ວຍ', 3, 1, 1, NULL, '2026-06-05 00:00:00', '2026-06-05 00:00:00'),
(20, 1, 20, 'ຈຳນວນ', 4, 1, 1, NULL, '2026-06-05 00:00:00', '2026-06-05 00:00:00'),
(21, 1, 21, 'ຈຳນວນຄັ້ງ', 5, 1, 1, '2', '2026-06-05 00:00:00', '2026-06-05 00:00:00'),
(22, 1, 22, 'ຈຳນວນເງິນ/ປີ', 6, 0, 1, NULL, '2026-06-05 00:00:00', '2026-06-05 00:00:00'),
(23, 1, 23, 'ໝາຍເຫດ', 7, 0, 1, NULL, '2026-06-05 00:00:00', '2026-06-05 00:00:00'),
(24, 1, 24, 'ຕໍ່ເດືອນ', 3, 1, 1, NULL, '2026-06-05 00:00:00', '2026-06-05 00:00:00'),
(25, 1, 25, 'ຈຳນວນ', 4, 1, 1, '1', '2026-06-05 00:00:00', '2026-06-05 00:00:00'),
(26, 1, 26, 'ຈຳນວນເດືອນ/ຄັ້ງ', 5, 1, 1, NULL, '2026-06-05 00:00:00', '2026-06-05 00:00:00'),
(27, 1, 27, 'ຄ່າໃຊ້ຈ່າຍໝົດປີ', 6, 0, 1, NULL, '2026-06-05 00:00:00', '2026-06-05 00:00:00'),
(28, 1, 28, 'ໝາຍເຫດ', 7, 0, 1, NULL, '2026-06-05 00:00:00', '2026-06-05 00:00:00'),
(29, 1, 29, 'ລາຄາ/ຫົວໜ່ວຍ', 3, 1, 1, NULL, '2026-06-05 00:00:00', '2026-06-05 00:00:00'),
(30, 1, 30, 'ຈຳນວນຄັ້ງ', 4, 1, 1, NULL, '2026-06-05 00:00:00', '2026-06-05 00:00:00'),
(31, 1, 31, 'ຈຳນວນຄົນ', 5, 1, 1, NULL, '2026-06-05 00:00:00', '2026-06-05 00:00:00'),
(32, 1, 32, 'ຈຳນວນເງິນ/ປີ', 6, 0, 1, NULL, '2026-06-05 00:00:00', '2026-06-05 00:00:00'),
(33, 1, 33, 'ໝາຍເຫດ', 7, 0, 1, NULL, '2026-06-05 00:00:00', '2026-06-05 00:00:00'),
(67, 4, 1, 'ລາຍການ', 1, 1, 1, NULL, '2026-06-08 06:13:58', '2026-06-08 06:13:58'),
(68, 4, 2, 'ອ້າງອີງ', 2, 0, 1, NULL, '2026-06-08 06:13:59', '2026-06-08 06:13:59'),
(69, 4, 3, 'ລາຍການ', 1, 1, 1, NULL, '2026-06-08 06:13:59', '2026-06-08 06:13:59'),
(70, 4, 4, 'ອ້າງອີງ', 2, 0, 1, NULL, '2026-06-08 06:13:59', '2026-06-08 06:13:59'),
(71, 4, 5, 'ລາຍການ', 1, 1, 1, NULL, '2026-06-08 06:13:59', '2026-06-08 06:13:59'),
(72, 4, 6, 'ອ້າງອີງ', 2, 0, 1, NULL, '2026-06-08 06:13:59', '2026-06-08 06:13:59'),
(73, 4, 7, 'ລາຍການ', 1, 1, 1, NULL, '2026-06-08 06:13:59', '2026-06-08 06:13:59'),
(74, 4, 8, 'ອ້າງອີງ', 2, 0, 1, NULL, '2026-06-08 06:13:59', '2026-06-08 06:13:59'),
(75, 4, 9, 'ລາຍການ', 1, 1, 1, NULL, '2026-06-08 06:13:59', '2026-06-08 06:13:59'),
(76, 4, 10, 'ອ້າງອີງ', 2, 0, 1, NULL, '2026-06-08 06:13:59', '2026-06-08 06:13:59'),
(77, 4, 11, 'ຕໍ່ເດືອນ', 3, 1, 1, NULL, '2026-06-08 06:14:00', '2026-06-08 06:14:00'),
(78, 4, 12, 'ຈ/ນ', 4, 1, 1, '12', '2026-06-08 06:14:00', '2026-06-08 06:14:00'),
(79, 4, 13, 'ໝົດປີ', 5, 0, 1, NULL, '2026-06-08 06:14:00', '2026-06-08 06:14:00'),
(80, 4, 14, 'ໝາຍເຫດ', 6, 0, 1, NULL, '2026-06-08 06:14:00', '2026-06-08 06:14:00'),
(81, 4, 15, 'ລາຄາຕໍ່ໜ່ວຍ', 3, 1, 1, NULL, '2026-06-08 06:14:00', '2026-06-08 06:14:00'),
(82, 4, 16, 'ຈຳນວນ', 4, 1, 1, NULL, '2026-06-08 06:14:00', '2026-06-08 06:14:00'),
(83, 4, 17, 'ຈຳນວນເງິນ/ປີ', 5, 0, 1, NULL, '2026-06-08 06:14:00', '2026-06-08 06:14:00'),
(84, 4, 18, 'ໝາຍເຫດ', 6, 0, 1, NULL, '2026-06-08 06:14:00', '2026-06-08 06:14:00'),
(85, 4, 19, 'ລາຄາຕໍ່ໜ່ວຍ', 3, 1, 1, NULL, '2026-06-08 06:14:00', '2026-06-08 06:14:00'),
(86, 4, 20, 'ຈຳນວນ', 4, 1, 1, NULL, '2026-06-08 06:14:01', '2026-06-08 06:14:01'),
(87, 4, 21, 'ຈຳນວນຄັ້ງ', 5, 1, 1, '2', '2026-06-08 06:14:01', '2026-06-08 06:14:01'),
(88, 4, 22, 'ຈຳນວນເງິນ/ປີ', 6, 0, 1, NULL, '2026-06-08 06:14:01', '2026-06-08 06:14:01'),
(89, 4, 23, 'ໝາຍເຫດ', 7, 0, 1, NULL, '2026-06-08 06:14:01', '2026-06-08 06:14:01'),
(90, 4, 24, 'ຕໍ່ເດືອນ', 3, 1, 1, NULL, '2026-06-08 06:14:01', '2026-06-08 06:14:01'),
(91, 4, 25, 'ຈຳນວນ', 4, 1, 1, '1', '2026-06-08 06:14:01', '2026-06-08 06:14:01'),
(92, 4, 26, 'ຈຳນວນເດືອນ/ຄັ້ງ', 5, 1, 1, NULL, '2026-06-08 06:14:01', '2026-06-08 06:14:01'),
(93, 4, 27, 'ຄ່າໃຊ້ຈ່າຍໝົດປີ', 6, 0, 1, NULL, '2026-06-08 06:14:01', '2026-06-08 06:14:01'),
(94, 4, 28, 'ໝາຍເຫດ', 7, 0, 1, NULL, '2026-06-08 06:14:01', '2026-06-08 06:14:01'),
(95, 4, 29, 'ລາຄາ/ຫົວໜ່ວຍ', 3, 1, 1, NULL, '2026-06-08 06:14:02', '2026-06-08 06:14:02'),
(96, 4, 30, 'ຈຳນວນຄັ້ງ', 4, 1, 1, NULL, '2026-06-08 06:14:02', '2026-06-08 06:14:02'),
(97, 4, 31, 'ຈຳນວນຄົນ', 5, 1, 1, NULL, '2026-06-08 06:14:02', '2026-06-08 06:14:02'),
(98, 4, 32, 'ຈຳນວນເງິນ/ປີ', 6, 0, 1, NULL, '2026-06-08 06:14:02', '2026-06-08 06:14:02'),
(99, 4, 33, 'ໝາຍເຫດ', 7, 0, 1, NULL, '2026-06-08 06:14:02', '2026-06-08 06:14:02'),
(100, 5, 1, 'ລາຍການ', 1, 1, 1, NULL, '2026-06-11 07:45:21', '2026-06-11 07:45:21'),
(101, 5, 2, 'ອ້າງອີງ', 2, 0, 1, NULL, '2026-06-11 07:45:21', '2026-06-11 07:45:21'),
(102, 5, 3, 'ລາຍການ', 1, 1, 1, NULL, '2026-06-11 07:45:21', '2026-06-11 07:45:21'),
(103, 5, 4, 'ອ້າງອີງ', 2, 0, 1, NULL, '2026-06-11 07:45:21', '2026-06-11 07:45:21'),
(104, 5, 5, 'ລາຍການ', 1, 1, 1, NULL, '2026-06-11 07:45:21', '2026-06-11 07:45:21'),
(105, 5, 6, 'ອ້າງອີງ', 2, 0, 1, NULL, '2026-06-11 07:45:22', '2026-06-11 07:45:22'),
(106, 5, 7, 'ລາຍການ', 1, 1, 1, NULL, '2026-06-11 07:45:22', '2026-06-11 07:45:22'),
(107, 5, 8, 'ອ້າງອີງ', 2, 0, 1, NULL, '2026-06-11 07:45:22', '2026-06-11 07:45:22'),
(108, 5, 9, 'ລາຍການ', 1, 1, 1, NULL, '2026-06-11 07:45:22', '2026-06-11 07:45:22'),
(109, 5, 10, 'ອ້າງອີງ', 2, 0, 1, NULL, '2026-06-11 07:45:22', '2026-06-11 07:45:22'),
(110, 5, 11, 'ຕໍ່ເດືອນ', 3, 1, 1, NULL, '2026-06-11 07:45:22', '2026-06-11 07:45:22'),
(111, 5, 12, 'ຈ/ນ', 4, 1, 1, '12', '2026-06-11 07:45:22', '2026-06-11 07:45:22'),
(112, 5, 13, 'ໝົດປີ', 5, 0, 1, NULL, '2026-06-11 07:45:22', '2026-06-11 07:45:22'),
(113, 5, 14, 'ໝາຍເຫດ', 6, 0, 1, NULL, '2026-06-11 07:45:22', '2026-06-11 07:45:22'),
(114, 5, 15, 'ລາຄາຕໍ່ໜ່ວຍ', 3, 1, 1, NULL, '2026-06-11 07:45:22', '2026-06-11 07:45:22'),
(115, 5, 16, 'ຈຳນວນ', 4, 1, 1, NULL, '2026-06-11 07:45:22', '2026-06-11 07:45:22'),
(116, 5, 17, 'ຈຳນວນເງິນ/ປີ', 5, 0, 1, NULL, '2026-06-11 07:45:22', '2026-06-11 07:45:22'),
(117, 5, 18, 'ໝາຍເຫດ', 6, 0, 1, NULL, '2026-06-11 07:45:22', '2026-06-11 07:45:22'),
(118, 5, 19, 'ລາຄາຕໍ່ໜ່ວຍ', 3, 1, 1, NULL, '2026-06-11 07:45:22', '2026-06-11 07:45:22'),
(119, 5, 20, 'ຈຳນວນ', 4, 1, 1, NULL, '2026-06-11 07:45:22', '2026-06-11 07:45:22'),
(120, 5, 21, 'ຈຳນວນຄັ້ງ', 5, 1, 1, '2', '2026-06-11 07:45:22', '2026-06-11 07:45:22'),
(121, 5, 22, 'ຈຳນວນເງິນ/ປີ', 6, 0, 1, NULL, '2026-06-11 07:45:22', '2026-06-11 07:45:22'),
(122, 5, 23, 'ໝາຍເຫດ', 7, 0, 1, NULL, '2026-06-11 07:45:22', '2026-06-11 07:45:22'),
(123, 5, 24, 'ຕໍ່ເດືອນ', 3, 1, 1, NULL, '2026-06-11 07:45:23', '2026-06-11 07:45:23'),
(124, 5, 25, 'ຈຳນວນ', 4, 1, 1, '1', '2026-06-11 07:45:23', '2026-06-11 07:45:23'),
(125, 5, 26, 'ຈຳນວນເດືອນ/ຄັ້ງ', 5, 1, 1, NULL, '2026-06-11 07:45:23', '2026-06-11 07:45:23'),
(126, 5, 27, 'ຄ່າໃຊ້ຈ່າຍໝົດປີ', 6, 0, 1, NULL, '2026-06-11 07:45:23', '2026-06-11 07:45:23'),
(127, 5, 28, 'ໝາຍເຫດ', 7, 0, 1, NULL, '2026-06-11 07:45:23', '2026-06-11 07:45:23'),
(128, 5, 29, 'ລາຄາ/ຫົວໜ່ວຍ', 3, 1, 1, NULL, '2026-06-11 07:45:23', '2026-06-11 07:45:23'),
(129, 5, 30, 'ຈຳນວນຄັ້ງ', 4, 1, 1, NULL, '2026-06-11 07:45:23', '2026-06-11 07:45:23'),
(130, 5, 31, 'ຈຳນວນຄົນ', 5, 1, 1, NULL, '2026-06-11 07:45:23', '2026-06-11 07:45:23'),
(131, 5, 32, 'ຈຳນວນເງິນ/ປີ', 6, 0, 1, NULL, '2026-06-11 07:45:23', '2026-06-11 07:45:23'),
(132, 5, 33, 'ໝາຍເຫດ', 7, 0, 1, NULL, '2026-06-11 07:45:23', '2026-06-11 07:45:23');

-- --------------------------------------------------------

--
-- Table structure for table `registration_fee_items`
--

CREATE TABLE `registration_fee_items` (
  `id` bigint UNSIGNED NOT NULL,
  `fee_setting_id` bigint UNSIGNED NOT NULL,
  `sort_order` tinyint UNSIGNED NOT NULL DEFAULT '0',
  `name` varchar(255) CHARACTER SET utf8mb4 COLLATE utf8mb4_unicode_ci NOT NULL,
  `amount` decimal(15,2) NOT NULL,
  `nuol_pct` decimal(5,4) NOT NULL DEFAULT '0.0000',
  `created_at` timestamp NULL DEFAULT NULL,
  `updated_at` timestamp NULL DEFAULT NULL
) ENGINE=InnoDB DEFAULT CHARSET=utf8mb4 COLLATE=utf8mb4_unicode_ci;

--
-- Dumping data for table `registration_fee_items`
--

INSERT INTO `registration_fee_items` (`id`, `fee_setting_id`, `sort_order`, `name`, `amount`, `nuol_pct`, `created_at`, `updated_at`) VALUES
(11, 27, 1, 'ຄ່າທຳນຽມລົງທະບຽນປະຈໍາປີ', 15000.00, 1.0000, '2026-05-17 16:09:40', '2026-05-17 16:09:40'),
(12, 27, 2, 'ຄ່າຊຸດເອກະສານລົງທະບຽນ ນ/ສ ໃໝ່', 15000.00, 1.0000, '2026-05-17 16:09:40', '2026-05-17 16:09:40'),
(13, 27, 3, 'ຄ່າອະນາໄມຫ້ອງຮຽນ', 25000.00, 0.0000, '2026-05-17 16:09:40', '2026-05-17 16:09:40'),
(14, 27, 4, 'ບຳລຸງອຸປະກອນການຮຽນ-ການສອນ', 20000.00, 0.0000, '2026-05-17 16:09:40', '2026-05-17 16:09:40'),
(15, 27, 5, 'ບຳລຸງກິດຈະກຳນັກສຶກສາ', 30000.00, 0.3000, '2026-05-17 16:09:40', '2026-05-17 16:09:40'),
(16, 27, 6, 'ບຳລຸງວິທະຍາເຂດ', 30000.00, 0.4000, '2026-05-17 16:09:40', '2026-05-17 16:09:40'),
(17, 27, 7, 'ອຸດໜູນວຽກປ້ອງກັນ', 20000.00, 0.0000, '2026-05-17 16:09:40', '2026-05-17 16:09:40'),
(18, 27, 8, 'ບຳລຸງຫ້ອງອ່ານ', 10000.00, 0.0000, '2026-05-17 16:09:40', '2026-05-17 16:09:40'),
(19, 27, 9, 'ບຳລຸງຫ້ອງທົດລອງ', 15000.00, 0.0000, '2026-05-17 16:09:40', '2026-05-17 16:09:40'),
(20, 27, 10, 'ບໍລິການສອບເສັງ', 25000.00, 0.0000, '2026-05-17 16:09:40', '2026-05-17 16:09:40'),
(21, 27, 11, 'ບໍລິການການລົງທະບຽນລາຍວິຊາ', 5000.00, 0.0000, '2026-05-17 16:09:40', '2026-05-17 16:09:40'),
(37, 26, 0, 'ຄ່າທຳນຽມນັກສຶກສາລົງທະບຽນ', 10000.00, 0.2500, '2026-05-25 12:51:51', '2026-05-25 12:51:51'),
(38, 26, 1, 'ຄ່າອະນາໄມຫ້ອງຮຽນ', 25000.00, 0.0000, '2026-05-25 12:51:51', '2026-05-25 12:51:51'),
(39, 26, 2, 'ບຳລຸງອຸປະກອນການຮຽນ-ການສອນ', 20000.00, 0.0000, '2026-05-25 12:51:51', '2026-05-25 12:51:51'),
(40, 26, 3, 'ບຳລຸງກິດຈະກຳນັກສຶກສາ', 30000.00, 0.3000, '2026-05-25 12:51:51', '2026-05-25 12:51:51'),
(41, 26, 4, 'ບຳລຸງວິທະຍາເຂດ', 30000.00, 0.4000, '2026-05-25 12:51:51', '2026-05-25 12:51:51'),
(42, 26, 5, 'ອຸດໜູນວຽກປ້ອງກັນ', 20000.00, 0.0000, '2026-05-25 12:51:51', '2026-05-25 12:51:51'),
(43, 26, 6, 'ບຳລຸງຫ້ອງອ່ານ', 30000.00, 0.0000, '2026-05-25 12:51:51', '2026-05-25 12:51:51'),
(44, 26, 7, 'ບຳລຸງຫ້ອງທົດລອງ', 15000.00, 0.0000, '2026-05-25 12:51:51', '2026-05-25 12:51:51'),
(45, 26, 8, 'ບໍລິການສອບເສັງ', 25000.00, 0.0000, '2026-05-25 12:51:51', '2026-05-25 12:51:51'),
(46, 26, 9, 'ບໍລິການການລົງທະບຽນລາຍວິຊາ', 5000.00, 0.0000, '2026-05-25 12:51:51', '2026-05-25 12:51:51');

-- --------------------------------------------------------

--
-- Table structure for table `registration_fee_settings`
--

CREATE TABLE `registration_fee_settings` (
  `id` bigint UNSIGNED NOT NULL,
  `section_type` varchar(255) CHARACTER SET utf8mb4 COLLATE utf8mb4_unicode_ci NOT NULL,
  `gov_doc_id` varchar(255) CHARACTER SET utf8mb4 COLLATE utf8mb4_unicode_ci DEFAULT NULL,
  `start_year` smallint UNSIGNED NOT NULL,
  `created_at` timestamp NULL DEFAULT NULL,
  `updated_at` timestamp NULL DEFAULT NULL
) ENGINE=InnoDB DEFAULT CHARSET=utf8mb4 COLLATE=utf8mb4_unicode_ci;

--
-- Dumping data for table `registration_fee_settings`
--

INSERT INTO `registration_fee_settings` (`id`, `section_type`, `gov_doc_id`, `start_year`, `created_at`, `updated_at`) VALUES
(26, 'year2_4', NULL, 2026, '2026-05-17 16:09:40', '2026-05-17 16:09:40'),
(27, 'year1', NULL, 2026, '2026-05-17 16:09:40', '2026-05-17 16:09:40');

-- --------------------------------------------------------

--
-- Table structure for table `roles`
--

CREATE TABLE `roles` (
  `id` int NOT NULL,
  `role_name` varchar(50) CHARACTER SET utf8mb4 COLLATE utf8mb4_unicode_ci NOT NULL
) ENGINE=InnoDB DEFAULT CHARSET=utf8mb4 COLLATE=utf8mb4_unicode_ci;

--
-- Dumping data for table `roles`
--

INSERT INTO `roles` (`id`, `role_name`) VALUES
(3, 'accountant'),
(1, 'admin'),
(7, 'cashier'),
(4, 'deputy_head_of_faculty'),
(11, 'head_of_department'),
(5, 'head_of_faculty'),
(2, 'head_of_finance'),
(6, 'requester'),
(8, 'revenue_officer'),
(9, 'treasurer'),
(10, 'treasury_reconciliation_officer');

-- --------------------------------------------------------

--
-- Table structure for table `salary_entries`
--

CREATE TABLE `salary_entries` (
  `id` bigint UNSIGNED NOT NULL,
  `plan_id` bigint UNSIGNED NOT NULL,
  `chart_of_account_id` int UNSIGNED NOT NULL,
  `person_count` int UNSIGNED NOT NULL DEFAULT '0',
  `atm_amount` decimal(15,2) NOT NULL DEFAULT '0.00',
  `cash_amount` decimal(15,2) NOT NULL DEFAULT '0.00',
  `monthly_total` decimal(15,2) NOT NULL DEFAULT '0.00',
  `annual_amount` decimal(15,2) NOT NULL DEFAULT '0.00',
  `remark` varchar(255) CHARACTER SET utf8mb4 COLLATE utf8mb4_unicode_ci DEFAULT NULL,
  `created_at` timestamp NULL DEFAULT NULL,
  `updated_at` timestamp NULL DEFAULT NULL
) ENGINE=InnoDB DEFAULT CHARSET=utf8mb4 COLLATE=utf8mb4_unicode_ci;

--
-- Dumping data for table `salary_entries`
--

INSERT INTO `salary_entries` (`id`, `plan_id`, `chart_of_account_id`, `person_count`, `atm_amount`, `cash_amount`, `monthly_total`, `annual_amount`, `remark`, `created_at`, `updated_at`) VALUES
(11, 8, 35, 0, 0.00, 0.00, 0.00, 0.00, NULL, '2026-06-05 08:36:13', '2026-06-05 08:36:13');

-- --------------------------------------------------------

--
-- Table structure for table `salary_plans`
--

CREATE TABLE `salary_plans` (
  `id` bigint UNSIGNED NOT NULL,
  `planning_year_id` bigint UNSIGNED DEFAULT NULL,
  `fiscal_year` smallint UNSIGNED NOT NULL,
  `month` tinyint UNSIGNED NOT NULL,
  `notes` text CHARACTER SET utf8mb4 COLLATE utf8mb4_unicode_ci,
  `created_by` int NOT NULL,
  `created_at` timestamp NULL DEFAULT NULL,
  `updated_at` timestamp NULL DEFAULT NULL
) ENGINE=InnoDB DEFAULT CHARSET=utf8mb4 COLLATE=utf8mb4_unicode_ci;

--
-- Dumping data for table `salary_plans`
--

INSERT INTO `salary_plans` (`id`, `planning_year_id`, `fiscal_year`, `month`, `notes`, `created_by`, `created_at`, `updated_at`) VALUES
(8, 1, 2026, 1, NULL, 2, '2026-05-31 17:37:27', '2026-05-31 17:37:27'),
(9, 4, 2027, 1, NULL, 2, '2026-06-08 05:47:37', '2026-06-08 05:47:37'),
(10, 5, 2028, 1, NULL, 2, '2026-06-11 11:08:35', '2026-06-11 11:08:35');

-- --------------------------------------------------------

--
-- Table structure for table `users`
--

CREATE TABLE `users` (
  `id` int NOT NULL,
  `username` varchar(50) CHARACTER SET utf8mb4 COLLATE utf8mb4_unicode_ci NOT NULL,
  `password` varchar(255) CHARACTER SET utf8mb4 COLLATE utf8mb4_unicode_ci NOT NULL,
  `full_name` varchar(100) CHARACTER SET utf8mb4 COLLATE utf8mb4_unicode_ci NOT NULL,
  `role_id` int NOT NULL,
  `department_id` int DEFAULT NULL,
  `is_active` tinyint(1) NOT NULL DEFAULT '1',
  `remember_token` varchar(100) CHARACTER SET utf8mb4 COLLATE utf8mb4_unicode_ci DEFAULT NULL
) ENGINE=InnoDB DEFAULT CHARSET=utf8mb4 COLLATE=utf8mb4_unicode_ci;

--
-- Dumping data for table `users`
--

INSERT INTO `users` (`id`, `username`, `password`, `full_name`, `role_id`, `department_id`, `is_active`, `remember_token`) VALUES
(1, 'admin01', '$2y$12$Cy73vWzkYGAjnpybpWpphuYXJH1nF/rM8cJS6QWOOb232Reeto6qe', 'admin', 1, NULL, 1, '59LMu3bRcZKwIojNwXoYV8s3HUHIT3hNXco2oxv5cFcj513s7cpq9JLCEbKt'),
(2, 'aj_boasod', '$2y$12$Cy73vWzkYGAjnpybpWpphuYXJH1nF/rM8cJS6QWOOb232Reeto6qe', 'aj_boasod', 2, NULL, 1, 'clZTZIbvpMQ8fQWCF8fduIaRpI3HwZy0OnIiCJAb1Gmr2e6c48AbiWUTEOaF'),
(3, 'accountant01', '$2y$12$Cy73vWzkYGAjnpybpWpphuYXJH1nF/rM8cJS6QWOOb232Reeto6qe', 'accountant', 3, NULL, 1, NULL),
(4, 'accountant02', '$2y$12$Cy73vWzkYGAjnpybpWpphuYXJH1nF/rM8cJS6QWOOb232Reeto6qe', 'accountantnaja', 3, NULL, 0, NULL),
(5, 'hong_head_fac', '$2y$12$Cy73vWzkYGAjnpybpWpphuYXJH1nF/rM8cJS6QWOOb232Reeto6qe', 'hong_head_fac', 4, NULL, 1, 's2OWp2O22m6kmwMsjA784B3H6o5Q1chIaT3TUvQwHF04IAajJCKIZMk0cHkk'),
(6, 'head_fac', '$2y$12$Cy73vWzkYGAjnpybpWpphuYXJH1nF/rM8cJS6QWOOb232Reeto6qe', 'head_fac', 5, NULL, 1, 'JwpV0l3y9AoFNuMLc4TjxYvFINxzOhUrvbIf7JYW53JNHBaFQyb5I908pjEE'),
(8, 'Teng1122', '$2y$12$f.9G6sZ1eamcuQuEO3UFQukIWHtjCg0SnpVaHZl1WHSVed3tsuX7K', 'Teng', 11, NULL, 1, 'j6kN28DyGQFplASDIRu15QOIVddRhI6PbMvKfXGsqutVhk9VVGRp5UUDaeA9'),
(9, 'valenthaiymany@gmail.com', '$2y$12$UsTnHcVp3x7FH3e9sED34eg0MiP3wWg5oI37YMnhdI6tfl9QbPHr.', 'Valenthaiy Many', 6, NULL, 1, NULL),
(10, 'luminusxdd981@gmail.com', '$2y$12$W0b4/PaL.421XOksvS/hn.lEaawX4smoMI5KKuOkUHL3XjszEMojK', 'Valenthaiy Many', 8, NULL, 1, 'vRz0XT159zFdVjX02fDArGUyLbTwMIjcfWcpQ4fUDjLQ5kT4MQ1wKUnksaiT'),
(11, 'beekhnlor', '$2y$12$1/yzOvXFvq18Qu4FhmVBtu2XO5xLxfu0O78jFx4D3JjRecGJJVAIy', 'beekingword', 1, NULL, 1, NULL),
(12, 'beesosad', '$2y$12$4BlQSk8TmK/piOLzpkgtsuKXVbn7/O61F8DQDD3dQHzN18EfqdX7i', 'bee', 6, NULL, 1, NULL),
(24, 'beesocute', '$2y$12$aXoryApvOR7VSStZ4I6REeKi0gKIYpF16xzY9tA1HW3OxejRBtjxW', 'khonesavanh', 6, NULL, 1, 'oW82H4h53NMgRXhJmWGHZSzmQa66fNNJixnTTxPJihFDkMQnLI76G1PCwDyQ'),
(25, 'var@gmail.com', '$2y$12$3JNHxpMaYRamRKo2QPdUuOAw2at9jpZSfXZG.3dOSkdEh.wiHdDt2', 'Valenthaiy Many', 3, NULL, 1, NULL);

--
-- Indexes for dumped tables
--

--
-- Indexes for table `academic_income_items`
--
ALTER TABLE `academic_income_items`
  ADD PRIMARY KEY (`id`),
  ADD UNIQUE KEY `aii_plan_section_program_unique` (`plan_id`,`section_code`,`degree_program_id`),
  ADD KEY `academic_income_items_degree_program_id_foreign` (`degree_program_id`);

--
-- Indexes for table `academic_income_plans`
--
ALTER TABLE `academic_income_plans`
  ADD PRIMARY KEY (`id`),
  ADD KEY `academic_income_plans_planning_year_id_foreign` (`planning_year_id`);

--
-- Indexes for table `academic_income_setting_sets`
--
ALTER TABLE `academic_income_setting_sets`
  ADD PRIMARY KEY (`id`),
  ADD UNIQUE KEY `academic_income_setting_sets_fiscal_year_unique` (`fiscal_year`);

--
-- Indexes for table `chart_of_accounts`
--
ALTER TABLE `chart_of_accounts`
  ADD PRIMARY KEY (`id`),
  ADD UNIQUE KEY `account_code` (`account_code`),
  ADD KEY `parent_id` (`parent_id`);

--
-- Indexes for table `course_credit_settings`
--
ALTER TABLE `course_credit_settings`
  ADD PRIMARY KEY (`id`),
  ADD KEY `course_credit_settings_degree_program_id_foreign` (`degree_program_id`);

--
-- Indexes for table `credit_unit_price_settings`
--
ALTER TABLE `credit_unit_price_settings`
  ADD PRIMARY KEY (`id`),
  ADD KEY `credit_unit_price_settings_setting_set_id_foreign` (`setting_set_id`);

--
-- Indexes for table `degree_programs`
--
ALTER TABLE `degree_programs`
  ADD PRIMARY KEY (`id`),
  ADD UNIQUE KEY `degree_programs_code_unique` (`code`);

--
-- Indexes for table `departments`
--
ALTER TABLE `departments`
  ADD PRIMARY KEY (`id`),
  ADD UNIQUE KEY `department_name` (`department_name`);

--
-- Indexes for table `expense_calculation_rules`
--
ALTER TABLE `expense_calculation_rules`
  ADD PRIMARY KEY (`id`),
  ADD KEY `expense_calculation_rules_year_id_foreign` (`planning_year_id`),
  ADD KEY `expense_calculation_rules_pattern_id_foreign` (`pattern_id`),
  ADD KEY `expense_calculation_rules_section_id_foreign` (`section_id`),
  ADD KEY `expense_calculation_rules_subsection_id_foreign` (`subsection_id`);

--
-- Indexes for table `expense_patterns`
--
ALTER TABLE `expense_patterns`
  ADD PRIMARY KEY (`id`),
  ADD UNIQUE KEY `expense_patterns_key_unique` (`key`);

--
-- Indexes for table `expense_pattern_fields`
--
ALTER TABLE `expense_pattern_fields`
  ADD PRIMARY KEY (`id`),
  ADD UNIQUE KEY `expense_pattern_fields_pattern_key_unique` (`pattern_id`,`field_key`);

--
-- Indexes for table `expense_plans`
--
ALTER TABLE `expense_plans`
  ADD PRIMARY KEY (`id`),
  ADD KEY `expense_plans_planning_year_id_foreign` (`planning_year_id`),
  ADD KEY `expense_plans_section_id_foreign` (`section_id`),
  ADD KEY `expense_plans_subsection_id_foreign` (`subsection_id`),
  ADD KEY `expense_plans_pattern_id_foreign` (`pattern_id`),
  ADD KEY `expense_plans_created_by_foreign` (`created_by`),
  ADD KEY `expense_plans_updated_by_foreign` (`updated_by`);

--
-- Indexes for table `expense_plan_values`
--
ALTER TABLE `expense_plan_values`
  ADD PRIMARY KEY (`id`),
  ADD UNIQUE KEY `expense_plan_values_plan_field_unique` (`expense_plan_id`,`field_key`);

--
-- Indexes for table `expense_sections`
--
ALTER TABLE `expense_sections`
  ADD PRIMARY KEY (`id`),
  ADD UNIQUE KEY `expense_sections_year_code_unique` (`planning_year_id`,`code`);

--
-- Indexes for table `expense_subsections`
--
ALTER TABLE `expense_subsections`
  ADD PRIMARY KEY (`id`),
  ADD UNIQUE KEY `expense_subsections_section_code_unique` (`section_id`,`code`),
  ADD KEY `expense_subsections_default_pattern_id_foreign` (`default_pattern_id`);

--
-- Indexes for table `expense_subsection_default_rows`
--
ALTER TABLE `expense_subsection_default_rows`
  ADD PRIMARY KEY (`id`),
  ADD KEY `expense_subsection_default_rows_subsection_code_sort_order_index` (`subsection_code`,`sort_order`),
  ADD KEY `expense_subsection_default_rows_subsection_code_index` (`subsection_code`),
  ADD KEY `expense_subsection_default_rows_chart_of_account_id_foreign` (`chart_of_account_id`);

--
-- Indexes for table `expense_subsection_field_settings`
--
ALTER TABLE `expense_subsection_field_settings`
  ADD PRIMARY KEY (`id`),
  ADD UNIQUE KEY `subsection_field_unique` (`subsection_id`,`pattern_field_id`),
  ADD KEY `expense_subsection_field_settings_pattern_field_id_foreign` (`pattern_field_id`);

--
-- Indexes for table `income_rate_settings`
--
ALTER TABLE `income_rate_settings`
  ADD PRIMARY KEY (`id`),
  ADD UNIQUE KEY `income_rate_settings_key_unique` (`key`),
  ADD KEY `income_rate_settings_setting_set_id_foreign` (`setting_set_id`);

--
-- Indexes for table `migrations`
--
ALTER TABLE `migrations`
  ADD PRIMARY KEY (`id`);

--
-- Indexes for table `nuol_pct_settings`
--
ALTER TABLE `nuol_pct_settings`
  ADD PRIMARY KEY (`id`),
  ADD KEY `nuol_pct_settings_setting_set_id_foreign` (`setting_set_id`);

--
-- Indexes for table `planning_years`
--
ALTER TABLE `planning_years`
  ADD PRIMARY KEY (`id`),
  ADD UNIQUE KEY `planning_years_year_unique` (`year`);

--
-- Indexes for table `planning_year_field_settings`
--
ALTER TABLE `planning_year_field_settings`
  ADD PRIMARY KEY (`id`),
  ADD UNIQUE KEY `planning_year_field_settings_year_field_unique` (`planning_year_id`,`pattern_field_id`),
  ADD KEY `planning_year_field_settings_field_id_foreign` (`pattern_field_id`);

--
-- Indexes for table `registration_fee_items`
--
ALTER TABLE `registration_fee_items`
  ADD PRIMARY KEY (`id`),
  ADD KEY `registration_fee_items_fee_setting_id_foreign` (`fee_setting_id`);

--
-- Indexes for table `registration_fee_settings`
--
ALTER TABLE `registration_fee_settings`
  ADD PRIMARY KEY (`id`);

--
-- Indexes for table `roles`
--
ALTER TABLE `roles`
  ADD PRIMARY KEY (`id`),
  ADD UNIQUE KEY `role_name` (`role_name`);

--
-- Indexes for table `salary_entries`
--
ALTER TABLE `salary_entries`
  ADD PRIMARY KEY (`id`),
  ADD KEY `salary_entries_plan_id_index` (`plan_id`),
  ADD KEY `salary_entries_chart_of_account_id_index` (`chart_of_account_id`);

--
-- Indexes for table `salary_plans`
--
ALTER TABLE `salary_plans`
  ADD PRIMARY KEY (`id`),
  ADD UNIQUE KEY `salary_plans_fiscal_year_month_unique` (`fiscal_year`,`month`),
  ADD KEY `salary_plans_created_by_foreign` (`created_by`),
  ADD KEY `salary_plans_fiscal_year_index` (`fiscal_year`),
  ADD KEY `salary_plans_planning_year_id_foreign` (`planning_year_id`);

--
-- Indexes for table `users`
--
ALTER TABLE `users`
  ADD PRIMARY KEY (`id`),
  ADD UNIQUE KEY `username` (`username`),
  ADD KEY `role_id` (`role_id`),
  ADD KEY `department_id` (`department_id`);

--
-- AUTO_INCREMENT for dumped tables
--

--
-- AUTO_INCREMENT for table `academic_income_items`
--
ALTER TABLE `academic_income_items`
  MODIFY `id` bigint UNSIGNED NOT NULL AUTO_INCREMENT, AUTO_INCREMENT=205;

--
-- AUTO_INCREMENT for table `academic_income_plans`
--
ALTER TABLE `academic_income_plans`
  MODIFY `id` bigint UNSIGNED NOT NULL AUTO_INCREMENT, AUTO_INCREMENT=13;

--
-- AUTO_INCREMENT for table `academic_income_setting_sets`
--
ALTER TABLE `academic_income_setting_sets`
  MODIFY `id` bigint UNSIGNED NOT NULL AUTO_INCREMENT, AUTO_INCREMENT=2;

--
-- AUTO_INCREMENT for table `chart_of_accounts`
--
ALTER TABLE `chart_of_accounts`
  MODIFY `id` int UNSIGNED NOT NULL AUTO_INCREMENT, AUTO_INCREMENT=313;

--
-- AUTO_INCREMENT for table `course_credit_settings`
--
ALTER TABLE `course_credit_settings`
  MODIFY `id` bigint UNSIGNED NOT NULL AUTO_INCREMENT, AUTO_INCREMENT=97;

--
-- AUTO_INCREMENT for table `credit_unit_price_settings`
--
ALTER TABLE `credit_unit_price_settings`
  MODIFY `id` bigint UNSIGNED NOT NULL AUTO_INCREMENT, AUTO_INCREMENT=31;

--
-- AUTO_INCREMENT for table `degree_programs`
--
ALTER TABLE `degree_programs`
  MODIFY `id` bigint UNSIGNED NOT NULL AUTO_INCREMENT, AUTO_INCREMENT=70;

--
-- AUTO_INCREMENT for table `departments`
--
ALTER TABLE `departments`
  MODIFY `id` int NOT NULL AUTO_INCREMENT, AUTO_INCREMENT=11;

--
-- AUTO_INCREMENT for table `expense_calculation_rules`
--
ALTER TABLE `expense_calculation_rules`
  MODIFY `id` bigint UNSIGNED NOT NULL AUTO_INCREMENT, AUTO_INCREMENT=21;

--
-- AUTO_INCREMENT for table `expense_patterns`
--
ALTER TABLE `expense_patterns`
  MODIFY `id` bigint UNSIGNED NOT NULL AUTO_INCREMENT, AUTO_INCREMENT=6;

--
-- AUTO_INCREMENT for table `expense_pattern_fields`
--
ALTER TABLE `expense_pattern_fields`
  MODIFY `id` bigint UNSIGNED NOT NULL AUTO_INCREMENT, AUTO_INCREMENT=35;

--
-- AUTO_INCREMENT for table `expense_plans`
--
ALTER TABLE `expense_plans`
  MODIFY `id` bigint UNSIGNED NOT NULL AUTO_INCREMENT, AUTO_INCREMENT=1730;

--
-- AUTO_INCREMENT for table `expense_plan_values`
--
ALTER TABLE `expense_plan_values`
  MODIFY `id` bigint UNSIGNED NOT NULL AUTO_INCREMENT, AUTO_INCREMENT=10779;

--
-- AUTO_INCREMENT for table `expense_sections`
--
ALTER TABLE `expense_sections`
  MODIFY `id` bigint UNSIGNED NOT NULL AUTO_INCREMENT, AUTO_INCREMENT=25;

--
-- AUTO_INCREMENT for table `expense_subsections`
--
ALTER TABLE `expense_subsections`
  MODIFY `id` bigint UNSIGNED NOT NULL AUTO_INCREMENT, AUTO_INCREMENT=154;

--
-- AUTO_INCREMENT for table `expense_subsection_default_rows`
--
ALTER TABLE `expense_subsection_default_rows`
  MODIFY `id` bigint UNSIGNED NOT NULL AUTO_INCREMENT, AUTO_INCREMENT=198;

--
-- AUTO_INCREMENT for table `expense_subsection_field_settings`
--
ALTER TABLE `expense_subsection_field_settings`
  MODIFY `id` bigint UNSIGNED NOT NULL AUTO_INCREMENT, AUTO_INCREMENT=67;

--
-- AUTO_INCREMENT for table `income_rate_settings`
--
ALTER TABLE `income_rate_settings`
  MODIFY `id` bigint UNSIGNED NOT NULL AUTO_INCREMENT, AUTO_INCREMENT=5;

--
-- AUTO_INCREMENT for table `migrations`
--
ALTER TABLE `migrations`
  MODIFY `id` int UNSIGNED NOT NULL AUTO_INCREMENT, AUTO_INCREMENT=87;

--
-- AUTO_INCREMENT for table `nuol_pct_settings`
--
ALTER TABLE `nuol_pct_settings`
  MODIFY `id` bigint UNSIGNED NOT NULL AUTO_INCREMENT, AUTO_INCREMENT=5;

--
-- AUTO_INCREMENT for table `planning_years`
--
ALTER TABLE `planning_years`
  MODIFY `id` bigint UNSIGNED NOT NULL AUTO_INCREMENT, AUTO_INCREMENT=6;

--
-- AUTO_INCREMENT for table `planning_year_field_settings`
--
ALTER TABLE `planning_year_field_settings`
  MODIFY `id` bigint UNSIGNED NOT NULL AUTO_INCREMENT, AUTO_INCREMENT=133;

--
-- AUTO_INCREMENT for table `registration_fee_items`
--
ALTER TABLE `registration_fee_items`
  MODIFY `id` bigint UNSIGNED NOT NULL AUTO_INCREMENT, AUTO_INCREMENT=47;

--
-- AUTO_INCREMENT for table `registration_fee_settings`
--
ALTER TABLE `registration_fee_settings`
  MODIFY `id` bigint UNSIGNED NOT NULL AUTO_INCREMENT, AUTO_INCREMENT=34;

--
-- AUTO_INCREMENT for table `roles`
--
ALTER TABLE `roles`
  MODIFY `id` int NOT NULL AUTO_INCREMENT, AUTO_INCREMENT=12;

--
-- AUTO_INCREMENT for table `salary_entries`
--
ALTER TABLE `salary_entries`
  MODIFY `id` bigint UNSIGNED NOT NULL AUTO_INCREMENT, AUTO_INCREMENT=12;

--
-- AUTO_INCREMENT for table `salary_plans`
--
ALTER TABLE `salary_plans`
  MODIFY `id` bigint UNSIGNED NOT NULL AUTO_INCREMENT, AUTO_INCREMENT=11;

--
-- AUTO_INCREMENT for table `users`
--
ALTER TABLE `users`
  MODIFY `id` int NOT NULL AUTO_INCREMENT, AUTO_INCREMENT=26;

--
-- Constraints for dumped tables
--

--
-- Constraints for table `academic_income_items`
--
ALTER TABLE `academic_income_items`
  ADD CONSTRAINT `academic_income_items_degree_program_id_foreign` FOREIGN KEY (`degree_program_id`) REFERENCES `degree_programs` (`id`) ON DELETE CASCADE,
  ADD CONSTRAINT `academic_income_items_plan_id_foreign` FOREIGN KEY (`plan_id`) REFERENCES `academic_income_plans` (`id`) ON DELETE CASCADE;

--
-- Constraints for table `academic_income_plans`
--
ALTER TABLE `academic_income_plans`
  ADD CONSTRAINT `academic_income_plans_planning_year_id_foreign` FOREIGN KEY (`planning_year_id`) REFERENCES `planning_years` (`id`) ON DELETE SET NULL;

--
-- Constraints for table `chart_of_accounts`
--
ALTER TABLE `chart_of_accounts`
  ADD CONSTRAINT `chart_of_accounts_ibfk_1` FOREIGN KEY (`parent_id`) REFERENCES `chart_of_accounts` (`id`) ON DELETE SET NULL;

--
-- Constraints for table `course_credit_settings`
--
ALTER TABLE `course_credit_settings`
  ADD CONSTRAINT `course_credit_settings_degree_program_id_foreign` FOREIGN KEY (`degree_program_id`) REFERENCES `degree_programs` (`id`) ON DELETE CASCADE;

--
-- Constraints for table `credit_unit_price_settings`
--
ALTER TABLE `credit_unit_price_settings`
  ADD CONSTRAINT `credit_unit_price_settings_setting_set_id_foreign` FOREIGN KEY (`setting_set_id`) REFERENCES `academic_income_setting_sets` (`id`) ON DELETE SET NULL;

--
-- Constraints for table `expense_calculation_rules`
--
ALTER TABLE `expense_calculation_rules`
  ADD CONSTRAINT `expense_calculation_rules_pattern_id_foreign` FOREIGN KEY (`pattern_id`) REFERENCES `expense_patterns` (`id`) ON DELETE CASCADE,
  ADD CONSTRAINT `expense_calculation_rules_section_id_foreign` FOREIGN KEY (`section_id`) REFERENCES `expense_sections` (`id`) ON DELETE CASCADE,
  ADD CONSTRAINT `expense_calculation_rules_subsection_id_foreign` FOREIGN KEY (`subsection_id`) REFERENCES `expense_subsections` (`id`) ON DELETE CASCADE,
  ADD CONSTRAINT `expense_calculation_rules_year_id_foreign` FOREIGN KEY (`planning_year_id`) REFERENCES `planning_years` (`id`) ON DELETE CASCADE;

--
-- Constraints for table `expense_pattern_fields`
--
ALTER TABLE `expense_pattern_fields`
  ADD CONSTRAINT `expense_pattern_fields_pattern_id_foreign` FOREIGN KEY (`pattern_id`) REFERENCES `expense_patterns` (`id`) ON DELETE CASCADE;

--
-- Constraints for table `expense_plans`
--
ALTER TABLE `expense_plans`
  ADD CONSTRAINT `expense_plans_created_by_foreign` FOREIGN KEY (`created_by`) REFERENCES `users` (`id`) ON DELETE SET NULL,
  ADD CONSTRAINT `expense_plans_pattern_id_foreign` FOREIGN KEY (`pattern_id`) REFERENCES `expense_patterns` (`id`) ON DELETE SET NULL,
  ADD CONSTRAINT `expense_plans_planning_year_id_foreign` FOREIGN KEY (`planning_year_id`) REFERENCES `planning_years` (`id`) ON DELETE CASCADE,
  ADD CONSTRAINT `expense_plans_section_id_foreign` FOREIGN KEY (`section_id`) REFERENCES `expense_sections` (`id`) ON DELETE CASCADE,
  ADD CONSTRAINT `expense_plans_subsection_id_foreign` FOREIGN KEY (`subsection_id`) REFERENCES `expense_subsections` (`id`) ON DELETE SET NULL,
  ADD CONSTRAINT `expense_plans_updated_by_foreign` FOREIGN KEY (`updated_by`) REFERENCES `users` (`id`) ON DELETE SET NULL;

--
-- Constraints for table `expense_plan_values`
--
ALTER TABLE `expense_plan_values`
  ADD CONSTRAINT `expense_plan_values_plan_id_foreign` FOREIGN KEY (`expense_plan_id`) REFERENCES `expense_plans` (`id`) ON DELETE CASCADE;

--
-- Constraints for table `expense_sections`
--
ALTER TABLE `expense_sections`
  ADD CONSTRAINT `expense_sections_planning_year_id_foreign` FOREIGN KEY (`planning_year_id`) REFERENCES `planning_years` (`id`) ON DELETE CASCADE;

--
-- Constraints for table `expense_subsections`
--
ALTER TABLE `expense_subsections`
  ADD CONSTRAINT `expense_subsections_default_pattern_id_foreign` FOREIGN KEY (`default_pattern_id`) REFERENCES `expense_patterns` (`id`) ON DELETE SET NULL,
  ADD CONSTRAINT `expense_subsections_section_id_foreign` FOREIGN KEY (`section_id`) REFERENCES `expense_sections` (`id`) ON DELETE CASCADE;

--
-- Constraints for table `expense_subsection_default_rows`
--
ALTER TABLE `expense_subsection_default_rows`
  ADD CONSTRAINT `expense_subsection_default_rows_chart_of_account_id_foreign` FOREIGN KEY (`chart_of_account_id`) REFERENCES `chart_of_accounts` (`id`) ON DELETE SET NULL;

--
-- Constraints for table `expense_subsection_field_settings`
--
ALTER TABLE `expense_subsection_field_settings`
  ADD CONSTRAINT `expense_subsection_field_settings_pattern_field_id_foreign` FOREIGN KEY (`pattern_field_id`) REFERENCES `expense_pattern_fields` (`id`) ON DELETE CASCADE,
  ADD CONSTRAINT `expense_subsection_field_settings_subsection_id_foreign` FOREIGN KEY (`subsection_id`) REFERENCES `expense_subsections` (`id`) ON DELETE CASCADE;

--
-- Constraints for table `income_rate_settings`
--
ALTER TABLE `income_rate_settings`
  ADD CONSTRAINT `income_rate_settings_setting_set_id_foreign` FOREIGN KEY (`setting_set_id`) REFERENCES `academic_income_setting_sets` (`id`) ON DELETE SET NULL;

--
-- Constraints for table `nuol_pct_settings`
--
ALTER TABLE `nuol_pct_settings`
  ADD CONSTRAINT `nuol_pct_settings_setting_set_id_foreign` FOREIGN KEY (`setting_set_id`) REFERENCES `academic_income_setting_sets` (`id`) ON DELETE SET NULL;

--
-- Constraints for table `planning_year_field_settings`
--
ALTER TABLE `planning_year_field_settings`
  ADD CONSTRAINT `planning_year_field_settings_field_id_foreign` FOREIGN KEY (`pattern_field_id`) REFERENCES `expense_pattern_fields` (`id`) ON DELETE CASCADE,
  ADD CONSTRAINT `planning_year_field_settings_year_id_foreign` FOREIGN KEY (`planning_year_id`) REFERENCES `planning_years` (`id`) ON DELETE CASCADE;

--
-- Constraints for table `registration_fee_items`
--
ALTER TABLE `registration_fee_items`
  ADD CONSTRAINT `registration_fee_items_fee_setting_id_foreign` FOREIGN KEY (`fee_setting_id`) REFERENCES `registration_fee_settings` (`id`) ON DELETE CASCADE;

--
-- Constraints for table `salary_entries`
--
ALTER TABLE `salary_entries`
  ADD CONSTRAINT `salary_entries_chart_of_account_id_foreign` FOREIGN KEY (`chart_of_account_id`) REFERENCES `chart_of_accounts` (`id`) ON DELETE RESTRICT,
  ADD CONSTRAINT `salary_entries_plan_id_foreign` FOREIGN KEY (`plan_id`) REFERENCES `salary_plans` (`id`) ON DELETE CASCADE;

--
-- Constraints for table `salary_plans`
--
ALTER TABLE `salary_plans`
  ADD CONSTRAINT `salary_plans_created_by_foreign` FOREIGN KEY (`created_by`) REFERENCES `users` (`id`) ON DELETE CASCADE,
  ADD CONSTRAINT `salary_plans_planning_year_id_foreign` FOREIGN KEY (`planning_year_id`) REFERENCES `planning_years` (`id`) ON DELETE SET NULL;

--
-- Constraints for table `users`
--
ALTER TABLE `users`
  ADD CONSTRAINT `users_ibfk_1` FOREIGN KEY (`role_id`) REFERENCES `roles` (`id`),
  ADD CONSTRAINT `users_ibfk_2` FOREIGN KEY (`department_id`) REFERENCES `departments` (`id`) ON DELETE SET NULL;
COMMIT;

/*!40101 SET CHARACTER_SET_CLIENT=@OLD_CHARACTER_SET_CLIENT */;
/*!40101 SET CHARACTER_SET_RESULTS=@OLD_CHARACTER_SET_RESULTS */;
/*!40101 SET COLLATION_CONNECTION=@OLD_COLLATION_CONNECTION */;
