-- phpMyAdmin SQL Dump
-- version 5.2.3
-- https://www.phpmyadmin.net/
--
-- Host: mysql:3306
-- Generation Time: Jun 05, 2026 at 08:13 AM
-- Server version: 8.0.46
-- PHP Version: 8.3.26

SET SQL_MODE = "NO_AUTO_VALUE_ON_ZERO";
START TRANSACTION;
SET time_zone = "+00:00";


/*!40101 SET @OLD_CHARACTER_SET_CLIENT=@@CHARACTER_SET_CLIENT */;
/*!40101 SET @OLD_CHARACTER_SET_RESULTS=@@CHARACTER_SET_RESULTS */;
/*!40101 SET @OLD_COLLATION_CONNECTION=@@COLLATION_CONNECTION */;
/*!40101 SET NAMES utf8mb4 */;

--
-- Database: `fns_1`
--

-- --------------------------------------------------------

--
-- Table structure for table `academic_income_items`
--

CREATE TABLE `academic_income_items` (
  `id` bigint UNSIGNED NOT NULL,
  `plan_id` bigint UNSIGNED NOT NULL,
  `section_code` varchar(5) CHARACTER SET utf8mb4 COLLATE utf8mb4_unicode_ci NOT NULL,
  `degree_program_id` bigint UNSIGNED DEFAULT NULL,
  `student_count` int UNSIGNED NOT NULL DEFAULT '0',
  `snap_credit_unit_price` decimal(15,2) DEFAULT NULL,
  `snap_course_credit_unit` smallint UNSIGNED DEFAULT NULL,
  `snap_registration_fee_rate` decimal(15,2) DEFAULT NULL,
  `snap_nuol_pct` decimal(5,4) DEFAULT NULL,
  `total_income` decimal(18,2) NOT NULL DEFAULT '0.00',
  `first_payment_amount` decimal(18,2) NOT NULL DEFAULT '0.00',
  `second_payment_amount` decimal(18,2) NOT NULL DEFAULT '0.00',
  `created_at` timestamp NULL DEFAULT NULL,
  `updated_at` timestamp NULL DEFAULT NULL
) ENGINE=InnoDB DEFAULT CHARSET=utf8mb4 COLLATE=utf8mb4_unicode_ci;

--
-- Dumping data for table `academic_income_items`
--

INSERT INTO `academic_income_items` (`id`, `plan_id`, `section_code`, `degree_program_id`, `student_count`, `snap_credit_unit_price`, `snap_course_credit_unit`, `snap_registration_fee_rate`, `snap_nuol_pct`, `total_income`, `first_payment_amount`, `second_payment_amount`, `created_at`, `updated_at`) VALUES
(121, 7, '1.1', 1, 60, 35000.00, 37, NULL, 0.1700, 64491000.00, 38694600.00, 25796400.00, '2026-05-31 23:06:57', '2026-05-31 23:06:57'),
(122, 7, '1.1', 2, 70, 35000.00, 37, NULL, 0.1700, 75239500.00, 45143700.00, 30095800.00, '2026-05-31 23:06:57', '2026-05-31 23:06:57'),
(123, 7, '1.1', 3, 60, 35000.00, 37, NULL, 0.1700, 64491000.00, 38694600.00, 25796400.00, '2026-05-31 23:06:57', '2026-05-31 23:06:57'),
(124, 7, '1.1', 4, 8, 35000.00, 27, NULL, 0.1700, 6274800.00, 3764880.00, 2509920.00, '2026-05-31 23:06:57', '2026-05-31 23:06:57'),
(125, 7, '1.1', 5, 0, 35000.00, 37, NULL, 0.1700, 0.00, 0.00, 0.00, '2026-05-31 23:06:57', '2026-05-31 23:06:57'),
(126, 7, '1.1', 6, 6, 35000.00, 37, NULL, 0.1700, 6449100.00, 3869460.00, 2579640.00, '2026-05-31 23:06:57', '2026-05-31 23:06:57'),
(127, 7, '1.1', 7, 0, 35000.00, 37, NULL, 0.1700, 0.00, 0.00, 0.00, '2026-05-31 23:06:57', '2026-05-31 23:06:57'),
(128, 7, '1.1', 8, 0, 35000.00, 31, NULL, 0.1700, 0.00, 0.00, 0.00, '2026-05-31 23:06:57', '2026-05-31 23:06:57'),
(129, 7, '1.1', 9, 0, 35000.00, 31, NULL, 0.1700, 0.00, 0.00, 0.00, '2026-05-31 23:06:57', '2026-05-31 23:06:57'),
(130, 7, '1.1', 10, 7, 35000.00, 35, NULL, 0.1700, 7117250.00, 4270350.00, 2846900.00, '2026-05-31 23:06:57', '2026-05-31 23:06:57'),
(131, 7, '1.1', 11, 0, 35000.00, 35, NULL, 0.1700, 0.00, 0.00, 0.00, '2026-05-31 23:06:57', '2026-05-31 23:06:57'),
(132, 7, '1.1', 12, 0, 35000.00, 36, NULL, 0.1700, 0.00, 0.00, 0.00, '2026-05-31 23:06:57', '2026-05-31 23:06:57'),
(133, 7, '1.1', 13, 0, 35000.00, 36, NULL, 0.1700, 0.00, 0.00, 0.00, '2026-05-31 23:06:57', '2026-05-31 23:06:57'),
(134, 7, '1.1', 14, 0, 35000.00, 37, NULL, 0.1700, 0.00, 0.00, 0.00, '2026-05-31 23:06:57', '2026-05-31 23:06:57'),
(135, 7, '1.1', 15, 0, 35000.00, 36, NULL, 0.1700, 0.00, 0.00, 0.00, '2026-05-31 23:06:57', '2026-05-31 23:06:57'),
(136, 7, '1.1', 16, 60, 35000.00, 33, NULL, 0.1700, 57519000.00, 34511400.00, 23007600.00, '2026-05-31 23:06:57', '2026-05-31 23:10:57'),
(137, 7, '1.1', 17, 35, 35000.00, 38, NULL, 0.1700, 38636500.00, 23181900.00, 15454600.00, '2026-05-31 23:06:57', '2026-05-31 23:10:57'),
(138, 7, '1.1', 18, 45, 35000.00, 42, NULL, 0.1700, 54904500.00, 32942700.00, 21961800.00, '2026-05-31 23:06:57', '2026-05-31 23:10:57'),
(139, 7, '1.1', 19, 1, 35000.00, 39, NULL, 0.1700, 1132950.00, 679770.00, 453180.00, '2026-05-31 23:06:57', '2026-05-31 23:10:57'),
(140, 7, '1.1', 20, 12, 35000.00, 39, NULL, 0.1700, 13595400.00, 8157240.00, 5438160.00, '2026-05-31 23:06:57', '2026-05-31 23:10:57'),
(141, 7, '1.1', 21, 0, 35000.00, 37, NULL, 0.1700, 0.00, 0.00, 0.00, '2026-05-31 23:06:58', '2026-05-31 23:06:58'),
(142, 7, '1.1', 22, 1, 35000.00, 36, NULL, 0.1700, 1045800.00, 627480.00, 418320.00, '2026-05-31 23:06:58', '2026-05-31 23:12:58'),
(143, 7, '1.1', 23, 0, 35000.00, 33, NULL, 0.1700, 0.00, 0.00, 0.00, '2026-05-31 23:06:58', '2026-05-31 23:06:58'),
(144, 7, '1.1', 24, 5, 35000.00, 35, NULL, 0.1700, 5083750.00, 3050250.00, 2033500.00, '2026-05-31 23:06:58', '2026-05-31 23:12:58'),
(145, 7, '1.1', 25, 3, 35000.00, 36, NULL, 0.1700, 3137400.00, 1882440.00, 1254960.00, '2026-05-31 23:06:58', '2026-05-31 23:12:58'),
(146, 7, '1.1', 26, 0, 35000.00, 34, NULL, 0.1700, 0.00, 0.00, 0.00, '2026-05-31 23:06:58', '2026-05-31 23:06:58'),
(147, 7, '1.1', 27, 0, 35000.00, 36, NULL, 0.1700, 0.00, 0.00, 0.00, '2026-05-31 23:06:58', '2026-05-31 23:06:58'),
(148, 7, '1.1', 28, 0, 35000.00, 36, NULL, 0.1700, 0.00, 0.00, 0.00, '2026-05-31 23:06:58', '2026-05-31 23:06:58'),
(149, 7, '1.1', 29, 0, 35000.00, 36, NULL, 0.1700, 0.00, 0.00, 0.00, '2026-05-31 23:06:58', '2026-05-31 23:06:58'),
(150, 7, '1.1', 30, 55, 35000.00, 27, NULL, 0.1700, 43139250.00, 25883550.00, 17255700.00, '2026-05-31 23:06:58', '2026-05-31 23:16:11'),
(151, 7, '1.1', 31, 30, 35000.00, 30, NULL, 0.1700, 26145000.00, 15687000.00, 10458000.00, '2026-05-31 23:06:58', '2026-05-31 23:16:11'),
(152, 7, '1.1', 32, 40, 35000.00, 27, NULL, 0.1700, 31374000.00, 18824400.00, 12549600.00, '2026-05-31 23:06:58', '2026-05-31 23:16:11'),
(153, 7, '1.1', 33, 2, 35000.00, 24, NULL, 0.1700, 1394400.00, 836640.00, 557760.00, '2026-05-31 23:06:58', '2026-05-31 23:16:11'),
(154, 7, '1.1', 34, 21, 35000.00, 27, NULL, 0.1700, 16471350.00, 9882810.00, 6588540.00, '2026-05-31 23:06:58', '2026-05-31 23:16:11'),
(155, 7, '1.1', 35, 11, 35000.00, 27, NULL, 0.1700, 8627850.00, 5176710.00, 3451140.00, '2026-05-31 23:06:58', '2026-05-31 23:16:11'),
(156, 7, '1.1', 36, 3, 35000.00, 25, NULL, 0.1700, 2178750.00, 1307250.00, 871500.00, '2026-05-31 23:06:58', '2026-05-31 23:16:11'),
(157, 7, '1.1', 37, 3, 35000.00, 23, NULL, 0.1700, 2004450.00, 1202670.00, 801780.00, '2026-05-31 23:06:58', '2026-05-31 23:16:11'),
(158, 7, '1.1', 38, 16, 35000.00, 23, NULL, 0.1700, 10690400.00, 6414240.00, 4276160.00, '2026-05-31 23:06:58', '2026-05-31 23:16:11'),
(159, 7, '1.1', 39, 5, 35000.00, 22, NULL, 0.1700, 3195500.00, 1917300.00, 1278200.00, '2026-05-31 23:06:58', '2026-05-31 23:16:11'),
(160, 7, '1.1', 40, 2, 35000.00, 27, NULL, 0.1700, 1568700.00, 941220.00, 627480.00, '2026-05-31 23:06:58', '2026-05-31 23:16:11'),
(161, 7, '1.1', 41, 0, 35000.00, 30, NULL, 0.1700, 0.00, 0.00, 0.00, '2026-05-31 23:06:58', '2026-05-31 23:06:58'),
(162, 7, '1.1', 42, 0, 35000.00, 27, NULL, 0.1700, 0.00, 0.00, 0.00, '2026-05-31 23:06:58', '2026-05-31 23:06:58'),
(163, 7, '1.1', 43, 1, 35000.00, 28, NULL, 0.1700, 813400.00, 488040.00, 325360.00, '2026-05-31 23:06:58', '2026-05-31 23:16:11'),
(164, 7, '1.1', 44, 0, 240000.00, 45, NULL, 0.1000, 0.00, 0.00, 0.00, '2026-05-31 23:06:58', '2026-05-31 23:06:58'),
(165, 7, '1.1', 45, 0, 240000.00, 46, NULL, 0.1000, 0.00, 0.00, 0.00, '2026-05-31 23:06:58', '2026-05-31 23:06:58'),
(166, 7, '1.1', 46, 0, 240000.00, 41, NULL, 0.1000, 0.00, 0.00, 0.00, '2026-05-31 23:06:58', '2026-05-31 23:06:58'),
(167, 7, '1.1', 47, 0, 240000.00, 46, NULL, 0.1000, 0.00, 0.00, 0.00, '2026-05-31 23:06:58', '2026-05-31 23:06:58'),
(168, 7, '1.1', 48, 3, 240000.00, 46, NULL, 0.1000, 29808000.00, 17884800.00, 11923200.00, '2026-05-31 23:06:58', '2026-05-31 23:16:12'),
(169, 7, '1.1', 49, 3, 240000.00, 46, NULL, 0.1000, 29808000.00, 17884800.00, 11923200.00, '2026-05-31 23:06:58', '2026-05-31 23:16:12'),
(170, 7, '1.1', 50, 7, 240000.00, 46, NULL, 0.1000, 69552000.00, 41731200.00, 27820800.00, '2026-05-31 23:06:58', '2026-05-31 23:16:12'),
(171, 7, '1.1', 51, 3, 240000.00, 46, NULL, 0.1000, 29808000.00, 17884800.00, 11923200.00, '2026-05-31 23:06:58', '2026-05-31 23:16:12'),
(172, 7, '1.1', 52, 0, 600000.00, 38, NULL, 0.1000, 0.00, 0.00, 0.00, '2026-05-31 23:06:58', '2026-05-31 23:06:58'),
(173, 7, '1.1', 53, 0, 600000.00, 40, NULL, 0.1000, 0.00, 0.00, 0.00, '2026-05-31 23:06:58', '2026-05-31 23:06:58'),
(174, 7, '1.3', 55, 60, 35000.00, 37, NULL, 0.1700, 64491000.00, 38694600.00, 0.00, '2026-05-31 23:06:58', '2026-05-31 23:32:42'),
(175, 7, '1.3', 56, 60, 35000.00, 38, NULL, 0.1700, 66234000.00, 39740400.00, 0.00, '2026-05-31 23:06:58', '2026-05-31 23:32:42'),
(176, 7, '1.3', 57, 60, 35000.00, 38, NULL, 0.1700, 66234000.00, 39740400.00, 0.00, '2026-05-31 23:06:58', '2026-05-31 23:32:42'),
(177, 7, '1.3', 58, 10, 35000.00, 37, NULL, 0.1700, 10748500.00, 6449100.00, 0.00, '2026-05-31 23:06:58', '2026-05-31 23:32:42'),
(178, 7, '1.3', 59, 10, 35000.00, 37, NULL, 0.1700, 10748500.00, 6449100.00, 0.00, '2026-05-31 23:06:58', '2026-05-31 23:32:42'),
(179, 7, '1.3', 60, 20, 35000.00, 36, NULL, 0.1700, 20916000.00, 12549600.00, 0.00, '2026-05-31 23:06:58', '2026-05-31 23:32:42'),
(180, 7, '1.3', 61, 0, 35000.00, 36, NULL, 0.1700, 0.00, 0.00, 0.00, '2026-05-31 23:06:58', '2026-05-31 23:06:58'),
(181, 7, '1.3', 62, 5, 35000.00, 37, NULL, 0.1700, 5374250.00, 3224550.00, 0.00, '2026-05-31 23:06:58', '2026-05-31 23:35:17'),
(182, 7, '1.3', 63, 5, 35000.00, 37, NULL, 0.1700, 5374250.00, 3224550.00, 0.00, '2026-05-31 23:06:58', '2026-05-31 23:35:17'),
(183, 7, '1.3', 64, 10, 35000.00, 39, NULL, 0.1700, 11329500.00, 6797700.00, 0.00, '2026-05-31 23:06:58', '2026-05-31 23:35:17'),
(184, 7, '1.3', 65, 10, 35000.00, 39, NULL, 0.1700, 11329500.00, 6797700.00, 0.00, '2026-05-31 23:06:58', '2026-05-31 23:35:17'),
(185, 7, '1.3', 66, 1, 35000.00, 35, NULL, 0.1700, 1016750.00, 610050.00, 0.00, '2026-05-31 23:06:58', '2026-05-31 23:35:17'),
(186, 7, '1.3', 67, 1, 35000.00, 35, NULL, 0.1700, 1016750.00, 610050.00, 0.00, '2026-05-31 23:06:58', '2026-05-31 23:35:17'),
(187, 7, '1.3', 68, 1, 35000.00, 35, NULL, 0.1700, 1016750.00, 610050.00, 0.00, '2026-05-31 23:06:58', '2026-05-31 23:35:17'),
(188, 7, '1.3', 69, 1, 35000.00, 35, NULL, 0.1700, 1016750.00, 610050.00, 0.00, '2026-05-31 23:06:58', '2026-05-31 23:35:17'),
(189, 7, '1.3', 44, 4, 240000.00, 66, NULL, 0.1000, 57024000.00, 34214400.00, 0.00, '2026-05-31 23:06:58', '2026-05-31 23:35:17'),
(190, 7, '1.3', 45, 4, 240000.00, 69, NULL, 0.1000, 59616000.00, 35769600.00, 0.00, '2026-05-31 23:06:58', '2026-05-31 23:35:17'),
(191, 7, '1.3', 46, 0, 240000.00, 62, NULL, 0.1000, 0.00, 0.00, 0.00, '2026-05-31 23:06:58', '2026-05-31 23:35:17'),
(192, 7, '1.3', 47, 0, 240000.00, 69, NULL, 0.1000, 0.00, 0.00, 0.00, '2026-05-31 23:06:58', '2026-05-31 23:35:17'),
(193, 7, '1.3', 48, 5, 240000.00, 69, NULL, 0.1000, 74520000.00, 44712000.00, 0.00, '2026-05-31 23:06:58', '2026-05-31 23:35:17'),
(194, 7, '1.3', 49, 4, 240000.00, 69, NULL, 0.1000, 59616000.00, 35769600.00, 0.00, '2026-05-31 23:06:58', '2026-05-31 23:35:17'),
(195, 7, '1.3', 50, 5, 240000.00, 69, NULL, 0.1000, 74520000.00, 44712000.00, 0.00, '2026-05-31 23:06:58', '2026-05-31 23:35:17'),
(196, 7, '1.3', 51, 4, 240000.00, 69, NULL, 0.1000, 59616000.00, 35769600.00, 0.00, '2026-05-31 23:06:58', '2026-05-31 23:35:17'),
(197, 7, '1.3', 52, 0, 600000.00, 57, NULL, 0.1000, 0.00, 0.00, 0.00, '2026-05-31 23:06:58', '2026-05-31 23:35:17'),
(198, 7, '1.3', 53, 0, 600000.00, 60, NULL, 0.1000, 0.00, 0.00, 0.00, '2026-05-31 23:06:58', '2026-05-31 23:35:17'),
(199, 7, '1.2', NULL, 705, NULL, NULL, 210000.00, 0.1700, 122881500.00, 0.00, 0.00, '2026-05-31 23:06:58', '2026-05-31 23:20:34'),
(200, 7, '1.4', NULL, 342, NULL, NULL, 210000.00, 0.1700, 59610600.00, 0.00, 0.00, '2026-05-31 23:06:58', '2026-05-31 23:20:34'),
(201, 7, '2.1', NULL, 0, 90000.00, NULL, NULL, 0.0000, 0.00, 0.00, 0.00, '2026-05-31 23:06:58', '2026-05-31 23:06:58'),
(202, 7, '2.2', NULL, 1047, NULL, NULL, 50000.00, 0.0000, 52350000.00, 0.00, 0.00, '2026-05-31 23:06:58', '2026-05-31 23:20:40'),
(203, 7, '2.3', NULL, 1047, NULL, NULL, 20000.00, 0.0000, 20940000.00, 0.00, 0.00, '2026-05-31 23:06:58', '2026-05-31 23:20:40'),
(204, 7, '2.4', NULL, 0, 0.00, NULL, NULL, 0.0000, 0.00, 0.00, 0.00, '2026-05-31 23:06:58', '2026-05-31 23:21:40');

-- --------------------------------------------------------

--
-- Table structure for table `academic_income_plans`
--

CREATE TABLE `academic_income_plans` (
  `id` bigint UNSIGNED NOT NULL,
  `planning_year_id` bigint UNSIGNED DEFAULT NULL,
  `fiscal_year` smallint UNSIGNED NOT NULL,
  `nuol_pct_1_1` decimal(5,4) NOT NULL DEFAULT '0.1700',
  `nuol_pct_1_2` decimal(5,4) NOT NULL DEFAULT '0.1700',
  `nuol_pct_1_3` decimal(5,4) NOT NULL DEFAULT '0.1700',
  `nuol_pct_1_4` decimal(5,4) NOT NULL DEFAULT '0.1700',
  `notes` text CHARACTER SET utf8mb4 COLLATE utf8mb4_unicode_ci,
  `created_by` bigint UNSIGNED NOT NULL,
  `created_at` timestamp NULL DEFAULT NULL,
  `updated_at` timestamp NULL DEFAULT NULL
) ENGINE=InnoDB DEFAULT CHARSET=utf8mb4 COLLATE=utf8mb4_unicode_ci;

--
-- Dumping data for table `academic_income_plans`
--

INSERT INTO `academic_income_plans` (`id`, `planning_year_id`, `fiscal_year`, `nuol_pct_1_1`, `nuol_pct_1_2`, `nuol_pct_1_3`, `nuol_pct_1_4`, `notes`, `created_by`, `created_at`, `updated_at`) VALUES
(7, 1, 2026, 0.1700, 0.1700, 0.1700, 0.1700, NULL, 2, '2026-05-31 06:56:11', '2026-05-31 06:56:11');

-- --------------------------------------------------------

--
-- Table structure for table `academic_income_setting_sets`
--

CREATE TABLE `academic_income_setting_sets` (
  `id` bigint UNSIGNED NOT NULL,
  `fiscal_year` smallint UNSIGNED NOT NULL,
  `name` varchar(255) CHARACTER SET utf8mb4 COLLATE utf8mb4_unicode_ci NOT NULL,
  `gov_doc_id` varchar(255) CHARACTER SET utf8mb4 COLLATE utf8mb4_unicode_ci DEFAULT NULL,
  `is_active` tinyint(1) NOT NULL DEFAULT '1',
  `created_at` timestamp NULL DEFAULT NULL,
  `updated_at` timestamp NULL DEFAULT NULL
) ENGINE=InnoDB DEFAULT CHARSET=utf8mb4 COLLATE=utf8mb4_unicode_ci;

--
-- Dumping data for table `academic_income_setting_sets`
--

INSERT INTO `academic_income_setting_sets` (`id`, `fiscal_year`, `name`, `gov_doc_id`, `is_active`, `created_at`, `updated_at`) VALUES
(1, 2026, 'ການຕັ້ງຄ່າລາຍຮັບວິຊາການ 2026', NULL, 1, '2026-06-05 00:00:00', '2026-06-05 00:00:00');

-- --------------------------------------------------------

--
-- Table structure for table `chart_of_accounts`
--

CREATE TABLE `chart_of_accounts` (
  `id` int UNSIGNED NOT NULL,
  `account_code` varchar(20) CHARACTER SET utf8mb4 COLLATE utf8mb4_unicode_ci NOT NULL,
  `account_name` varchar(255) CHARACTER SET utf8mb4 COLLATE utf8mb4_unicode_ci NOT NULL,
  `parent_id` int UNSIGNED DEFAULT NULL
) ENGINE=InnoDB DEFAULT CHARSET=utf8mb4 COLLATE=utf8mb4_unicode_ci;

--
-- Dumping data for table `chart_of_accounts`
--

INSERT INTO `chart_of_accounts` (`id`, `account_code`, `account_name`, `parent_id`) VALUES
(32, '60000000', 'ເງິນ-ເດືອນ ແລະ ເງິນອຸດໜູນ ຂອງພະນັກງານ-ລັດຖະກອນ', NULL),
(33, '60100000', 'ເງິນເດືອນພືນຖານ', 32),
(34, '60100100', 'ພະນັກງານ ພວມປະຕິບັດງານ', 33),
(35, '60100101', 'ພະນັກງານ ສົມບູນ', 34),
(36, '60100102', 'ພະນັກງານ ຝຶກງານ', 34),
(37, '60100200', 'ພະນັກງານ ເພື່ອການເລື່ອນຊັ້ນ ແລະ ເລື່ອນຂັ້ນ', 33),
(38, '60100300', 'ພະນັກງານ ເຂົາການໃໝ່', 33),
(39, '60100400', 'ພະນັກງານ ຮຽນຢູ່ພາຍໃນປະເທດ', 33),
(40, '60100500', 'ພະນັກງານ ຮຽນຢູ່ຕ່າງປະເທດ', 33),
(41, '60100600', 'ພະນັກງານ ຕາມສັນຍາ', 33),
(42, '60200000', 'ເງິນອຸດໜູນ ປົກກະຕິ', 32),
(43, '60200100', 'ອຸດໜູນ ຕຳແໜ່ງງານ', 42),
(44, '60200200', 'ອຸດໜູນ ວິຊາຊີບ', 42),
(45, '60200201', 'ອຸດໜູນ ວິຊາຊີບຄູ  ( ເພີ່ມໃໝ່ )', 44),
(46, '60200202', 'ອຸດໜູນ ວິຊາຊີບສາທາ  ( ເພີ່ມໃໝ່ )', 44),
(47, '60200203', 'ອຸດໜູນ ສະມາຊິກສະພາ   ( ເພີ່ມໃໝ່ )', 44),
(48, '60200204', 'ອຸດໜູນ ວິຊາຊີບອື່ນ ( ເພີ່ມໃໝ່ )', 44),
(49, '60200300', 'ອຸດໜູນ ອາຍຸການ', 42),
(50, '60200400', 'ອຸດໜູນ ວຽກໜັກ ແລະ ທາດເບື່ອ', 42),
(51, '60200500', 'ອຸດໜູນ ເຂດຫຍຸ້ງຍາກ ແລະ ທຸລະກັນດານ', 42),
(52, '60200600', 'ອຸດໜູນ ຄູສອນຫ້ອງຄວບ', 42),
(53, '60200700', 'ອຸດໜູນ ຄ່າຄອງຊີບ', 42),
(54, '60200701', 'ອຸດໜູນ ຄ່າຄອງຊີບການນຳ ( ເພີ່ມໃໝ່)', 53),
(55, '60200702', 'ອຸດໜູນ ຄ່າຄອງຊີບພະນັກງານ-ລັດຖະກອນ ( ເພີ່ມໃໝ່ )', 53),
(56, '60200703', 'ອຸດໜູນ ຄ່າຄອງຊີບການທູດຢູ່ຕ່າງປະເທດ ( ເພີ່ມໃໝ່ )', 53),
(57, '60200800', 'ອຸດໜູນວິຊາການຄູ ( ເພີ່ມໃໝ່ )', 42),
(58, '60300000', 'ເງິນປະກັນສັງຄົມ ( ລັດຈ່າຍເພີ່ມ )', 32),
(59, '61000000', 'ເງິນນະໂຍບາຍ ແລະ ເງິນຊ່ວຍໜູນ ຕ່າງໆ', NULL),
(60, '61100000', 'ເງິນນະໂຍບາຍຕ່າງໆ', 59),
(61, '61100200', 'ຮອງເລຂາຄະນະພັກກຸ່ມບ້ານ ຫລື ບ້ານໃຫຍ່', 59),
(62, '61100300', 'ເລຂາໜ່ວຍພັກ ທັງເປັນນາຍບ້ານ', 59),
(63, '61100400', 'ກຳມະການຄະນະພັກກຸ່ມບ້ານ, ຮອງເລຂາໜ່ວຍພັກ ທັງເປັນນາຍບ້ານ', 59),
(64, '61100500', 'ເລຂາໜ່ວຍພັກບ້ານ, ກຳມະການໜ່ວຍພັກ ທັງເປັນນາຍບ້ານ', 59),
(65, '61100600', 'ນາຍບ້ານ, ຮອງເລຂາໜ່ວຍພັກບ້ານ, ກຳມະການໜ່ວຍພັກ', 59),
(66, '61100700', 'ກຳມະການໜ່ວຍພັກ, ຮອງນາຍບ້ານ', 59),
(67, '61100800', 'ເງິນນະໂຍບາຍ ອາສາສະໝັກ', 59),
(68, '61100900', 'ເງິນນະໂຍບາຍ ພະສົງ', 59),
(69, '61101000', 'ເງິນນະໂຍບາຍ ໃຫ້ພະນັກງານໄປຄົນຄ້ວາຢູ່ຕ່າງປະເທດ', 59),
(70, '61200000', 'ເງິນນະໂຍບາຍ ຄອບຄົວ', 59),
(71, '61200100', 'ລູກພະນັກງານ', 70),
(72, '61200200', 'ເມຍພະນັກງານ', 70),
(73, '61300000', 'ກ່ອນຮັບບຳນານ', 59),
(74, '61400000', 'ເງິນອຸດໜູນເຮັດວຽກເພີ່ມ', 59),
(75, '61400100', 'ເຮັດວຽກນອກໂມງລັດຖະການ', 74),
(76, '61400200', 'ແປພາສາ', 74),
(77, '61400300', 'ຄົນຄ້ວາ ແລະ ວິໄຈ', 74),
(78, '61400400', 'ຂຽນບົດ ແລະ ຮຽບຮຽງ', 74),
(79, '61400500', 'ສອນພິເສດ', 74),
(80, '61400600', 'ເວນຍາມ', 74),
(81, '61500000', 'ເງິນເບັ້ຍລ້ຽງຕ່າງໆ', 59),
(82, '61500100', 'ເບ້ຍລ້ຽງນັກຮຽນພາຍໃນປະເທດ', 81),
(83, '61500101', 'ນັກຮຽນສາມັນ', 82),
(84, '61500102', 'ຊັ້ນຕົນ', 82),
(85, '61500103', 'ຊັ້ນກາງ', 82),
(86, '61500104', 'ຊັ້ນສູງ, ປະລິນຍາຕີ ແລະ ເໜືອມະຫາວິທະຍາໄລ', 82),
(87, '61500105', 'ເດັກກຳພ້າ, ເດັກຊົນເຜົາ ແລະ ເດັກເສຍອົງຄະ', 82),
(88, '61500200', 'ເບ້ຍລ້ຽງນັກຮຽນຕ່າງປະເທດຢູ່ລາວ', 81),
(89, '61500201', 'ອັດຕາກິນ', 88),
(90, '61500202', 'ຄ່າເດີນທາງ', 88),
(91, '61500300', 'ເບ້ຍລ້ຽງນັກຮຽນພາຍໃນໄປຝຶກງານ', 81),
(92, '61500301', 'ອັດຕາກິນ', 91),
(93, '61500302', 'ຄ່າເດີນທາງ', 91),
(94, '61500400', 'ເບ້ຍລ້ຽງນັກຮຽນຕ່າງປະເທດຝຶກງານຢູ່ລາວ', 81),
(95, '61500401', 'ອັດຕາກິນ', 94),
(96, '61500402', 'ຄ່າເດີນທາງ', 94),
(97, '61500500', 'ເບ້ຍລ້ຽງພະນັກງານໄປຄົນຄ້ວາ ຢູ່ພາຍໃນ ແລະ ຕ່າງປະເທດ', 81),
(98, '61500501', 'ອັດຕາກິນ', 97),
(99, '61500502', 'ຄ່າເດີນທາງ', 97),
(100, '61500600', 'ຄ່າຂົນສົງນັກຮຽນ ແລະ ນັກສຶກສາ', 81),
(101, '61600000', 'ເງິນປີນປົວ ພະນັກງານການນຳ', 59),
(102, '61700000', 'ເງິນຊ່ວຍໜູນດ້ານສັງຄົມ', 59),
(103, '61700100', 'ເງິນນະໂຍບາຍ ໃຫ້ພະນັກງານບຳນານຄືນ', 102),
(104, '61700200', 'ເງິນນະໂຍບາຍ ລູກພະນັກງານບຳນານ', 102),
(105, '61700300', 'ເງິນນະໂຍບາຍ ພະນັກງານເສັຍອົງຄະ', 102),
(106, '61700400', 'ເງິນນະໂຍບາຍ ຜູ້ດູແລຜູ້ເສຍອົງຄະພິເສດ', 102),
(107, '61700500', 'ເງິນນະໂຍບາຍ ເສຍຊີວິດ', 102),
(108, '61700600', 'ເງິນນະໂຍບາຍ ປີນປົວພະຍາດ', 102),
(109, '61700700', 'ອັດຕາກິນນັກໂທດ', 102),
(110, '61700701', 'ນັກໂທດພາຍໃນ', 109),
(111, '61700702', 'ນັກໂທດຕ່າງປະເທດ', 109),
(112, '62000000', 'ລາຍຈ່າຍ ບໍລິຫານປົກກະຕິ', NULL),
(113, '62100000', 'ການຊື ແລະ ການຊົມໃຊ້', 112),
(114, '62100100', 'ຊືນ້ຳມັນເຊືອໄຟ ແລະ ນ້ຳມັນລໍ່ລືນ', 113),
(115, '62100200', 'ຊືເຄື່ອງໃຊ້ຫ້ອງການ ແລະ ແບບພິມ', 113),
(116, '62100201', 'ຊືເຄື່ອງໃຊ້ຫ້ອງການ', 115),
(117, '62100202', 'ຊືແບບພິມ', 115),
(118, '62100203', 'ຊືວາລະສານ ແລະ ໜັງສືພິມ', 115),
(119, '62100300', 'ຊືເຄື່ອງແບບ', 113),
(120, '62100400', 'ຊືວັດຖຸ, ອຸປະກອນຕ່າງໆ', 113),
(121, '62100401', 'ຊືວັດຖຸ, ອຸປະກອນ ການສິດສອນ ແລະ ການຮຽນ', 120),
(122, '62100402', 'ຊືວັດຖຸ, ອຸປະກອນ ດ້ານການແພດ', 120),
(123, '62100403', 'ຊືວັດຖຸ, ອຸປະກອນ ຮັບໃຊ້ວິຊາສະເພາະ', 120),
(124, '62100404', 'ຊືຢາປົວພະຍາດໃຫ້ໂຮງໝໍ', 120),
(125, '62100500', 'ຄ່ານ້ຳປະປາ, ຄ່າໄຟຟ້າ', 113),
(126, '62100501', 'ຄ່ານ້ຳປະປາ', 125),
(127, '62100502', 'ຄ່າໄຟຟ້າ', 125),
(128, '62200000', 'ລາຍຈ່າຍການບໍລິການ ຈາກທາງນອກ', 112),
(129, '62200100', 'ຄ່າເຊົາຕ່າງໆ', 128),
(130, '62200101', 'ຄ່າເຊົາຕຶກ ເຄຫາສະຖານ', 129),
(131, '62200102', 'ຄ່າເຊົາພາຫະນະ', 129),
(132, '62200103', 'ຄ່າເຊົາລະບົບການສື່ສານ', 129),
(133, '62200104', 'ຄ່າເຊົາເຄື່ອງຈັກ ແລະ ວັດຖຸອຸປະກອນ', 129),
(134, '62200105', 'ຄ່າເຊົາອື່ນໆ', 129),
(135, '62200200', 'ຄ່າບຳລຸງຮັກສາ, ສ້ອມແປງປົກກະຕິ ແລະ ຕິດຕັ້ງ', 128),
(136, '62200201', 'ສຳນັກງານ ແລະ ສີ່ງປຸກສ້າງ', 135),
(137, '62200202', 'ພາຫະນະ', 135),
(138, '62200203', 'ເຄື່ອງຈັກ ແລະ ວັດຖຸອຸປະກອນ', 135),
(139, '62200204', 'ສວນສາທາລະນະ, ສະຖານທີວັດທະນະທຳ', 135),
(140, '62200205', 'ຂົວ ແລະທາງ', 135),
(141, '62200206', 'ຕໍານເຈື່ອນ', 135),
(142, '62200207', 'ສະໜາມບິນ, ສະໜາມກິລາ', 135),
(143, '62200208', 'ຊົນລະປະທານ', 135),
(144, '62200209', 'ອື່ນໆ', 135),
(145, '62200300', 'ຄ່າປະກັນໄພ', 128),
(146, '62200301', 'ສຳນັກງານ', 145),
(147, '62200302', 'ພາຫະນະ', 145),
(148, '62200303', 'ອື່ນໆ', 145),
(149, '62200400', 'ຄ່າໄປສະນີ ແລະ ຄ່າໂທລະຄົມມະນາຄົມ', 128),
(150, '62200401', 'ຄ່າໄປສະນີ', 149),
(151, '62200402', 'ຄ່າໂທລະຄົມມະນາຄົມ', 149),
(152, '62200500', 'ຄ່າຂົນສົງວັດຖຸອຸປະກອນ', 128),
(153, '62200600', 'ຄ່າບໍລິການ ທະນາຄານ', 128),
(154, '62200700', 'ຄ່າບໍລິການ ແປພາສາ', 128),
(155, '62200800', 'ຄ່າບໍລິການ ເວນຍາມສຳນັກງານ', 128),
(156, '62200900', 'ຄ່າທີປຶກສາພາຍໃນ', 128),
(157, '62201000', 'ຄ່າທີປຶກສາຕ່າງປະເທດ', 128),
(158, '62201100', 'ຄ່າບໍລິການອື່ນໆ', 128),
(159, '62300000', 'ລາຍຈ່າຍໄປວຽກທາງການ', 112),
(160, '62300100', 'ພາຍໃນປະເທດ', 159),
(161, '62300200', 'ຕ່າງປະເທດ', 159),
(162, '62400000', 'ລາຍຈ່າຍກອງປະຊຸມ , ສຳມະນາ ແລະ ຝຶກອົບëົມ', 112),
(163, '62400100', 'ກອງປະຊຸມ', 162),
(164, '62400200', 'ສຳມະນາ', 162),
(165, '62400300', 'ຝຶກອົບຮົມ', 162),
(166, '62500000', 'ລາຍຈ່າຍຮັບແຂກ', 112),
(167, '62500100', 'ພາຍໃນປະເທດ', 166),
(168, '62500200', 'ຕ່າງປະເທດ', 166),
(169, '62600000', 'ລາຍຈ່າຍຊືຂອງຂວັນ ແລະ ຂອງຕ້ອນ', 112),
(170, '62700000', 'ລາຍຈ່າຍ ວັນບຸນລະດັບຊາດ', 112),
(171, '62800000', 'ລາຍຈ່າຍ ຄ່າພາສີ, ສ່ວຍສາອາກອນ ແລະ ຄ່າທຳນຽມ ຕ່າງໆ', 112),
(172, '62800100', 'ຄ່າພາສີ', 171),
(173, '62800200', 'ຄ່າອາກອນ', 171),
(174, '62800300', 'ຄ່າທຳນຽມ ແລະ ຄ່າສະແຕມ', 171),
(175, '62900000', 'ລາຍຈ່າຍບໍລິຫານປົກກະຕິ ອໍນໆ', 112),
(176, '63000000', 'ລາຍຈ່າຍດັດສົມ, ສົ່ງເສີມ ແລະ ເງິນບຳລຸງ', NULL),
(177, '63100000', 'ດັດສົມ ສົງເສີມ ດ້ານການເມືອງ', 176),
(178, '63100100', 'ການເລືອກຕັ້ງສະພາແຫ່ງຊາດ', 177),
(179, '63100200', 'ກອງປະຊຸມພັກ', 177),
(180, '63100300', 'ກອງປະຊຸມ ອົງການຈັດຕັ້ງມະຫາຊົນ', 177),
(181, '63100400', 'ກໍ່ສ້າງຮາກຖານ ການເມືອງ', 177),
(182, '63100500', 'ການເຄ່ືອນໄຫວພິເສດ', 177),
(183, '63100600', 'ການເຄ່ືອນໄຫວລັດຖະກິດ', 177),
(184, '63100700', 'ການຍ້ອງຍໍ ( ໃບຍ້ອງຍໍ, ຫລຽນກາ, ຫລຽນໄຊ ແລະ ອື່ນໆ )', 177),
(185, '63200000', 'ດັດສົມ ສົ່ງເສີມ ດ້ານເສດຖະກິດ', 176),
(186, '63200100', 'ຖົມຂຸມລາຄາ', 185),
(187, '63200200', 'ຖົມຂຸມດອກເບັ້ຍ', 185),
(188, '63200300', 'ຊຸກຍູ້ສົງເສີມການຜະລິດ', 185),
(189, '63200400', 'ເງິນບຳເນັດເກັບລາຍຮັບຢູ່ຂັ້ນບ້ານ', 185),
(190, '63200500', 'ເງິນຈ່າຍຊືອາຫານສັດ(ໝາວິຊາສະເພາະຕຳຫລວດ)( ເພີ່ມໃໝ່ )', 185),
(191, '63200800', 'ອື່ນໆ', 185),
(192, '63300000', 'ດັດສົມ ສົງເສີມ ດ້ານວັດທະນາທຳ - ສັງຄົມ', 176),
(193, '63300100', 'ປັບປຸງ ແລະ ພັດທະນາ ຄຸນນະພາບ ການສຶກສາ ທຸກຂັ້ນ', 192),
(194, '63300200', 'ປ້ອງກັນ, ປີ່ນປົວ, ຟືນຟູ ແລະ ສົງເສີມສຸຂະພາບ', 192),
(195, '63300300', 'ຄຸ້ມຄອງ ຜູ້ບໍລິໂພກ ແລະ ຜູ້ສະໜອງອາຫານ  ຢາ', 192),
(196, '63300400', 'ຄົນຄ້ວາວິທະຍາສາດ ການແພດ', 192),
(197, '63300500', 'ປັບປຸງວຽກງານຖະແຫລ່ງຂ່າວ ແລະ ສື່ມວນຊົນ', 192),
(198, '63300600', 'ບູລະນະ ແລະ ປົກປັກຮັກສາ ວັດທະນາທຳ', 192),
(199, '63300700', 'ພິມໜັງສືພິມ ແລະ ວາລະສານ', 192),
(200, '63400000', 'ດັດສົມ ສົງເສີມ ວຽກງານອື່ນໆ', 176),
(201, '63500000', 'ເງິນບຳລຸງ ແລະ ເງິນປະກອບສ່ວນເຂົາໃນອົງການຈັດຕັ້ງສາກົນ', 176),
(202, '63500100', 'ເງິນບຳລຸງອົງການຈັດຕັ້ງສາກົນ', 201),
(203, '63500200', 'ເງິນປະກອບສ່ວນເຂົາໃນອົງການຈັດຕັ້ງສາກົນ', 201),
(204, '63500300', 'ເງິນປະກອບສ່ວນເຂົາໃນກອງປະຊຸມ', 201),
(205, '63600000', 'ເງິນຊ່ວຍໜູນ', 176),
(206, '63600100', 'ເງິນສົງເຄາະປະຊາຊົນ ປະສົບໄພທຳມະຊາດ', 205),
(207, '63600200', 'ເງິນນະໂຍບາຍຜູ້ມີຜົນງານຕໍ່ການປະຕິວັດ', 205),
(208, '64000000', 'ລາຍຈ່າຍ ການເງິນ', NULL),
(209, '64100000', 'ລາຍຈ່າຍດອກເບັ້ຍ', 208),
(210, '64100100', 'ດອກເບັ້ຍ ເງິນກູ້ຢືມພາຍໃນ', 209),
(211, '64100101', 'ດອກເບັ້ຍ ພັນທະບັດຄັງເງິນແຫ່ງຊາດ', 210),
(212, '64100102', 'ດອກເບັ້ຍ ຮຸ້ນກູໍລັດຖະບານ', 210),
(213, '64100103', 'ດອກເບັ້ຍ ເງິນກູ້ຢືມຮູບການອື່ນໆ', 210),
(214, '64100200', 'ດອກເບັ້ຍ ເງິນກູ້ຢືມຈາກຕ່າງປະເທດ', 209),
(215, '64100201', 'ດອກເບັ້ຍ ເງິນກູ້ຢືມດັດແກ້ມະຫາພາກ', 214),
(216, '64100202', 'ດອກເບັ້ຍ ເງິນກູ້ຢືມເປັນໂຄງການ', 214),
(217, '64100300', 'ດອກເບັ້ຍ ພັນທະບັດຕ່າງປະເທດ', 209),
(218, '64200000', 'ລາຍຈ່າຍ ເງິນຄ້ຳປະກັນ', 208),
(219, '64300000', 'ລາຍຈ່າຍ ຜິດດ່ຽງຈາກການແລກປ່ຽນເງິນຕາຕ່າງປະເທດ (ສ່ວນເສຍ)', 208),
(220, '64400000', 'ລາຍຈ່າຍ ສົງຄືນອາກອນມູນຄ່າເພີ່ມ ( ເພີ່ມໃໝ່ )', 208),
(221, '6500000', 'ລາຍຈ່າຍ ອື່ນໆ', NULL),
(222, '65100000', 'ຫັກເງິນເຂົາຄັງສະສົມແຫ່ງລັດ', 221),
(223, '65200000', 'ລາຍຈ່າຍ ຄ່າປັບໃໝ', 221),
(224, '65300000', 'ລາຍຈ່າຍ ເງິນແຮ', 221),
(225, '65300100', 'ລາຍຈ່າຍ ເງິນແຮລັດຖະບານ', 224),
(226, '65300200', 'ລາຍຈ່າຍ ເງິນແຮທ້ອງຖີນ', 224),
(227, '65400000', 'ລາຍຈ່າຍ ເງິນບຳເນັດ ເກັບລາຍຮັບເກີນແຜນ', 221),
(228, '65500000', 'ອໍນໆ', 221),
(229, '66000000', 'ຊືຊັບສົມບັດ ຮັບໃຊ້ບໍລິຫານ', NULL),
(230, '66100000', 'ຊືພະຫານະ ຮັບໃຊ້ກົງຈັກ ບໍລິຫານ', 229),
(231, '66200000', 'ຊືເຄື່ອງຈັກ ແລະ ວັດຖຸອຸປະກອນ', 229),
(232, '66300000', 'ຊືຊັບສົມບັດຄົງທີ ອື່ນໆ', 229),
(233, '6700000', 'ລາຍຈ່າຍລົງທຶນຂອງລັດ', NULL),
(234, '67100000', 'ຄ່າບຸກເບີກທີດິນ', 233),
(235, '67200000', 'ຄ່າເວນຄືນທີດິນ', 233),
(236, '67300000', 'ຄ່າສຳÍວດພືນຖານ ແລະ ສົງເສີມວິຊາການ', 233),
(237, '67400000', 'ຄ່າອອກແບບ', 233),
(238, '67500000', 'ລາຍຈ່າຍ ຄຸ້ມຄອງໂຄງການ', 233),
(239, '67500100', 'ຄ່າຈ້າງຊ່ຽວຊານ ຕ່າງປະເທດ', 238),
(240, '67500200', 'ຄ່າຈ້າງຊ່ຽວຊານ ພາຍໃນ', 238),
(241, '67500300', 'ລາຍຈ່າຍໃຫ້ພະນັກງານລົງຕິດຕາມໂຄງການ', 238),
(242, '67500400', 'ລາຍຈ່າຍບໍລິຫານອື່ນໆ', 238),
(243, '67600000', 'ໂປëແກມຄອມພິວເຕີ', 233),
(244, '67700000', 'ລິຂະສິດດ້ານຊັບສິນທາງປັນຍາ', 233),
(245, '67800000', 'ການກໍ່ສ້າງ', 233),
(246, '67800100', 'ຕຶກ ເຄຫາສະຖານ ( ການກໍ່ສ້າງ )', 245),
(247, '67800200', 'ຂົວ', 245),
(248, '67800300', 'ເສັ້ນທາງ( ທາງດິນແດງ, ທາງຢາງ, ທາງຄອນກëີດ )', 245),
(249, '67800400', 'ທາງລົດໄຟ', 245),
(250, '67800500', 'ປັກແລວນ້ຳ', 245),
(251, '67800600', 'ຕາຟັງເຈື່ອນ', 245),
(252, '67800700', 'ໂຄງສ້າງນ້ຳປະປາ ( ອ່າງ, ທໍ່ນ້ຳປະປາ,....)', 245),
(253, '67800800', 'ໂຄງສ້າງໄຟຟ້າ ( ຕາຄ່າຍໄຟຟ້າ, ເຂື່ອນໄຟຟ້າ,... )', 245),
(254, '67800900', 'ໂຄງສ້າງການສື່ສານ', 245),
(255, '67801000', 'ສະໜາມກິລາ, ສະໜາມບິນ', 245),
(256, '67801100', 'ຊົນລະປະທານ', 245),
(257, '67801200', 'ການກໍ່ສ້າງໂຄງລ່າງອໍນໆ', 245),
(258, '67900000', 'ການຊື', 233),
(259, '67900100', 'ຕຶກ ເຄຫາສະຖານ ( ການຊື )', 258),
(260, '67900200', 'ຊືເຄື່ອງມື  ແລະ ວັດຖຸອຸປະກອນ ( ລົງທຶນ )', 258),
(261, '67900300', 'ຊືເຄື່ອງກົນຈັກ ( ລົດຈົກ, ລົດດຸດ ) ( ລົງທຶນ )', 258),
(262, '67900400', 'ຊືພະຫານະ   ( ລົງທຶນ )', 258),
(263, '67900500', 'ຊືແນວພັນພືດແນວພັນສັດ', 258),
(264, '67900600', 'ຊືຊັບສົມບັດຄົງທີ ອື່ນໆ  ( ລົງທຶນ )', 258),
(265, '67900700', 'ການສ້ອມແປງໃຫຍ່', 258),
(266, '67900701', 'ຕຶກ ເຄຫາສະຖານ', 265),
(267, '67900702', 'ຂົວ', 265),
(268, '67900703', 'ເສັ້ນທາງ ( ທາງດິນແດງ, ທາງຢາງ, ທາງຄອນກëີດ )', 265),
(269, '67900704', 'ທາງລົດໄຟ', 265),
(270, '67900705', 'ປັກແລວນ້ຳ', 265),
(271, '67900706', 'ຕາຟັງເຈື່ອນ', 265),
(272, '67900707', 'ໂຄງສ້າງ ນ້ຳປະປາ ( ອ່າງ, ທໍ່ນ້ຳປະປາ,..)', 265),
(273, '67900708', 'ໂຄງສ້າງໄຟຟ້າ ( ຕາຄ່າຍໄຟຟ້າ, ເຂື່ອນໄຟຟ້າ,... )', 265),
(274, '67900709', 'ໂຄງສ້າງການສື່ສານ', 265),
(275, '67900710', 'ສະໜາມກິລາ, ສະໜາມບິນ', 265),
(276, '67900711', 'ຊົນລະປະທານ', 265),
(277, '67900712', 'ພາຫະນະ', 265),
(278, '67900713', 'ເຄື່ອງກົນຈັກ ( ລົດຈົກ, ລົດດຸດ, ...)', 265),
(279, '67900714', 'ເຄື່ອງມື  ແລະ ວັດຖຸອຸປະກອນ', 265),
(280, '67900715', 'ໂຄງລ່າງ ແລະຊັບສົມບັດຄົງທີ ອື່ນໆ', 265),
(281, '68000000', 'ລາຍຈ່າຍຮ່ວມປະກອບທຶນ, ຊ່ວຍເຫຼືອລ້າ, ກູ້ຢືມ ແລະ ໃຫ້ກູ້ຢືມ', NULL),
(282, '68100000', 'ລາຍຈ່າຍຮ່ວມປະກອບທຶນ', 281),
(283, '68100100', 'ໃບຢັ້ງຢືນຮ່ວມປະກອບທຶນຂອງລັດ', 282),
(284, '68100200', 'ທຶນປະກອບ', 282),
(285, '68200000', 'ລາຍຈ່າຍ ຊ່ວຍເຫຼືອລ້າ', 281),
(286, '68200100', 'ເງິນຊ່ວຍເຫລືອລ້າໃຫ້ລັດຖະບານຕ່າງປະເທດ', 285),
(287, '68200200', 'ເງິນຊ່ວຍເຫລືອລ້າໃຫ້ອົງການຈັດຕັ້ງສາກົນ', 285),
(288, '68300000', 'ລາຍຈ່າຍເງິນກູ້ຢືມດັດແກ້ມະພາກ ເງິນກູ້ຢືມເປັນໂຄງການ', 281),
(289, '68300100', 'ຕົນທຶນເງິນກູ້ຢືມ ດັດແກ້ມະຫາພາກ', 288),
(290, '68300200', 'ຕົນທຶນເງິນກູ້ຢືມ ທີເປັນໂຄງການ', 288),
(291, '68400000', 'ລາຍຈ່າຍເງິນໃຫ້ກໍູຢືມ', 281),
(292, '68400100', 'ເງິນໃຫ້ກູ້ຢືມ ແກ່ລັດວິສາຫະກິດ', 291),
(293, '68400200', 'ເງິນໃຫ້ກູ້ຢືມ ແກ່ວິສາຫະກິດອື່ນໆ', 291),
(294, '68400300', 'ເງິນໃຫ້ກູ້ຢືມ ແກ່ຕ່າງປະເທດ', 291),
(295, '69000000', 'ລາຍຈ່າຍ ຊຳລະໜšສິນປີເກົາ', NULL),
(296, '69100000', 'ໜš ລາຍຈ່າຍ ບໍລິຫານປົກກະຕິ', 295),
(297, '69100100', 'ຄ່າກະແສໄຟຟ້າ', 296),
(298, '69100200', 'ຄ່ານ້ຳປະປາ', 296),
(299, '69100300', 'ຄ່າໂທລະສັບ', 296),
(300, '69200000', 'ລາຍຈ່າຍດັດສົມ ແລະ ສົງເສີມ', 295),
(301, '69300000', 'ລາຍຈ່າຍລົງທຶນຂອງລັດ', 295);

-- --------------------------------------------------------

--
-- Table structure for table `course_credit_settings`
--

CREATE TABLE `course_credit_settings` (
  `id` bigint UNSIGNED NOT NULL,
  `degree_program_id` bigint UNSIGNED NOT NULL,
  `course_credit_unit` smallint UNSIGNED NOT NULL,
  `year1_credit_unit` decimal(8,2) DEFAULT NULL,
  `gov_doc_id` varchar(255) CHARACTER SET utf8mb4 COLLATE utf8mb4_unicode_ci DEFAULT NULL,
  `start_year` smallint UNSIGNED NOT NULL,
  `created_at` timestamp NULL DEFAULT NULL,
  `updated_at` timestamp NULL DEFAULT NULL
) ENGINE=InnoDB DEFAULT CHARSET=utf8mb4 COLLATE=utf8mb4_unicode_ci;

--
-- Dumping data for table `course_credit_settings`
--

INSERT INTO `course_credit_settings` (`id`, `degree_program_id`, `course_credit_unit`, `year1_credit_unit`, `gov_doc_id`, `start_year`, `created_at`, `updated_at`) VALUES
(28, 55, 37, NULL, NULL, 2026, '2026-05-18 06:27:35', '2026-05-18 18:05:06'),
(29, 56, 38, NULL, NULL, 2026, '2026-05-18 06:27:35', '2026-05-18 18:05:06'),
(30, 57, 38, NULL, NULL, 2026, '2026-05-18 06:27:35', '2026-05-18 18:05:06'),
(31, 58, 37, NULL, NULL, 2026, '2026-05-18 06:27:35', '2026-05-18 18:05:06'),
(32, 59, 37, NULL, NULL, 2026, '2026-05-18 06:27:35', '2026-05-18 18:05:06'),
(33, 60, 36, NULL, NULL, 2026, '2026-05-18 06:27:35', '2026-05-18 18:05:06'),
(34, 61, 36, NULL, NULL, 2026, '2026-05-18 06:27:35', '2026-05-18 18:05:06'),
(35, 62, 37, NULL, NULL, 2026, '2026-05-18 06:27:35', '2026-05-18 18:05:06'),
(36, 63, 37, NULL, NULL, 2026, '2026-05-18 06:27:35', '2026-05-18 18:05:06'),
(37, 64, 39, NULL, NULL, 2026, '2026-05-18 06:27:35', '2026-05-18 18:05:06'),
(38, 65, 39, NULL, NULL, 2026, '2026-05-18 06:27:35', '2026-05-18 18:05:06'),
(39, 66, 35, NULL, NULL, 2026, '2026-05-18 06:27:35', '2026-05-18 18:05:06'),
(40, 67, 35, NULL, NULL, 2026, '2026-05-18 06:27:35', '2026-05-18 18:05:06'),
(41, 68, 35, NULL, NULL, 2026, '2026-05-18 06:27:35', '2026-05-18 18:05:06'),
(42, 69, 35, NULL, NULL, 2026, '2026-05-18 06:27:35', '2026-05-18 18:05:06'),
(43, 1, 37, NULL, NULL, 2026, '2026-05-18 06:27:35', '2026-05-18 18:05:06'),
(44, 2, 37, NULL, NULL, 2026, '2026-05-18 06:27:35', '2026-05-18 18:05:06'),
(45, 3, 37, NULL, NULL, 2026, '2026-05-18 06:27:35', '2026-05-18 18:05:06'),
(46, 4, 27, NULL, NULL, 2026, '2026-05-18 06:27:35', '2026-05-18 18:05:06'),
(47, 5, 37, NULL, NULL, 2026, '2026-05-18 06:27:35', '2026-05-18 18:05:06'),
(48, 6, 37, NULL, NULL, 2026, '2026-05-18 06:27:35', '2026-05-18 18:05:06'),
(49, 7, 37, NULL, NULL, 2026, '2026-05-18 06:27:35', '2026-05-18 18:05:06'),
(50, 8, 31, NULL, NULL, 2026, '2026-05-18 06:27:35', '2026-05-18 18:05:06'),
(51, 9, 31, NULL, NULL, 2026, '2026-05-18 06:27:35', '2026-05-18 18:05:06'),
(52, 10, 35, NULL, NULL, 2026, '2026-05-18 06:27:35', '2026-05-18 18:05:06'),
(53, 11, 35, NULL, NULL, 2026, '2026-05-18 06:27:35', '2026-05-18 18:05:06'),
(54, 12, 36, NULL, NULL, 2026, '2026-05-18 06:27:35', '2026-05-18 18:05:06'),
(55, 13, 36, NULL, NULL, 2026, '2026-05-18 06:27:35', '2026-05-18 18:05:06'),
(56, 14, 37, NULL, NULL, 2026, '2026-05-18 06:27:35', '2026-05-18 18:05:06'),
(57, 15, 36, NULL, NULL, 2026, '2026-05-18 06:27:35', '2026-05-18 18:05:06'),
(58, 16, 33, NULL, NULL, 2026, '2026-05-18 06:27:35', '2026-05-18 18:05:06'),
(59, 17, 38, NULL, NULL, 2026, '2026-05-18 06:27:35', '2026-05-18 18:05:06'),
(60, 18, 42, NULL, NULL, 2026, '2026-05-18 06:27:35', '2026-05-18 18:05:06'),
(61, 19, 39, NULL, NULL, 2026, '2026-05-18 06:27:35', '2026-05-18 18:05:06'),
(62, 20, 39, NULL, NULL, 2026, '2026-05-18 06:27:35', '2026-05-18 18:05:06'),
(63, 21, 37, NULL, NULL, 2026, '2026-05-18 06:27:35', '2026-05-18 18:05:06'),
(64, 22, 36, NULL, NULL, 2026, '2026-05-18 06:27:35', '2026-05-18 18:05:06'),
(65, 23, 33, NULL, NULL, 2026, '2026-05-18 06:27:35', '2026-05-18 18:05:06'),
(66, 24, 35, NULL, NULL, 2026, '2026-05-18 06:27:35', '2026-05-18 18:05:06'),
(67, 25, 36, NULL, NULL, 2026, '2026-05-18 06:27:35', '2026-05-18 18:05:06'),
(68, 26, 34, NULL, NULL, 2026, '2026-05-18 06:27:35', '2026-05-18 18:05:06'),
(69, 27, 36, NULL, NULL, 2026, '2026-05-18 06:27:35', '2026-05-18 18:05:06'),
(70, 28, 36, NULL, NULL, 2026, '2026-05-18 06:27:35', '2026-05-18 18:05:06'),
(71, 29, 36, NULL, NULL, 2026, '2026-05-18 06:27:35', '2026-05-18 18:05:06'),
(72, 30, 27, NULL, NULL, 2026, '2026-05-18 06:27:35', '2026-05-18 18:05:06'),
(73, 31, 30, NULL, NULL, 2026, '2026-05-18 06:27:35', '2026-05-18 18:05:06'),
(74, 32, 27, NULL, NULL, 2026, '2026-05-18 06:27:35', '2026-05-18 18:05:06'),
(75, 33, 24, NULL, NULL, 2026, '2026-05-18 06:27:35', '2026-05-18 18:05:06'),
(76, 34, 27, NULL, NULL, 2026, '2026-05-18 06:27:35', '2026-05-18 18:05:06'),
(77, 35, 27, NULL, NULL, 2026, '2026-05-18 06:27:35', '2026-05-18 18:05:06'),
(78, 36, 25, NULL, NULL, 2026, '2026-05-18 06:27:35', '2026-05-18 18:05:06'),
(79, 37, 23, NULL, NULL, 2026, '2026-05-18 06:27:35', '2026-05-18 18:05:06'),
(80, 38, 23, NULL, NULL, 2026, '2026-05-18 06:27:35', '2026-05-18 18:05:06'),
(81, 39, 22, NULL, NULL, 2026, '2026-05-18 06:27:35', '2026-05-18 18:05:06'),
(82, 40, 27, NULL, NULL, 2026, '2026-05-18 06:27:35', '2026-05-18 18:05:06'),
(83, 41, 30, NULL, NULL, 2026, '2026-05-18 06:27:35', '2026-05-18 18:05:06'),
(84, 42, 27, NULL, NULL, 2026, '2026-05-18 06:27:35', '2026-05-18 18:05:06'),
(85, 43, 28, NULL, NULL, 2026, '2026-05-18 06:27:35', '2026-05-18 18:05:06'),
(86, 44, 45, 66.00, NULL, 2026, '2026-05-18 06:27:35', '2026-05-18 18:05:06'),
(87, 45, 46, 69.00, NULL, 2026, '2026-05-18 06:27:35', '2026-05-18 18:05:06'),
(88, 46, 41, 62.00, NULL, 2026, '2026-05-18 06:27:35', '2026-05-18 18:55:21'),
(89, 47, 46, 69.00, NULL, 2026, '2026-05-18 06:27:35', '2026-05-18 18:05:06'),
(90, 48, 46, 69.00, NULL, 2026, '2026-05-18 06:27:35', '2026-05-18 18:05:06'),
(91, 49, 46, 69.00, NULL, 2026, '2026-05-18 06:27:35', '2026-05-18 18:05:06'),
(92, 50, 46, 69.00, NULL, 2026, '2026-05-18 06:27:35', '2026-05-18 18:05:06'),
(93, 51, 46, 69.00, NULL, 2026, '2026-05-18 06:27:35', '2026-05-18 18:05:06'),
(94, 52, 38, 57.00, NULL, 2026, '2026-05-18 06:27:35', '2026-05-18 18:05:06'),
(95, 53, 40, 60.00, NULL, 2026, '2026-05-18 06:27:35', '2026-05-18 18:40:46');

-- --------------------------------------------------------

--
-- Table structure for table `credit_unit_price_settings`
--

CREATE TABLE `credit_unit_price_settings` (
  `id` bigint UNSIGNED NOT NULL,
  `setting_set_id` bigint UNSIGNED DEFAULT NULL,
  `level` enum('bachelor','master','phd') CHARACTER SET utf8mb4 COLLATE utf8mb4_unicode_ci NOT NULL,
  `credit_unit_price` decimal(15,2) NOT NULL,
  `gov_doc_id` varchar(255) CHARACTER SET utf8mb4 COLLATE utf8mb4_unicode_ci DEFAULT NULL,
  `start_year` smallint UNSIGNED NOT NULL,
  `created_at` timestamp NULL DEFAULT NULL,
  `updated_at` timestamp NULL DEFAULT NULL
) ENGINE=InnoDB DEFAULT CHARSET=utf8mb4 COLLATE=utf8mb4_unicode_ci;

--
-- Dumping data for table `credit_unit_price_settings`
--

INSERT INTO `credit_unit_price_settings` (`id`, `setting_set_id`, `level`, `credit_unit_price`, `gov_doc_id`, `start_year`, `created_at`, `updated_at`) VALUES
(28, 1, 'bachelor', 35000.00, 'TG-555', 2026, '2026-05-17 15:35:43', '2026-05-17 15:35:43'),
(29, 1, 'master', 240000.00, 'TG-23', 2026, '2026-05-17 15:36:07', '2026-05-18 18:05:06'),
(30, 1, 'phd', 600000.00, 'TG-24', 2026, '2026-05-17 15:36:24', '2026-05-18 18:05:06');

-- --------------------------------------------------------

--
-- Table structure for table `degree_programs`
--

CREATE TABLE `degree_programs` (
  `id` bigint UNSIGNED NOT NULL,
  `code` varchar(50) CHARACTER SET utf8mb4 COLLATE utf8mb4_unicode_ci NOT NULL,
  `name` varchar(255) CHARACTER SET utf8mb4 COLLATE utf8mb4_unicode_ci NOT NULL,
  `level` enum('bachelor','master','phd') CHARACTER SET utf8mb4 COLLATE utf8mb4_unicode_ci NOT NULL,
  `study_year` smallint UNSIGNED DEFAULT NULL,
  `is_active` tinyint(1) NOT NULL DEFAULT '1',
  `created_at` timestamp NULL DEFAULT NULL,
  `updated_at` timestamp NULL DEFAULT NULL
) ENGINE=InnoDB DEFAULT CHARSET=utf8mb4 COLLATE=utf8mb4_unicode_ci;

--
-- Dumping data for table `degree_programs`
--

INSERT INTO `degree_programs` (`id`, `code`, `name`, `level`, `study_year`, `is_active`, `created_at`, `updated_at`) VALUES
(1, 'B-CS-Y2', 'ວິທະຍາສາດຄອມ', 'bachelor', 2, 1, '2026-05-18 05:00:05', '2026-05-18 05:00:05'),
(2, 'B-PD-Y2', 'ພັດທະນາໂປຣແກຣມ', 'bachelor', 2, 1, '2026-05-18 05:00:05', '2026-05-18 05:00:05'),
(3, 'B-WD-Y2', 'ພັດທະນາເວບໄຊ້', 'bachelor', 2, 1, '2026-05-18 05:00:05', '2026-05-18 05:00:05'),
(4, 'B-CSC-Y2', 'ຕໍ່ເນື່ອງວິທະຍາສາດຄອມພິວເຕີ', 'bachelor', 2, 1, '2026-05-18 05:00:05', '2026-05-18 05:00:05'),
(5, 'B-MAA-Y2', 'ຄະນິດສາດນໍາໃຊ້', 'bachelor', 2, 1, '2026-05-18 05:00:05', '2026-05-18 05:00:05'),
(6, 'B-MAE-Y2', 'ຄະນິດສາດສໍາຫຼັບເສດຖະສາດ', 'bachelor', 2, 1, '2026-05-18 05:00:05', '2026-05-18 05:00:05'),
(7, 'B-STAT-Y2', 'ຄະນິດສາດສະຖິຕິ', 'bachelor', 2, 1, '2026-05-18 05:00:05', '2026-05-18 05:00:05'),
(8, 'B-BIO-Y2', 'ຊີວະທົ່ວໄປ', 'bachelor', 2, 1, '2026-05-18 05:00:05', '2026-05-18 05:00:05'),
(9, 'B-BT-Y2', 'ເທັກໂນໂລຍີ່ຊີວະພາບ', 'bachelor', 2, 1, '2026-05-18 05:00:05', '2026-05-18 05:00:05'),
(10, 'B-CHEM-Y2', 'ເຄມີທົ່ວໄປ', 'bachelor', 2, 1, '2026-05-18 05:00:05', '2026-05-18 05:00:05'),
(11, 'B-ECHE-Y2', 'ເຄມີສິ່ງແວດລ້ອມ', 'bachelor', 2, 1, '2026-05-18 05:00:05', '2026-05-18 05:00:05'),
(12, 'B-PHYS-Y2', 'ຟີຊິກທົ່ວໄປ', 'bachelor', 2, 1, '2026-05-18 05:00:05', '2026-05-18 05:00:05'),
(13, 'B-GPHY-Y2', 'ທໍລະນີຟີຊິກ', 'bachelor', 2, 1, '2026-05-18 05:00:05', '2026-05-18 05:00:05'),
(14, 'B-MATS-Y2', 'ວັດສະດຸສາດ', 'bachelor', 2, 1, '2026-05-18 05:00:05', '2026-05-18 05:00:05'),
(15, 'B-NPHY-Y2', 'ຟິຊິກນິວເຄຣຍ', 'bachelor', 2, 1, '2026-05-18 05:00:05', '2026-05-18 05:00:05'),
(16, 'B-CS-Y3', 'ວິທະຍາສາດຄອມ', 'bachelor', 3, 1, '2026-05-18 05:00:05', '2026-05-18 05:00:05'),
(17, 'B-PD-Y3', 'ພັດທະນາໂປຣແກຣມ', 'bachelor', 3, 1, '2026-05-18 05:00:05', '2026-05-18 05:00:05'),
(18, 'B-WD-Y3', 'ພັດທະນາເວບໄຊ້', 'bachelor', 3, 1, '2026-05-18 05:00:05', '2026-05-18 05:00:05'),
(19, 'B-MATH-Y3', 'ຄະນິດທົ່ວໄປ', 'bachelor', 3, 1, '2026-05-18 05:00:05', '2026-05-18 05:00:05'),
(20, 'B-MAE-Y3', 'ຄະນິດສາດສໍາຫຼັບເສດຖະສາດ', 'bachelor', 3, 1, '2026-05-18 05:00:05', '2026-05-18 05:00:05'),
(21, 'B-STAT-Y3', 'ຄະນິດສາດສະຖິຕິ', 'bachelor', 3, 1, '2026-05-18 05:00:05', '2026-05-18 05:00:05'),
(22, 'B-BIO-Y3', 'ຊີວະວິທະຍາທົ່ວໄປ', 'bachelor', 3, 1, '2026-05-18 05:00:05', '2026-05-18 05:00:05'),
(23, 'B-BT-Y3', 'ເທັກໂນໂລຍີ່ຊີວະພາບ', 'bachelor', 3, 1, '2026-05-18 05:00:05', '2026-05-18 05:00:05'),
(24, 'B-CHEM-Y3', 'ເຄມີສາດທົ່ວໄປ', 'bachelor', 3, 1, '2026-05-18 05:00:05', '2026-05-18 05:00:05'),
(25, 'B-ECHE-Y3', 'ເຄມີສິ່ງແວດລ້ອມ', 'bachelor', 3, 1, '2026-05-18 05:00:05', '2026-05-18 05:00:05'),
(26, 'B-PHYS-Y3', 'ຟີຊິກສາດທົ່ວໄປ', 'bachelor', 3, 1, '2026-05-18 05:00:05', '2026-05-18 05:00:05'),
(27, 'B-GPHY-Y3', 'ທໍລະນີຟີຊິກ', 'bachelor', 3, 1, '2026-05-18 05:00:05', '2026-05-18 05:00:05'),
(28, 'B-MATS-Y3', 'ວັດສະດຸສາດ', 'bachelor', 3, 1, '2026-05-18 05:00:05', '2026-05-18 05:00:05'),
(29, 'B-NPHY-Y3', 'ຟິຊິກນິວເຄຣຍ', 'bachelor', 3, 1, '2026-05-18 05:00:05', '2026-05-18 05:00:05'),
(30, 'B-CS-Y4', 'ວິທະຍາສາດຄອມ', 'bachelor', 4, 1, '2026-05-18 05:00:05', '2026-05-18 05:00:05'),
(31, 'B-PD-Y4', 'ພັດທະນາໂປຣແກຣມ', 'bachelor', 4, 1, '2026-05-18 05:00:05', '2026-05-18 05:00:05'),
(32, 'B-WD-Y4', 'ພັດທະນາເວບໄຊ້', 'bachelor', 4, 1, '2026-05-18 05:00:05', '2026-05-18 05:00:05'),
(33, 'B-MATH-Y4', 'ຄະນິດທົ່ວໄປ', 'bachelor', 4, 1, '2026-05-18 05:00:05', '2026-05-18 05:00:05'),
(34, 'B-MAE-Y4', 'ຄະນິດສາດສໍາຫຼັບເສດຖະສາດ', 'bachelor', 4, 1, '2026-05-18 05:00:05', '2026-05-18 05:00:05'),
(35, 'B-STAT-Y4', 'ຄະນິດສາດສະຖິຕິ', 'bachelor', 4, 1, '2026-05-18 05:00:05', '2026-05-18 05:00:05'),
(36, 'B-BIO-Y4', 'ຊີວະວິທະຍາທົ່ວໄປ', 'bachelor', 4, 1, '2026-05-18 05:00:05', '2026-05-18 05:00:05'),
(37, 'B-BT-Y4', 'ເທັກໂນໂລຍີ່ຊີວະພາບ', 'bachelor', 4, 1, '2026-05-18 05:00:05', '2026-05-18 05:00:05'),
(38, 'B-CHEM-Y4', 'ເຄມີສາດທົ່ວໄປ', 'bachelor', 4, 1, '2026-05-18 05:00:05', '2026-05-18 05:00:05'),
(39, 'B-ECHE-Y4', 'ເຄມີສິ່ງແວດລ້ອມ', 'bachelor', 4, 1, '2026-05-18 05:00:05', '2026-05-18 05:00:05'),
(40, 'B-PHYS-Y4', 'ຟີຊິກສາດທົ່ວໄປ', 'bachelor', 4, 1, '2026-05-18 05:00:05', '2026-05-18 05:00:05'),
(41, 'B-GPHY-Y4', 'ທໍລະນີຟີຊິກ', 'bachelor', 4, 1, '2026-05-18 05:00:05', '2026-05-18 05:00:05'),
(42, 'B-MATS-Y4', 'ວັດສະດຸສາດ', 'bachelor', 4, 1, '2026-05-18 05:00:05', '2026-05-18 05:00:05'),
(43, 'B-NPHY-Y4', 'ຟິຊິກນິວເຄຣຍ', 'bachelor', 4, 1, '2026-05-18 05:00:05', '2026-05-18 05:00:05'),
(44, 'M-PHYS', 'ປະລິນຍາໂທຟິຊິກນໍາໃຊ້', 'master', NULL, 1, '2026-05-18 05:00:05', '2026-05-18 05:00:05'),
(45, 'M-MATH', 'ປະລິນຍາໂທຄະນິດສາດ', 'master', NULL, 1, '2026-05-18 05:00:05', '2026-05-18 05:00:05'),
(46, 'M-BIO', 'ປິລິນຍາໂທຊີວະວິທະຍາ', 'master', NULL, 1, '2026-05-18 05:00:05', '2026-05-18 05:00:05'),
(47, 'M-CHEM', 'ປະລິນຍາໂທເຄມີ', 'master', NULL, 1, '2026-05-18 05:00:05', '2026-05-18 05:00:05'),
(48, 'M-CS', 'ປະລິນຍາໂທວິທະຍາສາດຄອມພິວເຕີ', 'master', NULL, 1, '2026-05-18 05:00:05', '2026-05-18 05:00:05'),
(49, 'MR-PHYS', 'ຟີຊິກສາດຮູບແບບຄົ້ນຄວ້າ', 'master', NULL, 1, '2026-05-18 05:00:05', '2026-05-18 05:00:05'),
(50, 'MR-CHEM', 'ເຄມີສາດຮູບແບບຄົ້ນຄວ້າ', 'master', NULL, 1, '2026-05-18 05:00:05', '2026-05-18 05:00:05'),
(51, 'MR-BIO', 'ຊີວະວິທະຍາຮູບແບບຄົ້ນຄວ້າ', 'master', NULL, 1, '2026-05-18 05:00:05', '2026-05-18 05:00:05'),
(52, 'D-PHYS', 'ປະລີິນຍາເອກຟິຊິກ', 'phd', NULL, 1, '2026-05-18 05:00:05', '2026-05-18 05:00:05'),
(53, 'D-BIO', 'ປະລີິນຍາເອກຊີວະວິທະຍາ', 'phd', NULL, 1, '2026-05-18 05:00:05', '2026-05-18 05:00:05'),
(55, 'B-CS-Y1', 'ວິທະຍາສາດຄອມ ປີ 1', 'bachelor', 1, 1, '2026-05-18 06:27:34', '2026-05-18 06:27:34'),
(56, 'B-PD-Y1', 'ພັດທະນາໂປຣແກຣມ ປີ 1', 'bachelor', 1, 1, '2026-05-18 06:27:34', '2026-05-18 06:27:34'),
(57, 'B-WD-Y1', 'ພັດທະນາເວບໄຊ້ ປີ 1', 'bachelor', 1, 1, '2026-05-18 06:27:35', '2026-05-18 06:27:35'),
(58, 'B-CSC-Y1', 'ຕໍ່ເນື່ອງວິທະຍາສາດຄອມ ປີ 1', 'bachelor', 1, 1, '2026-05-18 06:27:35', '2026-05-18 06:27:35'),
(59, 'B-MAA-Y1', 'ຄະນິດສາດນໍາໃຊ້ ປີ 1', 'bachelor', 1, 1, '2026-05-18 06:27:35', '2026-05-18 06:27:35'),
(60, 'B-MAE-Y1', 'ຄະນິດສາດສໍາຫຼັບເສດຖະສາດ ປີ 1', 'bachelor', 1, 1, '2026-05-18 06:27:35', '2026-05-18 06:27:35'),
(61, 'B-STAT-Y1', 'ຄະນິດສາດສະຖິຕິ ປີ 1', 'bachelor', 1, 1, '2026-05-18 06:27:35', '2026-05-18 06:27:35'),
(62, 'B-BIO-Y1', 'ຊີວະທົ່ວໄປ ປີ 1', 'bachelor', 1, 1, '2026-05-18 06:27:35', '2026-05-18 06:27:35'),
(63, 'B-BT-Y1', 'ເທັກໂນໂລຍີ່ຊີວະພາບ ປີ 1', 'bachelor', 1, 1, '2026-05-18 06:27:35', '2026-05-18 06:27:35'),
(64, 'B-CHEM-Y1', 'ເຄມີທົ່ວໄປ ປີ 1', 'bachelor', 1, 1, '2026-05-18 06:27:35', '2026-05-18 06:27:35'),
(65, 'B-ECHE-Y1', 'ເຄມີສິ່ງແວດລ້ອມ ປີ 1', 'bachelor', 1, 1, '2026-05-18 06:27:35', '2026-05-18 06:27:35'),
(66, 'B-PHYS-Y1', 'ຟີຊິກທົ່ວໄປ ປີ 1', 'bachelor', 1, 1, '2026-05-18 06:27:35', '2026-05-18 06:27:35'),
(67, 'B-GPHY-Y1', 'ທໍລະນີຟີຊິກ ປີ 1', 'bachelor', 1, 1, '2026-05-18 06:27:35', '2026-05-18 06:27:35'),
(68, 'B-MATS-Y1', 'ວັດສະດຸສາດ ປີ 1', 'bachelor', 1, 1, '2026-05-18 06:27:35', '2026-05-18 06:27:35'),
(69, 'B-NPHY-Y1', 'ຟິຊິກນິວເຄຣຍ ປີ 1', 'bachelor', 1, 1, '2026-05-18 06:27:35', '2026-05-18 06:27:35');

-- --------------------------------------------------------

--
-- Table structure for table `departments`
--

CREATE TABLE `departments` (
  `id` int NOT NULL,
  `department_name` varchar(100) CHARACTER SET utf8mb4 COLLATE utf8mb4_unicode_ci NOT NULL,
  `department_type` varchar(50) CHARACTER SET utf8mb4 COLLATE utf8mb4_unicode_ci NOT NULL
) ENGINE=InnoDB DEFAULT CHARSET=utf8mb4 COLLATE=utf8mb4_unicode_ci;

--
-- Dumping data for table `departments`
--

INSERT INTO `departments` (`id`, `department_name`, `department_type`) VALUES
(1, 'Computer', 'Com');

-- --------------------------------------------------------

--
-- Table structure for table `expense_calculation_rules`
--

CREATE TABLE `expense_calculation_rules` (
  `id` bigint UNSIGNED NOT NULL,
  `planning_year_id` bigint UNSIGNED NOT NULL,
  `pattern_id` bigint UNSIGNED NOT NULL,
  `section_id` bigint UNSIGNED DEFAULT NULL,
  `subsection_id` bigint UNSIGNED DEFAULT NULL,
  `target_field_key` varchar(50) CHARACTER SET utf8mb4 COLLATE utf8mb4_unicode_ci NOT NULL,
  `formula` varchar(255) CHARACTER SET utf8mb4 COLLATE utf8mb4_unicode_ci NOT NULL,
  `is_active` tinyint(1) NOT NULL DEFAULT '1',
  `created_at` timestamp NULL DEFAULT NULL,
  `updated_at` timestamp NULL DEFAULT NULL
) ENGINE=InnoDB DEFAULT CHARSET=utf8mb4 COLLATE=utf8mb4_unicode_ci;

--
-- Dumping data for table `expense_calculation_rules`
--

INSERT INTO `expense_calculation_rules` (`id`, `planning_year_id`, `pattern_id`, `section_id`, `subsection_id`, `target_field_key`, `formula`, `is_active`, `created_at`, `updated_at`) VALUES
(1, 1, 1, NULL, NULL, 'yearly_total', 'amount_per_month * month_count', 1, '2026-06-05 00:00:00', '2026-06-05 00:00:00'),
(2, 1, 2, NULL, NULL, 'yearly_total', 'unit_price * quantity', 1, '2026-06-05 00:00:00', '2026-06-05 00:00:00'),
(3, 1, 3, NULL, NULL, 'yearly_total', 'unit_price * quantity * times_per_year', 1, '2026-06-05 00:00:00', '2026-06-05 00:00:00'),
(4, 1, 4, NULL, NULL, 'yearly_total', 'unit_price * quantity * frequency_count', 1, '2026-06-05 00:00:00', '2026-06-05 00:00:00'),
(5, 1, 5, NULL, NULL, 'yearly_total', 'unit_price * event_count * people_count', 1, '2026-06-05 00:00:00', '2026-06-05 00:00:00');

-- --------------------------------------------------------

--
-- Table structure for table `expense_patterns`
--

CREATE TABLE `expense_patterns` (
  `id` bigint UNSIGNED NOT NULL,
  `key` varchar(50) CHARACTER SET utf8mb4 COLLATE utf8mb4_unicode_ci NOT NULL,
  `name` varchar(255) CHARACTER SET utf8mb4 COLLATE utf8mb4_unicode_ci NOT NULL,
  `description` text CHARACTER SET utf8mb4 COLLATE utf8mb4_unicode_ci,
  `is_active` tinyint(1) NOT NULL DEFAULT '1',
  `created_at` timestamp NULL DEFAULT NULL,
  `updated_at` timestamp NULL DEFAULT NULL
) ENGINE=InnoDB DEFAULT CHARSET=utf8mb4 COLLATE=utf8mb4_unicode_ci;

--
-- Dumping data for table `expense_patterns`
--

INSERT INTO `expense_patterns` (`id`, `key`, `name`, `description`, `is_active`, `created_at`, `updated_at`) VALUES
(1, 'monthly', 'ລາຍຈ່າຍປະຈຳເດືອນ', 'ຄິດໄລ່ຈາກ ຕໍ່ເດືອນ ຄູນ ຈ/ນ.', 1, '2026-06-05 00:00:00', '2026-06-05 00:00:00'),
(2, 'unit_quantity', 'ລາຍຈ່າຍຕາມລາຄາຕໍ່ໜ່ວຍ ແລະ ຈຳນວນ', 'ຄິດໄລ່ຈາກ ລາຄາຕໍ່ໜ່ວຍ ຄູນ ຈຳນວນ.', 1, '2026-06-05 00:00:00', '2026-06-05 00:00:00'),
(3, 'unit_quantity_frequency', 'ລາຍຈ່າຍຕາມລາຄາ, ຈຳນວນ ແລະ ຈຳນວນຄັ້ງ', 'ຄິດໄລ່ຈາກ ລາຄາຕໍ່ໜ່ວຍ ຄູນ ຈຳນວນ ຄູນ ຈຳນວນຄັ້ງ.', 1, '2026-06-05 00:00:00', '2026-06-05 00:00:00'),
(4, 'frequency_based', 'ລາຍຈ່າຍຕາມຈຳນວນເດືອນ ຫຼື ຈຳນວນຄັ້ງ', 'ຄິດໄລ່ຈາກ ລາຄາ ຄູນ ຈຳນວນ ຄູນ ເດືອນ/ຄັ້ງ.', 1, '2026-06-05 00:00:00', '2026-06-05 00:00:00'),
(5, 'event_based', 'ລາຍຈ່າຍກິດຈະກຳ', 'ຄິດໄລ່ຈາກ ລາຄາ/ຫົວໜ່ວຍ ຄູນ ຈຳນວນຄັ້ງ ຄູນ ຈຳນວນຄົນ.', 1, '2026-06-05 00:00:00', '2026-06-05 00:00:00');

-- --------------------------------------------------------

--
-- Table structure for table `expense_pattern_fields`
--

CREATE TABLE `expense_pattern_fields` (
  `id` bigint UNSIGNED NOT NULL,
  `pattern_id` bigint UNSIGNED NOT NULL,
  `field_key` varchar(50) CHARACTER SET utf8mb4 COLLATE utf8mb4_unicode_ci NOT NULL,
  `default_label` varchar(255) CHARACTER SET utf8mb4 COLLATE utf8mb4_unicode_ci NOT NULL,
  `data_type` enum('text','number','date','boolean') CHARACTER SET utf8mb4 COLLATE utf8mb4_unicode_ci NOT NULL DEFAULT 'text',
  `display_order` int UNSIGNED NOT NULL DEFAULT '0',
  `is_required` tinyint(1) NOT NULL DEFAULT '0',
  `is_calculated` tinyint(1) NOT NULL DEFAULT '0',
  `default_value` varchar(255) CHARACTER SET utf8mb4 COLLATE utf8mb4_unicode_ci DEFAULT NULL,
  `created_at` timestamp NULL DEFAULT NULL,
  `updated_at` timestamp NULL DEFAULT NULL
) ENGINE=InnoDB DEFAULT CHARSET=utf8mb4 COLLATE=utf8mb4_unicode_ci;

--
-- Dumping data for table `expense_pattern_fields`
--

INSERT INTO `expense_pattern_fields` (`id`, `pattern_id`, `field_key`, `default_label`, `data_type`, `display_order`, `is_required`, `is_calculated`, `default_value`, `created_at`, `updated_at`) VALUES
(1, 1, 'item_name', 'ລາຍການ', 'text', 1, 1, 0, NULL, '2026-06-05 00:00:00', '2026-06-05 00:00:00'),
(2, 1, 'reference', 'ອ້າງອີງ', 'text', 2, 0, 0, NULL, '2026-06-05 00:00:00', '2026-06-05 00:00:00'),
(3, 2, 'item_name', 'ລາຍການ', 'text', 1, 1, 0, NULL, '2026-06-05 00:00:00', '2026-06-05 00:00:00'),
(4, 2, 'reference', 'ອ້າງອີງ', 'text', 2, 0, 0, NULL, '2026-06-05 00:00:00', '2026-06-05 00:00:00'),
(5, 3, 'item_name', 'ລາຍການ', 'text', 1, 1, 0, NULL, '2026-06-05 00:00:00', '2026-06-05 00:00:00'),
(6, 3, 'reference', 'ອ້າງອີງ', 'text', 2, 0, 0, NULL, '2026-06-05 00:00:00', '2026-06-05 00:00:00'),
(7, 4, 'item_name', 'ລາຍການ', 'text', 1, 1, 0, NULL, '2026-06-05 00:00:00', '2026-06-05 00:00:00'),
(8, 4, 'reference', 'ອ້າງອີງ', 'text', 2, 0, 0, NULL, '2026-06-05 00:00:00', '2026-06-05 00:00:00'),
(9, 5, 'item_name', 'ລາຍການ', 'text', 1, 1, 0, NULL, '2026-06-05 00:00:00', '2026-06-05 00:00:00'),
(10, 5, 'reference', 'ອ້າງອີງ', 'text', 2, 0, 0, NULL, '2026-06-05 00:00:00', '2026-06-05 00:00:00'),
(11, 1, 'amount_per_month', 'ຕໍ່ເດືອນ', 'number', 3, 1, 0, NULL, '2026-06-05 00:00:00', '2026-06-05 00:00:00'),
(12, 1, 'month_count', 'ຈ/ນ', 'number', 4, 1, 0, '12', '2026-06-05 00:00:00', '2026-06-05 00:00:00'),
(13, 1, 'yearly_total', 'ໝົດປີ', 'number', 5, 0, 1, NULL, '2026-06-05 00:00:00', '2026-06-05 00:00:00'),
(14, 1, 'note', 'ໝາຍເຫດ', 'text', 6, 0, 0, NULL, '2026-06-05 00:00:00', '2026-06-05 00:00:00'),
(15, 2, 'unit_price', 'ລາຄາຕໍ່ໜ່ວຍ', 'number', 3, 1, 0, NULL, '2026-06-05 00:00:00', '2026-06-05 00:00:00'),
(16, 2, 'quantity', 'ຈຳນວນ', 'number', 4, 1, 0, NULL, '2026-06-05 00:00:00', '2026-06-05 00:00:00'),
(17, 2, 'yearly_total', 'ຈຳນວນເງິນ/ປີ', 'number', 5, 0, 1, NULL, '2026-06-05 00:00:00', '2026-06-05 00:00:00'),
(18, 2, 'note', 'ໝາຍເຫດ', 'text', 6, 0, 0, NULL, '2026-06-05 00:00:00', '2026-06-05 00:00:00'),
(19, 3, 'unit_price', 'ລາຄາຕໍ່ໜ່ວຍ', 'number', 3, 1, 0, NULL, '2026-06-05 00:00:00', '2026-06-05 00:00:00'),
(20, 3, 'quantity', 'ຈຳນວນ', 'number', 4, 1, 0, NULL, '2026-06-05 00:00:00', '2026-06-05 00:00:00'),
(21, 3, 'times_per_year', 'ຈຳນວນຄັ້ງ', 'number', 5, 1, 0, '2', '2026-06-05 00:00:00', '2026-06-05 00:00:00'),
(22, 3, 'yearly_total', 'ຈຳນວນເງິນ/ປີ', 'number', 6, 0, 1, NULL, '2026-06-05 00:00:00', '2026-06-05 00:00:00'),
(23, 3, 'note', 'ໝາຍເຫດ', 'text', 7, 0, 0, NULL, '2026-06-05 00:00:00', '2026-06-05 00:00:00'),
(24, 4, 'unit_price', 'ຕໍ່ເດືອນ', 'number', 3, 1, 0, NULL, '2026-06-05 00:00:00', '2026-06-05 00:00:00'),
(25, 4, 'quantity', 'ຈຳນວນ', 'number', 4, 1, 0, '1', '2026-06-05 00:00:00', '2026-06-05 00:00:00'),
(26, 4, 'frequency_count', 'ຈຳນວນເດືອນ/ຄັ້ງ', 'number', 5, 1, 0, NULL, '2026-06-05 00:00:00', '2026-06-05 00:00:00'),
(27, 4, 'yearly_total', 'ຄ່າໃຊ້ຈ່າຍໝົດປີ', 'number', 6, 0, 1, NULL, '2026-06-05 00:00:00', '2026-06-05 00:00:00'),
(28, 4, 'note', 'ໝາຍເຫດ', 'text', 7, 0, 0, NULL, '2026-06-05 00:00:00', '2026-06-05 00:00:00'),
(29, 5, 'unit_price', 'ລາຄາ/ຫົວໜ່ວຍ', 'number', 3, 1, 0, NULL, '2026-06-05 00:00:00', '2026-06-05 00:00:00'),
(30, 5, 'event_count', 'ຈຳນວນຄັ້ງ', 'number', 4, 1, 0, NULL, '2026-06-05 00:00:00', '2026-06-05 00:00:00'),
(31, 5, 'people_count', 'ຈຳນວນຄົນ', 'number', 5, 1, 0, NULL, '2026-06-05 00:00:00', '2026-06-05 00:00:00'),
(32, 5, 'yearly_total', 'ຈຳນວນເງິນ/ປີ', 'number', 6, 0, 1, NULL, '2026-06-05 00:00:00', '2026-06-05 00:00:00'),
(33, 5, 'note', 'ໝາຍເຫດ', 'text', 7, 0, 0, NULL, '2026-06-05 00:00:00', '2026-06-05 00:00:00');

-- --------------------------------------------------------

--
-- Table structure for table `expense_plans`
--

CREATE TABLE `expense_plans` (
  `id` bigint UNSIGNED NOT NULL,
  `planning_year_id` bigint UNSIGNED NOT NULL,
  `section_id` bigint UNSIGNED NOT NULL,
  `subsection_id` bigint UNSIGNED DEFAULT NULL,
  `pattern_id` bigint UNSIGNED DEFAULT NULL,
  `version` varchar(50) CHARACTER SET utf8mb4 COLLATE utf8mb4_unicode_ci DEFAULT NULL,
  `plan_type` varchar(100) CHARACTER SET utf8mb4 COLLATE utf8mb4_unicode_ci DEFAULT NULL,
  `plan_detail` varchar(255) CHARACTER SET utf8mb4 COLLATE utf8mb4_unicode_ci NOT NULL,
  `detail` text CHARACTER SET utf8mb4 COLLATE utf8mb4_unicode_ci,
  `created_by` int DEFAULT NULL,
  `updated_by` int DEFAULT NULL,
  `created_at` timestamp NULL DEFAULT NULL,
  `updated_at` timestamp NULL DEFAULT NULL
) ENGINE=InnoDB DEFAULT CHARSET=utf8mb4 COLLATE=utf8mb4_unicode_ci;

-- --------------------------------------------------------

--
-- Table structure for table `expense_plan_values`
--

CREATE TABLE `expense_plan_values` (
  `id` bigint UNSIGNED NOT NULL,
  `expense_plan_id` bigint UNSIGNED NOT NULL,
  `field_key` varchar(50) CHARACTER SET utf8mb4 COLLATE utf8mb4_unicode_ci NOT NULL,
  `value_text` text CHARACTER SET utf8mb4 COLLATE utf8mb4_unicode_ci,
  `value_number` decimal(18,2) DEFAULT NULL,
  `value_date` date DEFAULT NULL,
  `value_boolean` tinyint(1) DEFAULT NULL,
  `created_at` timestamp NULL DEFAULT NULL,
  `updated_at` timestamp NULL DEFAULT NULL
) ENGINE=InnoDB DEFAULT CHARSET=utf8mb4 COLLATE=utf8mb4_unicode_ci;

-- --------------------------------------------------------

--
-- Table structure for table `expense_sections`
--

CREATE TABLE `expense_sections` (
  `id` bigint UNSIGNED NOT NULL,
  `planning_year_id` bigint UNSIGNED NOT NULL,
  `code` varchar(20) CHARACTER SET utf8mb4 COLLATE utf8mb4_unicode_ci NOT NULL,
  `name` varchar(255) CHARACTER SET utf8mb4 COLLATE utf8mb4_unicode_ci NOT NULL,
  `description` text CHARACTER SET utf8mb4 COLLATE utf8mb4_unicode_ci,
  `display_order` int UNSIGNED NOT NULL DEFAULT '0',
  `is_active` tinyint(1) NOT NULL DEFAULT '1',
  `created_at` timestamp NULL DEFAULT NULL,
  `updated_at` timestamp NULL DEFAULT NULL
) ENGINE=InnoDB DEFAULT CHARSET=utf8mb4 COLLATE=utf8mb4_unicode_ci;

--
-- Dumping data for table `expense_sections`
--

INSERT INTO `expense_sections` (`id`, `planning_year_id`, `code`, `name`, `description`, `display_order`, `is_active`, `created_at`, `updated_at`) VALUES
(1, 1, '2.1', 'ແຜນງົບປະມານລາຍຈ່າຍບໍລິຫານປົກກະຕິຂອງ ຄວທ ປະຈຳສົກປີ 2026', NULL, 1, 1, '2026-06-05 00:00:00', '2026-06-05 00:00:00'),
(2, 1, '2.2', 'ແຜນງົບປະມານລາຍຈ່າຍປັບປຸງ ແລະ ສົ່ງເສີມວິຊາການຂອງ ຄວທ ປະຈຳສົກປີ 2026', NULL, 2, 1, '2026-06-05 00:00:00', '2026-06-05 00:00:00'),
(3, 1, '2.3', 'ແຜນງົບປະມານລາຍຈ່າຍດັດສົມ, ສົ່ງເສີມ ແລະ ບຳລຸງຮັກສາຂອງ ຄວທ ປະຈຳສົກປີ 2026', NULL, 3, 1, '2026-06-05 00:00:00', '2026-06-05 00:00:00'),
(4, 1, '2.4', 'ແຜນງົບປະມານລາຍຈ່າຍບໍລິຫານອຸດໜູນກົງຈັກ ສົກປີ 2026', NULL, 4, 1, '2026-06-05 00:00:00', '2026-06-05 00:00:00'),
(5, 1, '2.5', 'ແຜນງົບປະມານລາຍຈ່າຍຄ່າສິດສອນ ແລະ ການປະເມີນ ສົກປີ 2026', NULL, 5, 1, '2026-06-05 00:00:00', '2026-06-05 00:00:00'),
(6, 1, '2.6', 'ແຜນລາຍຈ່າຍເຄື່ອນໄຫວນອກຫຼັກສູດ ປະຈຳສົກປີ 2026', NULL, 6, 1, '2026-06-05 00:00:00', '2026-06-05 00:00:00');

-- --------------------------------------------------------

--
-- Table structure for table `expense_subsections`
--

CREATE TABLE `expense_subsections` (
  `id` bigint UNSIGNED NOT NULL,
  `section_id` bigint UNSIGNED NOT NULL,
  `code` varchar(20) CHARACTER SET utf8mb4 COLLATE utf8mb4_unicode_ci NOT NULL,
  `name` varchar(255) CHARACTER SET utf8mb4 COLLATE utf8mb4_unicode_ci NOT NULL,
  `description` text CHARACTER SET utf8mb4 COLLATE utf8mb4_unicode_ci,
  `default_pattern_id` bigint UNSIGNED DEFAULT NULL,
  `display_order` int UNSIGNED NOT NULL DEFAULT '0',
  `is_active` tinyint(1) NOT NULL DEFAULT '1',
  `created_at` timestamp NULL DEFAULT NULL,
  `updated_at` timestamp NULL DEFAULT NULL,
  `parent_id` bigint UNSIGNED DEFAULT NULL
) ENGINE=InnoDB DEFAULT CHARSET=utf8mb4 COLLATE=utf8mb4_unicode_ci;

--
-- Dumping data for table `expense_subsections`
--

INSERT INTO `expense_subsections` (`id`, `section_id`, `code`, `name`, `description`, `default_pattern_id`, `display_order`, `is_active`, `created_at`, `updated_at`, `parent_id`) VALUES
(1, 1, '2.1.1', 'ບໍລິຫານສັງລວມ', NULL, 1, 1, 1, '2026-06-05 00:00:00', '2026-06-05 00:00:00', NULL),
(2, 1, '2.1.2', 'ບຳລຸງຮັກສາ, ສ້ອມແປງ ແລະ ຕິດຕັ້ງ', NULL, 1, 2, 1, '2026-06-05 00:00:00', '2026-06-05 00:00:00', NULL),
(3, 1, '2.1.3', 'ສ້ອມແປງ ແລະ ປັບປຸງອາຄານຫ້ອງຮຽນ', NULL, 1, 3, 1, '2026-06-05 00:00:00', '2026-06-05 00:00:00', NULL),
(4, 1, '2.1.4', 'ສ້ອມແປງພາຫານະ', NULL, 1, 4, 1, '2026-06-05 00:00:00', '2026-06-05 00:00:00', NULL),
(5, 1, '2.1.5', 'ຊື້ເຄື່ອງຈັກ, ວັດຖຸອຸປະກອນ', NULL, 1, 5, 1, '2026-06-05 00:00:00', '2026-06-05 00:00:00', NULL),
(6, 1, '2.1.6', 'ຄ່າປະກັນໄພພາຫະນະ', NULL, 1, 6, 1, '2026-06-05 00:00:00', '2026-06-05 00:00:00', NULL),
(7, 1, '2.1.7', 'ລາຍຈ່າຍໄປວຽກທາງການ', NULL, 1, 7, 1, '2026-06-05 00:00:00', '2026-06-05 00:00:00', NULL),
(8, 1, '2.1.8', 'ປົກປັກຮັກສາ ແລະ ອານາໄມອາຄານ, ສະຖານທີ່', NULL, 1, 8, 1, '2026-06-05 00:00:00', '2026-06-05 00:00:00', NULL),
(9, 1, '2.1.9', 'ວຽກງານກິດຈະກຳນັກສຶກສາ', NULL, 1, 9, 1, '2026-06-05 00:00:00', '2026-06-05 00:00:00', NULL),
(10, 1, '2.1.10', 'ລາຍຈ່າຍກອງປະຊຸມ, ສຳມະນາ ແລະ ຝຶກອົບຮົມ', NULL, 1, 10, 1, '2026-06-05 00:00:00', '2026-06-05 00:00:00', NULL),
(11, 1, '2.1.11', 'ລາຍຈ່າຍບໍຂລິຫານປົກກະຕິອື່ນໆ', NULL, 1, 11, 1, '2026-06-05 00:00:00', '2026-06-05 00:00:00', NULL),
(12, 2, '2.2.1', 'ຊື້ວັດຖຸ, ອຸ​ປະ​ກອນການຮຽນ ແລະ ການ​ສິດ​ສອນ', NULL, 3, 1, 1, '2026-06-05 00:00:00', '2026-06-05 00:00:00', NULL),
(13, 2, '2.2.2', 'ປັບປຸງແລະພັດທະນາການສຶກສາ(ປັບປຸງຫຼັກສູດ, ພິມປື້ມ)', NULL, 2, 2, 1, '2026-06-05 00:00:00', '2026-06-05 00:00:00', NULL),
(14, 2, '2.2.3', 'ບຳລຸງຫ້ອງທົດລອງ', NULL, 2, 3, 1, '2026-06-05 00:00:00', '2026-06-05 00:00:00', NULL),
(15, 2, '2.2.4', 'ຊື້ອຸປະກອນທົດລອງ', NULL, 2, 4, 1, '2026-06-05 00:00:00', '2026-06-05 00:00:00', NULL),
(16, 2, '2.2.5', 'ລາຍຈ່າຍກອງປະຊຸມວິຊາການ', NULL, 2, 5, 1, '2026-06-05 00:00:00', '2026-06-05 00:00:00', NULL),
(17, 2, '2.2.6', 'ບຳລຸງຫ້ອງອ່ານ', NULL, 2, 6, 1, '2026-06-05 00:00:00', '2026-06-05 00:00:00', NULL),
(18, 2, '2.2.7', 'ການຍົກລະດັບໄລຍະຍາວ', NULL, 2, 7, 1, '2026-06-05 00:00:00', '2026-06-05 00:00:00', NULL),
(19, 2, '2.2.8', 'ລາຍຈ່າຍຕິດຕາມການປະຕິບັດຫຼັກສູດ', NULL, 2, 8, 1, '2026-06-05 00:00:00', '2026-06-05 00:00:00', NULL),
(20, 3, '2.3.1', 'ບໍລິຫານວິຊາການ', NULL, 2, 1, 1, '2026-06-05 00:00:00', '2026-06-05 00:00:00', NULL),
(21, 3, '2.3.2', 'ບູລະນະ ແລະ ປົກປັກຮັກສາວັດທະນະທຳ', NULL, 2, 2, 1, '2026-06-05 00:00:00', '2026-06-05 00:00:00', NULL),
(22, 3, '2.3.3', 'ໄປທັດສະນະສຶກສາ', NULL, 2, 3, 1, '2026-06-05 00:00:00', '2026-06-05 00:00:00', NULL),
(23, 4, '2.4.1', 'ອຸດໜູນຄ່າບັດໂທລະສັບປະຈຳຕຳແໜ່ງ', NULL, 1, 1, 1, '2026-06-05 00:00:00', '2026-06-05 00:00:00', NULL),
(24, 4, '2.4.2', 'ອຸດໜູນຄ່ານ້ຳມັນປະຈຳຕຳແໜ່ງ', NULL, 1, 2, 1, '2026-06-05 00:00:00', '2026-06-05 00:00:00', NULL),
(25, 4, '2.4.3', 'ເງິນເດືອນສັນຍາຈ້າງ ແລະ ຄ່າແຮງງານ', NULL, 1, 3, 1, '2026-06-05 00:00:00', '2026-06-05 00:00:00', NULL),
(26, 4, '2.4.4', 'ອຸດໜູນການເຮັດວຽກເພີ່ມ', NULL, 1, 4, 1, '2026-06-05 00:00:00', '2026-06-05 00:00:00', NULL),
(27, 4, '2.4.5', 'ອຸດໜູນຄ່າຄອງຊີບ', NULL, 1, 5, 1, '2026-06-05 00:00:00', '2026-06-05 00:00:00', NULL),
(28, 5, '2.5.1', 'ຄ່າສອນລະບົບພິເສດ', NULL, 4, 1, 1, '2026-06-05 00:00:00', '2026-06-05 00:00:00', NULL),
(29, 5, '2.5.2', 'ຄ່າບໍລິການສອບເສັງ', NULL, 4, 2, 1, '2026-06-05 00:00:00', '2026-06-05 00:00:00', NULL),
(30, 5, '2.5.3', 'ບົດໂຄງການຈົບຊັ້ນ', NULL, 4, 3, 1, '2026-06-05 00:00:00', '2026-06-05 00:00:00', NULL),
(31, 5, '2.5.4', 'ອຸດໜູນການລົງທະບຽນ', NULL, 4, 4, 1, '2026-06-05 00:00:00', '2026-06-05 00:00:00', NULL);

-- --------------------------------------------------------

--
-- Table structure for table `income_rate_settings`
--

CREATE TABLE `income_rate_settings` (
  `id` bigint UNSIGNED NOT NULL,
  `setting_set_id` bigint UNSIGNED DEFAULT NULL,
  `key` varchar(50) CHARACTER SET utf8mb4 COLLATE utf8mb4_unicode_ci NOT NULL,
  `label` varchar(255) CHARACTER SET utf8mb4 COLLATE utf8mb4_unicode_ci NOT NULL,
  `rate` decimal(15,2) NOT NULL DEFAULT '0.00',
  `created_at` timestamp NULL DEFAULT NULL,
  `updated_at` timestamp NULL DEFAULT NULL
) ENGINE=InnoDB DEFAULT CHARSET=utf8mb4 COLLATE=utf8mb4_unicode_ci;

--
-- Dumping data for table `income_rate_settings`
--

INSERT INTO `income_rate_settings` (`id`, `setting_set_id`, `key`, `label`, `rate`, `created_at`, `updated_at`) VALUES
(1, 1, 'item3_rate', 'ຄ່າລົງທະບຽນເທີມສາມ', 90000.00, '2026-05-18 20:31:56', '2026-05-31 23:35:17'),
(2, 1, 'item4_rate', 'ຄ່າບູລະນະຫ້ອງທົດລອງຄອມພິວເຕີ', 50000.00, '2026-05-18 20:31:56', '2026-05-31 23:35:17'),
(3, 1, 'item5_rate', 'ຄ່າບຳລຸງອຸປະກອນຫ້ອງທົດລອງ', 20000.00, '2026-05-18 20:31:56', '2026-05-31 23:35:17'),
(4, 1, 'item6_rate', 'ຄ່າ​ບໍລິການວິຊາການ ແລະ ຄ່າບໍລິການ​ອື່ນໆ', 0.00, '2026-05-18 20:31:56', '2026-05-31 23:35:17');

-- --------------------------------------------------------

--
-- Table structure for table `migrations`
--

CREATE TABLE `migrations` (
  `id` int UNSIGNED NOT NULL,
  `migration` varchar(255) CHARACTER SET utf8mb4 COLLATE utf8mb4_unicode_ci NOT NULL,
  `batch` int NOT NULL
) ENGINE=InnoDB DEFAULT CHARSET=utf8mb4 COLLATE=utf8mb4_unicode_ci;

--
-- Dumping data for table `migrations`
--

INSERT INTO `migrations` (`id`, `migration`, `batch`) VALUES
(4, '2026_05_17_133150_create_degree_programs_table', 1),
(5, '2026_05_17_133151_create_course_credit_settings_table', 1),
(6, '2026_05_17_133151_create_credit_unit_price_settings_table', 1),
(7, '2026_05_17_133154_create_academic_income_plans_table', 2),
(9, '2026_05_17_133154_create_registration_fee_settings_table', 2),
(10, '2026_05_17_133155_create_academic_income_items_table', 3),
(11, '2026_05_17_152605_modify_credit_course_settings_use_level', 4),
(12, '2026_05_17_153113_remove_masters_phd_level', 5),
(13, '2026_05_17_160545_redesign_registration_fee_settings_to_itemized', 6),
(14, '2026_05_17_165401_change_course_credit_settings_to_per_program', 7),
(15, '2026_05_18_000001_create_degree_programs_table', 8),
(16, '2026_05_18_000002_create_course_credit_settings_table', 8),
(17, '2026_05_18_000003_create_credit_unit_price_settings_table', 8),
(18, '2026_05_18_000004_create_registration_fee_settings_table', 8),
(19, '2026_05_18_000005_create_registration_fee_items_table', 8),
(23, '2026_05_18_000009_add_study_year_to_degree_programs', 9),
(24, '2026_05_18_000010_change_nuol_pct_to_level_based', 10),
(25, '2026_05_18_000011_create_nuol_pct_settings_table', 11),
(26, '2026_05_18_000012_create_expense_plans_table', 12),
(27, '2026_05_18_000013_create_expense_categories_table', 13),
(28, '2026_05_18_000013_create_expense_categories_table', 13),
(29, '2026_05_18_000014_create_expense_items_table', 13),
(30, '2026_05_18_000015_add_year1_rate_to_course_credit_settings', 14),
(31, '2026_05_18_000016_replace_year1_rate_with_year1_credit_unit', 15),
(32, '2026_05_18_194752_create_income_rate_settings_table', 16),
(33, '2026_05_19_000017_create_income_rate_settings_table', 17),
(34, '2026_05_19_000018_fix_income_rate_settings_table', 18),
(35, '2026_05_19_000001_add_formula_fields_to_expense_tables', 19),
(39, '2026_05_20_000002_create_salary_plans_table', 20),
(40, '2026_05_20_000003_create_salary_entries_table', 20),
(42, '2026_05_25_000002_drop_academic_income_tables', 22),
(44, '2026_05_18_000006_create_academic_income_plans_table', 23),
(45, '2026_05_18_000007_create_academic_income_items_table', 23),
(46, '2026_05_18_000008_fix_academic_income_items_schema', 23),
(47, '2026_05_25_000001_drop_status_from_academic_income_plans_table', 24),
(48, '2026_05_25_000003_split_nuol_pct_master_phd', 25),
(49, '2026_05_25_123803_alter_registration_fee_settings_section_type_to_string', 26),
(50, '2026_05_21_000001_fix_expense_items_chart_of_account_fk', 27),
(53, '2026_05_28_000002_create_expense_ref_codes_table', 28),
(54, '2026_05_28_000003_drop_expense_categories_and_items_tables', 29),
(55, '2026_05_28_000001_create_expense_entries_table', 30),
(56, '2026_05_28_000004_add_parent_id_to_expense_ref_codes', 31),
(57, '2026_05_28_000005_add_ref_code_id_to_expense_entries', 32),
(58, '2026_05_28_000004_add_account_code_to_expense_ref_codes', 33),
(59, '2026_05_28_000005_add_category_codes_to_expense_entries', 34),
(60, '2026_05_28_000006_drop_entry_date_from_expense_entries', 35),
(61, '2026_05_28_000007_drop_account_code_from_expense_ref_codes', 36),
(73, '2026_05_30_170001_create_budget_plans_table', 37),
(74, '2026_05_30_170002_create_budget_plan_transitions_table', 37),
(75, '2026_05_30_170003_create_budget_plan_comments_table', 37),
(76, '2026_05_30_170004_add_budget_plan_id_to_sub_plans', 37),
(77, '2026_05_30_170005_drop_status_from_sub_plans', 37),
(79, '2026_05_31_000002_add_flat_fields_to_expense_entries', 38);

-- --------------------------------------------------------

--
-- Table structure for table `nuol_pct_settings`
--

CREATE TABLE `nuol_pct_settings` (
  `id` bigint UNSIGNED NOT NULL,
  `setting_set_id` bigint UNSIGNED DEFAULT NULL,
  `level` enum('bachelor','master','phd') CHARACTER SET utf8mb4 COLLATE utf8mb4_unicode_ci NOT NULL,
  `percentage` decimal(5,4) NOT NULL,
  `gov_doc_id` varchar(255) CHARACTER SET utf8mb4 COLLATE utf8mb4_unicode_ci DEFAULT NULL,
  `start_year` smallint UNSIGNED NOT NULL,
  `created_at` timestamp NULL DEFAULT NULL,
  `updated_at` timestamp NULL DEFAULT NULL
) ENGINE=InnoDB DEFAULT CHARSET=utf8mb4 COLLATE=utf8mb4_unicode_ci;

--
-- Dumping data for table `nuol_pct_settings`
--

INSERT INTO `nuol_pct_settings` (`id`, `setting_set_id`, `level`, `percentage`, `gov_doc_id`, `start_year`, `created_at`, `updated_at`) VALUES
(2, 1, 'bachelor', 0.1700, NULL, 2026, '2026-05-18 05:32:31', '2026-05-27 04:35:46'),
(3, 1, 'master', 0.1000, NULL, 2026, '2026-05-18 05:32:49', '2026-05-25 11:52:20'),
(4, 1, 'phd', 0.1000, NULL, 2026, '2026-05-25 11:52:20', '2026-05-25 11:52:20');

-- --------------------------------------------------------

--
-- Table structure for table `planning_years`
--

CREATE TABLE `planning_years` (
  `id` bigint UNSIGNED NOT NULL,
  `year` smallint UNSIGNED NOT NULL,
  `name` varchar(255) CHARACTER SET utf8mb4 COLLATE utf8mb4_unicode_ci NOT NULL,
  `description` text CHARACTER SET utf8mb4 COLLATE utf8mb4_unicode_ci,
  `is_active` tinyint(1) NOT NULL DEFAULT '1',
  `created_at` timestamp NULL DEFAULT NULL,
  `updated_at` timestamp NULL DEFAULT NULL
) ENGINE=InnoDB DEFAULT CHARSET=utf8mb4 COLLATE=utf8mb4_unicode_ci;

--
-- Dumping data for table `planning_years`
--

INSERT INTO `planning_years` (`id`, `year`, `name`, `description`, `is_active`, `created_at`, `updated_at`) VALUES
(1, 2026, 'ແຜນງົບປະມານ 2026', 'ແຜນງົບປະມານລາຍຈ່າຍປະຈຳສົກປີ 2026 ນຳເຂົ້າຈາກ Planning 2026.xls', 1, '2026-06-05 00:00:00', '2026-06-05 00:00:00');

-- --------------------------------------------------------

--
-- Table structure for table `planning_year_field_settings`
--

CREATE TABLE `planning_year_field_settings` (
  `id` bigint UNSIGNED NOT NULL,
  `planning_year_id` bigint UNSIGNED NOT NULL,
  `pattern_field_id` bigint UNSIGNED NOT NULL,
  `label` varchar(255) CHARACTER SET utf8mb4 COLLATE utf8mb4_unicode_ci NOT NULL,
  `display_order` int UNSIGNED NOT NULL DEFAULT '0',
  `is_required` tinyint(1) NOT NULL DEFAULT '0',
  `is_active` tinyint(1) NOT NULL DEFAULT '1',
  `default_value` varchar(255) CHARACTER SET utf8mb4 COLLATE utf8mb4_unicode_ci DEFAULT NULL,
  `created_at` timestamp NULL DEFAULT NULL,
  `updated_at` timestamp NULL DEFAULT NULL
) ENGINE=InnoDB DEFAULT CHARSET=utf8mb4 COLLATE=utf8mb4_unicode_ci;

--
-- Dumping data for table `planning_year_field_settings`
--

INSERT INTO `planning_year_field_settings` (`id`, `planning_year_id`, `pattern_field_id`, `label`, `display_order`, `is_required`, `is_active`, `default_value`, `created_at`, `updated_at`) VALUES
(1, 1, 1, 'ລາຍການ', 1, 1, 1, NULL, '2026-06-05 00:00:00', '2026-06-05 00:00:00'),
(2, 1, 2, 'ອ້າງອີງ', 2, 0, 1, NULL, '2026-06-05 00:00:00', '2026-06-05 00:00:00'),
(3, 1, 3, 'ລາຍການ', 1, 1, 1, NULL, '2026-06-05 00:00:00', '2026-06-05 00:00:00'),
(4, 1, 4, 'ອ້າງອີງ', 2, 0, 1, NULL, '2026-06-05 00:00:00', '2026-06-05 00:00:00'),
(5, 1, 5, 'ລາຍການ', 1, 1, 1, NULL, '2026-06-05 00:00:00', '2026-06-05 00:00:00'),
(6, 1, 6, 'ອ້າງອີງ', 2, 0, 1, NULL, '2026-06-05 00:00:00', '2026-06-05 00:00:00'),
(7, 1, 7, 'ລາຍການ', 1, 1, 1, NULL, '2026-06-05 00:00:00', '2026-06-05 00:00:00'),
(8, 1, 8, 'ອ້າງອີງ', 2, 0, 1, NULL, '2026-06-05 00:00:00', '2026-06-05 00:00:00'),
(9, 1, 9, 'ລາຍການ', 1, 1, 1, NULL, '2026-06-05 00:00:00', '2026-06-05 00:00:00'),
(10, 1, 10, 'ອ້າງອີງ', 2, 0, 1, NULL, '2026-06-05 00:00:00', '2026-06-05 00:00:00'),
(11, 1, 11, 'ຕໍ່ເດືອນ', 3, 1, 1, NULL, '2026-06-05 00:00:00', '2026-06-05 00:00:00'),
(12, 1, 12, 'ຈ/ນ', 4, 1, 1, '12', '2026-06-05 00:00:00', '2026-06-05 00:00:00'),
(13, 1, 13, 'ໝົດປີ', 5, 0, 1, NULL, '2026-06-05 00:00:00', '2026-06-05 00:00:00'),
(14, 1, 14, 'ໝາຍເຫດ', 6, 0, 1, NULL, '2026-06-05 00:00:00', '2026-06-05 00:00:00'),
(15, 1, 15, 'ລາຄາຕໍ່ໜ່ວຍ', 3, 1, 1, NULL, '2026-06-05 00:00:00', '2026-06-05 00:00:00'),
(16, 1, 16, 'ຈຳນວນ', 4, 1, 1, NULL, '2026-06-05 00:00:00', '2026-06-05 00:00:00'),
(17, 1, 17, 'ຈຳນວນເງິນ/ປີ', 5, 0, 1, NULL, '2026-06-05 00:00:00', '2026-06-05 00:00:00'),
(18, 1, 18, 'ໝາຍເຫດ', 6, 0, 1, NULL, '2026-06-05 00:00:00', '2026-06-05 00:00:00'),
(19, 1, 19, 'ລາຄາຕໍ່ໜ່ວຍ', 3, 1, 1, NULL, '2026-06-05 00:00:00', '2026-06-05 00:00:00'),
(20, 1, 20, 'ຈຳນວນ', 4, 1, 1, NULL, '2026-06-05 00:00:00', '2026-06-05 00:00:00'),
(21, 1, 21, 'ຈຳນວນຄັ້ງ', 5, 1, 1, '2', '2026-06-05 00:00:00', '2026-06-05 00:00:00'),
(22, 1, 22, 'ຈຳນວນເງິນ/ປີ', 6, 0, 1, NULL, '2026-06-05 00:00:00', '2026-06-05 00:00:00'),
(23, 1, 23, 'ໝາຍເຫດ', 7, 0, 1, NULL, '2026-06-05 00:00:00', '2026-06-05 00:00:00'),
(24, 1, 24, 'ຕໍ່ເດືອນ', 3, 1, 1, NULL, '2026-06-05 00:00:00', '2026-06-05 00:00:00'),
(25, 1, 25, 'ຈຳນວນ', 4, 1, 1, '1', '2026-06-05 00:00:00', '2026-06-05 00:00:00'),
(26, 1, 26, 'ຈຳນວນເດືອນ/ຄັ້ງ', 5, 1, 1, NULL, '2026-06-05 00:00:00', '2026-06-05 00:00:00'),
(27, 1, 27, 'ຄ່າໃຊ້ຈ່າຍໝົດປີ', 6, 0, 1, NULL, '2026-06-05 00:00:00', '2026-06-05 00:00:00'),
(28, 1, 28, 'ໝາຍເຫດ', 7, 0, 1, NULL, '2026-06-05 00:00:00', '2026-06-05 00:00:00'),
(29, 1, 29, 'ລາຄາ/ຫົວໜ່ວຍ', 3, 1, 1, NULL, '2026-06-05 00:00:00', '2026-06-05 00:00:00'),
(30, 1, 30, 'ຈຳນວນຄັ້ງ', 4, 1, 1, NULL, '2026-06-05 00:00:00', '2026-06-05 00:00:00'),
(31, 1, 31, 'ຈຳນວນຄົນ', 5, 1, 1, NULL, '2026-06-05 00:00:00', '2026-06-05 00:00:00'),
(32, 1, 32, 'ຈຳນວນເງິນ/ປີ', 6, 0, 1, NULL, '2026-06-05 00:00:00', '2026-06-05 00:00:00'),
(33, 1, 33, 'ໝາຍເຫດ', 7, 0, 1, NULL, '2026-06-05 00:00:00', '2026-06-05 00:00:00');

-- --------------------------------------------------------

--
-- Table structure for table `registration_fee_items`
--

CREATE TABLE `registration_fee_items` (
  `id` bigint UNSIGNED NOT NULL,
  `fee_setting_id` bigint UNSIGNED NOT NULL,
  `sort_order` tinyint UNSIGNED NOT NULL DEFAULT '0',
  `name` varchar(255) CHARACTER SET utf8mb4 COLLATE utf8mb4_unicode_ci NOT NULL,
  `amount` decimal(15,2) NOT NULL,
  `nuol_pct` decimal(5,4) NOT NULL DEFAULT '0.0000',
  `created_at` timestamp NULL DEFAULT NULL,
  `updated_at` timestamp NULL DEFAULT NULL
) ENGINE=InnoDB DEFAULT CHARSET=utf8mb4 COLLATE=utf8mb4_unicode_ci;

--
-- Dumping data for table `registration_fee_items`
--

INSERT INTO `registration_fee_items` (`id`, `fee_setting_id`, `sort_order`, `name`, `amount`, `nuol_pct`, `created_at`, `updated_at`) VALUES
(11, 27, 1, 'ຄ່າທຳນຽມລົງທະບຽນປະຈໍາປີ', 15000.00, 1.0000, '2026-05-17 16:09:40', '2026-05-17 16:09:40'),
(12, 27, 2, 'ຄ່າຊຸດເອກະສານລົງທະບຽນ ນ/ສ ໃໝ່', 15000.00, 1.0000, '2026-05-17 16:09:40', '2026-05-17 16:09:40'),
(13, 27, 3, 'ຄ່າອະນາໄມຫ້ອງຮຽນ', 25000.00, 0.0000, '2026-05-17 16:09:40', '2026-05-17 16:09:40'),
(14, 27, 4, 'ບຳລຸງອຸປະກອນການຮຽນ-ການສອນ', 20000.00, 0.0000, '2026-05-17 16:09:40', '2026-05-17 16:09:40'),
(15, 27, 5, 'ບຳລຸງກິດຈະກຳນັກສຶກສາ', 30000.00, 0.3000, '2026-05-17 16:09:40', '2026-05-17 16:09:40'),
(16, 27, 6, 'ບຳລຸງວິທະຍາເຂດ', 30000.00, 0.4000, '2026-05-17 16:09:40', '2026-05-17 16:09:40'),
(17, 27, 7, 'ອຸດໜູນວຽກປ້ອງກັນ', 20000.00, 0.0000, '2026-05-17 16:09:40', '2026-05-17 16:09:40'),
(18, 27, 8, 'ບຳລຸງຫ້ອງອ່ານ', 10000.00, 0.0000, '2026-05-17 16:09:40', '2026-05-17 16:09:40'),
(19, 27, 9, 'ບຳລຸງຫ້ອງທົດລອງ', 15000.00, 0.0000, '2026-05-17 16:09:40', '2026-05-17 16:09:40'),
(20, 27, 10, 'ບໍລິການສອບເສັງ', 25000.00, 0.0000, '2026-05-17 16:09:40', '2026-05-17 16:09:40'),
(21, 27, 11, 'ບໍລິການການລົງທະບຽນລາຍວິຊາ', 5000.00, 0.0000, '2026-05-17 16:09:40', '2026-05-17 16:09:40'),
(37, 26, 0, 'ຄ່າທຳນຽມນັກສຶກສາລົງທະບຽນ', 10000.00, 0.2500, '2026-05-25 12:51:51', '2026-05-25 12:51:51'),
(38, 26, 1, 'ຄ່າອະນາໄມຫ້ອງຮຽນ', 25000.00, 0.0000, '2026-05-25 12:51:51', '2026-05-25 12:51:51'),
(39, 26, 2, 'ບຳລຸງອຸປະກອນການຮຽນ-ການສອນ', 20000.00, 0.0000, '2026-05-25 12:51:51', '2026-05-25 12:51:51'),
(40, 26, 3, 'ບຳລຸງກິດຈະກຳນັກສຶກສາ', 30000.00, 0.3000, '2026-05-25 12:51:51', '2026-05-25 12:51:51'),
(41, 26, 4, 'ບຳລຸງວິທະຍາເຂດ', 30000.00, 0.4000, '2026-05-25 12:51:51', '2026-05-25 12:51:51'),
(42, 26, 5, 'ອຸດໜູນວຽກປ້ອງກັນ', 20000.00, 0.0000, '2026-05-25 12:51:51', '2026-05-25 12:51:51'),
(43, 26, 6, 'ບຳລຸງຫ້ອງອ່ານ', 30000.00, 0.0000, '2026-05-25 12:51:51', '2026-05-25 12:51:51'),
(44, 26, 7, 'ບຳລຸງຫ້ອງທົດລອງ', 15000.00, 0.0000, '2026-05-25 12:51:51', '2026-05-25 12:51:51'),
(45, 26, 8, 'ບໍລິການສອບເສັງ', 25000.00, 0.0000, '2026-05-25 12:51:51', '2026-05-25 12:51:51'),
(46, 26, 9, 'ບໍລິການການລົງທະບຽນລາຍວິຊາ', 5000.00, 0.0000, '2026-05-25 12:51:51', '2026-05-25 12:51:51');

-- --------------------------------------------------------

--
-- Table structure for table `registration_fee_settings`
--

CREATE TABLE `registration_fee_settings` (
  `id` bigint UNSIGNED NOT NULL,
  `section_type` varchar(255) CHARACTER SET utf8mb4 COLLATE utf8mb4_unicode_ci NOT NULL,
  `gov_doc_id` varchar(255) CHARACTER SET utf8mb4 COLLATE utf8mb4_unicode_ci DEFAULT NULL,
  `start_year` smallint UNSIGNED NOT NULL,
  `created_at` timestamp NULL DEFAULT NULL,
  `updated_at` timestamp NULL DEFAULT NULL
) ENGINE=InnoDB DEFAULT CHARSET=utf8mb4 COLLATE=utf8mb4_unicode_ci;

--
-- Dumping data for table `registration_fee_settings`
--

INSERT INTO `registration_fee_settings` (`id`, `section_type`, `gov_doc_id`, `start_year`, `created_at`, `updated_at`) VALUES
(26, 'year2_4', NULL, 2026, '2026-05-17 16:09:40', '2026-05-17 16:09:40'),
(27, 'year1', NULL, 2026, '2026-05-17 16:09:40', '2026-05-17 16:09:40');

-- --------------------------------------------------------

--
-- Table structure for table `roles`
--

CREATE TABLE `roles` (
  `id` int NOT NULL,
  `role_name` varchar(50) CHARACTER SET utf8mb4 COLLATE utf8mb4_unicode_ci NOT NULL
) ENGINE=InnoDB DEFAULT CHARSET=utf8mb4 COLLATE=utf8mb4_unicode_ci;

--
-- Dumping data for table `roles`
--

INSERT INTO `roles` (`id`, `role_name`) VALUES
(3, 'accountant'),
(1, 'admin'),
(7, 'cashier'),
(4, 'deputy_head_of_faculty'),
(11, 'head_of_department'),
(5, 'head_of_faculty'),
(2, 'head_of_finance'),
(6, 'requester'),
(8, 'revenue_officer'),
(9, 'treasurer'),
(10, 'treasury_reconciliation_officer');

-- --------------------------------------------------------

--
-- Table structure for table `salary_entries`
--

CREATE TABLE `salary_entries` (
  `id` bigint UNSIGNED NOT NULL,
  `plan_id` bigint UNSIGNED NOT NULL,
  `chart_of_account_id` int UNSIGNED NOT NULL,
  `person_count` int UNSIGNED NOT NULL DEFAULT '0',
  `atm_amount` decimal(15,2) NOT NULL DEFAULT '0.00',
  `cash_amount` decimal(15,2) NOT NULL DEFAULT '0.00',
  `monthly_total` decimal(15,2) NOT NULL DEFAULT '0.00',
  `annual_amount` decimal(15,2) NOT NULL DEFAULT '0.00',
  `remark` varchar(255) CHARACTER SET utf8mb4 COLLATE utf8mb4_unicode_ci DEFAULT NULL,
  `created_at` timestamp NULL DEFAULT NULL,
  `updated_at` timestamp NULL DEFAULT NULL
) ENGINE=InnoDB DEFAULT CHARSET=utf8mb4 COLLATE=utf8mb4_unicode_ci;

-- --------------------------------------------------------

--
-- Table structure for table `salary_plans`
--

CREATE TABLE `salary_plans` (
  `id` bigint UNSIGNED NOT NULL,
  `planning_year_id` bigint UNSIGNED DEFAULT NULL,
  `fiscal_year` varchar(10) CHARACTER SET utf8mb4 COLLATE utf8mb4_unicode_ci NOT NULL,
  `month` tinyint UNSIGNED NOT NULL,
  `notes` text CHARACTER SET utf8mb4 COLLATE utf8mb4_unicode_ci,
  `created_by` int NOT NULL,
  `created_at` timestamp NULL DEFAULT NULL,
  `updated_at` timestamp NULL DEFAULT NULL
) ENGINE=InnoDB DEFAULT CHARSET=utf8mb4 COLLATE=utf8mb4_unicode_ci;

--
-- Dumping data for table `salary_plans`
--

INSERT INTO `salary_plans` (`id`, `planning_year_id`, `fiscal_year`, `month`, `notes`, `created_by`, `created_at`, `updated_at`) VALUES
(8, 1, '2026', 1, NULL, 2, '2026-05-31 17:37:27', '2026-05-31 17:37:27');

-- --------------------------------------------------------

--
-- Table structure for table `users`
--

CREATE TABLE `users` (
  `id` int NOT NULL,
  `username` varchar(50) CHARACTER SET utf8mb4 COLLATE utf8mb4_unicode_ci NOT NULL,
  `password` varchar(255) CHARACTER SET utf8mb4 COLLATE utf8mb4_unicode_ci NOT NULL,
  `full_name` varchar(100) CHARACTER SET utf8mb4 COLLATE utf8mb4_unicode_ci NOT NULL,
  `role_id` int NOT NULL,
  `department_id` int DEFAULT NULL,
  `is_active` tinyint(1) NOT NULL DEFAULT '1',
  `remember_token` varchar(100) CHARACTER SET utf8mb4 COLLATE utf8mb4_unicode_ci DEFAULT NULL
) ENGINE=InnoDB DEFAULT CHARSET=utf8mb4 COLLATE=utf8mb4_unicode_ci;

--
-- Dumping data for table `users`
--

INSERT INTO `users` (`id`, `username`, `password`, `full_name`, `role_id`, `department_id`, `is_active`, `remember_token`) VALUES
(1, 'admin01', '$2y$12$Cy73vWzkYGAjnpybpWpphuYXJH1nF/rM8cJS6QWOOb232Reeto6qe', 'admin', 1, NULL, 1, '59LMu3bRcZKwIojNwXoYV8s3HUHIT3hNXco2oxv5cFcj513s7cpq9JLCEbKt'),
(2, 'aj_boasod', '$2y$12$Cy73vWzkYGAjnpybpWpphuYXJH1nF/rM8cJS6QWOOb232Reeto6qe', 'aj_boasod', 2, NULL, 1, 'clZTZIbvpMQ8fQWCF8fduIaRpI3HwZy0OnIiCJAb1Gmr2e6c48AbiWUTEOaF'),
(3, 'accountant01', '$2y$12$Cy73vWzkYGAjnpybpWpphuYXJH1nF/rM8cJS6QWOOb232Reeto6qe', 'accountant', 3, NULL, 1, NULL),
(4, 'accountant02', '$2y$12$Cy73vWzkYGAjnpybpWpphuYXJH1nF/rM8cJS6QWOOb232Reeto6qe', 'accountantnaja', 3, NULL, 0, NULL),
(5, 'hong_head_fac', '$2y$12$Cy73vWzkYGAjnpybpWpphuYXJH1nF/rM8cJS6QWOOb232Reeto6qe', 'hong_head_fac', 4, NULL, 1, 's2OWp2O22m6kmwMsjA784B3H6o5Q1chIaT3TUvQwHF04IAajJCKIZMk0cHkk'),
(6, 'head_fac', '$2y$12$Cy73vWzkYGAjnpybpWpphuYXJH1nF/rM8cJS6QWOOb232Reeto6qe', 'head_fac', 5, NULL, 1, 'JwpV0l3y9AoFNuMLc4TjxYvFINxzOhUrvbIf7JYW53JNHBaFQyb5I908pjEE'),
(8, 'Teng1122', '$2y$12$f.9G6sZ1eamcuQuEO3UFQukIWHtjCg0SnpVaHZl1WHSVed3tsuX7K', 'Teng', 11, NULL, 1, 'j6kN28DyGQFplASDIRu15QOIVddRhI6PbMvKfXGsqutVhk9VVGRp5UUDaeA9'),
(9, 'valenthaiymany@gmail.com', '$2y$12$UsTnHcVp3x7FH3e9sED34eg0MiP3wWg5oI37YMnhdI6tfl9QbPHr.', 'Valenthaiy Many', 6, NULL, 1, NULL),
(10, 'luminusxdd981@gmail.com', '$2y$12$W0b4/PaL.421XOksvS/hn.lEaawX4smoMI5KKuOkUHL3XjszEMojK', 'Valenthaiy Many', 8, NULL, 1, 'vRz0XT159zFdVjX02fDArGUyLbTwMIjcfWcpQ4fUDjLQ5kT4MQ1wKUnksaiT'),
(11, 'beekhnlor', '$2y$12$1/yzOvXFvq18Qu4FhmVBtu2XO5xLxfu0O78jFx4D3JjRecGJJVAIy', 'beekingword', 1, NULL, 1, NULL),
(12, 'beesosad', '$2y$12$4BlQSk8TmK/piOLzpkgtsuKXVbn7/O61F8DQDD3dQHzN18EfqdX7i', 'bee', 6, NULL, 1, NULL),
(24, 'beesocute', '$2y$12$aXoryApvOR7VSStZ4I6REeKi0gKIYpF16xzY9tA1HW3OxejRBtjxW', 'khonesavanh', 6, NULL, 1, 'oW82H4h53NMgRXhJmWGHZSzmQa66fNNJixnTTxPJihFDkMQnLI76G1PCwDyQ'),
(25, 'var@gmail.com', '$2y$12$3JNHxpMaYRamRKo2QPdUuOAw2at9jpZSfXZG.3dOSkdEh.wiHdDt2', 'Valenthaiy Many', 3, NULL, 1, NULL);

--
-- Indexes for dumped tables
--

--
-- Indexes for table `academic_income_items`
--
ALTER TABLE `academic_income_items`
  ADD PRIMARY KEY (`id`),
  ADD UNIQUE KEY `aii_plan_section_program_unique` (`plan_id`,`section_code`,`degree_program_id`),
  ADD KEY `academic_income_items_degree_program_id_foreign` (`degree_program_id`);

--
-- Indexes for table `academic_income_plans`
--
ALTER TABLE `academic_income_plans`
  ADD PRIMARY KEY (`id`),
  ADD KEY `academic_income_plans_planning_year_id_foreign` (`planning_year_id`);

--
-- Indexes for table `academic_income_setting_sets`
--
ALTER TABLE `academic_income_setting_sets`
  ADD PRIMARY KEY (`id`),
  ADD UNIQUE KEY `academic_income_setting_sets_fiscal_year_unique` (`fiscal_year`);

--
-- Indexes for table `chart_of_accounts`
--
ALTER TABLE `chart_of_accounts`
  ADD PRIMARY KEY (`id`),
  ADD UNIQUE KEY `account_code` (`account_code`),
  ADD KEY `parent_id` (`parent_id`);

--
-- Indexes for table `course_credit_settings`
--
ALTER TABLE `course_credit_settings`
  ADD PRIMARY KEY (`id`),
  ADD KEY `course_credit_settings_degree_program_id_foreign` (`degree_program_id`);

--
-- Indexes for table `credit_unit_price_settings`
--
ALTER TABLE `credit_unit_price_settings`
  ADD PRIMARY KEY (`id`),
  ADD KEY `credit_unit_price_settings_setting_set_id_foreign` (`setting_set_id`);

--
-- Indexes for table `degree_programs`
--
ALTER TABLE `degree_programs`
  ADD PRIMARY KEY (`id`),
  ADD UNIQUE KEY `degree_programs_code_unique` (`code`);

--
-- Indexes for table `departments`
--
ALTER TABLE `departments`
  ADD PRIMARY KEY (`id`),
  ADD UNIQUE KEY `department_name` (`department_name`);

--
-- Indexes for table `expense_calculation_rules`
--
ALTER TABLE `expense_calculation_rules`
  ADD PRIMARY KEY (`id`),
  ADD KEY `expense_calculation_rules_year_id_foreign` (`planning_year_id`),
  ADD KEY `expense_calculation_rules_pattern_id_foreign` (`pattern_id`),
  ADD KEY `expense_calculation_rules_section_id_foreign` (`section_id`),
  ADD KEY `expense_calculation_rules_subsection_id_foreign` (`subsection_id`);

--
-- Indexes for table `expense_patterns`
--
ALTER TABLE `expense_patterns`
  ADD PRIMARY KEY (`id`),
  ADD UNIQUE KEY `expense_patterns_key_unique` (`key`);

--
-- Indexes for table `expense_pattern_fields`
--
ALTER TABLE `expense_pattern_fields`
  ADD PRIMARY KEY (`id`),
  ADD UNIQUE KEY `expense_pattern_fields_pattern_key_unique` (`pattern_id`,`field_key`);

--
-- Indexes for table `expense_plans`
--
ALTER TABLE `expense_plans`
  ADD PRIMARY KEY (`id`),
  ADD KEY `expense_plans_planning_year_id_foreign` (`planning_year_id`),
  ADD KEY `expense_plans_section_id_foreign` (`section_id`),
  ADD KEY `expense_plans_subsection_id_foreign` (`subsection_id`),
  ADD KEY `expense_plans_pattern_id_foreign` (`pattern_id`),
  ADD KEY `expense_plans_created_by_foreign` (`created_by`),
  ADD KEY `expense_plans_updated_by_foreign` (`updated_by`);

--
-- Indexes for table `expense_plan_values`
--
ALTER TABLE `expense_plan_values`
  ADD PRIMARY KEY (`id`),
  ADD UNIQUE KEY `expense_plan_values_plan_field_unique` (`expense_plan_id`,`field_key`);

--
-- Indexes for table `expense_sections`
--
ALTER TABLE `expense_sections`
  ADD PRIMARY KEY (`id`),
  ADD UNIQUE KEY `expense_sections_year_code_unique` (`planning_year_id`,`code`);

--
-- Indexes for table `expense_subsections`
--
ALTER TABLE `expense_subsections`
  ADD PRIMARY KEY (`id`),
  ADD UNIQUE KEY `expense_subsections_section_code_unique` (`section_id`,`code`),
  ADD KEY `expense_subsections_default_pattern_id_foreign` (`default_pattern_id`);

--
-- Indexes for table `income_rate_settings`
--
ALTER TABLE `income_rate_settings`
  ADD PRIMARY KEY (`id`),
  ADD UNIQUE KEY `income_rate_settings_key_unique` (`key`),
  ADD KEY `income_rate_settings_setting_set_id_foreign` (`setting_set_id`);

--
-- Indexes for table `migrations`
--
ALTER TABLE `migrations`
  ADD PRIMARY KEY (`id`);

--
-- Indexes for table `nuol_pct_settings`
--
ALTER TABLE `nuol_pct_settings`
  ADD PRIMARY KEY (`id`),
  ADD KEY `nuol_pct_settings_setting_set_id_foreign` (`setting_set_id`);

--
-- Indexes for table `planning_years`
--
ALTER TABLE `planning_years`
  ADD PRIMARY KEY (`id`),
  ADD UNIQUE KEY `planning_years_year_unique` (`year`);

--
-- Indexes for table `planning_year_field_settings`
--
ALTER TABLE `planning_year_field_settings`
  ADD PRIMARY KEY (`id`),
  ADD UNIQUE KEY `planning_year_field_settings_year_field_unique` (`planning_year_id`,`pattern_field_id`),
  ADD KEY `planning_year_field_settings_field_id_foreign` (`pattern_field_id`);

--
-- Indexes for table `registration_fee_items`
--
ALTER TABLE `registration_fee_items`
  ADD PRIMARY KEY (`id`),
  ADD KEY `registration_fee_items_fee_setting_id_foreign` (`fee_setting_id`);

--
-- Indexes for table `registration_fee_settings`
--
ALTER TABLE `registration_fee_settings`
  ADD PRIMARY KEY (`id`);

--
-- Indexes for table `roles`
--
ALTER TABLE `roles`
  ADD PRIMARY KEY (`id`),
  ADD UNIQUE KEY `role_name` (`role_name`);

--
-- Indexes for table `salary_entries`
--
ALTER TABLE `salary_entries`
  ADD PRIMARY KEY (`id`),
  ADD KEY `salary_entries_plan_id_index` (`plan_id`),
  ADD KEY `salary_entries_chart_of_account_id_index` (`chart_of_account_id`);

--
-- Indexes for table `salary_plans`
--
ALTER TABLE `salary_plans`
  ADD PRIMARY KEY (`id`),
  ADD UNIQUE KEY `salary_plans_fiscal_year_month_unique` (`fiscal_year`,`month`),
  ADD KEY `salary_plans_created_by_foreign` (`created_by`),
  ADD KEY `salary_plans_fiscal_year_index` (`fiscal_year`),
  ADD KEY `salary_plans_planning_year_id_foreign` (`planning_year_id`);

--
-- Indexes for table `users`
--
ALTER TABLE `users`
  ADD PRIMARY KEY (`id`),
  ADD UNIQUE KEY `username` (`username`),
  ADD KEY `role_id` (`role_id`),
  ADD KEY `department_id` (`department_id`);

--
-- AUTO_INCREMENT for dumped tables
--

--
-- AUTO_INCREMENT for table `academic_income_items`
--
ALTER TABLE `academic_income_items`
  MODIFY `id` bigint UNSIGNED NOT NULL AUTO_INCREMENT, AUTO_INCREMENT=205;

--
-- AUTO_INCREMENT for table `academic_income_plans`
--
ALTER TABLE `academic_income_plans`
  MODIFY `id` bigint UNSIGNED NOT NULL AUTO_INCREMENT, AUTO_INCREMENT=9;

--
-- AUTO_INCREMENT for table `academic_income_setting_sets`
--
ALTER TABLE `academic_income_setting_sets`
  MODIFY `id` bigint UNSIGNED NOT NULL AUTO_INCREMENT, AUTO_INCREMENT=2;

--
-- AUTO_INCREMENT for table `chart_of_accounts`
--
ALTER TABLE `chart_of_accounts`
  MODIFY `id` int UNSIGNED NOT NULL AUTO_INCREMENT, AUTO_INCREMENT=313;

--
-- AUTO_INCREMENT for table `course_credit_settings`
--
ALTER TABLE `course_credit_settings`
  MODIFY `id` bigint UNSIGNED NOT NULL AUTO_INCREMENT, AUTO_INCREMENT=97;

--
-- AUTO_INCREMENT for table `credit_unit_price_settings`
--
ALTER TABLE `credit_unit_price_settings`
  MODIFY `id` bigint UNSIGNED NOT NULL AUTO_INCREMENT, AUTO_INCREMENT=31;

--
-- AUTO_INCREMENT for table `degree_programs`
--
ALTER TABLE `degree_programs`
  MODIFY `id` bigint UNSIGNED NOT NULL AUTO_INCREMENT, AUTO_INCREMENT=70;

--
-- AUTO_INCREMENT for table `departments`
--
ALTER TABLE `departments`
  MODIFY `id` int NOT NULL AUTO_INCREMENT, AUTO_INCREMENT=11;

--
-- AUTO_INCREMENT for table `expense_calculation_rules`
--
ALTER TABLE `expense_calculation_rules`
  MODIFY `id` bigint UNSIGNED NOT NULL AUTO_INCREMENT, AUTO_INCREMENT=6;

--
-- AUTO_INCREMENT for table `expense_patterns`
--
ALTER TABLE `expense_patterns`
  MODIFY `id` bigint UNSIGNED NOT NULL AUTO_INCREMENT, AUTO_INCREMENT=6;

--
-- AUTO_INCREMENT for table `expense_pattern_fields`
--
ALTER TABLE `expense_pattern_fields`
  MODIFY `id` bigint UNSIGNED NOT NULL AUTO_INCREMENT, AUTO_INCREMENT=34;

--
-- AUTO_INCREMENT for table `expense_plans`
--
ALTER TABLE `expense_plans`
  MODIFY `id` bigint UNSIGNED NOT NULL AUTO_INCREMENT;

--
-- AUTO_INCREMENT for table `expense_plan_values`
--
ALTER TABLE `expense_plan_values`
  MODIFY `id` bigint UNSIGNED NOT NULL AUTO_INCREMENT;

--
-- AUTO_INCREMENT for table `expense_sections`
--
ALTER TABLE `expense_sections`
  MODIFY `id` bigint UNSIGNED NOT NULL AUTO_INCREMENT, AUTO_INCREMENT=7;

--
-- AUTO_INCREMENT for table `expense_subsections`
--
ALTER TABLE `expense_subsections`
  MODIFY `id` bigint UNSIGNED NOT NULL AUTO_INCREMENT, AUTO_INCREMENT=32;

--
-- AUTO_INCREMENT for table `income_rate_settings`
--
ALTER TABLE `income_rate_settings`
  MODIFY `id` bigint UNSIGNED NOT NULL AUTO_INCREMENT, AUTO_INCREMENT=5;

--
-- AUTO_INCREMENT for table `migrations`
--
ALTER TABLE `migrations`
  MODIFY `id` int UNSIGNED NOT NULL AUTO_INCREMENT, AUTO_INCREMENT=80;

--
-- AUTO_INCREMENT for table `nuol_pct_settings`
--
ALTER TABLE `nuol_pct_settings`
  MODIFY `id` bigint UNSIGNED NOT NULL AUTO_INCREMENT, AUTO_INCREMENT=5;

--
-- AUTO_INCREMENT for table `planning_years`
--
ALTER TABLE `planning_years`
  MODIFY `id` bigint UNSIGNED NOT NULL AUTO_INCREMENT, AUTO_INCREMENT=2;

--
-- AUTO_INCREMENT for table `planning_year_field_settings`
--
ALTER TABLE `planning_year_field_settings`
  MODIFY `id` bigint UNSIGNED NOT NULL AUTO_INCREMENT, AUTO_INCREMENT=34;

--
-- AUTO_INCREMENT for table `registration_fee_items`
--
ALTER TABLE `registration_fee_items`
  MODIFY `id` bigint UNSIGNED NOT NULL AUTO_INCREMENT, AUTO_INCREMENT=47;

--
-- AUTO_INCREMENT for table `registration_fee_settings`
--
ALTER TABLE `registration_fee_settings`
  MODIFY `id` bigint UNSIGNED NOT NULL AUTO_INCREMENT, AUTO_INCREMENT=34;

--
-- AUTO_INCREMENT for table `roles`
--
ALTER TABLE `roles`
  MODIFY `id` int NOT NULL AUTO_INCREMENT, AUTO_INCREMENT=12;

--
-- AUTO_INCREMENT for table `salary_entries`
--
ALTER TABLE `salary_entries`
  MODIFY `id` bigint UNSIGNED NOT NULL AUTO_INCREMENT, AUTO_INCREMENT=11;

--
-- AUTO_INCREMENT for table `salary_plans`
--
ALTER TABLE `salary_plans`
  MODIFY `id` bigint UNSIGNED NOT NULL AUTO_INCREMENT, AUTO_INCREMENT=9;

--
-- AUTO_INCREMENT for table `users`
--
ALTER TABLE `users`
  MODIFY `id` int NOT NULL AUTO_INCREMENT, AUTO_INCREMENT=26;

--
-- Constraints for dumped tables
--

--
-- Constraints for table `academic_income_items`
--
ALTER TABLE `academic_income_items`
  ADD CONSTRAINT `academic_income_items_degree_program_id_foreign` FOREIGN KEY (`degree_program_id`) REFERENCES `degree_programs` (`id`) ON DELETE CASCADE,
  ADD CONSTRAINT `academic_income_items_plan_id_foreign` FOREIGN KEY (`plan_id`) REFERENCES `academic_income_plans` (`id`) ON DELETE CASCADE;

--
-- Constraints for table `academic_income_plans`
--
ALTER TABLE `academic_income_plans`
  ADD CONSTRAINT `academic_income_plans_planning_year_id_foreign` FOREIGN KEY (`planning_year_id`) REFERENCES `planning_years` (`id`) ON DELETE SET NULL;

--
-- Constraints for table `chart_of_accounts`
--
ALTER TABLE `chart_of_accounts`
  ADD CONSTRAINT `chart_of_accounts_ibfk_1` FOREIGN KEY (`parent_id`) REFERENCES `chart_of_accounts` (`id`) ON DELETE SET NULL;

--
-- Constraints for table `course_credit_settings`
--
ALTER TABLE `course_credit_settings`
  ADD CONSTRAINT `course_credit_settings_degree_program_id_foreign` FOREIGN KEY (`degree_program_id`) REFERENCES `degree_programs` (`id`) ON DELETE CASCADE;

--
-- Constraints for table `credit_unit_price_settings`
--
ALTER TABLE `credit_unit_price_settings`
  ADD CONSTRAINT `credit_unit_price_settings_setting_set_id_foreign` FOREIGN KEY (`setting_set_id`) REFERENCES `academic_income_setting_sets` (`id`) ON DELETE SET NULL;

--
-- Constraints for table `expense_calculation_rules`
--
ALTER TABLE `expense_calculation_rules`
  ADD CONSTRAINT `expense_calculation_rules_pattern_id_foreign` FOREIGN KEY (`pattern_id`) REFERENCES `expense_patterns` (`id`) ON DELETE CASCADE,
  ADD CONSTRAINT `expense_calculation_rules_section_id_foreign` FOREIGN KEY (`section_id`) REFERENCES `expense_sections` (`id`) ON DELETE CASCADE,
  ADD CONSTRAINT `expense_calculation_rules_subsection_id_foreign` FOREIGN KEY (`subsection_id`) REFERENCES `expense_subsections` (`id`) ON DELETE CASCADE,
  ADD CONSTRAINT `expense_calculation_rules_year_id_foreign` FOREIGN KEY (`planning_year_id`) REFERENCES `planning_years` (`id`) ON DELETE CASCADE;

--
-- Constraints for table `expense_pattern_fields`
--
ALTER TABLE `expense_pattern_fields`
  ADD CONSTRAINT `expense_pattern_fields_pattern_id_foreign` FOREIGN KEY (`pattern_id`) REFERENCES `expense_patterns` (`id`) ON DELETE CASCADE;

--
-- Constraints for table `expense_plans`
--
ALTER TABLE `expense_plans`
  ADD CONSTRAINT `expense_plans_created_by_foreign` FOREIGN KEY (`created_by`) REFERENCES `users` (`id`) ON DELETE SET NULL,
  ADD CONSTRAINT `expense_plans_pattern_id_foreign` FOREIGN KEY (`pattern_id`) REFERENCES `expense_patterns` (`id`) ON DELETE SET NULL,
  ADD CONSTRAINT `expense_plans_planning_year_id_foreign` FOREIGN KEY (`planning_year_id`) REFERENCES `planning_years` (`id`) ON DELETE CASCADE,
  ADD CONSTRAINT `expense_plans_section_id_foreign` FOREIGN KEY (`section_id`) REFERENCES `expense_sections` (`id`) ON DELETE CASCADE,
  ADD CONSTRAINT `expense_plans_subsection_id_foreign` FOREIGN KEY (`subsection_id`) REFERENCES `expense_subsections` (`id`) ON DELETE SET NULL,
  ADD CONSTRAINT `expense_plans_updated_by_foreign` FOREIGN KEY (`updated_by`) REFERENCES `users` (`id`) ON DELETE SET NULL;

--
-- Constraints for table `expense_plan_values`
--
ALTER TABLE `expense_plan_values`
  ADD CONSTRAINT `expense_plan_values_plan_id_foreign` FOREIGN KEY (`expense_plan_id`) REFERENCES `expense_plans` (`id`) ON DELETE CASCADE;

--
-- Constraints for table `expense_sections`
--
ALTER TABLE `expense_sections`
  ADD CONSTRAINT `expense_sections_planning_year_id_foreign` FOREIGN KEY (`planning_year_id`) REFERENCES `planning_years` (`id`) ON DELETE CASCADE;

--
-- Constraints for table `expense_subsections`
--
ALTER TABLE `expense_subsections`
  ADD CONSTRAINT `expense_subsections_default_pattern_id_foreign` FOREIGN KEY (`default_pattern_id`) REFERENCES `expense_patterns` (`id`) ON DELETE SET NULL,
  ADD CONSTRAINT `expense_subsections_section_id_foreign` FOREIGN KEY (`section_id`) REFERENCES `expense_sections` (`id`) ON DELETE CASCADE;

--
-- Constraints for table `income_rate_settings`
--
ALTER TABLE `income_rate_settings`
  ADD CONSTRAINT `income_rate_settings_setting_set_id_foreign` FOREIGN KEY (`setting_set_id`) REFERENCES `academic_income_setting_sets` (`id`) ON DELETE SET NULL;

--
-- Constraints for table `nuol_pct_settings`
--
ALTER TABLE `nuol_pct_settings`
  ADD CONSTRAINT `nuol_pct_settings_setting_set_id_foreign` FOREIGN KEY (`setting_set_id`) REFERENCES `academic_income_setting_sets` (`id`) ON DELETE SET NULL;

--
-- Constraints for table `planning_year_field_settings`
--
ALTER TABLE `planning_year_field_settings`
  ADD CONSTRAINT `planning_year_field_settings_field_id_foreign` FOREIGN KEY (`pattern_field_id`) REFERENCES `expense_pattern_fields` (`id`) ON DELETE CASCADE,
  ADD CONSTRAINT `planning_year_field_settings_year_id_foreign` FOREIGN KEY (`planning_year_id`) REFERENCES `planning_years` (`id`) ON DELETE CASCADE;

--
-- Constraints for table `registration_fee_items`
--
ALTER TABLE `registration_fee_items`
  ADD CONSTRAINT `registration_fee_items_fee_setting_id_foreign` FOREIGN KEY (`fee_setting_id`) REFERENCES `registration_fee_settings` (`id`) ON DELETE CASCADE;

--
-- Constraints for table `salary_entries`
--
ALTER TABLE `salary_entries`
  ADD CONSTRAINT `salary_entries_chart_of_account_id_foreign` FOREIGN KEY (`chart_of_account_id`) REFERENCES `chart_of_accounts` (`id`) ON DELETE RESTRICT,
  ADD CONSTRAINT `salary_entries_plan_id_foreign` FOREIGN KEY (`plan_id`) REFERENCES `salary_plans` (`id`) ON DELETE CASCADE;

--
-- Constraints for table `salary_plans`
--
ALTER TABLE `salary_plans`
  ADD CONSTRAINT `salary_plans_created_by_foreign` FOREIGN KEY (`created_by`) REFERENCES `users` (`id`) ON DELETE CASCADE,
  ADD CONSTRAINT `salary_plans_planning_year_id_foreign` FOREIGN KEY (`planning_year_id`) REFERENCES `planning_years` (`id`) ON DELETE SET NULL;

--
-- Constraints for table `users`
--
ALTER TABLE `users`
  ADD CONSTRAINT `users_ibfk_1` FOREIGN KEY (`role_id`) REFERENCES `roles` (`id`),
  ADD CONSTRAINT `users_ibfk_2` FOREIGN KEY (`department_id`) REFERENCES `departments` (`id`) ON DELETE SET NULL;
COMMIT;

/*!40101 SET CHARACTER_SET_CLIENT=@OLD_CHARACTER_SET_CLIENT */;
/*!40101 SET CHARACTER_SET_RESULTS=@OLD_CHARACTER_SET_RESULTS */;
/*!40101 SET COLLATION_CONNECTION=@OLD_COLLATION_CONNECTION */;
